#-----------------------------------------------------------
# Vivado v2022.2.2 (64-bit)
# SW Build 3788238 on Tue Feb 21 20:00:34 MST 2023
# IP Build 3783773 on Tue Feb 21 23:41:56 MST 2023
# Start of session at: Fri Aug 29 21:03:55 2025
# Process ID: 25684
# Current directory: C:/Hung/Viettel/Stage2/ML-KEM/mul_poly/mul_matrix
# Command line: vivado.exe -gui_launcher_event rodinguilauncherevent23344 C:\Hung\Viettel\Stage2\ML-KEM\mul_poly\mul_matrix\mul_matrix.xpr
# Log file: C:/Hung/Viettel/Stage2/ML-KEM/mul_poly/mul_matrix/vivado.log
# Journal file: C:/Hung/Viettel/Stage2/ML-KEM/mul_poly/mul_matrix\vivado.jou
# Running On: DESKTOP-DA5EM0P, OS: Windows, CPU Frequency: 2304 MHz, CPU Physical cores: 8, Host memory: 16948 MB
#-----------------------------------------------------------
start_gui
open_project C:/Hung/Viettel/Stage2/ML-KEM/mul_poly/mul_matrix/mul_matrix.xpr
WARNING: [Board 49-26] cannot add Board Part xilinx.com:vck190:part0:2.2 available at C:/Xilinx/Vivado/2022.2/data/xhub/boards/XilinxBoardStore/boards/Xilinx/vck190/production/2.2/board.xml as part xcvc1902-vsva2197-2mp-e-s specified in board_part file is either invalid or not available
WARNING: [Board 49-26] cannot add Board Part xilinx.com:vck190:part0:3.0 available at C:/Xilinx/Vivado/2022.2/data/xhub/boards/XilinxBoardStore/boards/Xilinx/vck190/production/3.0/board.xml as part xcvc1902-vsva2197-2mp-e-s specified in board_part file is either invalid or not available
WARNING: [Board 49-26] cannot add Board Part xilinx.com:vck190:part0:3.1 available at C:/Xilinx/Vivado/2022.2/data/xhub/boards/XilinxBoardStore/boards/Xilinx/vck190/production/3.1/board.xml as part xcvc1902-vsva2197-2mp-e-s specified in board_part file is either invalid or not available
WARNING: [Board 49-26] cannot add Board Part xilinx.com:vck190_newl:part0:1.0 available at C:/Xilinx/Vivado/2022.2/data/xhub/boards/XilinxBoardStore/boards/Xilinx/vck190_newl/production/1.0/board.xml as part xcvc1902-vsva2197-2mp-e-s specified in board_part file is either invalid or not available
WARNING: [Board 49-26] cannot add Board Part xilinx.com:vek280_es:part0:1.0 available at C:/Xilinx/Vivado/2022.2/data/xhub/boards/XilinxBoardStore/boards/Xilinx/vek280/es/rev_a/1.0/board.xml as part xcve2802-vsvh1760-2lp-e-s-es1 specified in board_part file is either invalid or not available
WARNING: [Board 49-26] cannot add Board Part xilinx.com:vek280_es_revb:part0:1.0 available at C:/Xilinx/Vivado/2022.2/data/xhub/boards/XilinxBoardStore/boards/Xilinx/vek280/es/rev_b/1.0/board.xml as part xcve2802-vsvh1760-2mp-e-s-es1 specified in board_part file is either invalid or not available
WARNING: [Board 49-26] cannot add Board Part xilinx.com:vhk158_es:part0:1.0 available at C:/Xilinx/Vivado/2022.2/data/xhub/boards/XilinxBoardStore/boards/Xilinx/vhk158/es/1.0/board.xml as part xcvh1582-vsva3697-2mp-e-s-es1 specified in board_part file is either invalid or not available
WARNING: [Board 49-26] cannot add Board Part xilinx.com:vmk180:part0:2.2 available at C:/Xilinx/Vivado/2022.2/data/xhub/boards/XilinxBoardStore/boards/Xilinx/vmk180/production/2.2/board.xml as part xcvm1802-vsva2197-2mp-e-s specified in board_part file is either invalid or not available
WARNING: [Board 49-26] cannot add Board Part xilinx.com:vmk180:part0:3.0 available at C:/Xilinx/Vivado/2022.2/data/xhub/boards/XilinxBoardStore/boards/Xilinx/vmk180/production/3.0/board.xml as part xcvm1802-vsva2197-2mp-e-s specified in board_part file is either invalid or not available
WARNING: [Board 49-26] cannot add Board Part xilinx.com:vmk180:part0:3.1 available at C:/Xilinx/Vivado/2022.2/data/xhub/boards/XilinxBoardStore/boards/Xilinx/vmk180/production/3.1/board.xml as part xcvm1802-vsva2197-2mp-e-s specified in board_part file is either invalid or not available
WARNING: [Board 49-26] cannot add Board Part xilinx.com:vmk180_newl:part0:1.0 available at C:/Xilinx/Vivado/2022.2/data/xhub/boards/XilinxBoardStore/boards/Xilinx/vmk180_newl/production/1.0/board.xml as part xcvm1802-vsva2197-2mp-e-s specified in board_part file is either invalid or not available
WARNING: [Board 49-26] cannot add Board Part xilinx.com:vpk120:part0:1.0 available at C:/Xilinx/Vivado/2022.2/data/xhub/boards/XilinxBoardStore/boards/Xilinx/vpk120/production/1.0/board.xml as part xcvp1202-vsva2785-2mp-e-s specified in board_part file is either invalid or not available
WARNING: [Board 49-26] cannot add Board Part xilinx.com:vpk120_es:part0:1.2 available at C:/Xilinx/Vivado/2022.2/data/xhub/boards/XilinxBoardStore/boards/Xilinx/vpk120/es/1.2/board.xml as part xcvp1202-vsva2785-2mp-e-s-es1 specified in board_part file is either invalid or not available
WARNING: [Board 49-26] cannot add Board Part xilinx.com:vpk120_es_revb:part0:1.0 available at C:/Xilinx/Vivado/2022.2/data/xhub/boards/XilinxBoardStore/boards/Xilinx/vpk120_revb/es/1.0/board.xml as part xcvp1202-vsva2785-2mp-e-s-es1 specified in board_part file is either invalid or not available
WARNING: [Board 49-26] cannot add Board Part xilinx.com:vpk180_es:part0:1.0 available at C:/Xilinx/Vivado/2022.2/data/xhub/boards/XilinxBoardStore/boards/Xilinx/vpk180/es/1.0/board.xml as part xcvp1802-lsvc4072-2mp-e-s-es1 specified in board_part file is either invalid or not available
WARNING: [Board 49-26] cannot add Board Part xilinx.com:zcu208ld:part0:2.0 available at C:/Xilinx/Vivado/2022.2/data/xhub/boards/XilinxBoardStore/boards/Xilinx/zcu208ld/production/2.0/board.xml as part xczu58dr-fsvg1517-2-i specified in board_part file is either invalid or not available
WARNING: [Board 49-26] cannot add Board Part xilinx.com:zcu216ld:part0:2.0 available at C:/Xilinx/Vivado/2022.2/data/xhub/boards/XilinxBoardStore/boards/Xilinx/zcu216ld/production/2.0/board.xml as part xczu59dr-ffvf1760-2-i specified in board_part file is either invalid or not available
WARNING: [Board 49-26] cannot add Board Part xilinx.com:zcu670:part0:2.0 available at C:/Xilinx/Vivado/2022.2/data/xhub/boards/XilinxBoardStore/boards/Xilinx/zcu670/2.0/board.xml as part xczu67dr-fsve1156-2-i specified in board_part file is either invalid or not available
WARNING: [Board 49-26] cannot add Board Part xilinx.com:zcu670ld:part0:1.0 available at C:/Xilinx/Vivado/2022.2/data/xhub/boards/XilinxBoardStore/boards/Xilinx/zcu670ld/1.0/board.xml as part xczu57dr-fsve1156-2-i specified in board_part file is either invalid or not available
INFO: [filemgmt 56-3] Default IP Output Path : Could not find the directory 'C:/Hung/Viettel/Stage2/ML-KEM/mul_poly/mul_matrix/mul_matrix.gen/sources_1'.
Scanning sources...
Finished scanning sources
INFO: [IP_Flow 19-234] Refreshing IP repositories
INFO: [IP_Flow 19-1704] No user IP repositories specified
INFO: [IP_Flow 19-2313] Loaded Vivado IP repository 'C:/Xilinx/Vivado/2022.2/data/ip'.
open_project: Time (s): cpu = 00:00:18 ; elapsed = 00:00:09 . Memory (MB): peak = 1167.734 ; gain = 285.469
update_compile_order -fileset sources_1
launch_simulation
Command: launch_simulation 
INFO: [Vivado 12-12493] Simulation top is 'tb_mul_poly_matrix'
WARNING: [Vivado 12-13340] Unable to auto find GCC executables from simulator install path! (path not set)
WARNING: [Vivado 12-13277] Compiled library path does not exist: ''
INFO: [Vivado 12-5682] Launching behavioral simulation in 'C:/Hung/Viettel/Stage2/ML-KEM/mul_poly/mul_matrix/mul_matrix.sim/sim_1/behav/xsim'
INFO: [SIM-utils-51] Simulation object is 'sim_1'
INFO: [SIM-utils-72] Using boost library from 'C:/Xilinx/Vivado/2022.2/tps/boost_1_72_0'
INFO: [SIM-utils-54] Inspecting design source files for 'tb_mul_poly_matrix' in fileset 'sim_1'...
INFO: [USF-XSim-97] Finding global include files...
INFO: [USF-XSim-98] Fetching design files from 'sim_1'...
INFO: [USF-XSim-2] XSim::Compile design
INFO: [USF-XSim-61] Executing 'COMPILE and ANALYZE' step in 'C:/Hung/Viettel/Stage2/ML-KEM/mul_poly/mul_matrix/mul_matrix.sim/sim_1/behav/xsim'
"xvlog --incr --relax -prj tb_mul_poly_matrix_vlog.prj"
INFO: [VRFC 10-2263] Analyzing Verilog file "C:/Hung/Viettel/Stage2/ML-KEM/mul_poly/BoothDecode.v" into library xil_defaultlib
INFO: [VRFC 10-311] analyzing module BoothDecode
INFO: [VRFC 10-2263] Analyzing Verilog file "C:/Hung/Viettel/Stage2/ML-KEM/mul_poly/Rom_mul.v" into library xil_defaultlib
INFO: [VRFC 10-311] analyzing module Rom_mul
INFO: [VRFC 10-2263] Analyzing Verilog file "C:/Hung/Viettel/Stage2/ML-KEM/NTT/barret.v" into library xil_defaultlib
INFO: [VRFC 10-311] analyzing module barret
INFO: [VRFC 10-2263] Analyzing Verilog file "C:/Hung/Viettel/Stage2/ML-KEM/mul_poly/mul_12bit.v" into library xil_defaultlib
INFO: [VRFC 10-311] analyzing module mul_12bit
INFO: [VRFC 10-2263] Analyzing Verilog file "C:/Hung/Viettel/Stage2/ML-KEM/mul_poly/mul_poly.v" into library xil_defaultlib
INFO: [VRFC 10-311] analyzing module mul_poly
INFO: [VRFC 10-2263] Analyzing Verilog file "C:/Hung/Viettel/Stage2/ML-KEM/mul_poly/mul_poly_matrix.v" into library xil_defaultlib
INFO: [VRFC 10-311] analyzing module mul_poly_matrix
INFO: [VRFC 10-2263] Analyzing Verilog file "C:/Hung/Viettel/Stage2/ML-KEM/mul_poly/tb_mul_poly_matrix.v" into library xil_defaultlib
INFO: [VRFC 10-311] analyzing module tb_mul_poly_matrix
ERROR: [VRFC 10-9406] system call 'sformatf' is not allowed in this dialect; use SystemVerilog mode instead [C:/Hung/Viettel/Stage2/ML-KEM/mul_poly/tb_mul_poly_matrix.v:80]
ERROR: [VRFC 10-8792] cannot assign a string to an object of a packed type [C:/Hung/Viettel/Stage2/ML-KEM/mul_poly/tb_mul_poly_matrix.v:80]
ERROR: [VRFC 10-9406] system call 'sformatf' is not allowed in this dialect; use SystemVerilog mode instead [C:/Hung/Viettel/Stage2/ML-KEM/mul_poly/tb_mul_poly_matrix.v:102]
ERROR: [VRFC 10-8792] cannot assign a string to an object of a packed type [C:/Hung/Viettel/Stage2/ML-KEM/mul_poly/tb_mul_poly_matrix.v:102]
ERROR: [VRFC 10-8530] module 'tb_mul_poly_matrix' is ignored due to previous errors [C:/Hung/Viettel/Stage2/ML-KEM/mul_poly/tb_mul_poly_matrix.v:2]
INFO: [USF-XSim-69] 'compile' step finished in '2' seconds
INFO: [USF-XSim-99] Step results log file:'C:/Hung/Viettel/Stage2/ML-KEM/mul_poly/mul_matrix/mul_matrix.sim/sim_1/behav/xsim/xvlog.log'
ERROR: [USF-XSim-62] 'compile' step failed with error(s). Please check the Tcl console output or 'C:/Hung/Viettel/Stage2/ML-KEM/mul_poly/mul_matrix/mul_matrix.sim/sim_1/behav/xsim/xvlog.log' file for more information.
ERROR: [Vivado 12-4473] Detected error while running simulation. Please correct the issue and retry this operation.
ERROR: [Common 17-39] 'launch_simulation' failed due to earlier errors.
launch_simulation
Command: launch_simulation 
INFO: [Vivado 12-12493] Simulation top is 'tb_mul_poly_matrix'
WARNING: [Vivado 12-13340] Unable to auto find GCC executables from simulator install path! (path not set)
WARNING: [Vivado 12-13277] Compiled library path does not exist: ''
INFO: [Vivado 12-5682] Launching behavioral simulation in 'C:/Hung/Viettel/Stage2/ML-KEM/mul_poly/mul_matrix/mul_matrix.sim/sim_1/behav/xsim'
INFO: [SIM-utils-51] Simulation object is 'sim_1'
INFO: [SIM-utils-72] Using boost library from 'C:/Xilinx/Vivado/2022.2/tps/boost_1_72_0'
INFO: [SIM-utils-54] Inspecting design source files for 'tb_mul_poly_matrix' in fileset 'sim_1'...
INFO: [USF-XSim-97] Finding global include files...
INFO: [USF-XSim-98] Fetching design files from 'sim_1'...
INFO: [USF-XSim-2] XSim::Compile design
INFO: [USF-XSim-61] Executing 'COMPILE and ANALYZE' step in 'C:/Hung/Viettel/Stage2/ML-KEM/mul_poly/mul_matrix/mul_matrix.sim/sim_1/behav/xsim'
"xvlog --incr --relax -prj tb_mul_poly_matrix_vlog.prj"
INFO: [VRFC 10-2263] Analyzing Verilog file "C:/Hung/Viettel/Stage2/ML-KEM/mul_poly/BoothDecode.v" into library xil_defaultlib
INFO: [VRFC 10-311] analyzing module BoothDecode
INFO: [VRFC 10-2263] Analyzing Verilog file "C:/Hung/Viettel/Stage2/ML-KEM/mul_poly/Rom_mul.v" into library xil_defaultlib
INFO: [VRFC 10-311] analyzing module Rom_mul
INFO: [VRFC 10-2263] Analyzing Verilog file "C:/Hung/Viettel/Stage2/ML-KEM/NTT/barret.v" into library xil_defaultlib
INFO: [VRFC 10-311] analyzing module barret
INFO: [VRFC 10-2263] Analyzing Verilog file "C:/Hung/Viettel/Stage2/ML-KEM/mul_poly/mul_12bit.v" into library xil_defaultlib
INFO: [VRFC 10-311] analyzing module mul_12bit
INFO: [VRFC 10-2263] Analyzing Verilog file "C:/Hung/Viettel/Stage2/ML-KEM/mul_poly/mul_poly.v" into library xil_defaultlib
INFO: [VRFC 10-311] analyzing module mul_poly
INFO: [VRFC 10-2263] Analyzing Verilog file "C:/Hung/Viettel/Stage2/ML-KEM/mul_poly/mul_poly_matrix.v" into library xil_defaultlib
INFO: [VRFC 10-311] analyzing module mul_poly_matrix
INFO: [VRFC 10-2263] Analyzing Verilog file "C:/Hung/Viettel/Stage2/ML-KEM/mul_poly/tb_mul_poly_matrix.v" into library xil_defaultlib
INFO: [VRFC 10-311] analyzing module tb_mul_poly_matrix
INFO: [USF-XSim-69] 'compile' step finished in '2' seconds
INFO: [USF-XSim-3] XSim::Elaborate design
INFO: [USF-XSim-61] Executing 'ELABORATE' step in 'C:/Hung/Viettel/Stage2/ML-KEM/mul_poly/mul_matrix/mul_matrix.sim/sim_1/behav/xsim'
"xelab --incr --debug typical --relax --mt 2 -L xil_defaultlib -L unisims_ver -L unimacro_ver -L secureip --snapshot tb_mul_poly_matrix_behav xil_defaultlib.tb_mul_poly_matrix xil_defaultlib.glbl -log elaborate.log"
Vivado Simulator v2022.2.2
Copyright 1986-1999, 2001-2022 Xilinx, Inc. All Rights Reserved.
Running: C:/Xilinx/Vivado/2022.2/bin/unwrapped/win64.o/xelab.exe --incr --debug typical --relax --mt 2 -L xil_defaultlib -L unisims_ver -L unimacro_ver -L secureip --snapshot tb_mul_poly_matrix_behav xil_defaultlib.tb_mul_poly_matrix xil_defaultlib.glbl -log elaborate.log 
Using 2 slave threads.
Starting static elaboration
Pass Through NonSizing Optimizer
WARNING: [VRFC 10-3091] actual bit length 12 differs from formal bit length 16 for port 'R' [C:/Hung/Viettel/Stage2/ML-KEM/mul_poly/mul_poly.v:78]
WARNING: [VRFC 10-3091] actual bit length 12 differs from formal bit length 16 for port 'R' [C:/Hung/Viettel/Stage2/ML-KEM/mul_poly/mul_poly.v:85]
WARNING: [VRFC 10-3091] actual bit length 12 differs from formal bit length 16 for port 'R' [C:/Hung/Viettel/Stage2/ML-KEM/mul_poly/mul_poly.v:92]
WARNING: [VRFC 10-3091] actual bit length 32 differs from formal bit length 24 for port 'R' [C:/Hung/Viettel/Stage2/ML-KEM/mul_poly/mul_12bit.v:66]
Completed static elaboration
Starting simulation data flow analysis
Completed simulation data flow analysis
Time Resolution for simulation is 1ps
Compiling module xil_defaultlib.Rom_mul
Compiling module xil_defaultlib.barret
Compiling module xil_defaultlib.BoothDecode
Compiling module xil_defaultlib.mul_12bit_default
Compiling module xil_defaultlib.mul_poly
Compiling module xil_defaultlib.mul_poly_matrix_default
Compiling module xil_defaultlib.tb_mul_poly_matrix
Compiling module xil_defaultlib.glbl
Built simulation snapshot tb_mul_poly_matrix_behav
INFO: [USF-XSim-69] 'elaborate' step finished in '3' seconds
INFO: [USF-XSim-4] XSim::Simulate design
INFO: [USF-XSim-61] Executing 'SIMULATE' step in 'C:/Hung/Viettel/Stage2/ML-KEM/mul_poly/mul_matrix/mul_matrix.sim/sim_1/behav/xsim'
INFO: [USF-XSim-98] *** Running xsim
   with args "tb_mul_poly_matrix_behav -key {Behavioral:sim_1:Functional:tb_mul_poly_matrix} -tclbatch {tb_mul_poly_matrix.tcl} -view {C:/Hung/Viettel/Stage2/ML-KEM/mul_poly/mul_matrix/tb_mul_12bit_behav.wcfg} -log {simulate.log}"
INFO: [USF-XSim-8] Loading simulator feature
Time resolution is 1 ps
open_wave_config C:/Hung/Viettel/Stage2/ML-KEM/mul_poly/mul_matrix/tb_mul_12bit_behav.wcfg
WARNING: Simulation object /tb_mul_poly/clk was not found in the design.
WARNING: Simulation object /tb_mul_poly/rst_n was not found in the design.
WARNING: Simulation object /tb_mul_poly/counter was not found in the design.
WARNING: Simulation object /tb_mul_poly/a0 was not found in the design.
WARNING: Simulation object /tb_mul_poly/a1 was not found in the design.
WARNING: Simulation object /tb_mul_poly/b0 was not found in the design.
WARNING: Simulation object /tb_mul_poly/b1 was not found in the design.
WARNING: Simulation object /tb_mul_poly/zetas was not found in the design.
WARNING: Simulation object /tb_mul_poly/res0 was not found in the design.
WARNING: Simulation object /tb_mul_poly/res1 was not found in the design.
source tb_mul_poly_matrix.tcl
# set curr_wave [current_wave_config]
# if { [string length $curr_wave] == 0 } {
#   if { [llength [get_objects]] > 0} {
#     add_wave /
#     set_property needs_save false [current_wave_config]
#   } else {
#      send_msg_id Add_Wave-1 WARNING "No top level signals found. Simulator will start without a wave window. If you want to open a wave window go to 'File->New Waveform Configuration' or type 'create_wave_config' in the TCL console."
#   }
# }
# run 1000ns
=== Start tb_mul_poly_matrix ===
       a (set 1): 1 2 3 4 5 6 7 8 9 10 11 12 13 14 15 16
       b (set 1): 101 102 103 104 105 106 107 108 109 110 111 112 113 114 115 116
zeta1=1637 zeta2=723 zeta3=2288 zeta4=1100  (counter=1)
zeta1=1409 zeta2=2662 zeta3=3281 zeta4=233  (counter=2)
zeta1=756 zeta2=2156 zeta3=3015 zeta4=3050  (counter=3)
zeta1=1703 zeta2=1651 zeta3=2789 zeta4=1789  (counter=4)
zeta1=1847 zeta2=952 zeta3=1461 zeta4=2687  (counter=5)
zeta1=939 zeta2=2308 zeta3=2437 zeta4=2388  (counter=6)
zeta1=733 zeta2=2337 zeta3=268 zeta4=641  (counter=7)
zeta1=1584 zeta2=2298 zeta3=2037 zeta4=3220  (counter=8)
zeta1=375 zeta2=2549 zeta3=2090 zeta4=1645  (counter=9)
zeta1=1063 zeta2=319 zeta3=2773 zeta4=757  (counter=10)
zeta1=2099 zeta2=561 zeta3=2466 zeta4=2594  (counter=11)
zeta1=2804 zeta2=1092 zeta3=403 zeta4=1026  (counter=12)
zeta1=1143 zeta2=2150 zeta3=2775 zeta4=886  (counter=13)
zeta1=1722 zeta2=1212 zeta3=1874 zeta4=1029  (counter=14)
zeta1=2110 zeta2=2935 zeta3=885 zeta4=2154  (counter=15)
zeta1=17 zeta2=2761 zeta3=583 zeta4=2649  (counter=0)
       a (set 2): 16 14 12 10 8 6 4 2 15 13 11 9 7 5 3 1
       b (set 2): 5 6 7 8 9 10 11 12 13 14 15 16 17 18 19 20
=== Finished ===
INFO: [USF-XSim-96] XSim completed. Design snapshot 'tb_mul_poly_matrix_behav' loaded.
INFO: [USF-XSim-97] XSim simulation ran for 1000ns
launch_simulation: Time (s): cpu = 00:00:05 ; elapsed = 00:00:07 . Memory (MB): peak = 1244.930 ; gain = 0.000
current_wave_config {tb_mul_12bit_behav.wcfg}
tb_mul_12bit_behav.wcfg
add_wave {{/tb_mul_poly_matrix/clk}} {{/tb_mul_poly_matrix/rst_n}} {{/tb_mul_poly_matrix/valid_data}} {{/tb_mul_poly_matrix/a}} {{/tb_mul_poly_matrix/b}} {{/tb_mul_poly_matrix/res}} {{/tb_mul_poly_matrix/t}} {{/tb_mul_poly_matrix/WIDTH}} {{/tb_mul_poly_matrix/NUM}} 
relaunch_sim
Command: launch_simulation -step compile -simset sim_1 -mode behavioral
INFO: [Vivado 12-12493] Simulation top is 'tb_mul_poly_matrix'
WARNING: [Vivado 12-13340] Unable to auto find GCC executables from simulator install path! (path not set)
WARNING: [Vivado 12-13277] Compiled library path does not exist: ''
INFO: [Vivado 12-5682] Launching behavioral simulation in 'C:/Hung/Viettel/Stage2/ML-KEM/mul_poly/mul_matrix/mul_matrix.sim/sim_1/behav/xsim'
INFO: [SIM-utils-51] Simulation object is 'sim_1'
INFO: [SIM-utils-72] Using boost library from 'C:/Xilinx/Vivado/2022.2/tps/boost_1_72_0'
INFO: [SIM-utils-54] Inspecting design source files for 'tb_mul_poly_matrix' in fileset 'sim_1'...
INFO: [USF-XSim-97] Finding global include files...
INFO: [USF-XSim-98] Fetching design files from 'sim_1'...
INFO: [USF-XSim-2] XSim::Compile design
INFO: [USF-XSim-61] Executing 'COMPILE and ANALYZE' step in 'C:/Hung/Viettel/Stage2/ML-KEM/mul_poly/mul_matrix/mul_matrix.sim/sim_1/behav/xsim'
"xvlog --incr --relax -prj tb_mul_poly_matrix_vlog.prj"
INFO: [VRFC 10-2263] Analyzing Verilog file "C:/Hung/Viettel/Stage2/ML-KEM/mul_poly/mul_poly_matrix.v" into library xil_defaultlib
INFO: [VRFC 10-311] analyzing module mul_poly_matrix
INFO: [VRFC 10-2263] Analyzing Verilog file "C:/Hung/Viettel/Stage2/ML-KEM/mul_poly/tb_mul_poly_matrix.v" into library xil_defaultlib
INFO: [VRFC 10-311] analyzing module tb_mul_poly_matrix
INFO: [USF-XSim-69] 'compile' step finished in '1' seconds
Command: launch_simulation -step elaborate -simset sim_1 -mode behavioral
INFO: [Vivado 12-12493] Simulation top is 'tb_mul_poly_matrix'
WARNING: [Vivado 12-13340] Unable to auto find GCC executables from simulator install path! (path not set)
WARNING: [Vivado 12-13277] Compiled library path does not exist: ''
INFO: [Vivado 12-5682] Launching behavioral simulation in 'C:/Hung/Viettel/Stage2/ML-KEM/mul_poly/mul_matrix/mul_matrix.sim/sim_1/behav/xsim'
INFO: [SIM-utils-51] Simulation object is 'sim_1'
INFO: [USF-XSim-3] XSim::Elaborate design
INFO: [USF-XSim-61] Executing 'ELABORATE' step in 'C:/Hung/Viettel/Stage2/ML-KEM/mul_poly/mul_matrix/mul_matrix.sim/sim_1/behav/xsim'
"xelab --incr --debug typical --relax --mt 2 -L xil_defaultlib -L unisims_ver -L unimacro_ver -L secureip --snapshot tb_mul_poly_matrix_behav xil_defaultlib.tb_mul_poly_matrix xil_defaultlib.glbl -log elaborate.log"
Vivado Simulator v2022.2.2
Copyright 1986-1999, 2001-2022 Xilinx, Inc. All Rights Reserved.
Running: C:/Xilinx/Vivado/2022.2/bin/unwrapped/win64.o/xelab.exe --incr --debug typical --relax --mt 2 -L xil_defaultlib -L unisims_ver -L unimacro_ver -L secureip --snapshot tb_mul_poly_matrix_behav xil_defaultlib.tb_mul_poly_matrix xil_defaultlib.glbl -log elaborate.log 
Using 2 slave threads.
Starting static elaboration
Pass Through NonSizing Optimizer
WARNING: [VRFC 10-3091] actual bit length 12 differs from formal bit length 16 for port 'R' [C:/Hung/Viettel/Stage2/ML-KEM/mul_poly/mul_poly.v:78]
WARNING: [VRFC 10-3091] actual bit length 12 differs from formal bit length 16 for port 'R' [C:/Hung/Viettel/Stage2/ML-KEM/mul_poly/mul_poly.v:85]
WARNING: [VRFC 10-3091] actual bit length 12 differs from formal bit length 16 for port 'R' [C:/Hung/Viettel/Stage2/ML-KEM/mul_poly/mul_poly.v:92]
WARNING: [VRFC 10-3091] actual bit length 32 differs from formal bit length 24 for port 'R' [C:/Hung/Viettel/Stage2/ML-KEM/mul_poly/mul_12bit.v:66]
Completed static elaboration
Starting simulation data flow analysis
Completed simulation data flow analysis
Time Resolution for simulation is 1ps
Compiling module xil_defaultlib.Rom_mul
Compiling module xil_defaultlib.barret
Compiling module xil_defaultlib.BoothDecode
Compiling module xil_defaultlib.mul_12bit_default
Compiling module xil_defaultlib.mul_poly
Compiling module xil_defaultlib.mul_poly_matrix_default
Compiling module xil_defaultlib.tb_mul_poly_matrix
Compiling module xil_defaultlib.glbl
Built simulation snapshot tb_mul_poly_matrix_behav
INFO: [USF-XSim-69] 'elaborate' step finished in '3' seconds
Time resolution is 1 ps
=== Start tb_mul_poly_matrix ===
       a (set 1): 1 2 3 4 5 6 7 8 9 10 11 12 13 14 15 16
       b (set 1): 101 102 103 104 105 106 107 108 109 110 111 112 113 114 115 116
zeta1=1637 zeta2=723 zeta3=2288 zeta4=1100  (counter=1)
zeta1=1409 zeta2=2662 zeta3=3281 zeta4=233  (counter=2)
zeta1=756 zeta2=2156 zeta3=3015 zeta4=3050  (counter=3)
zeta1=1703 zeta2=1651 zeta3=2789 zeta4=1789  (counter=4)
zeta1=1847 zeta2=952 zeta3=1461 zeta4=2687  (counter=5)
zeta1=939 zeta2=2308 zeta3=2437 zeta4=2388  (counter=6)
zeta1=733 zeta2=2337 zeta3=268 zeta4=641  (counter=7)
zeta1=1584 zeta2=2298 zeta3=2037 zeta4=3220  (counter=8)
zeta1=375 zeta2=2549 zeta3=2090 zeta4=1645  (counter=9)
zeta1=1063 zeta2=319 zeta3=2773 zeta4=757  (counter=10)
zeta1=2099 zeta2=561 zeta3=2466 zeta4=2594  (counter=11)
zeta1=2804 zeta2=1092 zeta3=403 zeta4=1026  (counter=12)
zeta1=1143 zeta2=2150 zeta3=2775 zeta4=886  (counter=13)
zeta1=1722 zeta2=1212 zeta3=1874 zeta4=1029  (counter=14)
zeta1=2110 zeta2=2935 zeta3=885 zeta4=2154  (counter=15)
zeta1=17 zeta2=2761 zeta3=583 zeta4=2649  (counter=0)
       a (set 2): 16 14 12 10 8 6 4 2 15 13 11 9 7 5 3 1
       b (set 2): 5 6 7 8 9 10 11 12 13 14 15 16 17 18 19 20
=== Finished ===
relaunch_sim: Time (s): cpu = 00:00:02 ; elapsed = 00:00:06 . Memory (MB): peak = 1244.930 ; gain = 0.000
save_wave_config {C:/Hung/Viettel/Stage2/ML-KEM/mul_poly/mul_matrix/tb_mul_12bit_behav.wcfg}
current_wave_config {tb_mul_12bit_behav.wcfg}
C:/Hung/Viettel/Stage2/ML-KEM/mul_poly/mul_matrix/tb_mul_12bit_behav.wcfg
add_wave {{/tb_mul_poly_matrix/dut/zeta1}} {{/tb_mul_poly_matrix/dut/zeta2}} {{/tb_mul_poly_matrix/dut/zeta3}} {{/tb_mul_poly_matrix/dut/zeta4}} 
relaunch_sim
Command: launch_simulation -step compile -simset sim_1 -mode behavioral
INFO: [Vivado 12-12493] Simulation top is 'tb_mul_poly_matrix'
WARNING: [Vivado 12-13340] Unable to auto find GCC executables from simulator install path! (path not set)
WARNING: [Vivado 12-13277] Compiled library path does not exist: ''
INFO: [Vivado 12-5682] Launching behavioral simulation in 'C:/Hung/Viettel/Stage2/ML-KEM/mul_poly/mul_matrix/mul_matrix.sim/sim_1/behav/xsim'
INFO: [SIM-utils-51] Simulation object is 'sim_1'
INFO: [USF-XSim-2] XSim::Compile design
INFO: [USF-XSim-61] Executing 'COMPILE and ANALYZE' step in 'C:/Hung/Viettel/Stage2/ML-KEM/mul_poly/mul_matrix/mul_matrix.sim/sim_1/behav/xsim'
"xvlog --incr --relax -prj tb_mul_poly_matrix_vlog.prj"
INFO: [USF-XSim-69] 'compile' step finished in '1' seconds
Command: launch_simulation -step elaborate -simset sim_1 -mode behavioral
INFO: [Vivado 12-12493] Simulation top is 'tb_mul_poly_matrix'
WARNING: [Vivado 12-13340] Unable to auto find GCC executables from simulator install path! (path not set)
WARNING: [Vivado 12-13277] Compiled library path does not exist: ''
INFO: [Vivado 12-5682] Launching behavioral simulation in 'C:/Hung/Viettel/Stage2/ML-KEM/mul_poly/mul_matrix/mul_matrix.sim/sim_1/behav/xsim'
INFO: [SIM-utils-51] Simulation object is 'sim_1'
INFO: [USF-XSim-3] XSim::Elaborate design
INFO: [USF-XSim-61] Executing 'ELABORATE' step in 'C:/Hung/Viettel/Stage2/ML-KEM/mul_poly/mul_matrix/mul_matrix.sim/sim_1/behav/xsim'
"xelab --incr --debug typical --relax --mt 2 -L xil_defaultlib -L unisims_ver -L unimacro_ver -L secureip --snapshot tb_mul_poly_matrix_behav xil_defaultlib.tb_mul_poly_matrix xil_defaultlib.glbl -log elaborate.log"
Vivado Simulator v2022.2.2
Copyright 1986-1999, 2001-2022 Xilinx, Inc. All Rights Reserved.
Running: C:/Xilinx/Vivado/2022.2/bin/unwrapped/win64.o/xelab.exe --incr --debug typical --relax --mt 2 -L xil_defaultlib -L unisims_ver -L unimacro_ver -L secureip --snapshot tb_mul_poly_matrix_behav xil_defaultlib.tb_mul_poly_matrix xil_defaultlib.glbl -log elaborate.log 
Using 2 slave threads.
Starting static elaboration
Pass Through NonSizing Optimizer
WARNING: [VRFC 10-3091] actual bit length 12 differs from formal bit length 16 for port 'R' [C:/Hung/Viettel/Stage2/ML-KEM/mul_poly/mul_poly.v:78]
WARNING: [VRFC 10-3091] actual bit length 12 differs from formal bit length 16 for port 'R' [C:/Hung/Viettel/Stage2/ML-KEM/mul_poly/mul_poly.v:85]
WARNING: [VRFC 10-3091] actual bit length 12 differs from formal bit length 16 for port 'R' [C:/Hung/Viettel/Stage2/ML-KEM/mul_poly/mul_poly.v:92]
WARNING: [VRFC 10-3091] actual bit length 32 differs from formal bit length 24 for port 'R' [C:/Hung/Viettel/Stage2/ML-KEM/mul_poly/mul_12bit.v:66]
Completed static elaboration
INFO: [XSIM 43-4323] No Change in HDL. Linking previously generated obj files to create kernel
INFO: [USF-XSim-69] 'elaborate' step finished in '1' seconds
Time resolution is 1 ps
=== Start tb_mul_poly_matrix ===
       a (set 1): 1 2 3 4 5 6 7 8 9 10 11 12 13 14 15 16
       b (set 1): 101 102 103 104 105 106 107 108 109 110 111 112 113 114 115 116
zeta1=1637 zeta2=723 zeta3=2288 zeta4=1100  (counter=1)
zeta1=1409 zeta2=2662 zeta3=3281 zeta4=233  (counter=2)
zeta1=756 zeta2=2156 zeta3=3015 zeta4=3050  (counter=3)
zeta1=1703 zeta2=1651 zeta3=2789 zeta4=1789  (counter=4)
zeta1=1847 zeta2=952 zeta3=1461 zeta4=2687  (counter=5)
zeta1=939 zeta2=2308 zeta3=2437 zeta4=2388  (counter=6)
zeta1=733 zeta2=2337 zeta3=268 zeta4=641  (counter=7)
zeta1=1584 zeta2=2298 zeta3=2037 zeta4=3220  (counter=8)
zeta1=375 zeta2=2549 zeta3=2090 zeta4=1645  (counter=9)
zeta1=1063 zeta2=319 zeta3=2773 zeta4=757  (counter=10)
zeta1=2099 zeta2=561 zeta3=2466 zeta4=2594  (counter=11)
zeta1=2804 zeta2=1092 zeta3=403 zeta4=1026  (counter=12)
zeta1=1143 zeta2=2150 zeta3=2775 zeta4=886  (counter=13)
zeta1=1722 zeta2=1212 zeta3=1874 zeta4=1029  (counter=14)
zeta1=2110 zeta2=2935 zeta3=885 zeta4=2154  (counter=15)
zeta1=17 zeta2=2761 zeta3=583 zeta4=2649  (counter=0)
       a (set 2): 16 14 12 10 8 6 4 2 15 13 11 9 7 5 3 1
       b (set 2): 5 6 7 8 9 10 11 12 13 14 15 16 17 18 19 20
=== Finished ===
close_sim
INFO: [Simtcl 6-16] Simulation closed
launch_simulation
Command: launch_simulation 
INFO: [Vivado 12-12493] Simulation top is 'tb_mul_poly_matrix'
WARNING: [Vivado 12-13340] Unable to auto find GCC executables from simulator install path! (path not set)
WARNING: [Vivado 12-13277] Compiled library path does not exist: ''
INFO: [Vivado 12-5682] Launching behavioral simulation in 'C:/Hung/Viettel/Stage2/ML-KEM/mul_poly/mul_matrix/mul_matrix.sim/sim_1/behav/xsim'
INFO: [SIM-utils-51] Simulation object is 'sim_1'
INFO: [SIM-utils-72] Using boost library from 'C:/Xilinx/Vivado/2022.2/tps/boost_1_72_0'
INFO: [SIM-utils-54] Inspecting design source files for 'tb_mul_poly_matrix' in fileset 'sim_1'...
INFO: [USF-XSim-97] Finding global include files...
INFO: [USF-XSim-98] Fetching design files from 'sim_1'...
INFO: [USF-XSim-2] XSim::Compile design
INFO: [USF-XSim-61] Executing 'COMPILE and ANALYZE' step in 'C:/Hung/Viettel/Stage2/ML-KEM/mul_poly/mul_matrix/mul_matrix.sim/sim_1/behav/xsim'
"xvlog --incr --relax -prj tb_mul_poly_matrix_vlog.prj"
INFO: [VRFC 10-2263] Analyzing Verilog file "C:/Hung/Viettel/Stage2/ML-KEM/mul_poly/BoothDecode.v" into library xil_defaultlib
INFO: [VRFC 10-311] analyzing module BoothDecode
INFO: [VRFC 10-2263] Analyzing Verilog file "C:/Hung/Viettel/Stage2/ML-KEM/mul_poly/Rom_mul.v" into library xil_defaultlib
INFO: [VRFC 10-311] analyzing module Rom_mul
INFO: [VRFC 10-2263] Analyzing Verilog file "C:/Hung/Viettel/Stage2/ML-KEM/NTT/barret.v" into library xil_defaultlib
INFO: [VRFC 10-311] analyzing module barret
INFO: [VRFC 10-2263] Analyzing Verilog file "C:/Hung/Viettel/Stage2/ML-KEM/mul_poly/mul_12bit.v" into library xil_defaultlib
INFO: [VRFC 10-311] analyzing module mul_12bit
INFO: [VRFC 10-2263] Analyzing Verilog file "C:/Hung/Viettel/Stage2/ML-KEM/mul_poly/mul_poly.v" into library xil_defaultlib
INFO: [VRFC 10-311] analyzing module mul_poly
INFO: [VRFC 10-2263] Analyzing Verilog file "C:/Hung/Viettel/Stage2/ML-KEM/mul_poly/mul_poly_matrix.v" into library xil_defaultlib
INFO: [VRFC 10-311] analyzing module mul_poly_matrix
INFO: [VRFC 10-2263] Analyzing Verilog file "C:/Hung/Viettel/Stage2/ML-KEM/mul_poly/tb_mul_poly_matrix.v" into library xil_defaultlib
INFO: [VRFC 10-311] analyzing module tb_mul_poly_matrix
INFO: [USF-XSim-69] 'compile' step finished in '2' seconds
INFO: [USF-XSim-3] XSim::Elaborate design
INFO: [USF-XSim-61] Executing 'ELABORATE' step in 'C:/Hung/Viettel/Stage2/ML-KEM/mul_poly/mul_matrix/mul_matrix.sim/sim_1/behav/xsim'
"xelab --incr --debug typical --relax --mt 2 -L xil_defaultlib -L unisims_ver -L unimacro_ver -L secureip --snapshot tb_mul_poly_matrix_behav xil_defaultlib.tb_mul_poly_matrix xil_defaultlib.glbl -log elaborate.log"
Vivado Simulator v2022.2.2
Copyright 1986-1999, 2001-2022 Xilinx, Inc. All Rights Reserved.
Running: C:/Xilinx/Vivado/2022.2/bin/unwrapped/win64.o/xelab.exe --incr --debug typical --relax --mt 2 -L xil_defaultlib -L unisims_ver -L unimacro_ver -L secureip --snapshot tb_mul_poly_matrix_behav xil_defaultlib.tb_mul_poly_matrix xil_defaultlib.glbl -log elaborate.log 
Using 2 slave threads.
Starting static elaboration
Pass Through NonSizing Optimizer
WARNING: [VRFC 10-3091] actual bit length 12 differs from formal bit length 16 for port 'R' [C:/Hung/Viettel/Stage2/ML-KEM/mul_poly/mul_poly.v:78]
WARNING: [VRFC 10-3091] actual bit length 12 differs from formal bit length 16 for port 'R' [C:/Hung/Viettel/Stage2/ML-KEM/mul_poly/mul_poly.v:85]
WARNING: [VRFC 10-3091] actual bit length 12 differs from formal bit length 16 for port 'R' [C:/Hung/Viettel/Stage2/ML-KEM/mul_poly/mul_poly.v:92]
WARNING: [VRFC 10-3091] actual bit length 32 differs from formal bit length 24 for port 'R' [C:/Hung/Viettel/Stage2/ML-KEM/mul_poly/mul_12bit.v:66]
Completed static elaboration
Starting simulation data flow analysis
Completed simulation data flow analysis
Time Resolution for simulation is 1ps
Compiling module xil_defaultlib.Rom_mul
Compiling module xil_defaultlib.barret
Compiling module xil_defaultlib.BoothDecode
Compiling module xil_defaultlib.mul_12bit_default
Compiling module xil_defaultlib.mul_poly
Compiling module xil_defaultlib.mul_poly_matrix_default
Compiling module xil_defaultlib.tb_mul_poly_matrix
Compiling module xil_defaultlib.glbl
Built simulation snapshot tb_mul_poly_matrix_behav
INFO: [USF-XSim-69] 'elaborate' step finished in '2' seconds
INFO: [USF-XSim-4] XSim::Simulate design
INFO: [USF-XSim-61] Executing 'SIMULATE' step in 'C:/Hung/Viettel/Stage2/ML-KEM/mul_poly/mul_matrix/mul_matrix.sim/sim_1/behav/xsim'
INFO: [USF-XSim-98] *** Running xsim
   with args "tb_mul_poly_matrix_behav -key {Behavioral:sim_1:Functional:tb_mul_poly_matrix} -tclbatch {tb_mul_poly_matrix.tcl} -view {C:/Hung/Viettel/Stage2/ML-KEM/mul_poly/mul_matrix/tb_mul_12bit_behav.wcfg} -log {simulate.log}"
INFO: [USF-XSim-8] Loading simulator feature
Time resolution is 1 ps
open_wave_config C:/Hung/Viettel/Stage2/ML-KEM/mul_poly/mul_matrix/tb_mul_12bit_behav.wcfg
source tb_mul_poly_matrix.tcl
# set curr_wave [current_wave_config]
# if { [string length $curr_wave] == 0 } {
#   if { [llength [get_objects]] > 0} {
#     add_wave /
#     set_property needs_save false [current_wave_config]
#   } else {
#      send_msg_id Add_Wave-1 WARNING "No top level signals found. Simulator will start without a wave window. If you want to open a wave window go to 'File->New Waveform Configuration' or type 'create_wave_config' in the TCL console."
#   }
# }
# run 1000ns
=== Start tb_mul_poly_matrix ===
       a (set 1): 1 2 3 4 5 6 7 8 9 10 11 12 13 14 15 16
       b (set 1): 101 102 103 104 105 106 107 108 109 110 111 112 113 114 115 116
zeta1=1637 zeta2=723 zeta3=2288 zeta4=1100  (counter=1)
=== Finished ===
$finish called at time : 50 ns : File "C:/Hung/Viettel/Stage2/ML-KEM/mul_poly/tb_mul_poly_matrix.v" Line 103
INFO: [USF-XSim-96] XSim completed. Design snapshot 'tb_mul_poly_matrix_behav' loaded.
INFO: [USF-XSim-97] XSim simulation ran for 1000ns
launch_simulation: Time (s): cpu = 00:00:01 ; elapsed = 00:00:05 . Memory (MB): peak = 1313.254 ; gain = 0.000
save_wave_config {C:/Hung/Viettel/Stage2/ML-KEM/mul_poly/mul_matrix/tb_mul_12bit_behav.wcfg}
set_property -name {xsim.simulate.runtime} -value {100000ns} -objects [get_filesets sim_1]
set_property dataflow_viewer_settings "min_width=16"   [current_fileset]
close_sim
INFO: [Simtcl 6-16] Simulation closed
launch_simulation
Command: launch_simulation 
INFO: [Vivado 12-12493] Simulation top is 'tb_mul_poly_matrix'
WARNING: [Vivado 12-13340] Unable to auto find GCC executables from simulator install path! (path not set)
WARNING: [Vivado 12-13277] Compiled library path does not exist: ''
INFO: [Vivado 12-5682] Launching behavioral simulation in 'C:/Hung/Viettel/Stage2/ML-KEM/mul_poly/mul_matrix/mul_matrix.sim/sim_1/behav/xsim'
INFO: [SIM-utils-51] Simulation object is 'sim_1'
INFO: [SIM-utils-72] Using boost library from 'C:/Xilinx/Vivado/2022.2/tps/boost_1_72_0'
INFO: [SIM-utils-54] Inspecting design source files for 'tb_mul_poly_matrix' in fileset 'sim_1'...
INFO: [USF-XSim-97] Finding global include files...
INFO: [USF-XSim-98] Fetching design files from 'sim_1'...
INFO: [USF-XSim-2] XSim::Compile design
INFO: [USF-XSim-61] Executing 'COMPILE and ANALYZE' step in 'C:/Hung/Viettel/Stage2/ML-KEM/mul_poly/mul_matrix/mul_matrix.sim/sim_1/behav/xsim'
"xvlog --incr --relax -prj tb_mul_poly_matrix_vlog.prj"
INFO: [USF-XSim-69] 'compile' step finished in '1' seconds
INFO: [USF-XSim-3] XSim::Elaborate design
INFO: [USF-XSim-61] Executing 'ELABORATE' step in 'C:/Hung/Viettel/Stage2/ML-KEM/mul_poly/mul_matrix/mul_matrix.sim/sim_1/behav/xsim'
"xelab --incr --debug typical --relax --mt 2 -L xil_defaultlib -L unisims_ver -L unimacro_ver -L secureip --snapshot tb_mul_poly_matrix_behav xil_defaultlib.tb_mul_poly_matrix xil_defaultlib.glbl -log elaborate.log"
Vivado Simulator v2022.2.2
Copyright 1986-1999, 2001-2022 Xilinx, Inc. All Rights Reserved.
Running: C:/Xilinx/Vivado/2022.2/bin/unwrapped/win64.o/xelab.exe --incr --debug typical --relax --mt 2 -L xil_defaultlib -L unisims_ver -L unimacro_ver -L secureip --snapshot tb_mul_poly_matrix_behav xil_defaultlib.tb_mul_poly_matrix xil_defaultlib.glbl -log elaborate.log 
Using 2 slave threads.
Starting static elaboration
Pass Through NonSizing Optimizer
WARNING: [VRFC 10-3091] actual bit length 12 differs from formal bit length 16 for port 'R' [C:/Hung/Viettel/Stage2/ML-KEM/mul_poly/mul_poly.v:78]
WARNING: [VRFC 10-3091] actual bit length 12 differs from formal bit length 16 for port 'R' [C:/Hung/Viettel/Stage2/ML-KEM/mul_poly/mul_poly.v:85]
WARNING: [VRFC 10-3091] actual bit length 12 differs from formal bit length 16 for port 'R' [C:/Hung/Viettel/Stage2/ML-KEM/mul_poly/mul_poly.v:92]
WARNING: [VRFC 10-3091] actual bit length 32 differs from formal bit length 24 for port 'R' [C:/Hung/Viettel/Stage2/ML-KEM/mul_poly/mul_12bit.v:66]
Completed static elaboration
INFO: [XSIM 43-4323] No Change in HDL. Linking previously generated obj files to create kernel
INFO: [USF-XSim-69] 'elaborate' step finished in '1' seconds
INFO: [USF-XSim-4] XSim::Simulate design
INFO: [USF-XSim-61] Executing 'SIMULATE' step in 'C:/Hung/Viettel/Stage2/ML-KEM/mul_poly/mul_matrix/mul_matrix.sim/sim_1/behav/xsim'
INFO: [USF-XSim-98] *** Running xsim
   with args "tb_mul_poly_matrix_behav -key {Behavioral:sim_1:Functional:tb_mul_poly_matrix} -tclbatch {tb_mul_poly_matrix.tcl} -view {C:/Hung/Viettel/Stage2/ML-KEM/mul_poly/mul_matrix/tb_mul_12bit_behav.wcfg} -log {simulate.log}"
INFO: [USF-XSim-8] Loading simulator feature
Time resolution is 1 ps
open_wave_config C:/Hung/Viettel/Stage2/ML-KEM/mul_poly/mul_matrix/tb_mul_12bit_behav.wcfg
source tb_mul_poly_matrix.tcl
# set curr_wave [current_wave_config]
# if { [string length $curr_wave] == 0 } {
#   if { [llength [get_objects]] > 0} {
#     add_wave /
#     set_property needs_save false [current_wave_config]
#   } else {
#      send_msg_id Add_Wave-1 WARNING "No top level signals found. Simulator will start without a wave window. If you want to open a wave window go to 'File->New Waveform Configuration' or type 'create_wave_config' in the TCL console."
#   }
# }
# run 100000ns
=== Start tb_mul_poly_matrix ===
       a (set 1): 1 2 3 4 5 6 7 8 9 10 11 12 13 14 15 16
       b (set 1): 101 102 103 104 105 106 107 108 109 110 111 112 113 114 115 116
zeta1=1637 zeta2=723 zeta3=2288 zeta4=1100  (counter=1)
=== Finished ===
$finish called at time : 50 ns : File "C:/Hung/Viettel/Stage2/ML-KEM/mul_poly/tb_mul_poly_matrix.v" Line 103
INFO: [USF-XSim-96] XSim completed. Design snapshot 'tb_mul_poly_matrix_behav' loaded.
INFO: [USF-XSim-97] XSim simulation ran for 100000ns
close_sim
INFO: [Simtcl 6-16] Simulation closed
launch_simulation
Command: launch_simulation 
INFO: [Vivado 12-12493] Simulation top is 'tb_mul_poly_matrix'
WARNING: [Vivado 12-13340] Unable to auto find GCC executables from simulator install path! (path not set)
WARNING: [Vivado 12-13277] Compiled library path does not exist: ''
INFO: [Vivado 12-5682] Launching behavioral simulation in 'C:/Hung/Viettel/Stage2/ML-KEM/mul_poly/mul_matrix/mul_matrix.sim/sim_1/behav/xsim'
INFO: [SIM-utils-51] Simulation object is 'sim_1'
INFO: [SIM-utils-72] Using boost library from 'C:/Xilinx/Vivado/2022.2/tps/boost_1_72_0'
INFO: [SIM-utils-54] Inspecting design source files for 'tb_mul_poly_matrix' in fileset 'sim_1'...
INFO: [USF-XSim-97] Finding global include files...
INFO: [USF-XSim-98] Fetching design files from 'sim_1'...
INFO: [USF-XSim-2] XSim::Compile design
INFO: [USF-XSim-61] Executing 'COMPILE and ANALYZE' step in 'C:/Hung/Viettel/Stage2/ML-KEM/mul_poly/mul_matrix/mul_matrix.sim/sim_1/behav/xsim'
"xvlog --incr --relax -prj tb_mul_poly_matrix_vlog.prj"
INFO: [VRFC 10-2263] Analyzing Verilog file "C:/Hung/Viettel/Stage2/ML-KEM/mul_poly/BoothDecode.v" into library xil_defaultlib
INFO: [VRFC 10-311] analyzing module BoothDecode
INFO: [VRFC 10-2263] Analyzing Verilog file "C:/Hung/Viettel/Stage2/ML-KEM/mul_poly/Rom_mul.v" into library xil_defaultlib
INFO: [VRFC 10-311] analyzing module Rom_mul
INFO: [VRFC 10-2263] Analyzing Verilog file "C:/Hung/Viettel/Stage2/ML-KEM/NTT/barret.v" into library xil_defaultlib
INFO: [VRFC 10-311] analyzing module barret
INFO: [VRFC 10-2263] Analyzing Verilog file "C:/Hung/Viettel/Stage2/ML-KEM/mul_poly/mul_12bit.v" into library xil_defaultlib
INFO: [VRFC 10-311] analyzing module mul_12bit
INFO: [VRFC 10-2263] Analyzing Verilog file "C:/Hung/Viettel/Stage2/ML-KEM/mul_poly/mul_poly.v" into library xil_defaultlib
INFO: [VRFC 10-311] analyzing module mul_poly
INFO: [VRFC 10-2263] Analyzing Verilog file "C:/Hung/Viettel/Stage2/ML-KEM/mul_poly/mul_poly_matrix.v" into library xil_defaultlib
INFO: [VRFC 10-311] analyzing module mul_poly_matrix
INFO: [VRFC 10-2263] Analyzing Verilog file "C:/Hung/Viettel/Stage2/ML-KEM/mul_poly/tb_mul_poly_matrix.v" into library xil_defaultlib
INFO: [VRFC 10-311] analyzing module tb_mul_poly_matrix
INFO: [USF-XSim-69] 'compile' step finished in '2' seconds
INFO: [USF-XSim-3] XSim::Elaborate design
INFO: [USF-XSim-61] Executing 'ELABORATE' step in 'C:/Hung/Viettel/Stage2/ML-KEM/mul_poly/mul_matrix/mul_matrix.sim/sim_1/behav/xsim'
"xelab --incr --debug typical --relax --mt 2 -L xil_defaultlib -L unisims_ver -L unimacro_ver -L secureip --snapshot tb_mul_poly_matrix_behav xil_defaultlib.tb_mul_poly_matrix xil_defaultlib.glbl -log elaborate.log"
Vivado Simulator v2022.2.2
Copyright 1986-1999, 2001-2022 Xilinx, Inc. All Rights Reserved.
Running: C:/Xilinx/Vivado/2022.2/bin/unwrapped/win64.o/xelab.exe --incr --debug typical --relax --mt 2 -L xil_defaultlib -L unisims_ver -L unimacro_ver -L secureip --snapshot tb_mul_poly_matrix_behav xil_defaultlib.tb_mul_poly_matrix xil_defaultlib.glbl -log elaborate.log 
Using 2 slave threads.
Starting static elaboration
Pass Through NonSizing Optimizer
WARNING: [VRFC 10-3091] actual bit length 12 differs from formal bit length 16 for port 'R' [C:/Hung/Viettel/Stage2/ML-KEM/mul_poly/mul_poly.v:78]
WARNING: [VRFC 10-3091] actual bit length 12 differs from formal bit length 16 for port 'R' [C:/Hung/Viettel/Stage2/ML-KEM/mul_poly/mul_poly.v:85]
WARNING: [VRFC 10-3091] actual bit length 12 differs from formal bit length 16 for port 'R' [C:/Hung/Viettel/Stage2/ML-KEM/mul_poly/mul_poly.v:92]
WARNING: [VRFC 10-3091] actual bit length 32 differs from formal bit length 24 for port 'R' [C:/Hung/Viettel/Stage2/ML-KEM/mul_poly/mul_12bit.v:66]
Completed static elaboration
Starting simulation data flow analysis
Completed simulation data flow analysis
Time Resolution for simulation is 1ps
Compiling module xil_defaultlib.Rom_mul
Compiling module xil_defaultlib.barret
Compiling module xil_defaultlib.BoothDecode
Compiling module xil_defaultlib.mul_12bit_default
Compiling module xil_defaultlib.mul_poly
Compiling module xil_defaultlib.mul_poly_matrix_default
Compiling module xil_defaultlib.tb_mul_poly_matrix
Compiling module xil_defaultlib.glbl
Built simulation snapshot tb_mul_poly_matrix_behav
INFO: [USF-XSim-69] 'elaborate' step finished in '2' seconds
INFO: [USF-XSim-4] XSim::Simulate design
INFO: [USF-XSim-61] Executing 'SIMULATE' step in 'C:/Hung/Viettel/Stage2/ML-KEM/mul_poly/mul_matrix/mul_matrix.sim/sim_1/behav/xsim'
INFO: [USF-XSim-98] *** Running xsim
   with args "tb_mul_poly_matrix_behav -key {Behavioral:sim_1:Functional:tb_mul_poly_matrix} -tclbatch {tb_mul_poly_matrix.tcl} -view {C:/Hung/Viettel/Stage2/ML-KEM/mul_poly/mul_matrix/tb_mul_12bit_behav.wcfg} -log {simulate.log}"
INFO: [USF-XSim-8] Loading simulator feature
Time resolution is 1 ps
open_wave_config C:/Hung/Viettel/Stage2/ML-KEM/mul_poly/mul_matrix/tb_mul_12bit_behav.wcfg
source tb_mul_poly_matrix.tcl
# set curr_wave [current_wave_config]
# if { [string length $curr_wave] == 0 } {
#   if { [llength [get_objects]] > 0} {
#     add_wave /
#     set_property needs_save false [current_wave_config]
#   } else {
#      send_msg_id Add_Wave-1 WARNING "No top level signals found. Simulator will start without a wave window. If you want to open a wave window go to 'File->New Waveform Configuration' or type 'create_wave_config' in the TCL console."
#   }
# }
# run 100000ns
=== Start tb_mul_poly_matrix ===
       a (set 1): 1 2 3 4 5 6 7 8 9 10 11 12 13 14 15 16
       b (set 1): 101 102 103 104 105 106 107 108 109 110 111 112 113 114 115 116
zeta1=1637 zeta2=723 zeta3=2288 zeta4=1100  (counter=1)
=== Finished ===
$finish called at time : 130 ns : File "C:/Hung/Viettel/Stage2/ML-KEM/mul_poly/tb_mul_poly_matrix.v" Line 103
INFO: [USF-XSim-96] XSim completed. Design snapshot 'tb_mul_poly_matrix_behav' loaded.
INFO: [USF-XSim-97] XSim simulation ran for 100000ns
launch_simulation: Time (s): cpu = 00:00:02 ; elapsed = 00:00:05 . Memory (MB): peak = 1313.254 ; gain = 0.000
relaunch_sim
Command: launch_simulation -step compile -simset sim_1 -mode behavioral
INFO: [Vivado 12-12493] Simulation top is 'tb_mul_poly_matrix'
WARNING: [Vivado 12-13340] Unable to auto find GCC executables from simulator install path! (path not set)
WARNING: [Vivado 12-13277] Compiled library path does not exist: ''
INFO: [Vivado 12-5682] Launching behavioral simulation in 'C:/Hung/Viettel/Stage2/ML-KEM/mul_poly/mul_matrix/mul_matrix.sim/sim_1/behav/xsim'
INFO: [SIM-utils-51] Simulation object is 'sim_1'
INFO: [USF-XSim-2] XSim::Compile design
INFO: [USF-XSim-61] Executing 'COMPILE and ANALYZE' step in 'C:/Hung/Viettel/Stage2/ML-KEM/mul_poly/mul_matrix/mul_matrix.sim/sim_1/behav/xsim'
"xvlog --incr --relax -prj tb_mul_poly_matrix_vlog.prj"
INFO: [VRFC 10-2263] Analyzing Verilog file "C:/Hung/Viettel/Stage2/ML-KEM/mul_poly/BoothDecode.v" into library xil_defaultlib
INFO: [VRFC 10-311] analyzing module BoothDecode
INFO: [VRFC 10-2263] Analyzing Verilog file "C:/Hung/Viettel/Stage2/ML-KEM/mul_poly/Rom_mul.v" into library xil_defaultlib
INFO: [VRFC 10-311] analyzing module Rom_mul
INFO: [VRFC 10-2263] Analyzing Verilog file "C:/Hung/Viettel/Stage2/ML-KEM/NTT/barret.v" into library xil_defaultlib
INFO: [VRFC 10-311] analyzing module barret
INFO: [VRFC 10-2263] Analyzing Verilog file "C:/Hung/Viettel/Stage2/ML-KEM/mul_poly/mul_12bit.v" into library xil_defaultlib
INFO: [VRFC 10-311] analyzing module mul_12bit
INFO: [VRFC 10-2263] Analyzing Verilog file "C:/Hung/Viettel/Stage2/ML-KEM/mul_poly/mul_poly.v" into library xil_defaultlib
INFO: [VRFC 10-311] analyzing module mul_poly
INFO: [VRFC 10-2263] Analyzing Verilog file "C:/Hung/Viettel/Stage2/ML-KEM/mul_poly/mul_poly_matrix.v" into library xil_defaultlib
INFO: [VRFC 10-311] analyzing module mul_poly_matrix
INFO: [VRFC 10-2263] Analyzing Verilog file "C:/Hung/Viettel/Stage2/ML-KEM/mul_poly/tb_mul_poly_matrix.v" into library xil_defaultlib
INFO: [VRFC 10-311] analyzing module tb_mul_poly_matrix
INFO: [USF-XSim-69] 'compile' step finished in '1' seconds
Command: launch_simulation -step elaborate -simset sim_1 -mode behavioral
INFO: [Vivado 12-12493] Simulation top is 'tb_mul_poly_matrix'
WARNING: [Vivado 12-13340] Unable to auto find GCC executables from simulator install path! (path not set)
WARNING: [Vivado 12-13277] Compiled library path does not exist: ''
INFO: [Vivado 12-5682] Launching behavioral simulation in 'C:/Hung/Viettel/Stage2/ML-KEM/mul_poly/mul_matrix/mul_matrix.sim/sim_1/behav/xsim'
INFO: [SIM-utils-51] Simulation object is 'sim_1'
INFO: [USF-XSim-3] XSim::Elaborate design
INFO: [USF-XSim-61] Executing 'ELABORATE' step in 'C:/Hung/Viettel/Stage2/ML-KEM/mul_poly/mul_matrix/mul_matrix.sim/sim_1/behav/xsim'
"xelab --incr --debug typical --relax --mt 2 -L xil_defaultlib -L unisims_ver -L unimacro_ver -L secureip --snapshot tb_mul_poly_matrix_behav xil_defaultlib.tb_mul_poly_matrix xil_defaultlib.glbl -log elaborate.log"
Vivado Simulator v2022.2.2
Copyright 1986-1999, 2001-2022 Xilinx, Inc. All Rights Reserved.
Running: C:/Xilinx/Vivado/2022.2/bin/unwrapped/win64.o/xelab.exe --incr --debug typical --relax --mt 2 -L xil_defaultlib -L unisims_ver -L unimacro_ver -L secureip --snapshot tb_mul_poly_matrix_behav xil_defaultlib.tb_mul_poly_matrix xil_defaultlib.glbl -log elaborate.log 
Using 2 slave threads.
Starting static elaboration
Pass Through NonSizing Optimizer
WARNING: [VRFC 10-3091] actual bit length 12 differs from formal bit length 16 for port 'R' [C:/Hung/Viettel/Stage2/ML-KEM/mul_poly/mul_poly.v:78]
WARNING: [VRFC 10-3091] actual bit length 12 differs from formal bit length 16 for port 'R' [C:/Hung/Viettel/Stage2/ML-KEM/mul_poly/mul_poly.v:85]
WARNING: [VRFC 10-3091] actual bit length 12 differs from formal bit length 16 for port 'R' [C:/Hung/Viettel/Stage2/ML-KEM/mul_poly/mul_poly.v:92]
WARNING: [VRFC 10-3091] actual bit length 32 differs from formal bit length 24 for port 'R' [C:/Hung/Viettel/Stage2/ML-KEM/mul_poly/mul_12bit.v:66]
Completed static elaboration
Starting simulation data flow analysis
Completed simulation data flow analysis
Time Resolution for simulation is 1ps
Compiling module xil_defaultlib.Rom_mul
Compiling module xil_defaultlib.barret
Compiling module xil_defaultlib.BoothDecode
Compiling module xil_defaultlib.mul_12bit_default
Compiling module xil_defaultlib.mul_poly
Compiling module xil_defaultlib.mul_poly_matrix_default
Compiling module xil_defaultlib.tb_mul_poly_matrix
Compiling module xil_defaultlib.glbl
Built simulation snapshot tb_mul_poly_matrix_behav
INFO: [USF-XSim-69] 'elaborate' step finished in '2' seconds
Time resolution is 1 ps
=== Start tb_mul_poly_matrix ===
       a (set 1): 1 2 3 4 5 6 7 8 9 10 11 12 13 14 15 16
       b (set 1): 101 102 103 104 105 106 107 108 109 110 111 112 113 114 115 116
zeta1=1637 zeta2=723 zeta3=2288 zeta4=1100  (counter=1)
=== Finished ===
$finish called at time : 230 ns : File "C:/Hung/Viettel/Stage2/ML-KEM/mul_poly/tb_mul_poly_matrix.v" Line 103
relaunch_sim: Time (s): cpu = 00:00:00 ; elapsed = 00:00:05 . Memory (MB): peak = 1313.254 ; gain = 0.000
save_wave_config {C:/Hung/Viettel/Stage2/ML-KEM/mul_poly/mul_matrix/tb_mul_12bit_behav.wcfg}
relaunch_sim
Command: launch_simulation -step compile -simset sim_1 -mode behavioral
INFO: [Vivado 12-12493] Simulation top is 'tb_mul_poly_matrix'
WARNING: [Vivado 12-13340] Unable to auto find GCC executables from simulator install path! (path not set)
WARNING: [Vivado 12-13277] Compiled library path does not exist: ''
INFO: [Vivado 12-5682] Launching behavioral simulation in 'C:/Hung/Viettel/Stage2/ML-KEM/mul_poly/mul_matrix/mul_matrix.sim/sim_1/behav/xsim'
INFO: [SIM-utils-51] Simulation object is 'sim_1'
INFO: [USF-XSim-2] XSim::Compile design
INFO: [USF-XSim-61] Executing 'COMPILE and ANALYZE' step in 'C:/Hung/Viettel/Stage2/ML-KEM/mul_poly/mul_matrix/mul_matrix.sim/sim_1/behav/xsim'
"xvlog --incr --relax -prj tb_mul_poly_matrix_vlog.prj"
INFO: [VRFC 10-2263] Analyzing Verilog file "C:/Hung/Viettel/Stage2/ML-KEM/mul_poly/BoothDecode.v" into library xil_defaultlib
INFO: [VRFC 10-311] analyzing module BoothDecode
INFO: [VRFC 10-2263] Analyzing Verilog file "C:/Hung/Viettel/Stage2/ML-KEM/mul_poly/Rom_mul.v" into library xil_defaultlib
INFO: [VRFC 10-311] analyzing module Rom_mul
INFO: [VRFC 10-2263] Analyzing Verilog file "C:/Hung/Viettel/Stage2/ML-KEM/NTT/barret.v" into library xil_defaultlib
INFO: [VRFC 10-311] analyzing module barret
INFO: [VRFC 10-2263] Analyzing Verilog file "C:/Hung/Viettel/Stage2/ML-KEM/mul_poly/mul_12bit.v" into library xil_defaultlib
INFO: [VRFC 10-311] analyzing module mul_12bit
INFO: [VRFC 10-2263] Analyzing Verilog file "C:/Hung/Viettel/Stage2/ML-KEM/mul_poly/mul_poly.v" into library xil_defaultlib
INFO: [VRFC 10-311] analyzing module mul_poly
INFO: [VRFC 10-2263] Analyzing Verilog file "C:/Hung/Viettel/Stage2/ML-KEM/mul_poly/mul_poly_matrix.v" into library xil_defaultlib
INFO: [VRFC 10-311] analyzing module mul_poly_matrix
INFO: [VRFC 10-2263] Analyzing Verilog file "C:/Hung/Viettel/Stage2/ML-KEM/mul_poly/tb_mul_poly_matrix.v" into library xil_defaultlib
INFO: [VRFC 10-311] analyzing module tb_mul_poly_matrix
INFO: [USF-XSim-69] 'compile' step finished in '1' seconds
Command: launch_simulation -step elaborate -simset sim_1 -mode behavioral
INFO: [Vivado 12-12493] Simulation top is 'tb_mul_poly_matrix'
WARNING: [Vivado 12-13340] Unable to auto find GCC executables from simulator install path! (path not set)
WARNING: [Vivado 12-13277] Compiled library path does not exist: ''
INFO: [Vivado 12-5682] Launching behavioral simulation in 'C:/Hung/Viettel/Stage2/ML-KEM/mul_poly/mul_matrix/mul_matrix.sim/sim_1/behav/xsim'
INFO: [SIM-utils-51] Simulation object is 'sim_1'
INFO: [USF-XSim-3] XSim::Elaborate design
INFO: [USF-XSim-61] Executing 'ELABORATE' step in 'C:/Hung/Viettel/Stage2/ML-KEM/mul_poly/mul_matrix/mul_matrix.sim/sim_1/behav/xsim'
"xelab --incr --debug typical --relax --mt 2 -L xil_defaultlib -L unisims_ver -L unimacro_ver -L secureip --snapshot tb_mul_poly_matrix_behav xil_defaultlib.tb_mul_poly_matrix xil_defaultlib.glbl -log elaborate.log"
Vivado Simulator v2022.2.2
Copyright 1986-1999, 2001-2022 Xilinx, Inc. All Rights Reserved.
Running: C:/Xilinx/Vivado/2022.2/bin/unwrapped/win64.o/xelab.exe --incr --debug typical --relax --mt 2 -L xil_defaultlib -L unisims_ver -L unimacro_ver -L secureip --snapshot tb_mul_poly_matrix_behav xil_defaultlib.tb_mul_poly_matrix xil_defaultlib.glbl -log elaborate.log 
Using 2 slave threads.
Starting static elaboration
Pass Through NonSizing Optimizer
WARNING: [VRFC 10-3091] actual bit length 12 differs from formal bit length 16 for port 'R' [C:/Hung/Viettel/Stage2/ML-KEM/mul_poly/mul_poly.v:78]
WARNING: [VRFC 10-3091] actual bit length 12 differs from formal bit length 16 for port 'R' [C:/Hung/Viettel/Stage2/ML-KEM/mul_poly/mul_poly.v:85]
WARNING: [VRFC 10-3091] actual bit length 12 differs from formal bit length 16 for port 'R' [C:/Hung/Viettel/Stage2/ML-KEM/mul_poly/mul_poly.v:92]
WARNING: [VRFC 10-3091] actual bit length 32 differs from formal bit length 24 for port 'R' [C:/Hung/Viettel/Stage2/ML-KEM/mul_poly/mul_12bit.v:66]
Completed static elaboration
Starting simulation data flow analysis
Completed simulation data flow analysis
Time Resolution for simulation is 1ps
Compiling module xil_defaultlib.Rom_mul
Compiling module xil_defaultlib.barret
Compiling module xil_defaultlib.BoothDecode
Compiling module xil_defaultlib.mul_12bit_default
Compiling module xil_defaultlib.mul_poly
Compiling module xil_defaultlib.mul_poly_matrix_default
Compiling module xil_defaultlib.tb_mul_poly_matrix
Compiling module xil_defaultlib.glbl
Built simulation snapshot tb_mul_poly_matrix_behav
INFO: [USF-XSim-69] 'elaborate' step finished in '2' seconds
Time resolution is 1 ps
=== Start tb_mul_poly_matrix ===
       a (set 1): 1 2 3 4 5 6 7 8 9 10 11 12 13 14 15 16
       b (set 1): 101 102 103 104 105 106 107 108 109 110 111 112 113 114 115 116
zeta1=1637 zeta2=723 zeta3=2288 zeta4=1100  (counter=1)
=== Finished ===
$finish called at time : 530 ns : File "C:/Hung/Viettel/Stage2/ML-KEM/mul_poly/tb_mul_poly_matrix.v" Line 103
relaunch_sim: Time (s): cpu = 00:00:00 ; elapsed = 00:00:06 . Memory (MB): peak = 1313.254 ; gain = 0.000
current_wave_config {tb_mul_12bit_behav.wcfg}
C:/Hung/Viettel/Stage2/ML-KEM/mul_poly/mul_matrix/tb_mul_12bit_behav.wcfg
add_wave {{/tb_mul_poly_matrix/dut/zeta1}} {{/tb_mul_poly_matrix/dut/zeta2}} {{/tb_mul_poly_matrix/dut/zeta3}} {{/tb_mul_poly_matrix/dut/zeta4}} 
save_wave_config {C:/Hung/Viettel/Stage2/ML-KEM/mul_poly/mul_matrix/tb_mul_12bit_behav.wcfg}
relaunch_sim
Command: launch_simulation -step compile -simset sim_1 -mode behavioral
INFO: [Vivado 12-12493] Simulation top is 'tb_mul_poly_matrix'
WARNING: [Vivado 12-13340] Unable to auto find GCC executables from simulator install path! (path not set)
WARNING: [Vivado 12-13277] Compiled library path does not exist: ''
INFO: [Vivado 12-5682] Launching behavioral simulation in 'C:/Hung/Viettel/Stage2/ML-KEM/mul_poly/mul_matrix/mul_matrix.sim/sim_1/behav/xsim'
INFO: [SIM-utils-51] Simulation object is 'sim_1'
INFO: [USF-XSim-2] XSim::Compile design
INFO: [USF-XSim-61] Executing 'COMPILE and ANALYZE' step in 'C:/Hung/Viettel/Stage2/ML-KEM/mul_poly/mul_matrix/mul_matrix.sim/sim_1/behav/xsim'
"xvlog --incr --relax -prj tb_mul_poly_matrix_vlog.prj"
INFO: [USF-XSim-69] 'compile' step finished in '2' seconds
Command: launch_simulation -step elaborate -simset sim_1 -mode behavioral
INFO: [Vivado 12-12493] Simulation top is 'tb_mul_poly_matrix'
WARNING: [Vivado 12-13340] Unable to auto find GCC executables from simulator install path! (path not set)
WARNING: [Vivado 12-13277] Compiled library path does not exist: ''
INFO: [Vivado 12-5682] Launching behavioral simulation in 'C:/Hung/Viettel/Stage2/ML-KEM/mul_poly/mul_matrix/mul_matrix.sim/sim_1/behav/xsim'
INFO: [SIM-utils-51] Simulation object is 'sim_1'
INFO: [USF-XSim-3] XSim::Elaborate design
INFO: [USF-XSim-61] Executing 'ELABORATE' step in 'C:/Hung/Viettel/Stage2/ML-KEM/mul_poly/mul_matrix/mul_matrix.sim/sim_1/behav/xsim'
"xelab --incr --debug typical --relax --mt 2 -L xil_defaultlib -L unisims_ver -L unimacro_ver -L secureip --snapshot tb_mul_poly_matrix_behav xil_defaultlib.tb_mul_poly_matrix xil_defaultlib.glbl -log elaborate.log"
Vivado Simulator v2022.2.2
Copyright 1986-1999, 2001-2022 Xilinx, Inc. All Rights Reserved.
Running: C:/Xilinx/Vivado/2022.2/bin/unwrapped/win64.o/xelab.exe --incr --debug typical --relax --mt 2 -L xil_defaultlib -L unisims_ver -L unimacro_ver -L secureip --snapshot tb_mul_poly_matrix_behav xil_defaultlib.tb_mul_poly_matrix xil_defaultlib.glbl -log elaborate.log 
Using 2 slave threads.
Starting static elaboration
Pass Through NonSizing Optimizer
WARNING: [VRFC 10-3091] actual bit length 12 differs from formal bit length 16 for port 'R' [C:/Hung/Viettel/Stage2/ML-KEM/mul_poly/mul_poly.v:78]
WARNING: [VRFC 10-3091] actual bit length 12 differs from formal bit length 16 for port 'R' [C:/Hung/Viettel/Stage2/ML-KEM/mul_poly/mul_poly.v:85]
WARNING: [VRFC 10-3091] actual bit length 12 differs from formal bit length 16 for port 'R' [C:/Hung/Viettel/Stage2/ML-KEM/mul_poly/mul_poly.v:92]
WARNING: [VRFC 10-3091] actual bit length 32 differs from formal bit length 24 for port 'R' [C:/Hung/Viettel/Stage2/ML-KEM/mul_poly/mul_12bit.v:66]
Completed static elaboration
INFO: [XSIM 43-4323] No Change in HDL. Linking previously generated obj files to create kernel
INFO: [USF-XSim-69] 'elaborate' step finished in '1' seconds
Time resolution is 1 ps
=== Start tb_mul_poly_matrix ===
       a (set 1): 1 2 3 4 5 6 7 8 9 10 11 12 13 14 15 16
       b (set 1): 101 102 103 104 105 106 107 108 109 110 111 112 113 114 115 116
zeta1=1637 zeta2=723 zeta3=2288 zeta4=1100  (counter=1)
=== Finished ===
$finish called at time : 530 ns : File "C:/Hung/Viettel/Stage2/ML-KEM/mul_poly/tb_mul_poly_matrix.v" Line 103
relaunch_sim
Command: launch_simulation -step compile -simset sim_1 -mode behavioral
INFO: [Vivado 12-12493] Simulation top is 'tb_mul_poly_matrix'
WARNING: [Vivado 12-13340] Unable to auto find GCC executables from simulator install path! (path not set)
WARNING: [Vivado 12-13277] Compiled library path does not exist: ''
INFO: [Vivado 12-5682] Launching behavioral simulation in 'C:/Hung/Viettel/Stage2/ML-KEM/mul_poly/mul_matrix/mul_matrix.sim/sim_1/behav/xsim'
INFO: [SIM-utils-51] Simulation object is 'sim_1'
INFO: [USF-XSim-2] XSim::Compile design
INFO: [USF-XSim-61] Executing 'COMPILE and ANALYZE' step in 'C:/Hung/Viettel/Stage2/ML-KEM/mul_poly/mul_matrix/mul_matrix.sim/sim_1/behav/xsim'
"xvlog --incr --relax -prj tb_mul_poly_matrix_vlog.prj"
INFO: [VRFC 10-2263] Analyzing Verilog file "C:/Hung/Viettel/Stage2/ML-KEM/mul_poly/BoothDecode.v" into library xil_defaultlib
INFO: [VRFC 10-311] analyzing module BoothDecode
INFO: [VRFC 10-2263] Analyzing Verilog file "C:/Hung/Viettel/Stage2/ML-KEM/mul_poly/Rom_mul.v" into library xil_defaultlib
INFO: [VRFC 10-311] analyzing module Rom_mul
INFO: [VRFC 10-2263] Analyzing Verilog file "C:/Hung/Viettel/Stage2/ML-KEM/NTT/barret.v" into library xil_defaultlib
INFO: [VRFC 10-311] analyzing module barret
INFO: [VRFC 10-2263] Analyzing Verilog file "C:/Hung/Viettel/Stage2/ML-KEM/mul_poly/mul_12bit.v" into library xil_defaultlib
INFO: [VRFC 10-311] analyzing module mul_12bit
INFO: [VRFC 10-2263] Analyzing Verilog file "C:/Hung/Viettel/Stage2/ML-KEM/mul_poly/mul_poly.v" into library xil_defaultlib
INFO: [VRFC 10-311] analyzing module mul_poly
INFO: [VRFC 10-2263] Analyzing Verilog file "C:/Hung/Viettel/Stage2/ML-KEM/mul_poly/mul_poly_matrix.v" into library xil_defaultlib
INFO: [VRFC 10-311] analyzing module mul_poly_matrix
INFO: [VRFC 10-2263] Analyzing Verilog file "C:/Hung/Viettel/Stage2/ML-KEM/mul_poly/tb_mul_poly_matrix.v" into library xil_defaultlib
INFO: [VRFC 10-311] analyzing module tb_mul_poly_matrix
INFO: [USF-XSim-69] 'compile' step finished in '1' seconds
Command: launch_simulation -step elaborate -simset sim_1 -mode behavioral
INFO: [Vivado 12-12493] Simulation top is 'tb_mul_poly_matrix'
WARNING: [Vivado 12-13340] Unable to auto find GCC executables from simulator install path! (path not set)
WARNING: [Vivado 12-13277] Compiled library path does not exist: ''
INFO: [Vivado 12-5682] Launching behavioral simulation in 'C:/Hung/Viettel/Stage2/ML-KEM/mul_poly/mul_matrix/mul_matrix.sim/sim_1/behav/xsim'
INFO: [SIM-utils-51] Simulation object is 'sim_1'
INFO: [USF-XSim-3] XSim::Elaborate design
INFO: [USF-XSim-61] Executing 'ELABORATE' step in 'C:/Hung/Viettel/Stage2/ML-KEM/mul_poly/mul_matrix/mul_matrix.sim/sim_1/behav/xsim'
"xelab --incr --debug typical --relax --mt 2 -L xil_defaultlib -L unisims_ver -L unimacro_ver -L secureip --snapshot tb_mul_poly_matrix_behav xil_defaultlib.tb_mul_poly_matrix xil_defaultlib.glbl -log elaborate.log"
Vivado Simulator v2022.2.2
Copyright 1986-1999, 2001-2022 Xilinx, Inc. All Rights Reserved.
Running: C:/Xilinx/Vivado/2022.2/bin/unwrapped/win64.o/xelab.exe --incr --debug typical --relax --mt 2 -L xil_defaultlib -L unisims_ver -L unimacro_ver -L secureip --snapshot tb_mul_poly_matrix_behav xil_defaultlib.tb_mul_poly_matrix xil_defaultlib.glbl -log elaborate.log 
Using 2 slave threads.
Starting static elaboration
Pass Through NonSizing Optimizer
WARNING: [VRFC 10-3091] actual bit length 12 differs from formal bit length 16 for port 'R' [C:/Hung/Viettel/Stage2/ML-KEM/mul_poly/mul_poly.v:78]
WARNING: [VRFC 10-3091] actual bit length 12 differs from formal bit length 16 for port 'R' [C:/Hung/Viettel/Stage2/ML-KEM/mul_poly/mul_poly.v:85]
WARNING: [VRFC 10-3091] actual bit length 12 differs from formal bit length 16 for port 'R' [C:/Hung/Viettel/Stage2/ML-KEM/mul_poly/mul_poly.v:92]
WARNING: [VRFC 10-3091] actual bit length 32 differs from formal bit length 24 for port 'R' [C:/Hung/Viettel/Stage2/ML-KEM/mul_poly/mul_12bit.v:66]
WARNING: [VRFC 10-3705] select index 8 into 'tmp' is out of bounds [C:/Hung/Viettel/Stage2/ML-KEM/mul_poly/mul_poly_matrix.v:65]
WARNING: [VRFC 10-3705] select index 9 into 'tmp' is out of bounds [C:/Hung/Viettel/Stage2/ML-KEM/mul_poly/mul_poly_matrix.v:66]
Completed static elaboration
Starting simulation data flow analysis
Completed simulation data flow analysis
Time Resolution for simulation is 1ps
Compiling module xil_defaultlib.Rom_mul
Compiling module xil_defaultlib.barret
Compiling module xil_defaultlib.BoothDecode
Compiling module xil_defaultlib.mul_12bit_default
Compiling module xil_defaultlib.mul_poly
Compiling module xil_defaultlib.mul_poly_matrix_default
Compiling module xil_defaultlib.tb_mul_poly_matrix
Compiling module xil_defaultlib.glbl
Built simulation snapshot tb_mul_poly_matrix_behav
INFO: [USF-XSim-69] 'elaborate' step finished in '3' seconds
Time resolution is 1 ps
FATAL_ERROR: Vivado Simulator kernel has discovered an exceptional condition from which it cannot recover. Process will terminate. For technical support on this issue, please open a WebCase with this project attached at http://www.xilinx.com/support.
Time: 0 ps  Iteration: 0  Process: /tb_mul_poly_matrix/dut/G[5].u_mul/NetRegassign69_323
  File: C:/Hung/Viettel/Stage2/ML-KEM/mul_poly/mul_poly.v

HDL Line: C:/Hung/Viettel/Stage2/ML-KEM/mul_poly/mul_poly.v:69
relaunch_sim: Time (s): cpu = 00:00:01 ; elapsed = 00:00:06 . Memory (MB): peak = 1313.254 ; gain = 0.000
current_wave_config {tb_mul_12bit_behav.wcfg}
C:/Hung/Viettel/Stage2/ML-KEM/mul_poly/mul_matrix/tb_mul_12bit_behav.wcfg
add_wave {{/tb_mul_poly_matrix/dut/tmp}} 
relaunch_sim
Command: launch_simulation -step compile -simset sim_1 -mode behavioral
INFO: [Vivado 12-12493] Simulation top is 'tb_mul_poly_matrix'
WARNING: [Vivado 12-13340] Unable to auto find GCC executables from simulator install path! (path not set)
WARNING: [Vivado 12-13277] Compiled library path does not exist: ''
INFO: [Vivado 12-5682] Launching behavioral simulation in 'C:/Hung/Viettel/Stage2/ML-KEM/mul_poly/mul_matrix/mul_matrix.sim/sim_1/behav/xsim'
INFO: [SIM-utils-51] Simulation object is 'sim_1'
INFO: [USF-XSim-2] XSim::Compile design
INFO: [USF-XSim-61] Executing 'COMPILE and ANALYZE' step in 'C:/Hung/Viettel/Stage2/ML-KEM/mul_poly/mul_matrix/mul_matrix.sim/sim_1/behav/xsim'
"xvlog --incr --relax -prj tb_mul_poly_matrix_vlog.prj"
INFO: [VRFC 10-2263] Analyzing Verilog file "C:/Hung/Viettel/Stage2/ML-KEM/mul_poly/BoothDecode.v" into library xil_defaultlib
INFO: [VRFC 10-311] analyzing module BoothDecode
INFO: [VRFC 10-2263] Analyzing Verilog file "C:/Hung/Viettel/Stage2/ML-KEM/mul_poly/Rom_mul.v" into library xil_defaultlib
INFO: [VRFC 10-311] analyzing module Rom_mul
INFO: [VRFC 10-2263] Analyzing Verilog file "C:/Hung/Viettel/Stage2/ML-KEM/NTT/barret.v" into library xil_defaultlib
INFO: [VRFC 10-311] analyzing module barret
INFO: [VRFC 10-2263] Analyzing Verilog file "C:/Hung/Viettel/Stage2/ML-KEM/mul_poly/mul_12bit.v" into library xil_defaultlib
INFO: [VRFC 10-311] analyzing module mul_12bit
INFO: [VRFC 10-2263] Analyzing Verilog file "C:/Hung/Viettel/Stage2/ML-KEM/mul_poly/mul_poly.v" into library xil_defaultlib
INFO: [VRFC 10-311] analyzing module mul_poly
INFO: [VRFC 10-2263] Analyzing Verilog file "C:/Hung/Viettel/Stage2/ML-KEM/mul_poly/mul_poly_matrix.v" into library xil_defaultlib
INFO: [VRFC 10-311] analyzing module mul_poly_matrix
INFO: [VRFC 10-2263] Analyzing Verilog file "C:/Hung/Viettel/Stage2/ML-KEM/mul_poly/tb_mul_poly_matrix.v" into library xil_defaultlib
INFO: [VRFC 10-311] analyzing module tb_mul_poly_matrix
INFO: [USF-XSim-69] 'compile' step finished in '1' seconds
Command: launch_simulation -step elaborate -simset sim_1 -mode behavioral
INFO: [Vivado 12-12493] Simulation top is 'tb_mul_poly_matrix'
WARNING: [Vivado 12-13340] Unable to auto find GCC executables from simulator install path! (path not set)
WARNING: [Vivado 12-13277] Compiled library path does not exist: ''
INFO: [Vivado 12-5682] Launching behavioral simulation in 'C:/Hung/Viettel/Stage2/ML-KEM/mul_poly/mul_matrix/mul_matrix.sim/sim_1/behav/xsim'
INFO: [SIM-utils-51] Simulation object is 'sim_1'
INFO: [USF-XSim-3] XSim::Elaborate design
INFO: [USF-XSim-61] Executing 'ELABORATE' step in 'C:/Hung/Viettel/Stage2/ML-KEM/mul_poly/mul_matrix/mul_matrix.sim/sim_1/behav/xsim'
"xelab --incr --debug typical --relax --mt 2 -L xil_defaultlib -L unisims_ver -L unimacro_ver -L secureip --snapshot tb_mul_poly_matrix_behav xil_defaultlib.tb_mul_poly_matrix xil_defaultlib.glbl -log elaborate.log"
Vivado Simulator v2022.2.2
Copyright 1986-1999, 2001-2022 Xilinx, Inc. All Rights Reserved.
Running: C:/Xilinx/Vivado/2022.2/bin/unwrapped/win64.o/xelab.exe --incr --debug typical --relax --mt 2 -L xil_defaultlib -L unisims_ver -L unimacro_ver -L secureip --snapshot tb_mul_poly_matrix_behav xil_defaultlib.tb_mul_poly_matrix xil_defaultlib.glbl -log elaborate.log 
Using 2 slave threads.
Starting static elaboration
Pass Through NonSizing Optimizer
WARNING: [VRFC 10-3091] actual bit length 12 differs from formal bit length 16 for port 'R' [C:/Hung/Viettel/Stage2/ML-KEM/mul_poly/mul_poly.v:78]
WARNING: [VRFC 10-3091] actual bit length 12 differs from formal bit length 16 for port 'R' [C:/Hung/Viettel/Stage2/ML-KEM/mul_poly/mul_poly.v:85]
WARNING: [VRFC 10-3091] actual bit length 12 differs from formal bit length 16 for port 'R' [C:/Hung/Viettel/Stage2/ML-KEM/mul_poly/mul_poly.v:92]
WARNING: [VRFC 10-3091] actual bit length 32 differs from formal bit length 24 for port 'R' [C:/Hung/Viettel/Stage2/ML-KEM/mul_poly/mul_12bit.v:66]
Completed static elaboration
Starting simulation data flow analysis
Completed simulation data flow analysis
Time Resolution for simulation is 1ps
Compiling module xil_defaultlib.Rom_mul
Compiling module xil_defaultlib.barret
Compiling module xil_defaultlib.BoothDecode
Compiling module xil_defaultlib.mul_12bit_default
Compiling module xil_defaultlib.mul_poly
Compiling module xil_defaultlib.mul_poly_matrix_default
Compiling module xil_defaultlib.tb_mul_poly_matrix
Compiling module xil_defaultlib.glbl
Built simulation snapshot tb_mul_poly_matrix_behav
INFO: [USF-XSim-69] 'elaborate' step finished in '3' seconds
Time resolution is 1 ps
=== Start tb_mul_poly_matrix ===
       a (set 1): 1 2 3 4 5 6 7 8 9 10 11 12 13 14 15 16
       b (set 1): 101 102 103 104 105 106 107 108 109 110 111 112 113 114 115 116
zeta1=1637 zeta2=723 zeta3=2288 zeta4=1100  (counter=1)
=== Finished ===
$finish called at time : 530 ns : File "C:/Hung/Viettel/Stage2/ML-KEM/mul_poly/tb_mul_poly_matrix.v" Line 103
relaunch_sim: Time (s): cpu = 00:00:00 ; elapsed = 00:00:06 . Memory (MB): peak = 1313.254 ; gain = 0.000
save_wave_config {C:/Hung/Viettel/Stage2/ML-KEM/mul_poly/mul_matrix/tb_mul_12bit_behav.wcfg}
save_wave_config {C:/Hung/Viettel/Stage2/ML-KEM/mul_poly/mul_matrix/tb_mul_12bit_behav.wcfg}
current_wave_config {tb_mul_12bit_behav.wcfg}
C:/Hung/Viettel/Stage2/ML-KEM/mul_poly/mul_matrix/tb_mul_12bit_behav.wcfg
add_wave {{/tb_mul_poly_matrix/dut/\G[0].u_mul /a0}} {{/tb_mul_poly_matrix/dut/\G[0].u_mul /a1}} {{/tb_mul_poly_matrix/dut/\G[0].u_mul /b0}} {{/tb_mul_poly_matrix/dut/\G[0].u_mul /b1}} {{/tb_mul_poly_matrix/dut/\G[0].u_mul /zetas}} 
relaunch_sim
Command: launch_simulation -step compile -simset sim_1 -mode behavioral
INFO: [Vivado 12-12493] Simulation top is 'tb_mul_poly_matrix'
WARNING: [Vivado 12-13340] Unable to auto find GCC executables from simulator install path! (path not set)
WARNING: [Vivado 12-13277] Compiled library path does not exist: ''
INFO: [Vivado 12-5682] Launching behavioral simulation in 'C:/Hung/Viettel/Stage2/ML-KEM/mul_poly/mul_matrix/mul_matrix.sim/sim_1/behav/xsim'
INFO: [SIM-utils-51] Simulation object is 'sim_1'
INFO: [USF-XSim-2] XSim::Compile design
INFO: [USF-XSim-61] Executing 'COMPILE and ANALYZE' step in 'C:/Hung/Viettel/Stage2/ML-KEM/mul_poly/mul_matrix/mul_matrix.sim/sim_1/behav/xsim'
"xvlog --incr --relax -prj tb_mul_poly_matrix_vlog.prj"
INFO: [USF-XSim-69] 'compile' step finished in '1' seconds
Command: launch_simulation -step elaborate -simset sim_1 -mode behavioral
INFO: [Vivado 12-12493] Simulation top is 'tb_mul_poly_matrix'
WARNING: [Vivado 12-13340] Unable to auto find GCC executables from simulator install path! (path not set)
WARNING: [Vivado 12-13277] Compiled library path does not exist: ''
INFO: [Vivado 12-5682] Launching behavioral simulation in 'C:/Hung/Viettel/Stage2/ML-KEM/mul_poly/mul_matrix/mul_matrix.sim/sim_1/behav/xsim'
INFO: [SIM-utils-51] Simulation object is 'sim_1'
INFO: [USF-XSim-3] XSim::Elaborate design
INFO: [USF-XSim-61] Executing 'ELABORATE' step in 'C:/Hung/Viettel/Stage2/ML-KEM/mul_poly/mul_matrix/mul_matrix.sim/sim_1/behav/xsim'
"xelab --incr --debug typical --relax --mt 2 -L xil_defaultlib -L unisims_ver -L unimacro_ver -L secureip --snapshot tb_mul_poly_matrix_behav xil_defaultlib.tb_mul_poly_matrix xil_defaultlib.glbl -log elaborate.log"
Vivado Simulator v2022.2.2
Copyright 1986-1999, 2001-2022 Xilinx, Inc. All Rights Reserved.
Running: C:/Xilinx/Vivado/2022.2/bin/unwrapped/win64.o/xelab.exe --incr --debug typical --relax --mt 2 -L xil_defaultlib -L unisims_ver -L unimacro_ver -L secureip --snapshot tb_mul_poly_matrix_behav xil_defaultlib.tb_mul_poly_matrix xil_defaultlib.glbl -log elaborate.log 
Using 2 slave threads.
Starting static elaboration
Pass Through NonSizing Optimizer
WARNING: [VRFC 10-3091] actual bit length 12 differs from formal bit length 16 for port 'R' [C:/Hung/Viettel/Stage2/ML-KEM/mul_poly/mul_poly.v:78]
WARNING: [VRFC 10-3091] actual bit length 12 differs from formal bit length 16 for port 'R' [C:/Hung/Viettel/Stage2/ML-KEM/mul_poly/mul_poly.v:85]
WARNING: [VRFC 10-3091] actual bit length 12 differs from formal bit length 16 for port 'R' [C:/Hung/Viettel/Stage2/ML-KEM/mul_poly/mul_poly.v:92]
WARNING: [VRFC 10-3091] actual bit length 32 differs from formal bit length 24 for port 'R' [C:/Hung/Viettel/Stage2/ML-KEM/mul_poly/mul_12bit.v:66]
Completed static elaboration
INFO: [XSIM 43-4323] No Change in HDL. Linking previously generated obj files to create kernel
INFO: [USF-XSim-69] 'elaborate' step finished in '1' seconds
Time resolution is 1 ps
=== Start tb_mul_poly_matrix ===
       a (set 1): 1 2 3 4 5 6 7 8 9 10 11 12 13 14 15 16
       b (set 1): 101 102 103 104 105 106 107 108 109 110 111 112 113 114 115 116
zeta1=1637 zeta2=723 zeta3=2288 zeta4=1100  (counter=1)
=== Finished ===
$finish called at time : 530 ns : File "C:/Hung/Viettel/Stage2/ML-KEM/mul_poly/tb_mul_poly_matrix.v" Line 103
save_wave_config {C:/Hung/Viettel/Stage2/ML-KEM/mul_poly/mul_matrix/tb_mul_12bit_behav.wcfg}
current_wave_config {tb_mul_12bit_behav.wcfg}
C:/Hung/Viettel/Stage2/ML-KEM/mul_poly/mul_matrix/tb_mul_12bit_behav.wcfg
add_wave {{/tb_mul_poly_matrix/dut/\G[0].u_mul /res0}} {{/tb_mul_poly_matrix/dut/\G[0].u_mul /res1}} 
save_wave_config {C:/Hung/Viettel/Stage2/ML-KEM/mul_poly/mul_matrix/tb_mul_12bit_behav.wcfg}
relaunch_sim
Command: launch_simulation -step compile -simset sim_1 -mode behavioral
INFO: [Vivado 12-12493] Simulation top is 'tb_mul_poly_matrix'
WARNING: [Vivado 12-13340] Unable to auto find GCC executables from simulator install path! (path not set)
WARNING: [Vivado 12-13277] Compiled library path does not exist: ''
INFO: [Vivado 12-5682] Launching behavioral simulation in 'C:/Hung/Viettel/Stage2/ML-KEM/mul_poly/mul_matrix/mul_matrix.sim/sim_1/behav/xsim'
INFO: [SIM-utils-51] Simulation object is 'sim_1'
INFO: [USF-XSim-2] XSim::Compile design
INFO: [USF-XSim-61] Executing 'COMPILE and ANALYZE' step in 'C:/Hung/Viettel/Stage2/ML-KEM/mul_poly/mul_matrix/mul_matrix.sim/sim_1/behav/xsim'
"xvlog --incr --relax -prj tb_mul_poly_matrix_vlog.prj"
INFO: [VRFC 10-2263] Analyzing Verilog file "C:/Hung/Viettel/Stage2/ML-KEM/mul_poly/BoothDecode.v" into library xil_defaultlib
INFO: [VRFC 10-311] analyzing module BoothDecode
INFO: [VRFC 10-2263] Analyzing Verilog file "C:/Hung/Viettel/Stage2/ML-KEM/mul_poly/Rom_mul.v" into library xil_defaultlib
INFO: [VRFC 10-311] analyzing module Rom_mul
INFO: [VRFC 10-2263] Analyzing Verilog file "C:/Hung/Viettel/Stage2/ML-KEM/NTT/barret.v" into library xil_defaultlib
INFO: [VRFC 10-311] analyzing module barret
INFO: [VRFC 10-2263] Analyzing Verilog file "C:/Hung/Viettel/Stage2/ML-KEM/mul_poly/mul_12bit.v" into library xil_defaultlib
INFO: [VRFC 10-311] analyzing module mul_12bit
INFO: [VRFC 10-2263] Analyzing Verilog file "C:/Hung/Viettel/Stage2/ML-KEM/mul_poly/mul_poly.v" into library xil_defaultlib
INFO: [VRFC 10-311] analyzing module mul_poly
INFO: [VRFC 10-2263] Analyzing Verilog file "C:/Hung/Viettel/Stage2/ML-KEM/mul_poly/mul_poly_matrix.v" into library xil_defaultlib
INFO: [VRFC 10-311] analyzing module mul_poly_matrix
INFO: [VRFC 10-2263] Analyzing Verilog file "C:/Hung/Viettel/Stage2/ML-KEM/mul_poly/tb_mul_poly_matrix.v" into library xil_defaultlib
INFO: [VRFC 10-311] analyzing module tb_mul_poly_matrix
INFO: [USF-XSim-69] 'compile' step finished in '1' seconds
Command: launch_simulation -step elaborate -simset sim_1 -mode behavioral
INFO: [Vivado 12-12493] Simulation top is 'tb_mul_poly_matrix'
WARNING: [Vivado 12-13340] Unable to auto find GCC executables from simulator install path! (path not set)
WARNING: [Vivado 12-13277] Compiled library path does not exist: ''
INFO: [Vivado 12-5682] Launching behavioral simulation in 'C:/Hung/Viettel/Stage2/ML-KEM/mul_poly/mul_matrix/mul_matrix.sim/sim_1/behav/xsim'
INFO: [SIM-utils-51] Simulation object is 'sim_1'
INFO: [USF-XSim-3] XSim::Elaborate design
INFO: [USF-XSim-61] Executing 'ELABORATE' step in 'C:/Hung/Viettel/Stage2/ML-KEM/mul_poly/mul_matrix/mul_matrix.sim/sim_1/behav/xsim'
"xelab --incr --debug typical --relax --mt 2 -L xil_defaultlib -L unisims_ver -L unimacro_ver -L secureip --snapshot tb_mul_poly_matrix_behav xil_defaultlib.tb_mul_poly_matrix xil_defaultlib.glbl -log elaborate.log"
Vivado Simulator v2022.2.2
Copyright 1986-1999, 2001-2022 Xilinx, Inc. All Rights Reserved.
Running: C:/Xilinx/Vivado/2022.2/bin/unwrapped/win64.o/xelab.exe --incr --debug typical --relax --mt 2 -L xil_defaultlib -L unisims_ver -L unimacro_ver -L secureip --snapshot tb_mul_poly_matrix_behav xil_defaultlib.tb_mul_poly_matrix xil_defaultlib.glbl -log elaborate.log 
Using 2 slave threads.
Starting static elaboration
Pass Through NonSizing Optimizer
WARNING: [VRFC 10-3091] actual bit length 12 differs from formal bit length 16 for port 'R' [C:/Hung/Viettel/Stage2/ML-KEM/mul_poly/mul_poly.v:78]
WARNING: [VRFC 10-3091] actual bit length 12 differs from formal bit length 16 for port 'R' [C:/Hung/Viettel/Stage2/ML-KEM/mul_poly/mul_poly.v:85]
WARNING: [VRFC 10-3091] actual bit length 12 differs from formal bit length 16 for port 'R' [C:/Hung/Viettel/Stage2/ML-KEM/mul_poly/mul_poly.v:92]
WARNING: [VRFC 10-3091] actual bit length 32 differs from formal bit length 24 for port 'R' [C:/Hung/Viettel/Stage2/ML-KEM/mul_poly/mul_12bit.v:66]
Completed static elaboration
Starting simulation data flow analysis
Completed simulation data flow analysis
Time Resolution for simulation is 1ps
Compiling module xil_defaultlib.Rom_mul
Compiling module xil_defaultlib.barret
Compiling module xil_defaultlib.BoothDecode
Compiling module xil_defaultlib.mul_12bit_default
Compiling module xil_defaultlib.mul_poly
Compiling module xil_defaultlib.mul_poly_matrix_default
Compiling module xil_defaultlib.tb_mul_poly_matrix
Compiling module xil_defaultlib.glbl
Built simulation snapshot tb_mul_poly_matrix_behav
INFO: [USF-XSim-69] 'elaborate' step finished in '2' seconds
Time resolution is 1 ps
=== Start tb_mul_poly_matrix ===
       a (set 1): 1 2 3 4 5 6 7 8 9 10 11 12 13 14 15 16
       b (set 1): 101 102 103 104 105 106 107 108 109 110 111 112 113 114 115 116
zeta1=1409 zeta2=2662 zeta3=3281 zeta4=233  (counter=2)
=== Finished ===
$finish called at time : 540 ns : File "C:/Hung/Viettel/Stage2/ML-KEM/mul_poly/tb_mul_poly_matrix.v" Line 103
relaunch_sim: Time (s): cpu = 00:00:01 ; elapsed = 00:00:05 . Memory (MB): peak = 1323.488 ; gain = 0.000
relaunch_sim
Command: launch_simulation -step compile -simset sim_1 -mode behavioral
INFO: [Vivado 12-12493] Simulation top is 'tb_mul_poly_matrix'
WARNING: [Vivado 12-13340] Unable to auto find GCC executables from simulator install path! (path not set)
WARNING: [Vivado 12-13277] Compiled library path does not exist: ''
INFO: [Vivado 12-5682] Launching behavioral simulation in 'C:/Hung/Viettel/Stage2/ML-KEM/mul_poly/mul_matrix/mul_matrix.sim/sim_1/behav/xsim'
INFO: [SIM-utils-51] Simulation object is 'sim_1'
INFO: [USF-XSim-2] XSim::Compile design
INFO: [USF-XSim-61] Executing 'COMPILE and ANALYZE' step in 'C:/Hung/Viettel/Stage2/ML-KEM/mul_poly/mul_matrix/mul_matrix.sim/sim_1/behav/xsim'
"xvlog --incr --relax -prj tb_mul_poly_matrix_vlog.prj"
INFO: [VRFC 10-2263] Analyzing Verilog file "C:/Hung/Viettel/Stage2/ML-KEM/mul_poly/BoothDecode.v" into library xil_defaultlib
INFO: [VRFC 10-311] analyzing module BoothDecode
INFO: [VRFC 10-2263] Analyzing Verilog file "C:/Hung/Viettel/Stage2/ML-KEM/mul_poly/Rom_mul.v" into library xil_defaultlib
INFO: [VRFC 10-311] analyzing module Rom_mul
INFO: [VRFC 10-2263] Analyzing Verilog file "C:/Hung/Viettel/Stage2/ML-KEM/NTT/barret.v" into library xil_defaultlib
INFO: [VRFC 10-311] analyzing module barret
INFO: [VRFC 10-2263] Analyzing Verilog file "C:/Hung/Viettel/Stage2/ML-KEM/mul_poly/mul_12bit.v" into library xil_defaultlib
INFO: [VRFC 10-311] analyzing module mul_12bit
INFO: [VRFC 10-2263] Analyzing Verilog file "C:/Hung/Viettel/Stage2/ML-KEM/mul_poly/mul_poly.v" into library xil_defaultlib
INFO: [VRFC 10-311] analyzing module mul_poly
INFO: [VRFC 10-2263] Analyzing Verilog file "C:/Hung/Viettel/Stage2/ML-KEM/mul_poly/mul_poly_matrix.v" into library xil_defaultlib
INFO: [VRFC 10-311] analyzing module mul_poly_matrix
INFO: [VRFC 10-2263] Analyzing Verilog file "C:/Hung/Viettel/Stage2/ML-KEM/mul_poly/tb_mul_poly_matrix.v" into library xil_defaultlib
INFO: [VRFC 10-311] analyzing module tb_mul_poly_matrix
INFO: [USF-XSim-69] 'compile' step finished in '1' seconds
Command: launch_simulation -step elaborate -simset sim_1 -mode behavioral
INFO: [Vivado 12-12493] Simulation top is 'tb_mul_poly_matrix'
WARNING: [Vivado 12-13340] Unable to auto find GCC executables from simulator install path! (path not set)
WARNING: [Vivado 12-13277] Compiled library path does not exist: ''
INFO: [Vivado 12-5682] Launching behavioral simulation in 'C:/Hung/Viettel/Stage2/ML-KEM/mul_poly/mul_matrix/mul_matrix.sim/sim_1/behav/xsim'
INFO: [SIM-utils-51] Simulation object is 'sim_1'
INFO: [USF-XSim-3] XSim::Elaborate design
INFO: [USF-XSim-61] Executing 'ELABORATE' step in 'C:/Hung/Viettel/Stage2/ML-KEM/mul_poly/mul_matrix/mul_matrix.sim/sim_1/behav/xsim'
"xelab --incr --debug typical --relax --mt 2 -L xil_defaultlib -L unisims_ver -L unimacro_ver -L secureip --snapshot tb_mul_poly_matrix_behav xil_defaultlib.tb_mul_poly_matrix xil_defaultlib.glbl -log elaborate.log"
Vivado Simulator v2022.2.2
Copyright 1986-1999, 2001-2022 Xilinx, Inc. All Rights Reserved.
Running: C:/Xilinx/Vivado/2022.2/bin/unwrapped/win64.o/xelab.exe --incr --debug typical --relax --mt 2 -L xil_defaultlib -L unisims_ver -L unimacro_ver -L secureip --snapshot tb_mul_poly_matrix_behav xil_defaultlib.tb_mul_poly_matrix xil_defaultlib.glbl -log elaborate.log 
Using 2 slave threads.
Starting static elaboration
Pass Through NonSizing Optimizer
WARNING: [VRFC 10-3091] actual bit length 12 differs from formal bit length 16 for port 'R' [C:/Hung/Viettel/Stage2/ML-KEM/mul_poly/mul_poly.v:78]
WARNING: [VRFC 10-3091] actual bit length 12 differs from formal bit length 16 for port 'R' [C:/Hung/Viettel/Stage2/ML-KEM/mul_poly/mul_poly.v:85]
WARNING: [VRFC 10-3091] actual bit length 12 differs from formal bit length 16 for port 'R' [C:/Hung/Viettel/Stage2/ML-KEM/mul_poly/mul_poly.v:92]
WARNING: [VRFC 10-3091] actual bit length 32 differs from formal bit length 24 for port 'R' [C:/Hung/Viettel/Stage2/ML-KEM/mul_poly/mul_12bit.v:66]
Completed static elaboration
Starting simulation data flow analysis
Completed simulation data flow analysis
Time Resolution for simulation is 1ps
Compiling module xil_defaultlib.Rom_mul
Compiling module xil_defaultlib.barret
Compiling module xil_defaultlib.BoothDecode
Compiling module xil_defaultlib.mul_12bit_default
Compiling module xil_defaultlib.mul_poly
Compiling module xil_defaultlib.mul_poly_matrix_default
Compiling module xil_defaultlib.tb_mul_poly_matrix
Compiling module xil_defaultlib.glbl
Built simulation snapshot tb_mul_poly_matrix_behav
INFO: [USF-XSim-69] 'elaborate' step finished in '2' seconds
Time resolution is 1 ps
=== Start tb_mul_poly_matrix ===
       a (set 1): 16 14 12 10 8 6 4 2 15 13 11 9 7 5 3 1
       b (set 1): 5 6 7 8 9 10 11 12 13 14 15 16 17 18 19 20
zeta1=1409 zeta2=2662 zeta3=3281 zeta4=233  (counter=2)
=== Finished ===
$finish called at time : 540 ns : File "C:/Hung/Viettel/Stage2/ML-KEM/mul_poly/tb_mul_poly_matrix.v" Line 113
relaunch_sim: Time (s): cpu = 00:00:01 ; elapsed = 00:00:05 . Memory (MB): peak = 1324.105 ; gain = 0.000
current_wave_config {tb_mul_12bit_behav.wcfg}
C:/Hung/Viettel/Stage2/ML-KEM/mul_poly/mul_matrix/tb_mul_12bit_behav.wcfg
add_wave {{/tb_mul_poly_matrix/dut/\G[0].u_mul /a0_b0}} {{/tb_mul_poly_matrix/dut/\G[0].u_mul /a1_b1}} {{/tb_mul_poly_matrix/dut/\G[0].u_mul /a1_b0}} {{/tb_mul_poly_matrix/dut/\G[0].u_mul /a0_b1}} {{/tb_mul_poly_matrix/dut/\G[0].u_mul /a1_b1_zetas}} 
relaunch_sim
Command: launch_simulation -step compile -simset sim_1 -mode behavioral
INFO: [Vivado 12-12493] Simulation top is 'tb_mul_poly_matrix'
WARNING: [Vivado 12-13340] Unable to auto find GCC executables from simulator install path! (path not set)
WARNING: [Vivado 12-13277] Compiled library path does not exist: ''
INFO: [Vivado 12-5682] Launching behavioral simulation in 'C:/Hung/Viettel/Stage2/ML-KEM/mul_poly/mul_matrix/mul_matrix.sim/sim_1/behav/xsim'
INFO: [SIM-utils-51] Simulation object is 'sim_1'
INFO: [USF-XSim-2] XSim::Compile design
INFO: [USF-XSim-61] Executing 'COMPILE and ANALYZE' step in 'C:/Hung/Viettel/Stage2/ML-KEM/mul_poly/mul_matrix/mul_matrix.sim/sim_1/behav/xsim'
"xvlog --incr --relax -prj tb_mul_poly_matrix_vlog.prj"
INFO: [USF-XSim-69] 'compile' step finished in '1' seconds
Command: launch_simulation -step elaborate -simset sim_1 -mode behavioral
INFO: [Vivado 12-12493] Simulation top is 'tb_mul_poly_matrix'
WARNING: [Vivado 12-13340] Unable to auto find GCC executables from simulator install path! (path not set)
WARNING: [Vivado 12-13277] Compiled library path does not exist: ''
INFO: [Vivado 12-5682] Launching behavioral simulation in 'C:/Hung/Viettel/Stage2/ML-KEM/mul_poly/mul_matrix/mul_matrix.sim/sim_1/behav/xsim'
INFO: [SIM-utils-51] Simulation object is 'sim_1'
INFO: [USF-XSim-3] XSim::Elaborate design
INFO: [USF-XSim-61] Executing 'ELABORATE' step in 'C:/Hung/Viettel/Stage2/ML-KEM/mul_poly/mul_matrix/mul_matrix.sim/sim_1/behav/xsim'
"xelab --incr --debug typical --relax --mt 2 -L xil_defaultlib -L unisims_ver -L unimacro_ver -L secureip --snapshot tb_mul_poly_matrix_behav xil_defaultlib.tb_mul_poly_matrix xil_defaultlib.glbl -log elaborate.log"
Vivado Simulator v2022.2.2
Copyright 1986-1999, 2001-2022 Xilinx, Inc. All Rights Reserved.
Running: C:/Xilinx/Vivado/2022.2/bin/unwrapped/win64.o/xelab.exe --incr --debug typical --relax --mt 2 -L xil_defaultlib -L unisims_ver -L unimacro_ver -L secureip --snapshot tb_mul_poly_matrix_behav xil_defaultlib.tb_mul_poly_matrix xil_defaultlib.glbl -log elaborate.log 
Using 2 slave threads.
Starting static elaboration
Pass Through NonSizing Optimizer
WARNING: [VRFC 10-3091] actual bit length 12 differs from formal bit length 16 for port 'R' [C:/Hung/Viettel/Stage2/ML-KEM/mul_poly/mul_poly.v:78]
WARNING: [VRFC 10-3091] actual bit length 12 differs from formal bit length 16 for port 'R' [C:/Hung/Viettel/Stage2/ML-KEM/mul_poly/mul_poly.v:85]
WARNING: [VRFC 10-3091] actual bit length 12 differs from formal bit length 16 for port 'R' [C:/Hung/Viettel/Stage2/ML-KEM/mul_poly/mul_poly.v:92]
WARNING: [VRFC 10-3091] actual bit length 32 differs from formal bit length 24 for port 'R' [C:/Hung/Viettel/Stage2/ML-KEM/mul_poly/mul_12bit.v:66]
Completed static elaboration
INFO: [XSIM 43-4323] No Change in HDL. Linking previously generated obj files to create kernel
INFO: [USF-XSim-69] 'elaborate' step finished in '2' seconds
Time resolution is 1 ps
=== Start tb_mul_poly_matrix ===
       a (set 1): 16 14 12 10 8 6 4 2 15 13 11 9 7 5 3 1
       b (set 1): 5 6 7 8 9 10 11 12 13 14 15 16 17 18 19 20
zeta1=1409 zeta2=2662 zeta3=3281 zeta4=233  (counter=2)
=== Finished ===
$finish called at time : 540 ns : File "C:/Hung/Viettel/Stage2/ML-KEM/mul_poly/tb_mul_poly_matrix.v" Line 113
save_wave_config {C:/Hung/Viettel/Stage2/ML-KEM/mul_poly/mul_matrix/tb_mul_12bit_behav.wcfg}
current_wave_config {tb_mul_12bit_behav.wcfg}
C:/Hung/Viettel/Stage2/ML-KEM/mul_poly/mul_matrix/tb_mul_12bit_behav.wcfg
add_wave {{/tb_mul_poly_matrix/dut/\G[0].u_mul /obarret1}} {{/tb_mul_poly_matrix/dut/\G[0].u_mul /obarret2}} {{/tb_mul_poly_matrix/dut/\G[0].u_mul /obarret3}} 
relaunch_sim
Command: launch_simulation -step compile -simset sim_1 -mode behavioral
INFO: [Vivado 12-12493] Simulation top is 'tb_mul_poly_matrix'
WARNING: [Vivado 12-13340] Unable to auto find GCC executables from simulator install path! (path not set)
WARNING: [Vivado 12-13277] Compiled library path does not exist: ''
INFO: [Vivado 12-5682] Launching behavioral simulation in 'C:/Hung/Viettel/Stage2/ML-KEM/mul_poly/mul_matrix/mul_matrix.sim/sim_1/behav/xsim'
INFO: [SIM-utils-51] Simulation object is 'sim_1'
INFO: [USF-XSim-2] XSim::Compile design
INFO: [USF-XSim-61] Executing 'COMPILE and ANALYZE' step in 'C:/Hung/Viettel/Stage2/ML-KEM/mul_poly/mul_matrix/mul_matrix.sim/sim_1/behav/xsim'
"xvlog --incr --relax -prj tb_mul_poly_matrix_vlog.prj"
INFO: [USF-XSim-69] 'compile' step finished in '1' seconds
Command: launch_simulation -step elaborate -simset sim_1 -mode behavioral
INFO: [Vivado 12-12493] Simulation top is 'tb_mul_poly_matrix'
WARNING: [Vivado 12-13340] Unable to auto find GCC executables from simulator install path! (path not set)
WARNING: [Vivado 12-13277] Compiled library path does not exist: ''
INFO: [Vivado 12-5682] Launching behavioral simulation in 'C:/Hung/Viettel/Stage2/ML-KEM/mul_poly/mul_matrix/mul_matrix.sim/sim_1/behav/xsim'
INFO: [SIM-utils-51] Simulation object is 'sim_1'
INFO: [USF-XSim-3] XSim::Elaborate design
INFO: [USF-XSim-61] Executing 'ELABORATE' step in 'C:/Hung/Viettel/Stage2/ML-KEM/mul_poly/mul_matrix/mul_matrix.sim/sim_1/behav/xsim'
"xelab --incr --debug typical --relax --mt 2 -L xil_defaultlib -L unisims_ver -L unimacro_ver -L secureip --snapshot tb_mul_poly_matrix_behav xil_defaultlib.tb_mul_poly_matrix xil_defaultlib.glbl -log elaborate.log"
Vivado Simulator v2022.2.2
Copyright 1986-1999, 2001-2022 Xilinx, Inc. All Rights Reserved.
Running: C:/Xilinx/Vivado/2022.2/bin/unwrapped/win64.o/xelab.exe --incr --debug typical --relax --mt 2 -L xil_defaultlib -L unisims_ver -L unimacro_ver -L secureip --snapshot tb_mul_poly_matrix_behav xil_defaultlib.tb_mul_poly_matrix xil_defaultlib.glbl -log elaborate.log 
Using 2 slave threads.
Starting static elaboration
Pass Through NonSizing Optimizer
WARNING: [VRFC 10-3091] actual bit length 12 differs from formal bit length 16 for port 'R' [C:/Hung/Viettel/Stage2/ML-KEM/mul_poly/mul_poly.v:78]
WARNING: [VRFC 10-3091] actual bit length 12 differs from formal bit length 16 for port 'R' [C:/Hung/Viettel/Stage2/ML-KEM/mul_poly/mul_poly.v:85]
WARNING: [VRFC 10-3091] actual bit length 12 differs from formal bit length 16 for port 'R' [C:/Hung/Viettel/Stage2/ML-KEM/mul_poly/mul_poly.v:92]
WARNING: [VRFC 10-3091] actual bit length 32 differs from formal bit length 24 for port 'R' [C:/Hung/Viettel/Stage2/ML-KEM/mul_poly/mul_12bit.v:66]
Completed static elaboration
INFO: [XSIM 43-4323] No Change in HDL. Linking previously generated obj files to create kernel
INFO: [USF-XSim-69] 'elaborate' step finished in '2' seconds
Time resolution is 1 ps
=== Start tb_mul_poly_matrix ===
       a (set 1): 16 14 12 10 8 6 4 2 15 13 11 9 7 5 3 1
       b (set 1): 5 6 7 8 9 10 11 12 13 14 15 16 17 18 19 20
zeta1=1409 zeta2=2662 zeta3=3281 zeta4=233  (counter=2)
=== Finished ===
$finish called at time : 540 ns : File "C:/Hung/Viettel/Stage2/ML-KEM/mul_poly/tb_mul_poly_matrix.v" Line 113
save_wave_config {C:/Hung/Viettel/Stage2/ML-KEM/mul_poly/mul_matrix/tb_mul_12bit_behav.wcfg}
current_wave_config {tb_mul_12bit_behav.wcfg}
C:/Hung/Viettel/Stage2/ML-KEM/mul_poly/mul_matrix/tb_mul_12bit_behav.wcfg
add_wave {{/tb_mul_poly_matrix/dut/\G[0].u_mul /mul_inst4/A}} {{/tb_mul_poly_matrix/dut/\G[0].u_mul /mul_inst4/B}} {{/tb_mul_poly_matrix/dut/\G[0].u_mul /mul_inst4/R}} 
save_wave_config {C:/Hung/Viettel/Stage2/ML-KEM/mul_poly/mul_matrix/tb_mul_12bit_behav.wcfg}
relaunch_sim
Command: launch_simulation -step compile -simset sim_1 -mode behavioral
INFO: [Vivado 12-12493] Simulation top is 'tb_mul_poly_matrix'
WARNING: [Vivado 12-13340] Unable to auto find GCC executables from simulator install path! (path not set)
WARNING: [Vivado 12-13277] Compiled library path does not exist: ''
INFO: [Vivado 12-5682] Launching behavioral simulation in 'C:/Hung/Viettel/Stage2/ML-KEM/mul_poly/mul_matrix/mul_matrix.sim/sim_1/behav/xsim'
INFO: [SIM-utils-51] Simulation object is 'sim_1'
INFO: [USF-XSim-2] XSim::Compile design
INFO: [USF-XSim-61] Executing 'COMPILE and ANALYZE' step in 'C:/Hung/Viettel/Stage2/ML-KEM/mul_poly/mul_matrix/mul_matrix.sim/sim_1/behav/xsim'
"xvlog --incr --relax -prj tb_mul_poly_matrix_vlog.prj"
INFO: [USF-XSim-69] 'compile' step finished in '1' seconds
Command: launch_simulation -step elaborate -simset sim_1 -mode behavioral
INFO: [Vivado 12-12493] Simulation top is 'tb_mul_poly_matrix'
WARNING: [Vivado 12-13340] Unable to auto find GCC executables from simulator install path! (path not set)
WARNING: [Vivado 12-13277] Compiled library path does not exist: ''
INFO: [Vivado 12-5682] Launching behavioral simulation in 'C:/Hung/Viettel/Stage2/ML-KEM/mul_poly/mul_matrix/mul_matrix.sim/sim_1/behav/xsim'
INFO: [SIM-utils-51] Simulation object is 'sim_1'
INFO: [USF-XSim-3] XSim::Elaborate design
INFO: [USF-XSim-61] Executing 'ELABORATE' step in 'C:/Hung/Viettel/Stage2/ML-KEM/mul_poly/mul_matrix/mul_matrix.sim/sim_1/behav/xsim'
"xelab --incr --debug typical --relax --mt 2 -L xil_defaultlib -L unisims_ver -L unimacro_ver -L secureip --snapshot tb_mul_poly_matrix_behav xil_defaultlib.tb_mul_poly_matrix xil_defaultlib.glbl -log elaborate.log"
Vivado Simulator v2022.2.2
Copyright 1986-1999, 2001-2022 Xilinx, Inc. All Rights Reserved.
Running: C:/Xilinx/Vivado/2022.2/bin/unwrapped/win64.o/xelab.exe --incr --debug typical --relax --mt 2 -L xil_defaultlib -L unisims_ver -L unimacro_ver -L secureip --snapshot tb_mul_poly_matrix_behav xil_defaultlib.tb_mul_poly_matrix xil_defaultlib.glbl -log elaborate.log 
Using 2 slave threads.
Starting static elaboration
Pass Through NonSizing Optimizer
WARNING: [VRFC 10-3091] actual bit length 12 differs from formal bit length 16 for port 'R' [C:/Hung/Viettel/Stage2/ML-KEM/mul_poly/mul_poly.v:78]
WARNING: [VRFC 10-3091] actual bit length 12 differs from formal bit length 16 for port 'R' [C:/Hung/Viettel/Stage2/ML-KEM/mul_poly/mul_poly.v:85]
WARNING: [VRFC 10-3091] actual bit length 12 differs from formal bit length 16 for port 'R' [C:/Hung/Viettel/Stage2/ML-KEM/mul_poly/mul_poly.v:92]
WARNING: [VRFC 10-3091] actual bit length 32 differs from formal bit length 24 for port 'R' [C:/Hung/Viettel/Stage2/ML-KEM/mul_poly/mul_12bit.v:66]
Completed static elaboration
INFO: [XSIM 43-4323] No Change in HDL. Linking previously generated obj files to create kernel
INFO: [USF-XSim-69] 'elaborate' step finished in '1' seconds
Time resolution is 1 ps
=== Start tb_mul_poly_matrix ===
       a (set 1): 16 14 12 10 8 6 4 2 15 13 11 9 7 5 3 1
       b (set 1): 5 6 7 8 9 10 11 12 13 14 15 16 17 18 19 20
zeta1=1409 zeta2=2662 zeta3=3281 zeta4=233  (counter=2)
=== Finished ===
$finish called at time : 540 ns : File "C:/Hung/Viettel/Stage2/ML-KEM/mul_poly/tb_mul_poly_matrix.v" Line 113
relaunch_sim
Command: launch_simulation -step compile -simset sim_1 -mode behavioral
INFO: [Vivado 12-12493] Simulation top is 'tb_mul_poly_matrix'
WARNING: [Vivado 12-13340] Unable to auto find GCC executables from simulator install path! (path not set)
WARNING: [Vivado 12-13277] Compiled library path does not exist: ''
INFO: [Vivado 12-5682] Launching behavioral simulation in 'C:/Hung/Viettel/Stage2/ML-KEM/mul_poly/mul_matrix/mul_matrix.sim/sim_1/behav/xsim'
INFO: [SIM-utils-51] Simulation object is 'sim_1'
INFO: [USF-XSim-2] XSim::Compile design
INFO: [USF-XSim-61] Executing 'COMPILE and ANALYZE' step in 'C:/Hung/Viettel/Stage2/ML-KEM/mul_poly/mul_matrix/mul_matrix.sim/sim_1/behav/xsim'
"xvlog --incr --relax -prj tb_mul_poly_matrix_vlog.prj"
INFO: [VRFC 10-2263] Analyzing Verilog file "C:/Hung/Viettel/Stage2/ML-KEM/mul_poly/BoothDecode.v" into library xil_defaultlib
INFO: [VRFC 10-311] analyzing module BoothDecode
INFO: [VRFC 10-2263] Analyzing Verilog file "C:/Hung/Viettel/Stage2/ML-KEM/mul_poly/Rom_mul.v" into library xil_defaultlib
INFO: [VRFC 10-311] analyzing module Rom_mul
INFO: [VRFC 10-2263] Analyzing Verilog file "C:/Hung/Viettel/Stage2/ML-KEM/NTT/barret.v" into library xil_defaultlib
INFO: [VRFC 10-311] analyzing module barret
INFO: [VRFC 10-2263] Analyzing Verilog file "C:/Hung/Viettel/Stage2/ML-KEM/mul_poly/mul_12bit.v" into library xil_defaultlib
INFO: [VRFC 10-311] analyzing module mul_12bit
INFO: [VRFC 10-2263] Analyzing Verilog file "C:/Hung/Viettel/Stage2/ML-KEM/mul_poly/mul_poly.v" into library xil_defaultlib
INFO: [VRFC 10-311] analyzing module mul_poly
INFO: [VRFC 10-2263] Analyzing Verilog file "C:/Hung/Viettel/Stage2/ML-KEM/mul_poly/mul_poly_matrix.v" into library xil_defaultlib
INFO: [VRFC 10-311] analyzing module mul_poly_matrix
INFO: [VRFC 10-2263] Analyzing Verilog file "C:/Hung/Viettel/Stage2/ML-KEM/mul_poly/tb_mul_poly_matrix.v" into library xil_defaultlib
INFO: [VRFC 10-311] analyzing module tb_mul_poly_matrix
INFO: [USF-XSim-69] 'compile' step finished in '1' seconds
Command: launch_simulation -step elaborate -simset sim_1 -mode behavioral
INFO: [Vivado 12-12493] Simulation top is 'tb_mul_poly_matrix'
WARNING: [Vivado 12-13340] Unable to auto find GCC executables from simulator install path! (path not set)
WARNING: [Vivado 12-13277] Compiled library path does not exist: ''
INFO: [Vivado 12-5682] Launching behavioral simulation in 'C:/Hung/Viettel/Stage2/ML-KEM/mul_poly/mul_matrix/mul_matrix.sim/sim_1/behav/xsim'
INFO: [SIM-utils-51] Simulation object is 'sim_1'
INFO: [USF-XSim-3] XSim::Elaborate design
INFO: [USF-XSim-61] Executing 'ELABORATE' step in 'C:/Hung/Viettel/Stage2/ML-KEM/mul_poly/mul_matrix/mul_matrix.sim/sim_1/behav/xsim'
"xelab --incr --debug typical --relax --mt 2 -L xil_defaultlib -L unisims_ver -L unimacro_ver -L secureip --snapshot tb_mul_poly_matrix_behav xil_defaultlib.tb_mul_poly_matrix xil_defaultlib.glbl -log elaborate.log"
Vivado Simulator v2022.2.2
Copyright 1986-1999, 2001-2022 Xilinx, Inc. All Rights Reserved.
Running: C:/Xilinx/Vivado/2022.2/bin/unwrapped/win64.o/xelab.exe --incr --debug typical --relax --mt 2 -L xil_defaultlib -L unisims_ver -L unimacro_ver -L secureip --snapshot tb_mul_poly_matrix_behav xil_defaultlib.tb_mul_poly_matrix xil_defaultlib.glbl -log elaborate.log 
Using 2 slave threads.
Starting static elaboration
Pass Through NonSizing Optimizer
WARNING: [VRFC 10-3091] actual bit length 12 differs from formal bit length 16 for port 'R' [C:/Hung/Viettel/Stage2/ML-KEM/mul_poly/mul_poly.v:78]
WARNING: [VRFC 10-3091] actual bit length 12 differs from formal bit length 16 for port 'R' [C:/Hung/Viettel/Stage2/ML-KEM/mul_poly/mul_poly.v:85]
WARNING: [VRFC 10-3091] actual bit length 12 differs from formal bit length 16 for port 'R' [C:/Hung/Viettel/Stage2/ML-KEM/mul_poly/mul_poly.v:92]
WARNING: [VRFC 10-3091] actual bit length 32 differs from formal bit length 24 for port 'R' [C:/Hung/Viettel/Stage2/ML-KEM/mul_poly/mul_12bit.v:66]
Completed static elaboration
Starting simulation data flow analysis
Completed simulation data flow analysis
Time Resolution for simulation is 1ps
Compiling module xil_defaultlib.Rom_mul
Compiling module xil_defaultlib.barret
Compiling module xil_defaultlib.BoothDecode
Compiling module xil_defaultlib.mul_12bit_default
Compiling module xil_defaultlib.mul_poly
Compiling module xil_defaultlib.mul_poly_matrix_default
Compiling module xil_defaultlib.tb_mul_poly_matrix
Compiling module xil_defaultlib.glbl
Built simulation snapshot tb_mul_poly_matrix_behav
INFO: [USF-XSim-69] 'elaborate' step finished in '2' seconds
Time resolution is 1 ps
=== Start tb_mul_poly_matrix ===
       a (set 1): 16 14 12 10 8 6 4 2 15 13 11 9 7 5 3 1
       b (set 1): 5 6 7 8 9 10 11 12 13 14 15 16 17 18 19 20
zeta1=1409 zeta2=2662 zeta3=3281 zeta4=233  (counter=2)
=== Finished ===
$finish called at time : 540 ns : File "C:/Hung/Viettel/Stage2/ML-KEM/mul_poly/tb_mul_poly_matrix.v" Line 113
relaunch_sim: Time (s): cpu = 00:00:01 ; elapsed = 00:00:06 . Memory (MB): peak = 1327.766 ; gain = 0.043
relaunch_sim
Command: launch_simulation -step compile -simset sim_1 -mode behavioral
INFO: [Vivado 12-12493] Simulation top is 'tb_mul_poly_matrix'
WARNING: [Vivado 12-13340] Unable to auto find GCC executables from simulator install path! (path not set)
WARNING: [Vivado 12-13277] Compiled library path does not exist: ''
INFO: [Vivado 12-5682] Launching behavioral simulation in 'C:/Hung/Viettel/Stage2/ML-KEM/mul_poly/mul_matrix/mul_matrix.sim/sim_1/behav/xsim'
INFO: [SIM-utils-51] Simulation object is 'sim_1'
INFO: [USF-XSim-2] XSim::Compile design
INFO: [USF-XSim-61] Executing 'COMPILE and ANALYZE' step in 'C:/Hung/Viettel/Stage2/ML-KEM/mul_poly/mul_matrix/mul_matrix.sim/sim_1/behav/xsim'
"xvlog --incr --relax -prj tb_mul_poly_matrix_vlog.prj"
INFO: [VRFC 10-2263] Analyzing Verilog file "C:/Hung/Viettel/Stage2/ML-KEM/mul_poly/BoothDecode.v" into library xil_defaultlib
INFO: [VRFC 10-311] analyzing module BoothDecode
INFO: [VRFC 10-2263] Analyzing Verilog file "C:/Hung/Viettel/Stage2/ML-KEM/mul_poly/Rom_mul.v" into library xil_defaultlib
INFO: [VRFC 10-311] analyzing module Rom_mul
INFO: [VRFC 10-2263] Analyzing Verilog file "C:/Hung/Viettel/Stage2/ML-KEM/NTT/barret.v" into library xil_defaultlib
INFO: [VRFC 10-311] analyzing module barret
INFO: [VRFC 10-2263] Analyzing Verilog file "C:/Hung/Viettel/Stage2/ML-KEM/mul_poly/mul_12bit.v" into library xil_defaultlib
INFO: [VRFC 10-311] analyzing module mul_12bit
INFO: [VRFC 10-2263] Analyzing Verilog file "C:/Hung/Viettel/Stage2/ML-KEM/mul_poly/mul_poly.v" into library xil_defaultlib
INFO: [VRFC 10-311] analyzing module mul_poly
INFO: [VRFC 10-2263] Analyzing Verilog file "C:/Hung/Viettel/Stage2/ML-KEM/mul_poly/mul_poly_matrix.v" into library xil_defaultlib
INFO: [VRFC 10-311] analyzing module mul_poly_matrix
INFO: [VRFC 10-2263] Analyzing Verilog file "C:/Hung/Viettel/Stage2/ML-KEM/mul_poly/tb_mul_poly_matrix.v" into library xil_defaultlib
INFO: [VRFC 10-311] analyzing module tb_mul_poly_matrix
INFO: [USF-XSim-69] 'compile' step finished in '1' seconds
Command: launch_simulation -step elaborate -simset sim_1 -mode behavioral
INFO: [Vivado 12-12493] Simulation top is 'tb_mul_poly_matrix'
WARNING: [Vivado 12-13340] Unable to auto find GCC executables from simulator install path! (path not set)
WARNING: [Vivado 12-13277] Compiled library path does not exist: ''
INFO: [Vivado 12-5682] Launching behavioral simulation in 'C:/Hung/Viettel/Stage2/ML-KEM/mul_poly/mul_matrix/mul_matrix.sim/sim_1/behav/xsim'
INFO: [SIM-utils-51] Simulation object is 'sim_1'
INFO: [USF-XSim-3] XSim::Elaborate design
INFO: [USF-XSim-61] Executing 'ELABORATE' step in 'C:/Hung/Viettel/Stage2/ML-KEM/mul_poly/mul_matrix/mul_matrix.sim/sim_1/behav/xsim'
"xelab --incr --debug typical --relax --mt 2 -L xil_defaultlib -L unisims_ver -L unimacro_ver -L secureip --snapshot tb_mul_poly_matrix_behav xil_defaultlib.tb_mul_poly_matrix xil_defaultlib.glbl -log elaborate.log"
Vivado Simulator v2022.2.2
Copyright 1986-1999, 2001-2022 Xilinx, Inc. All Rights Reserved.
Running: C:/Xilinx/Vivado/2022.2/bin/unwrapped/win64.o/xelab.exe --incr --debug typical --relax --mt 2 -L xil_defaultlib -L unisims_ver -L unimacro_ver -L secureip --snapshot tb_mul_poly_matrix_behav xil_defaultlib.tb_mul_poly_matrix xil_defaultlib.glbl -log elaborate.log 
Using 2 slave threads.
Starting static elaboration
Pass Through NonSizing Optimizer
WARNING: [VRFC 10-3091] actual bit length 12 differs from formal bit length 16 for port 'R' [C:/Hung/Viettel/Stage2/ML-KEM/mul_poly/mul_poly.v:77]
WARNING: [VRFC 10-3091] actual bit length 12 differs from formal bit length 16 for port 'R' [C:/Hung/Viettel/Stage2/ML-KEM/mul_poly/mul_poly.v:84]
WARNING: [VRFC 10-3091] actual bit length 12 differs from formal bit length 16 for port 'R' [C:/Hung/Viettel/Stage2/ML-KEM/mul_poly/mul_poly.v:91]
WARNING: [VRFC 10-3091] actual bit length 32 differs from formal bit length 24 for port 'R' [C:/Hung/Viettel/Stage2/ML-KEM/mul_poly/mul_12bit.v:66]
Completed static elaboration
Starting simulation data flow analysis
Completed simulation data flow analysis
Time Resolution for simulation is 1ps
Compiling module xil_defaultlib.Rom_mul
Compiling module xil_defaultlib.barret
Compiling module xil_defaultlib.BoothDecode
Compiling module xil_defaultlib.mul_12bit_default
Compiling module xil_defaultlib.mul_poly
Compiling module xil_defaultlib.mul_poly_matrix_default
Compiling module xil_defaultlib.tb_mul_poly_matrix
Compiling module xil_defaultlib.glbl
Built simulation snapshot tb_mul_poly_matrix_behav
INFO: [USF-XSim-69] 'elaborate' step finished in '3' seconds
Time resolution is 1 ps
=== Start tb_mul_poly_matrix ===
       a (set 1): 16 14 12 10 8 6 4 2 15 13 11 9 7 5 3 1
       b (set 1): 5 6 7 8 9 10 11 12 13 14 15 16 17 18 19 20
zeta1=1409 zeta2=2662 zeta3=3281 zeta4=233  (counter=2)
=== Finished ===
$finish called at time : 540 ns : File "C:/Hung/Viettel/Stage2/ML-KEM/mul_poly/tb_mul_poly_matrix.v" Line 113
relaunch_sim: Time (s): cpu = 00:00:01 ; elapsed = 00:00:06 . Memory (MB): peak = 1327.781 ; gain = 0.000
save_wave_config {C:/Hung/Viettel/Stage2/ML-KEM/mul_poly/mul_matrix/tb_mul_12bit_behav.wcfg}
relaunch_sim
Command: launch_simulation -step compile -simset sim_1 -mode behavioral
INFO: [Vivado 12-12493] Simulation top is 'tb_mul_poly_matrix'
WARNING: [Vivado 12-13340] Unable to auto find GCC executables from simulator install path! (path not set)
WARNING: [Vivado 12-13277] Compiled library path does not exist: ''
INFO: [Vivado 12-5682] Launching behavioral simulation in 'C:/Hung/Viettel/Stage2/ML-KEM/mul_poly/mul_matrix/mul_matrix.sim/sim_1/behav/xsim'
INFO: [SIM-utils-51] Simulation object is 'sim_1'
INFO: [USF-XSim-2] XSim::Compile design
INFO: [USF-XSim-61] Executing 'COMPILE and ANALYZE' step in 'C:/Hung/Viettel/Stage2/ML-KEM/mul_poly/mul_matrix/mul_matrix.sim/sim_1/behav/xsim'
"xvlog --incr --relax -prj tb_mul_poly_matrix_vlog.prj"
INFO: [VRFC 10-2263] Analyzing Verilog file "C:/Hung/Viettel/Stage2/ML-KEM/mul_poly/BoothDecode.v" into library xil_defaultlib
INFO: [VRFC 10-311] analyzing module BoothDecode
INFO: [VRFC 10-2263] Analyzing Verilog file "C:/Hung/Viettel/Stage2/ML-KEM/mul_poly/Rom_mul.v" into library xil_defaultlib
INFO: [VRFC 10-311] analyzing module Rom_mul
INFO: [VRFC 10-2263] Analyzing Verilog file "C:/Hung/Viettel/Stage2/ML-KEM/NTT/barret.v" into library xil_defaultlib
INFO: [VRFC 10-311] analyzing module barret
INFO: [VRFC 10-2263] Analyzing Verilog file "C:/Hung/Viettel/Stage2/ML-KEM/mul_poly/mul_12bit.v" into library xil_defaultlib
INFO: [VRFC 10-311] analyzing module mul_12bit
INFO: [VRFC 10-2263] Analyzing Verilog file "C:/Hung/Viettel/Stage2/ML-KEM/mul_poly/mul_poly.v" into library xil_defaultlib
INFO: [VRFC 10-311] analyzing module mul_poly
INFO: [VRFC 10-2263] Analyzing Verilog file "C:/Hung/Viettel/Stage2/ML-KEM/mul_poly/mul_poly_matrix.v" into library xil_defaultlib
INFO: [VRFC 10-311] analyzing module mul_poly_matrix
INFO: [VRFC 10-2263] Analyzing Verilog file "C:/Hung/Viettel/Stage2/ML-KEM/mul_poly/tb_mul_poly_matrix.v" into library xil_defaultlib
INFO: [VRFC 10-311] analyzing module tb_mul_poly_matrix
INFO: [USF-XSim-69] 'compile' step finished in '1' seconds
Command: launch_simulation -step elaborate -simset sim_1 -mode behavioral
INFO: [Vivado 12-12493] Simulation top is 'tb_mul_poly_matrix'
WARNING: [Vivado 12-13340] Unable to auto find GCC executables from simulator install path! (path not set)
WARNING: [Vivado 12-13277] Compiled library path does not exist: ''
INFO: [Vivado 12-5682] Launching behavioral simulation in 'C:/Hung/Viettel/Stage2/ML-KEM/mul_poly/mul_matrix/mul_matrix.sim/sim_1/behav/xsim'
INFO: [SIM-utils-51] Simulation object is 'sim_1'
INFO: [USF-XSim-3] XSim::Elaborate design
INFO: [USF-XSim-61] Executing 'ELABORATE' step in 'C:/Hung/Viettel/Stage2/ML-KEM/mul_poly/mul_matrix/mul_matrix.sim/sim_1/behav/xsim'
"xelab --incr --debug typical --relax --mt 2 -L xil_defaultlib -L unisims_ver -L unimacro_ver -L secureip --snapshot tb_mul_poly_matrix_behav xil_defaultlib.tb_mul_poly_matrix xil_defaultlib.glbl -log elaborate.log"
Vivado Simulator v2022.2.2
Copyright 1986-1999, 2001-2022 Xilinx, Inc. All Rights Reserved.
Running: C:/Xilinx/Vivado/2022.2/bin/unwrapped/win64.o/xelab.exe --incr --debug typical --relax --mt 2 -L xil_defaultlib -L unisims_ver -L unimacro_ver -L secureip --snapshot tb_mul_poly_matrix_behav xil_defaultlib.tb_mul_poly_matrix xil_defaultlib.glbl -log elaborate.log 
Using 2 slave threads.
Starting static elaboration
Pass Through NonSizing Optimizer
WARNING: [VRFC 10-3091] actual bit length 12 differs from formal bit length 16 for port 'R' [C:/Hung/Viettel/Stage2/ML-KEM/mul_poly/mul_poly.v:77]
WARNING: [VRFC 10-3091] actual bit length 12 differs from formal bit length 16 for port 'R' [C:/Hung/Viettel/Stage2/ML-KEM/mul_poly/mul_poly.v:84]
WARNING: [VRFC 10-3091] actual bit length 12 differs from formal bit length 16 for port 'R' [C:/Hung/Viettel/Stage2/ML-KEM/mul_poly/mul_poly.v:91]
WARNING: [VRFC 10-3091] actual bit length 32 differs from formal bit length 24 for port 'R' [C:/Hung/Viettel/Stage2/ML-KEM/mul_poly/mul_12bit.v:66]
WARNING: [VRFC 10-3705] select index 39 into 'regx' is out of bounds [C:/Hung/Viettel/Stage2/ML-KEM/mul_poly/mul_poly.v:58]
WARNING: [VRFC 10-3705] select index 39 into 'regx' is out of bounds [C:/Hung/Viettel/Stage2/ML-KEM/mul_poly/mul_poly.v:59]
Completed static elaboration
Starting simulation data flow analysis
Completed simulation data flow analysis
Time Resolution for simulation is 1ps
Compiling module xil_defaultlib.Rom_mul
Compiling module xil_defaultlib.barret
Compiling module xil_defaultlib.BoothDecode
Compiling module xil_defaultlib.mul_12bit_default
Compiling module xil_defaultlib.mul_poly
Compiling module xil_defaultlib.mul_poly_matrix_default
Compiling module xil_defaultlib.tb_mul_poly_matrix
Compiling module xil_defaultlib.glbl
Built simulation snapshot tb_mul_poly_matrix_behav
INFO: [USF-XSim-69] 'elaborate' step finished in '3' seconds
Time resolution is 1 ps
=== Start tb_mul_poly_matrix ===
       a (set 1): 16 14 12 10 8 6 4 2 15 13 11 9 7 5 3 1
       b (set 1): 5 6 7 8 9 10 11 12 13 14 15 16 17 18 19 20
zeta1=1409 zeta2=2662 zeta3=3281 zeta4=233  (counter=2)
=== Finished ===
$finish called at time : 540 ns : File "C:/Hung/Viettel/Stage2/ML-KEM/mul_poly/tb_mul_poly_matrix.v" Line 113
relaunch_sim: Time (s): cpu = 00:00:01 ; elapsed = 00:00:07 . Memory (MB): peak = 1328.109 ; gain = 0.270
current_wave_config {tb_mul_12bit_behav.wcfg}
C:/Hung/Viettel/Stage2/ML-KEM/mul_poly/mul_matrix/tb_mul_12bit_behav.wcfg
add_wave {{/tb_mul_poly_matrix/dut/\G[0].u_mul /regx}} 
relaunch_sim
Command: launch_simulation -step compile -simset sim_1 -mode behavioral
INFO: [Vivado 12-12493] Simulation top is 'tb_mul_poly_matrix'
WARNING: [Vivado 12-13340] Unable to auto find GCC executables from simulator install path! (path not set)
WARNING: [Vivado 12-13277] Compiled library path does not exist: ''
INFO: [Vivado 12-5682] Launching behavioral simulation in 'C:/Hung/Viettel/Stage2/ML-KEM/mul_poly/mul_matrix/mul_matrix.sim/sim_1/behav/xsim'
INFO: [SIM-utils-51] Simulation object is 'sim_1'
INFO: [USF-XSim-2] XSim::Compile design
INFO: [USF-XSim-61] Executing 'COMPILE and ANALYZE' step in 'C:/Hung/Viettel/Stage2/ML-KEM/mul_poly/mul_matrix/mul_matrix.sim/sim_1/behav/xsim'
"xvlog --incr --relax -prj tb_mul_poly_matrix_vlog.prj"
INFO: [VRFC 10-2263] Analyzing Verilog file "C:/Hung/Viettel/Stage2/ML-KEM/mul_poly/BoothDecode.v" into library xil_defaultlib
INFO: [VRFC 10-311] analyzing module BoothDecode
INFO: [VRFC 10-2263] Analyzing Verilog file "C:/Hung/Viettel/Stage2/ML-KEM/mul_poly/Rom_mul.v" into library xil_defaultlib
INFO: [VRFC 10-311] analyzing module Rom_mul
INFO: [VRFC 10-2263] Analyzing Verilog file "C:/Hung/Viettel/Stage2/ML-KEM/NTT/barret.v" into library xil_defaultlib
INFO: [VRFC 10-311] analyzing module barret
INFO: [VRFC 10-2263] Analyzing Verilog file "C:/Hung/Viettel/Stage2/ML-KEM/mul_poly/mul_12bit.v" into library xil_defaultlib
INFO: [VRFC 10-311] analyzing module mul_12bit
INFO: [VRFC 10-2263] Analyzing Verilog file "C:/Hung/Viettel/Stage2/ML-KEM/mul_poly/mul_poly.v" into library xil_defaultlib
INFO: [VRFC 10-311] analyzing module mul_poly
INFO: [VRFC 10-2263] Analyzing Verilog file "C:/Hung/Viettel/Stage2/ML-KEM/mul_poly/mul_poly_matrix.v" into library xil_defaultlib
INFO: [VRFC 10-311] analyzing module mul_poly_matrix
INFO: [VRFC 10-2263] Analyzing Verilog file "C:/Hung/Viettel/Stage2/ML-KEM/mul_poly/tb_mul_poly_matrix.v" into library xil_defaultlib
INFO: [VRFC 10-311] analyzing module tb_mul_poly_matrix
INFO: [USF-XSim-69] 'compile' step finished in '2' seconds
Command: launch_simulation -step elaborate -simset sim_1 -mode behavioral
INFO: [Vivado 12-12493] Simulation top is 'tb_mul_poly_matrix'
WARNING: [Vivado 12-13340] Unable to auto find GCC executables from simulator install path! (path not set)
WARNING: [Vivado 12-13277] Compiled library path does not exist: ''
INFO: [Vivado 12-5682] Launching behavioral simulation in 'C:/Hung/Viettel/Stage2/ML-KEM/mul_poly/mul_matrix/mul_matrix.sim/sim_1/behav/xsim'
INFO: [SIM-utils-51] Simulation object is 'sim_1'
INFO: [USF-XSim-3] XSim::Elaborate design
INFO: [USF-XSim-61] Executing 'ELABORATE' step in 'C:/Hung/Viettel/Stage2/ML-KEM/mul_poly/mul_matrix/mul_matrix.sim/sim_1/behav/xsim'
"xelab --incr --debug typical --relax --mt 2 -L xil_defaultlib -L unisims_ver -L unimacro_ver -L secureip --snapshot tb_mul_poly_matrix_behav xil_defaultlib.tb_mul_poly_matrix xil_defaultlib.glbl -log elaborate.log"
Vivado Simulator v2022.2.2
Copyright 1986-1999, 2001-2022 Xilinx, Inc. All Rights Reserved.
Running: C:/Xilinx/Vivado/2022.2/bin/unwrapped/win64.o/xelab.exe --incr --debug typical --relax --mt 2 -L xil_defaultlib -L unisims_ver -L unimacro_ver -L secureip --snapshot tb_mul_poly_matrix_behav xil_defaultlib.tb_mul_poly_matrix xil_defaultlib.glbl -log elaborate.log 
Using 2 slave threads.
Starting static elaboration
Pass Through NonSizing Optimizer
WARNING: [VRFC 10-3091] actual bit length 12 differs from formal bit length 16 for port 'R' [C:/Hung/Viettel/Stage2/ML-KEM/mul_poly/mul_poly.v:77]
WARNING: [VRFC 10-3091] actual bit length 12 differs from formal bit length 16 for port 'R' [C:/Hung/Viettel/Stage2/ML-KEM/mul_poly/mul_poly.v:84]
WARNING: [VRFC 10-3091] actual bit length 12 differs from formal bit length 16 for port 'R' [C:/Hung/Viettel/Stage2/ML-KEM/mul_poly/mul_poly.v:91]
WARNING: [VRFC 10-3091] actual bit length 32 differs from formal bit length 24 for port 'R' [C:/Hung/Viettel/Stage2/ML-KEM/mul_poly/mul_12bit.v:66]
WARNING: [VRFC 10-3705] select index 39 into 'regx' is out of bounds [C:/Hung/Viettel/Stage2/ML-KEM/mul_poly/mul_poly.v:58]
WARNING: [VRFC 10-3705] select index 39 into 'regx' is out of bounds [C:/Hung/Viettel/Stage2/ML-KEM/mul_poly/mul_poly.v:59]
Completed static elaboration
Starting simulation data flow analysis
Completed simulation data flow analysis
Time Resolution for simulation is 1ps
Compiling module xil_defaultlib.Rom_mul
Compiling module xil_defaultlib.barret
Compiling module xil_defaultlib.BoothDecode
Compiling module xil_defaultlib.mul_12bit_default
Compiling module xil_defaultlib.mul_poly
Compiling module xil_defaultlib.mul_poly_matrix_default
Compiling module xil_defaultlib.tb_mul_poly_matrix
Compiling module xil_defaultlib.glbl
Built simulation snapshot tb_mul_poly_matrix_behav
INFO: [USF-XSim-69] 'elaborate' step finished in '2' seconds
Time resolution is 1 ps
=== Start tb_mul_poly_matrix ===
       a (set 1): 16 14 12 10 8 6 4 2 15 13 11 9 7 5 3 1
       b (set 1): 5 6 7 8 9 10 11 12 13 14 15 16 17 18 19 20
zeta1=1409 zeta2=2662 zeta3=3281 zeta4=233  (counter=2)
=== Finished ===
$finish called at time : 540 ns : File "C:/Hung/Viettel/Stage2/ML-KEM/mul_poly/tb_mul_poly_matrix.v" Line 113
relaunch_sim: Time (s): cpu = 00:00:01 ; elapsed = 00:00:05 . Memory (MB): peak = 1328.352 ; gain = 0.113
save_wave_config {C:/Hung/Viettel/Stage2/ML-KEM/mul_poly/mul_matrix/tb_mul_12bit_behav.wcfg}
relaunch_sim
Command: launch_simulation -step compile -simset sim_1 -mode behavioral
INFO: [Vivado 12-12493] Simulation top is 'tb_mul_poly_matrix'
WARNING: [Vivado 12-13340] Unable to auto find GCC executables from simulator install path! (path not set)
WARNING: [Vivado 12-13277] Compiled library path does not exist: ''
INFO: [Vivado 12-5682] Launching behavioral simulation in 'C:/Hung/Viettel/Stage2/ML-KEM/mul_poly/mul_matrix/mul_matrix.sim/sim_1/behav/xsim'
INFO: [SIM-utils-51] Simulation object is 'sim_1'
INFO: [USF-XSim-2] XSim::Compile design
INFO: [USF-XSim-61] Executing 'COMPILE and ANALYZE' step in 'C:/Hung/Viettel/Stage2/ML-KEM/mul_poly/mul_matrix/mul_matrix.sim/sim_1/behav/xsim'
"xvlog --incr --relax -prj tb_mul_poly_matrix_vlog.prj"
INFO: [VRFC 10-2263] Analyzing Verilog file "C:/Hung/Viettel/Stage2/ML-KEM/mul_poly/BoothDecode.v" into library xil_defaultlib
INFO: [VRFC 10-311] analyzing module BoothDecode
INFO: [VRFC 10-2263] Analyzing Verilog file "C:/Hung/Viettel/Stage2/ML-KEM/mul_poly/Rom_mul.v" into library xil_defaultlib
INFO: [VRFC 10-311] analyzing module Rom_mul
INFO: [VRFC 10-2263] Analyzing Verilog file "C:/Hung/Viettel/Stage2/ML-KEM/NTT/barret.v" into library xil_defaultlib
INFO: [VRFC 10-311] analyzing module barret
INFO: [VRFC 10-2263] Analyzing Verilog file "C:/Hung/Viettel/Stage2/ML-KEM/mul_poly/mul_12bit.v" into library xil_defaultlib
INFO: [VRFC 10-311] analyzing module mul_12bit
INFO: [VRFC 10-2263] Analyzing Verilog file "C:/Hung/Viettel/Stage2/ML-KEM/mul_poly/mul_poly.v" into library xil_defaultlib
INFO: [VRFC 10-311] analyzing module mul_poly
INFO: [VRFC 10-2263] Analyzing Verilog file "C:/Hung/Viettel/Stage2/ML-KEM/mul_poly/mul_poly_matrix.v" into library xil_defaultlib
INFO: [VRFC 10-311] analyzing module mul_poly_matrix
INFO: [VRFC 10-2263] Analyzing Verilog file "C:/Hung/Viettel/Stage2/ML-KEM/mul_poly/tb_mul_poly_matrix.v" into library xil_defaultlib
INFO: [VRFC 10-311] analyzing module tb_mul_poly_matrix
INFO: [USF-XSim-69] 'compile' step finished in '1' seconds
Command: launch_simulation -step elaborate -simset sim_1 -mode behavioral
INFO: [Vivado 12-12493] Simulation top is 'tb_mul_poly_matrix'
WARNING: [Vivado 12-13340] Unable to auto find GCC executables from simulator install path! (path not set)
WARNING: [Vivado 12-13277] Compiled library path does not exist: ''
INFO: [Vivado 12-5682] Launching behavioral simulation in 'C:/Hung/Viettel/Stage2/ML-KEM/mul_poly/mul_matrix/mul_matrix.sim/sim_1/behav/xsim'
INFO: [SIM-utils-51] Simulation object is 'sim_1'
INFO: [USF-XSim-3] XSim::Elaborate design
INFO: [USF-XSim-61] Executing 'ELABORATE' step in 'C:/Hung/Viettel/Stage2/ML-KEM/mul_poly/mul_matrix/mul_matrix.sim/sim_1/behav/xsim'
"xelab --incr --debug typical --relax --mt 2 -L xil_defaultlib -L unisims_ver -L unimacro_ver -L secureip --snapshot tb_mul_poly_matrix_behav xil_defaultlib.tb_mul_poly_matrix xil_defaultlib.glbl -log elaborate.log"
Vivado Simulator v2022.2.2
Copyright 1986-1999, 2001-2022 Xilinx, Inc. All Rights Reserved.
Running: C:/Xilinx/Vivado/2022.2/bin/unwrapped/win64.o/xelab.exe --incr --debug typical --relax --mt 2 -L xil_defaultlib -L unisims_ver -L unimacro_ver -L secureip --snapshot tb_mul_poly_matrix_behav xil_defaultlib.tb_mul_poly_matrix xil_defaultlib.glbl -log elaborate.log 
Using 2 slave threads.
Starting static elaboration
Pass Through NonSizing Optimizer
WARNING: [VRFC 10-3091] actual bit length 12 differs from formal bit length 16 for port 'R' [C:/Hung/Viettel/Stage2/ML-KEM/mul_poly/mul_poly.v:77]
WARNING: [VRFC 10-3091] actual bit length 12 differs from formal bit length 16 for port 'R' [C:/Hung/Viettel/Stage2/ML-KEM/mul_poly/mul_poly.v:84]
WARNING: [VRFC 10-3091] actual bit length 12 differs from formal bit length 16 for port 'R' [C:/Hung/Viettel/Stage2/ML-KEM/mul_poly/mul_poly.v:91]
WARNING: [VRFC 10-3091] actual bit length 32 differs from formal bit length 24 for port 'R' [C:/Hung/Viettel/Stage2/ML-KEM/mul_poly/mul_12bit.v:66]
WARNING: [VRFC 10-3705] select index 39 into 'regx' is out of bounds [C:/Hung/Viettel/Stage2/ML-KEM/mul_poly/mul_poly.v:58]
Completed static elaboration
Starting simulation data flow analysis
Completed simulation data flow analysis
Time Resolution for simulation is 1ps
Compiling module xil_defaultlib.Rom_mul
Compiling module xil_defaultlib.barret
Compiling module xil_defaultlib.BoothDecode
Compiling module xil_defaultlib.mul_12bit_default
Compiling module xil_defaultlib.mul_poly
Compiling module xil_defaultlib.mul_poly_matrix_default
Compiling module xil_defaultlib.tb_mul_poly_matrix
Compiling module xil_defaultlib.glbl
Built simulation snapshot tb_mul_poly_matrix_behav
INFO: [USF-XSim-69] 'elaborate' step finished in '2' seconds
Time resolution is 1 ps
=== Start tb_mul_poly_matrix ===
       a (set 1): 16 14 12 10 8 6 4 2 15 13 11 9 7 5 3 1
       b (set 1): 5 6 7 8 9 10 11 12 13 14 15 16 17 18 19 20
zeta1=1409 zeta2=2662 zeta3=3281 zeta4=233  (counter=2)
=== Finished ===
$finish called at time : 540 ns : File "C:/Hung/Viettel/Stage2/ML-KEM/mul_poly/tb_mul_poly_matrix.v" Line 113
relaunch_sim: Time (s): cpu = 00:00:00 ; elapsed = 00:00:06 . Memory (MB): peak = 1328.352 ; gain = 0.000
save_wave_config {C:/Hung/Viettel/Stage2/ML-KEM/mul_poly/mul_matrix/tb_mul_12bit_behav.wcfg}
relaunch_sim
Command: launch_simulation -step compile -simset sim_1 -mode behavioral
INFO: [Vivado 12-12493] Simulation top is 'tb_mul_poly_matrix'
WARNING: [Vivado 12-13340] Unable to auto find GCC executables from simulator install path! (path not set)
WARNING: [Vivado 12-13277] Compiled library path does not exist: ''
INFO: [Vivado 12-5682] Launching behavioral simulation in 'C:/Hung/Viettel/Stage2/ML-KEM/mul_poly/mul_matrix/mul_matrix.sim/sim_1/behav/xsim'
INFO: [SIM-utils-51] Simulation object is 'sim_1'
INFO: [USF-XSim-2] XSim::Compile design
INFO: [USF-XSim-61] Executing 'COMPILE and ANALYZE' step in 'C:/Hung/Viettel/Stage2/ML-KEM/mul_poly/mul_matrix/mul_matrix.sim/sim_1/behav/xsim'
"xvlog --incr --relax -prj tb_mul_poly_matrix_vlog.prj"
INFO: [VRFC 10-2263] Analyzing Verilog file "C:/Hung/Viettel/Stage2/ML-KEM/mul_poly/BoothDecode.v" into library xil_defaultlib
INFO: [VRFC 10-311] analyzing module BoothDecode
INFO: [VRFC 10-2263] Analyzing Verilog file "C:/Hung/Viettel/Stage2/ML-KEM/mul_poly/Rom_mul.v" into library xil_defaultlib
INFO: [VRFC 10-311] analyzing module Rom_mul
INFO: [VRFC 10-2263] Analyzing Verilog file "C:/Hung/Viettel/Stage2/ML-KEM/NTT/barret.v" into library xil_defaultlib
INFO: [VRFC 10-311] analyzing module barret
INFO: [VRFC 10-2263] Analyzing Verilog file "C:/Hung/Viettel/Stage2/ML-KEM/mul_poly/mul_12bit.v" into library xil_defaultlib
INFO: [VRFC 10-311] analyzing module mul_12bit
INFO: [VRFC 10-2263] Analyzing Verilog file "C:/Hung/Viettel/Stage2/ML-KEM/mul_poly/mul_poly.v" into library xil_defaultlib
INFO: [VRFC 10-311] analyzing module mul_poly
INFO: [VRFC 10-2263] Analyzing Verilog file "C:/Hung/Viettel/Stage2/ML-KEM/mul_poly/mul_poly_matrix.v" into library xil_defaultlib
INFO: [VRFC 10-311] analyzing module mul_poly_matrix
INFO: [VRFC 10-2263] Analyzing Verilog file "C:/Hung/Viettel/Stage2/ML-KEM/mul_poly/tb_mul_poly_matrix.v" into library xil_defaultlib
INFO: [VRFC 10-311] analyzing module tb_mul_poly_matrix
INFO: [USF-XSim-69] 'compile' step finished in '2' seconds
Command: launch_simulation -step elaborate -simset sim_1 -mode behavioral
INFO: [Vivado 12-12493] Simulation top is 'tb_mul_poly_matrix'
WARNING: [Vivado 12-13340] Unable to auto find GCC executables from simulator install path! (path not set)
WARNING: [Vivado 12-13277] Compiled library path does not exist: ''
INFO: [Vivado 12-5682] Launching behavioral simulation in 'C:/Hung/Viettel/Stage2/ML-KEM/mul_poly/mul_matrix/mul_matrix.sim/sim_1/behav/xsim'
INFO: [SIM-utils-51] Simulation object is 'sim_1'
INFO: [USF-XSim-3] XSim::Elaborate design
INFO: [USF-XSim-61] Executing 'ELABORATE' step in 'C:/Hung/Viettel/Stage2/ML-KEM/mul_poly/mul_matrix/mul_matrix.sim/sim_1/behav/xsim'
"xelab --incr --debug typical --relax --mt 2 -L xil_defaultlib -L unisims_ver -L unimacro_ver -L secureip --snapshot tb_mul_poly_matrix_behav xil_defaultlib.tb_mul_poly_matrix xil_defaultlib.glbl -log elaborate.log"
Vivado Simulator v2022.2.2
Copyright 1986-1999, 2001-2022 Xilinx, Inc. All Rights Reserved.
Running: C:/Xilinx/Vivado/2022.2/bin/unwrapped/win64.o/xelab.exe --incr --debug typical --relax --mt 2 -L xil_defaultlib -L unisims_ver -L unimacro_ver -L secureip --snapshot tb_mul_poly_matrix_behav xil_defaultlib.tb_mul_poly_matrix xil_defaultlib.glbl -log elaborate.log 
Using 2 slave threads.
Starting static elaboration
Pass Through NonSizing Optimizer
WARNING: [VRFC 10-3091] actual bit length 12 differs from formal bit length 16 for port 'R' [C:/Hung/Viettel/Stage2/ML-KEM/mul_poly/mul_poly.v:77]
WARNING: [VRFC 10-3091] actual bit length 12 differs from formal bit length 16 for port 'R' [C:/Hung/Viettel/Stage2/ML-KEM/mul_poly/mul_poly.v:84]
WARNING: [VRFC 10-3091] actual bit length 12 differs from formal bit length 16 for port 'R' [C:/Hung/Viettel/Stage2/ML-KEM/mul_poly/mul_poly.v:91]
WARNING: [VRFC 10-3091] actual bit length 32 differs from formal bit length 24 for port 'R' [C:/Hung/Viettel/Stage2/ML-KEM/mul_poly/mul_12bit.v:66]
WARNING: [VRFC 10-3705] select index 39 into 'regx' is out of bounds [C:/Hung/Viettel/Stage2/ML-KEM/mul_poly/mul_poly.v:58]
Completed static elaboration
Starting simulation data flow analysis
Completed simulation data flow analysis
Time Resolution for simulation is 1ps
Compiling module xil_defaultlib.Rom_mul
Compiling module xil_defaultlib.barret
Compiling module xil_defaultlib.BoothDecode
Compiling module xil_defaultlib.mul_12bit_default
Compiling module xil_defaultlib.mul_poly
Compiling module xil_defaultlib.mul_poly_matrix_default
Compiling module xil_defaultlib.tb_mul_poly_matrix
Compiling module xil_defaultlib.glbl
Built simulation snapshot tb_mul_poly_matrix_behav
INFO: [USF-XSim-69] 'elaborate' step finished in '2' seconds
Time resolution is 1 ps
=== Start tb_mul_poly_matrix ===
       a (set 1): 16 14 12 10 8 6 4 2 15 13 11 9 7 5 3 1
       b (set 1): 5 6 7 8 9 10 11 12 13 14 15 16 17 18 19 20
zeta1=1409 zeta2=2662 zeta3=3281 zeta4=233  (counter=2)
=== Finished ===
$finish called at time : 540 ns : File "C:/Hung/Viettel/Stage2/ML-KEM/mul_poly/tb_mul_poly_matrix.v" Line 113
relaunch_sim: Time (s): cpu = 00:00:01 ; elapsed = 00:00:06 . Memory (MB): peak = 1328.352 ; gain = 0.000
save_wave_config {C:/Hung/Viettel/Stage2/ML-KEM/mul_poly/mul_matrix/tb_mul_12bit_behav.wcfg}
close_sim
INFO: [Simtcl 6-16] Simulation closed
exit
INFO: [Common 17-206] Exiting Vivado at Fri Aug 29 22:39:45 2025...
