#-----------------------------------------------------------
# Vivado v2022.2.2 (64-bit)
# SW Build 3788238 on Tue Feb 21 20:00:34 MST 2023
# IP Build 3783773 on Tue Feb 21 23:41:56 MST 2023
# Start of session at: Wed Sep 10 08:24:40 2025
# Process ID: 26808
# Current directory: C:/Hung/Viettel/Stage2/ML-KEM/mul_poly/mul_matrix
# Command line: vivado.exe -gui_launcher_event rodinguilauncherevent11916 C:\Hung\Viettel\Stage2\ML-KEM\mul_poly\mul_matrix\mul_matrix.xpr
# Log file: C:/Hung/Viettel/Stage2/ML-KEM/mul_poly/mul_matrix/vivado.log
# Journal file: C:/Hung/Viettel/Stage2/ML-KEM/mul_poly/mul_matrix\vivado.jou
# Running On: DESKTOP-DA5EM0P, OS: Windows, CPU Frequency: 2304 MHz, CPU Physical cores: 8, Host memory: 16948 MB
#-----------------------------------------------------------
start_gui
open_project C:/Hung/Viettel/Stage2/ML-KEM/mul_poly/mul_matrix/mul_matrix.xpr
INFO: [filemgmt 56-3] Default IP Output Path : Could not find the directory 'C:/Hung/Viettel/Stage2/ML-KEM/mul_poly/mul_matrix/mul_matrix.gen/sources_1'.
Scanning sources...
Finished scanning sources
WARNING: [Board 49-26] cannot add Board Part xilinx.com:vck190:part0:2.2 available at C:/Xilinx/Vivado/2022.2/data/xhub/boards/XilinxBoardStore/boards/Xilinx/vck190/production/2.2/board.xml as part xcvc1902-vsva2197-2mp-e-s specified in board_part file is either invalid or not available
WARNING: [Board 49-26] cannot add Board Part xilinx.com:vck190:part0:3.0 available at C:/Xilinx/Vivado/2022.2/data/xhub/boards/XilinxBoardStore/boards/Xilinx/vck190/production/3.0/board.xml as part xcvc1902-vsva2197-2mp-e-s specified in board_part file is either invalid or not available
WARNING: [Board 49-26] cannot add Board Part xilinx.com:vck190:part0:3.1 available at C:/Xilinx/Vivado/2022.2/data/xhub/boards/XilinxBoardStore/boards/Xilinx/vck190/production/3.1/board.xml as part xcvc1902-vsva2197-2mp-e-s specified in board_part file is either invalid or not available
WARNING: [Board 49-26] cannot add Board Part xilinx.com:vck190_newl:part0:1.0 available at C:/Xilinx/Vivado/2022.2/data/xhub/boards/XilinxBoardStore/boards/Xilinx/vck190_newl/production/1.0/board.xml as part xcvc1902-vsva2197-2mp-e-s specified in board_part file is either invalid or not available
WARNING: [Board 49-26] cannot add Board Part xilinx.com:vek280_es:part0:1.0 available at C:/Xilinx/Vivado/2022.2/data/xhub/boards/XilinxBoardStore/boards/Xilinx/vek280/es/rev_a/1.0/board.xml as part xcve2802-vsvh1760-2lp-e-s-es1 specified in board_part file is either invalid or not available
WARNING: [Board 49-26] cannot add Board Part xilinx.com:vek280_es_revb:part0:1.0 available at C:/Xilinx/Vivado/2022.2/data/xhub/boards/XilinxBoardStore/boards/Xilinx/vek280/es/rev_b/1.0/board.xml as part xcve2802-vsvh1760-2mp-e-s-es1 specified in board_part file is either invalid or not available
WARNING: [Board 49-26] cannot add Board Part xilinx.com:vhk158_es:part0:1.0 available at C:/Xilinx/Vivado/2022.2/data/xhub/boards/XilinxBoardStore/boards/Xilinx/vhk158/es/1.0/board.xml as part xcvh1582-vsva3697-2mp-e-s-es1 specified in board_part file is either invalid or not available
WARNING: [Board 49-26] cannot add Board Part xilinx.com:vmk180:part0:2.2 available at C:/Xilinx/Vivado/2022.2/data/xhub/boards/XilinxBoardStore/boards/Xilinx/vmk180/production/2.2/board.xml as part xcvm1802-vsva2197-2mp-e-s specified in board_part file is either invalid or not available
WARNING: [Board 49-26] cannot add Board Part xilinx.com:vmk180:part0:3.0 available at C:/Xilinx/Vivado/2022.2/data/xhub/boards/XilinxBoardStore/boards/Xilinx/vmk180/production/3.0/board.xml as part xcvm1802-vsva2197-2mp-e-s specified in board_part file is either invalid or not available
WARNING: [Board 49-26] cannot add Board Part xilinx.com:vmk180:part0:3.1 available at C:/Xilinx/Vivado/2022.2/data/xhub/boards/XilinxBoardStore/boards/Xilinx/vmk180/production/3.1/board.xml as part xcvm1802-vsva2197-2mp-e-s specified in board_part file is either invalid or not available
WARNING: [Board 49-26] cannot add Board Part xilinx.com:vmk180_newl:part0:1.0 available at C:/Xilinx/Vivado/2022.2/data/xhub/boards/XilinxBoardStore/boards/Xilinx/vmk180_newl/production/1.0/board.xml as part xcvm1802-vsva2197-2mp-e-s specified in board_part file is either invalid or not available
WARNING: [Board 49-26] cannot add Board Part xilinx.com:vpk120:part0:1.0 available at C:/Xilinx/Vivado/2022.2/data/xhub/boards/XilinxBoardStore/boards/Xilinx/vpk120/production/1.0/board.xml as part xcvp1202-vsva2785-2mp-e-s specified in board_part file is either invalid or not available
WARNING: [Board 49-26] cannot add Board Part xilinx.com:vpk120_es:part0:1.2 available at C:/Xilinx/Vivado/2022.2/data/xhub/boards/XilinxBoardStore/boards/Xilinx/vpk120/es/1.2/board.xml as part xcvp1202-vsva2785-2mp-e-s-es1 specified in board_part file is either invalid or not available
WARNING: [Board 49-26] cannot add Board Part xilinx.com:vpk120_es_revb:part0:1.0 available at C:/Xilinx/Vivado/2022.2/data/xhub/boards/XilinxBoardStore/boards/Xilinx/vpk120_revb/es/1.0/board.xml as part xcvp1202-vsva2785-2mp-e-s-es1 specified in board_part file is either invalid or not available
WARNING: [Board 49-26] cannot add Board Part xilinx.com:vpk180_es:part0:1.0 available at C:/Xilinx/Vivado/2022.2/data/xhub/boards/XilinxBoardStore/boards/Xilinx/vpk180/es/1.0/board.xml as part xcvp1802-lsvc4072-2mp-e-s-es1 specified in board_part file is either invalid or not available
WARNING: [Board 49-26] cannot add Board Part xilinx.com:zcu208ld:part0:2.0 available at C:/Xilinx/Vivado/2022.2/data/xhub/boards/XilinxBoardStore/boards/Xilinx/zcu208ld/production/2.0/board.xml as part xczu58dr-fsvg1517-2-i specified in board_part file is either invalid or not available
WARNING: [Board 49-26] cannot add Board Part xilinx.com:zcu216ld:part0:2.0 available at C:/Xilinx/Vivado/2022.2/data/xhub/boards/XilinxBoardStore/boards/Xilinx/zcu216ld/production/2.0/board.xml as part xczu59dr-ffvf1760-2-i specified in board_part file is either invalid or not available
WARNING: [Board 49-26] cannot add Board Part xilinx.com:zcu670:part0:2.0 available at C:/Xilinx/Vivado/2022.2/data/xhub/boards/XilinxBoardStore/boards/Xilinx/zcu670/2.0/board.xml as part xczu67dr-fsve1156-2-i specified in board_part file is either invalid or not available
WARNING: [Board 49-26] cannot add Board Part xilinx.com:zcu670ld:part0:1.0 available at C:/Xilinx/Vivado/2022.2/data/xhub/boards/XilinxBoardStore/boards/Xilinx/zcu670ld/1.0/board.xml as part xczu57dr-fsve1156-2-i specified in board_part file is either invalid or not available
INFO: [IP_Flow 19-234] Refreshing IP repositories
INFO: [IP_Flow 19-1704] No user IP repositories specified
INFO: [IP_Flow 19-2313] Loaded Vivado IP repository 'C:/Xilinx/Vivado/2022.2/data/ip'.
open_project: Time (s): cpu = 00:00:25 ; elapsed = 00:00:12 . Memory (MB): peak = 1207.922 ; gain = 404.461
update_compile_order -fileset sources_1
launch_simulation
Command: launch_simulation 
INFO: [Vivado 12-12493] Simulation top is 'tb_mul_poly_matrix'
WARNING: [Vivado 12-13340] Unable to auto find GCC executables from simulator install path! (path not set)
WARNING: [Vivado 12-13277] Compiled library path does not exist: ''
INFO: [Vivado 12-5682] Launching behavioral simulation in 'C:/Hung/Viettel/Stage2/ML-KEM/mul_poly/mul_matrix/mul_matrix.sim/sim_1/behav/xsim'
INFO: [SIM-utils-51] Simulation object is 'sim_1'
INFO: [SIM-utils-72] Using boost library from 'C:/Xilinx/Vivado/2022.2/tps/boost_1_72_0'
INFO: [SIM-utils-54] Inspecting design source files for 'tb_mul_poly_matrix' in fileset 'sim_1'...
INFO: [USF-XSim-97] Finding global include files...
INFO: [USF-XSim-98] Fetching design files from 'sim_1'...
INFO: [USF-XSim-2] XSim::Compile design
INFO: [USF-XSim-61] Executing 'COMPILE and ANALYZE' step in 'C:/Hung/Viettel/Stage2/ML-KEM/mul_poly/mul_matrix/mul_matrix.sim/sim_1/behav/xsim'
"xvlog --incr --relax -prj tb_mul_poly_matrix_vlog.prj"
INFO: [VRFC 10-2263] Analyzing Verilog file "C:/Hung/Viettel/Stage2/ML-KEM/mul_poly/BoothDecode.v" into library xil_defaultlib
INFO: [VRFC 10-311] analyzing module BoothDecode
INFO: [VRFC 10-2263] Analyzing Verilog file "C:/Hung/Viettel/Stage2/ML-KEM/mul_poly/Rom_mul.v" into library xil_defaultlib
INFO: [VRFC 10-311] analyzing module Rom_mul
INFO: [VRFC 10-2263] Analyzing Verilog file "C:/Hung/Viettel/Stage2/ML-KEM/mul_poly/add_cell.v" into library xil_defaultlib
INFO: [VRFC 10-311] analyzing module add_cell
INFO: [VRFC 10-2263] Analyzing Verilog file "C:/Hung/Viettel/Stage2/ML-KEM/NTT/barret.v" into library xil_defaultlib
INFO: [VRFC 10-311] analyzing module barret
INFO: [VRFC 10-2263] Analyzing Verilog file "C:/Hung/Viettel/Stage2/ML-KEM/mul_poly/mul_12bit.v" into library xil_defaultlib
INFO: [VRFC 10-311] analyzing module mul_12bit
INFO: [VRFC 10-2263] Analyzing Verilog file "C:/Hung/Viettel/Stage2/ML-KEM/mul_poly/mul_cell.v" into library xil_defaultlib
INFO: [VRFC 10-311] analyzing module mul_cel
INFO: [VRFC 10-2263] Analyzing Verilog file "C:/Hung/Viettel/Stage2/ML-KEM/mul_poly/mul_poly.v" into library xil_defaultlib
INFO: [VRFC 10-311] analyzing module mul_poly
INFO: [VRFC 10-2263] Analyzing Verilog file "C:/Hung/Viettel/Stage2/ML-KEM/mul_poly/mul_poly_matrix.v" into library xil_defaultlib
INFO: [VRFC 10-311] analyzing module mul_poly_matrix
INFO: [VRFC 10-2263] Analyzing Verilog file "C:/Hung/Viettel/Stage2/ML-KEM/mul_poly/tb_mul_poly_matrix.v" into library xil_defaultlib
INFO: [VRFC 10-311] analyzing module tb_mul_poly_matrix
INFO: [USF-XSim-69] 'compile' step finished in '2' seconds
INFO: [USF-XSim-3] XSim::Elaborate design
INFO: [USF-XSim-61] Executing 'ELABORATE' step in 'C:/Hung/Viettel/Stage2/ML-KEM/mul_poly/mul_matrix/mul_matrix.sim/sim_1/behav/xsim'
"xelab --incr --debug typical --relax --mt 2 -L xil_defaultlib -L unisims_ver -L unimacro_ver -L secureip --snapshot tb_mul_poly_matrix_behav xil_defaultlib.tb_mul_poly_matrix xil_defaultlib.glbl -log elaborate.log"
Vivado Simulator v2022.2.2
Copyright 1986-1999, 2001-2022 Xilinx, Inc. All Rights Reserved.
Running: C:/Xilinx/Vivado/2022.2/bin/unwrapped/win64.o/xelab.exe --incr --debug typical --relax --mt 2 -L xil_defaultlib -L unisims_ver -L unimacro_ver -L secureip --snapshot tb_mul_poly_matrix_behav xil_defaultlib.tb_mul_poly_matrix xil_defaultlib.glbl -log elaborate.log 
Using 2 slave threads.
Starting static elaboration
Pass Through NonSizing Optimizer
Completed static elaboration
Starting simulation data flow analysis
Completed simulation data flow analysis
Time Resolution for simulation is 1ps
Compiling module xil_defaultlib.add_cell_default
Compiling module xil_defaultlib.barret
Compiling module xil_defaultlib.Rom_mul
Compiling module xil_defaultlib.BoothDecode
Compiling module xil_defaultlib.mul_12bit_default
Compiling module xil_defaultlib.mul_poly
Compiling module xil_defaultlib.mul_poly_matrix
Compiling module xil_defaultlib.mul_cel_default
Compiling module xil_defaultlib.tb_mul_poly_matrix
Compiling module xil_defaultlib.glbl
Built simulation snapshot tb_mul_poly_matrix_behav
INFO: [USF-XSim-69] 'elaborate' step finished in '3' seconds
INFO: [USF-XSim-4] XSim::Simulate design
INFO: [USF-XSim-61] Executing 'SIMULATE' step in 'C:/Hung/Viettel/Stage2/ML-KEM/mul_poly/mul_matrix/mul_matrix.sim/sim_1/behav/xsim'
INFO: [USF-XSim-98] *** Running xsim
   with args "tb_mul_poly_matrix_behav -key {Behavioral:sim_1:Functional:tb_mul_poly_matrix} -tclbatch {tb_mul_poly_matrix.tcl} -view {C:/Hung/Viettel/Stage2/ML-KEM/mul_poly/mul_matrix/tb_mul_12bit_behav.wcfg} -log {simulate.log}"
INFO: [USF-XSim-8] Loading simulator feature
Time resolution is 1 ps
open_wave_config C:/Hung/Viettel/Stage2/ML-KEM/mul_poly/mul_matrix/tb_mul_12bit_behav.wcfg
WARNING: Simulation object /tb_mul_poly_matrix/count_clock was not found in the design.
source tb_mul_poly_matrix.tcl
# set curr_wave [current_wave_config]
# if { [string length $curr_wave] == 0 } {
#   if { [llength [get_objects]] > 0} {
#     add_wave /
#     set_property needs_save false [current_wave_config]
#   } else {
#      send_msg_id Add_Wave-1 WARNING "No top level signals found. Simulator will start without a wave window. If you want to open a wave window go to 'File->New Waveform Configuration' or type 'create_wave_config' in the TCL console."
#   }
# }
# run 100000ns
               a: 000 000 000 000 000 000 000 000 000 000 000 000 819 0df 00b ae1
               b: 000 000 000 000 000 000 000 000 000 000 000 000 63f 3a6 1cc 7e6
xsim: Time (s): cpu = 00:00:05 ; elapsed = 00:00:06 . Memory (MB): peak = 1247.297 ; gain = 22.723
INFO: [USF-XSim-96] XSim completed. Design snapshot 'tb_mul_poly_matrix_behav' loaded.
INFO: [USF-XSim-97] XSim simulation ran for 100000ns
launch_simulation: Time (s): cpu = 00:00:06 ; elapsed = 00:00:11 . Memory (MB): peak = 1247.297 ; gain = 22.723
relaunch_sim
Command: launch_simulation -step compile -simset sim_1 -mode behavioral
INFO: [Vivado 12-12493] Simulation top is 'tb_mul_poly_matrix'
WARNING: [Vivado 12-13340] Unable to auto find GCC executables from simulator install path! (path not set)
WARNING: [Vivado 12-13277] Compiled library path does not exist: ''
INFO: [Vivado 12-5682] Launching behavioral simulation in 'C:/Hung/Viettel/Stage2/ML-KEM/mul_poly/mul_matrix/mul_matrix.sim/sim_1/behav/xsim'
INFO: [SIM-utils-51] Simulation object is 'sim_1'
INFO: [SIM-utils-72] Using boost library from 'C:/Xilinx/Vivado/2022.2/tps/boost_1_72_0'
INFO: [SIM-utils-54] Inspecting design source files for 'tb_mul_poly_matrix' in fileset 'sim_1'...
INFO: [USF-XSim-97] Finding global include files...
INFO: [USF-XSim-98] Fetching design files from 'sim_1'...
INFO: [USF-XSim-2] XSim::Compile design
INFO: [USF-XSim-61] Executing 'COMPILE and ANALYZE' step in 'C:/Hung/Viettel/Stage2/ML-KEM/mul_poly/mul_matrix/mul_matrix.sim/sim_1/behav/xsim'
"xvlog --incr --relax -prj tb_mul_poly_matrix_vlog.prj"
INFO: [VRFC 10-2263] Analyzing Verilog file "C:/Hung/Viettel/Stage2/ML-KEM/mul_poly/BoothDecode.v" into library xil_defaultlib
INFO: [VRFC 10-311] analyzing module BoothDecode
INFO: [VRFC 10-2263] Analyzing Verilog file "C:/Hung/Viettel/Stage2/ML-KEM/mul_poly/Rom_mul.v" into library xil_defaultlib
INFO: [VRFC 10-311] analyzing module Rom_mul
INFO: [VRFC 10-2263] Analyzing Verilog file "C:/Hung/Viettel/Stage2/ML-KEM/mul_poly/add_cell.v" into library xil_defaultlib
INFO: [VRFC 10-311] analyzing module add_cell
INFO: [VRFC 10-2263] Analyzing Verilog file "C:/Hung/Viettel/Stage2/ML-KEM/NTT/barret.v" into library xil_defaultlib
INFO: [VRFC 10-311] analyzing module barret
INFO: [VRFC 10-2263] Analyzing Verilog file "C:/Hung/Viettel/Stage2/ML-KEM/mul_poly/mul_12bit.v" into library xil_defaultlib
INFO: [VRFC 10-311] analyzing module mul_12bit
INFO: [VRFC 10-2263] Analyzing Verilog file "C:/Hung/Viettel/Stage2/ML-KEM/mul_poly/mul_cell.v" into library xil_defaultlib
INFO: [VRFC 10-311] analyzing module mul_cel
INFO: [VRFC 10-2263] Analyzing Verilog file "C:/Hung/Viettel/Stage2/ML-KEM/mul_poly/mul_poly.v" into library xil_defaultlib
INFO: [VRFC 10-311] analyzing module mul_poly
INFO: [VRFC 10-2263] Analyzing Verilog file "C:/Hung/Viettel/Stage2/ML-KEM/mul_poly/mul_poly_matrix.v" into library xil_defaultlib
INFO: [VRFC 10-311] analyzing module mul_poly_matrix
INFO: [VRFC 10-2263] Analyzing Verilog file "C:/Hung/Viettel/Stage2/ML-KEM/mul_poly/tb_mul_poly_matrix.v" into library xil_defaultlib
INFO: [VRFC 10-311] analyzing module tb_mul_poly_matrix
INFO: [USF-XSim-69] 'compile' step finished in '1' seconds
Command: launch_simulation -step elaborate -simset sim_1 -mode behavioral
INFO: [Vivado 12-12493] Simulation top is 'tb_mul_poly_matrix'
WARNING: [Vivado 12-13340] Unable to auto find GCC executables from simulator install path! (path not set)
WARNING: [Vivado 12-13277] Compiled library path does not exist: ''
INFO: [Vivado 12-5682] Launching behavioral simulation in 'C:/Hung/Viettel/Stage2/ML-KEM/mul_poly/mul_matrix/mul_matrix.sim/sim_1/behav/xsim'
INFO: [SIM-utils-51] Simulation object is 'sim_1'
INFO: [USF-XSim-3] XSim::Elaborate design
INFO: [USF-XSim-61] Executing 'ELABORATE' step in 'C:/Hung/Viettel/Stage2/ML-KEM/mul_poly/mul_matrix/mul_matrix.sim/sim_1/behav/xsim'
"xelab --incr --debug typical --relax --mt 2 -L xil_defaultlib -L unisims_ver -L unimacro_ver -L secureip --snapshot tb_mul_poly_matrix_behav xil_defaultlib.tb_mul_poly_matrix xil_defaultlib.glbl -log elaborate.log"
Vivado Simulator v2022.2.2
Copyright 1986-1999, 2001-2022 Xilinx, Inc. All Rights Reserved.
Running: C:/Xilinx/Vivado/2022.2/bin/unwrapped/win64.o/xelab.exe --incr --debug typical --relax --mt 2 -L xil_defaultlib -L unisims_ver -L unimacro_ver -L secureip --snapshot tb_mul_poly_matrix_behav xil_defaultlib.tb_mul_poly_matrix xil_defaultlib.glbl -log elaborate.log 
Using 2 slave threads.
Starting static elaboration
Pass Through NonSizing Optimizer
Completed static elaboration
Starting simulation data flow analysis
Completed simulation data flow analysis
Time Resolution for simulation is 1ps
Compiling module xil_defaultlib.add_cell_default
Compiling module xil_defaultlib.barret
Compiling module xil_defaultlib.Rom_mul
Compiling module xil_defaultlib.BoothDecode
Compiling module xil_defaultlib.mul_12bit_default
Compiling module xil_defaultlib.mul_poly
Compiling module xil_defaultlib.mul_poly_matrix
Compiling module xil_defaultlib.mul_cel_default
Compiling module xil_defaultlib.tb_mul_poly_matrix
Compiling module xil_defaultlib.glbl
Built simulation snapshot tb_mul_poly_matrix_behav
INFO: [USF-XSim-69] 'elaborate' step finished in '2' seconds
Time resolution is 1 ps
               a: 000 000 000 000 000 000 000 000 000 000 000 000 819 0df 00b ae1
               b: 000 000 000 000 000 000 000 000 000 000 000 000 63f 3a6 1cc 7e6
relaunch_sim: Time (s): cpu = 00:00:01 ; elapsed = 00:00:09 . Memory (MB): peak = 1247.297 ; gain = 0.000
relaunch_sim
Command: launch_simulation -step compile -simset sim_1 -mode behavioral
INFO: [Vivado 12-12493] Simulation top is 'tb_mul_poly_matrix'
WARNING: [Vivado 12-13340] Unable to auto find GCC executables from simulator install path! (path not set)
WARNING: [Vivado 12-13277] Compiled library path does not exist: ''
INFO: [Vivado 12-5682] Launching behavioral simulation in 'C:/Hung/Viettel/Stage2/ML-KEM/mul_poly/mul_matrix/mul_matrix.sim/sim_1/behav/xsim'
INFO: [SIM-utils-51] Simulation object is 'sim_1'
INFO: [USF-XSim-2] XSim::Compile design
INFO: [USF-XSim-61] Executing 'COMPILE and ANALYZE' step in 'C:/Hung/Viettel/Stage2/ML-KEM/mul_poly/mul_matrix/mul_matrix.sim/sim_1/behav/xsim'
"xvlog --incr --relax -prj tb_mul_poly_matrix_vlog.prj"
INFO: [VRFC 10-2263] Analyzing Verilog file "C:/Hung/Viettel/Stage2/ML-KEM/mul_poly/BoothDecode.v" into library xil_defaultlib
INFO: [VRFC 10-311] analyzing module BoothDecode
INFO: [VRFC 10-2263] Analyzing Verilog file "C:/Hung/Viettel/Stage2/ML-KEM/mul_poly/Rom_mul.v" into library xil_defaultlib
INFO: [VRFC 10-311] analyzing module Rom_mul
INFO: [VRFC 10-2263] Analyzing Verilog file "C:/Hung/Viettel/Stage2/ML-KEM/mul_poly/add_cell.v" into library xil_defaultlib
INFO: [VRFC 10-311] analyzing module add_cell
INFO: [VRFC 10-2263] Analyzing Verilog file "C:/Hung/Viettel/Stage2/ML-KEM/NTT/barret.v" into library xil_defaultlib
INFO: [VRFC 10-311] analyzing module barret
INFO: [VRFC 10-2263] Analyzing Verilog file "C:/Hung/Viettel/Stage2/ML-KEM/mul_poly/mul_12bit.v" into library xil_defaultlib
INFO: [VRFC 10-311] analyzing module mul_12bit
INFO: [VRFC 10-2263] Analyzing Verilog file "C:/Hung/Viettel/Stage2/ML-KEM/mul_poly/mul_cell.v" into library xil_defaultlib
INFO: [VRFC 10-311] analyzing module mul_cel
INFO: [VRFC 10-2263] Analyzing Verilog file "C:/Hung/Viettel/Stage2/ML-KEM/mul_poly/mul_poly.v" into library xil_defaultlib
INFO: [VRFC 10-311] analyzing module mul_poly
INFO: [VRFC 10-2263] Analyzing Verilog file "C:/Hung/Viettel/Stage2/ML-KEM/mul_poly/mul_poly_matrix.v" into library xil_defaultlib
INFO: [VRFC 10-311] analyzing module mul_poly_matrix
INFO: [VRFC 10-2263] Analyzing Verilog file "C:/Hung/Viettel/Stage2/ML-KEM/mul_poly/tb_mul_poly_matrix.v" into library xil_defaultlib
INFO: [VRFC 10-311] analyzing module tb_mul_poly_matrix
INFO: [USF-XSim-69] 'compile' step finished in '1' seconds
Command: launch_simulation -step elaborate -simset sim_1 -mode behavioral
INFO: [Vivado 12-12493] Simulation top is 'tb_mul_poly_matrix'
WARNING: [Vivado 12-13340] Unable to auto find GCC executables from simulator install path! (path not set)
WARNING: [Vivado 12-13277] Compiled library path does not exist: ''
INFO: [Vivado 12-5682] Launching behavioral simulation in 'C:/Hung/Viettel/Stage2/ML-KEM/mul_poly/mul_matrix/mul_matrix.sim/sim_1/behav/xsim'
INFO: [SIM-utils-51] Simulation object is 'sim_1'
INFO: [USF-XSim-3] XSim::Elaborate design
INFO: [USF-XSim-61] Executing 'ELABORATE' step in 'C:/Hung/Viettel/Stage2/ML-KEM/mul_poly/mul_matrix/mul_matrix.sim/sim_1/behav/xsim'
"xelab --incr --debug typical --relax --mt 2 -L xil_defaultlib -L unisims_ver -L unimacro_ver -L secureip --snapshot tb_mul_poly_matrix_behav xil_defaultlib.tb_mul_poly_matrix xil_defaultlib.glbl -log elaborate.log"
Vivado Simulator v2022.2.2
Copyright 1986-1999, 2001-2022 Xilinx, Inc. All Rights Reserved.
Running: C:/Xilinx/Vivado/2022.2/bin/unwrapped/win64.o/xelab.exe --incr --debug typical --relax --mt 2 -L xil_defaultlib -L unisims_ver -L unimacro_ver -L secureip --snapshot tb_mul_poly_matrix_behav xil_defaultlib.tb_mul_poly_matrix xil_defaultlib.glbl -log elaborate.log 
Using 2 slave threads.
Starting static elaboration
Pass Through NonSizing Optimizer
Completed static elaboration
Starting simulation data flow analysis
Completed simulation data flow analysis
Time Resolution for simulation is 1ps
Compiling module xil_defaultlib.add_cell_default
Compiling module xil_defaultlib.barret
Compiling module xil_defaultlib.Rom_mul
Compiling module xil_defaultlib.BoothDecode
Compiling module xil_defaultlib.mul_12bit_default
Compiling module xil_defaultlib.mul_poly
Compiling module xil_defaultlib.mul_poly_matrix
Compiling module xil_defaultlib.mul_cel_default
Compiling module xil_defaultlib.tb_mul_poly_matrix
Compiling module xil_defaultlib.glbl
Built simulation snapshot tb_mul_poly_matrix_behav
INFO: [USF-XSim-69] 'elaborate' step finished in '2' seconds
Time resolution is 1 ps
               a: 000 000 000 000 000 000 000 000 000 000 000 000 819 0df 00b ae1
               b: 000 000 000 000 000 000 000 000 000 000 000 000 63f 3a6 1cc 7e6
relaunch_sim: Time (s): cpu = 00:00:01 ; elapsed = 00:00:10 . Memory (MB): peak = 1247.297 ; gain = 0.000
close_sim
INFO: [Simtcl 6-16] Simulation closed
launch_simulation
Command: launch_simulation 
INFO: [Vivado 12-12493] Simulation top is 'tb_mul_poly_matrix'
WARNING: [Vivado 12-13340] Unable to auto find GCC executables from simulator install path! (path not set)
WARNING: [Vivado 12-13277] Compiled library path does not exist: ''
INFO: [Vivado 12-5682] Launching behavioral simulation in 'C:/Hung/Viettel/Stage2/ML-KEM/mul_poly/mul_matrix/mul_matrix.sim/sim_1/behav/xsim'
INFO: [SIM-utils-51] Simulation object is 'sim_1'
INFO: [SIM-utils-72] Using boost library from 'C:/Xilinx/Vivado/2022.2/tps/boost_1_72_0'
INFO: [SIM-utils-54] Inspecting design source files for 'tb_mul_poly_matrix' in fileset 'sim_1'...
INFO: [USF-XSim-97] Finding global include files...
INFO: [USF-XSim-98] Fetching design files from 'sim_1'...
INFO: [USF-XSim-2] XSim::Compile design
INFO: [USF-XSim-61] Executing 'COMPILE and ANALYZE' step in 'C:/Hung/Viettel/Stage2/ML-KEM/mul_poly/mul_matrix/mul_matrix.sim/sim_1/behav/xsim'
"xvlog --incr --relax -prj tb_mul_poly_matrix_vlog.prj"
INFO: [VRFC 10-2263] Analyzing Verilog file "C:/Hung/Viettel/Stage2/ML-KEM/mul_poly/BoothDecode.v" into library xil_defaultlib
INFO: [VRFC 10-311] analyzing module BoothDecode
INFO: [VRFC 10-2263] Analyzing Verilog file "C:/Hung/Viettel/Stage2/ML-KEM/mul_poly/Rom_mul.v" into library xil_defaultlib
INFO: [VRFC 10-311] analyzing module Rom_mul
INFO: [VRFC 10-2263] Analyzing Verilog file "C:/Hung/Viettel/Stage2/ML-KEM/mul_poly/add_cell.v" into library xil_defaultlib
INFO: [VRFC 10-311] analyzing module add_cell
INFO: [VRFC 10-2263] Analyzing Verilog file "C:/Hung/Viettel/Stage2/ML-KEM/NTT/barret.v" into library xil_defaultlib
INFO: [VRFC 10-311] analyzing module barret
INFO: [VRFC 10-2263] Analyzing Verilog file "C:/Hung/Viettel/Stage2/ML-KEM/mul_poly/mul_12bit.v" into library xil_defaultlib
INFO: [VRFC 10-311] analyzing module mul_12bit
INFO: [VRFC 10-2263] Analyzing Verilog file "C:/Hung/Viettel/Stage2/ML-KEM/mul_poly/mul_cell.v" into library xil_defaultlib
INFO: [VRFC 10-311] analyzing module mul_cel
INFO: [VRFC 10-2263] Analyzing Verilog file "C:/Hung/Viettel/Stage2/ML-KEM/mul_poly/mul_poly.v" into library xil_defaultlib
INFO: [VRFC 10-311] analyzing module mul_poly
INFO: [VRFC 10-2263] Analyzing Verilog file "C:/Hung/Viettel/Stage2/ML-KEM/mul_poly/mul_poly_matrix.v" into library xil_defaultlib
INFO: [VRFC 10-311] analyzing module mul_poly_matrix
INFO: [VRFC 10-2263] Analyzing Verilog file "C:/Hung/Viettel/Stage2/ML-KEM/mul_poly/tb_mul_poly_matrix.v" into library xil_defaultlib
INFO: [VRFC 10-311] analyzing module tb_mul_poly_matrix
INFO: [USF-XSim-69] 'compile' step finished in '2' seconds
INFO: [USF-XSim-3] XSim::Elaborate design
INFO: [USF-XSim-61] Executing 'ELABORATE' step in 'C:/Hung/Viettel/Stage2/ML-KEM/mul_poly/mul_matrix/mul_matrix.sim/sim_1/behav/xsim'
"xelab --incr --debug typical --relax --mt 2 -L xil_defaultlib -L unisims_ver -L unimacro_ver -L secureip --snapshot tb_mul_poly_matrix_behav xil_defaultlib.tb_mul_poly_matrix xil_defaultlib.glbl -log elaborate.log"
Vivado Simulator v2022.2.2
Copyright 1986-1999, 2001-2022 Xilinx, Inc. All Rights Reserved.
Running: C:/Xilinx/Vivado/2022.2/bin/unwrapped/win64.o/xelab.exe --incr --debug typical --relax --mt 2 -L xil_defaultlib -L unisims_ver -L unimacro_ver -L secureip --snapshot tb_mul_poly_matrix_behav xil_defaultlib.tb_mul_poly_matrix xil_defaultlib.glbl -log elaborate.log 
Using 2 slave threads.
Starting static elaboration
Pass Through NonSizing Optimizer
Completed static elaboration
Starting simulation data flow analysis
Completed simulation data flow analysis
Time Resolution for simulation is 1ps
Compiling module xil_defaultlib.add_cell_default
Compiling module xil_defaultlib.barret
Compiling module xil_defaultlib.Rom_mul
Compiling module xil_defaultlib.BoothDecode
Compiling module xil_defaultlib.mul_12bit_default
Compiling module xil_defaultlib.mul_poly
Compiling module xil_defaultlib.mul_poly_matrix
Compiling module xil_defaultlib.mul_cel_default
Compiling module xil_defaultlib.tb_mul_poly_matrix
Compiling module xil_defaultlib.glbl
Built simulation snapshot tb_mul_poly_matrix_behav
INFO: [USF-XSim-69] 'elaborate' step finished in '2' seconds
INFO: [USF-XSim-4] XSim::Simulate design
INFO: [USF-XSim-61] Executing 'SIMULATE' step in 'C:/Hung/Viettel/Stage2/ML-KEM/mul_poly/mul_matrix/mul_matrix.sim/sim_1/behav/xsim'
INFO: [USF-XSim-98] *** Running xsim
   with args "tb_mul_poly_matrix_behav -key {Behavioral:sim_1:Functional:tb_mul_poly_matrix} -tclbatch {tb_mul_poly_matrix.tcl} -view {C:/Hung/Viettel/Stage2/ML-KEM/mul_poly/mul_matrix/tb_mul_12bit_behav.wcfg} -log {simulate.log}"
INFO: [USF-XSim-8] Loading simulator feature
Time resolution is 1 ps
open_wave_config C:/Hung/Viettel/Stage2/ML-KEM/mul_poly/mul_matrix/tb_mul_12bit_behav.wcfg
WARNING: Simulation object /tb_mul_poly_matrix/count_clock was not found in the design.
source tb_mul_poly_matrix.tcl
# set curr_wave [current_wave_config]
# if { [string length $curr_wave] == 0 } {
#   if { [llength [get_objects]] > 0} {
#     add_wave /
#     set_property needs_save false [current_wave_config]
#   } else {
#      send_msg_id Add_Wave-1 WARNING "No top level signals found. Simulator will start without a wave window. If you want to open a wave window go to 'File->New Waveform Configuration' or type 'create_wave_config' in the TCL console."
#   }
# }
# run 100000ns
               a: 000 000 000 000 000 000 000 000 000 000 000 000 819 0df 00b ae1
               b: 000 000 000 000 000 000 000 000 000 000 000 000 63f 3a6 1cc 7e6
xsim: Time (s): cpu = 00:00:03 ; elapsed = 00:00:05 . Memory (MB): peak = 1251.383 ; gain = 0.000
INFO: [USF-XSim-96] XSim completed. Design snapshot 'tb_mul_poly_matrix_behav' loaded.
INFO: [USF-XSim-97] XSim simulation ran for 100000ns
launch_simulation: Time (s): cpu = 00:00:04 ; elapsed = 00:00:09 . Memory (MB): peak = 1251.383 ; gain = 0.000
relaunch_sim
Command: launch_simulation -step compile -simset sim_1 -mode behavioral
INFO: [Vivado 12-12493] Simulation top is 'tb_mul_poly_matrix'
WARNING: [Vivado 12-13340] Unable to auto find GCC executables from simulator install path! (path not set)
WARNING: [Vivado 12-13277] Compiled library path does not exist: ''
INFO: [Vivado 12-5682] Launching behavioral simulation in 'C:/Hung/Viettel/Stage2/ML-KEM/mul_poly/mul_matrix/mul_matrix.sim/sim_1/behav/xsim'
INFO: [SIM-utils-51] Simulation object is 'sim_1'
INFO: [USF-XSim-2] XSim::Compile design
INFO: [USF-XSim-61] Executing 'COMPILE and ANALYZE' step in 'C:/Hung/Viettel/Stage2/ML-KEM/mul_poly/mul_matrix/mul_matrix.sim/sim_1/behav/xsim'
"xvlog --incr --relax -prj tb_mul_poly_matrix_vlog.prj"
INFO: [VRFC 10-2263] Analyzing Verilog file "C:/Hung/Viettel/Stage2/ML-KEM/mul_poly/BoothDecode.v" into library xil_defaultlib
INFO: [VRFC 10-311] analyzing module BoothDecode
INFO: [VRFC 10-2263] Analyzing Verilog file "C:/Hung/Viettel/Stage2/ML-KEM/mul_poly/Rom_mul.v" into library xil_defaultlib
INFO: [VRFC 10-311] analyzing module Rom_mul
INFO: [VRFC 10-2263] Analyzing Verilog file "C:/Hung/Viettel/Stage2/ML-KEM/mul_poly/add_cell.v" into library xil_defaultlib
INFO: [VRFC 10-311] analyzing module add_cell
INFO: [VRFC 10-2263] Analyzing Verilog file "C:/Hung/Viettel/Stage2/ML-KEM/NTT/barret.v" into library xil_defaultlib
INFO: [VRFC 10-311] analyzing module barret
INFO: [VRFC 10-2263] Analyzing Verilog file "C:/Hung/Viettel/Stage2/ML-KEM/mul_poly/mul_12bit.v" into library xil_defaultlib
INFO: [VRFC 10-311] analyzing module mul_12bit
INFO: [VRFC 10-2263] Analyzing Verilog file "C:/Hung/Viettel/Stage2/ML-KEM/mul_poly/mul_cell.v" into library xil_defaultlib
INFO: [VRFC 10-311] analyzing module mul_cel
INFO: [VRFC 10-2263] Analyzing Verilog file "C:/Hung/Viettel/Stage2/ML-KEM/mul_poly/mul_poly.v" into library xil_defaultlib
INFO: [VRFC 10-311] analyzing module mul_poly
INFO: [VRFC 10-2263] Analyzing Verilog file "C:/Hung/Viettel/Stage2/ML-KEM/mul_poly/mul_poly_matrix.v" into library xil_defaultlib
INFO: [VRFC 10-311] analyzing module mul_poly_matrix
INFO: [VRFC 10-2263] Analyzing Verilog file "C:/Hung/Viettel/Stage2/ML-KEM/mul_poly/tb_mul_poly_matrix.v" into library xil_defaultlib
INFO: [VRFC 10-311] analyzing module tb_mul_poly_matrix
INFO: [USF-XSim-69] 'compile' step finished in '1' seconds
Command: launch_simulation -step elaborate -simset sim_1 -mode behavioral
INFO: [Vivado 12-12493] Simulation top is 'tb_mul_poly_matrix'
WARNING: [Vivado 12-13340] Unable to auto find GCC executables from simulator install path! (path not set)
WARNING: [Vivado 12-13277] Compiled library path does not exist: ''
INFO: [Vivado 12-5682] Launching behavioral simulation in 'C:/Hung/Viettel/Stage2/ML-KEM/mul_poly/mul_matrix/mul_matrix.sim/sim_1/behav/xsim'
INFO: [SIM-utils-51] Simulation object is 'sim_1'
INFO: [USF-XSim-3] XSim::Elaborate design
INFO: [USF-XSim-61] Executing 'ELABORATE' step in 'C:/Hung/Viettel/Stage2/ML-KEM/mul_poly/mul_matrix/mul_matrix.sim/sim_1/behav/xsim'
"xelab --incr --debug typical --relax --mt 2 -L xil_defaultlib -L unisims_ver -L unimacro_ver -L secureip --snapshot tb_mul_poly_matrix_behav xil_defaultlib.tb_mul_poly_matrix xil_defaultlib.glbl -log elaborate.log"
Vivado Simulator v2022.2.2
Copyright 1986-1999, 2001-2022 Xilinx, Inc. All Rights Reserved.
Running: C:/Xilinx/Vivado/2022.2/bin/unwrapped/win64.o/xelab.exe --incr --debug typical --relax --mt 2 -L xil_defaultlib -L unisims_ver -L unimacro_ver -L secureip --snapshot tb_mul_poly_matrix_behav xil_defaultlib.tb_mul_poly_matrix xil_defaultlib.glbl -log elaborate.log 
Using 2 slave threads.
Starting static elaboration
Pass Through NonSizing Optimizer
Completed static elaboration
Starting simulation data flow analysis
Completed simulation data flow analysis
Time Resolution for simulation is 1ps
Compiling module xil_defaultlib.add_cell_default
Compiling module xil_defaultlib.barret
Compiling module xil_defaultlib.Rom_mul
Compiling module xil_defaultlib.BoothDecode
Compiling module xil_defaultlib.mul_12bit_default
Compiling module xil_defaultlib.mul_poly
Compiling module xil_defaultlib.mul_poly_matrix
Compiling module xil_defaultlib.mul_cel_default
Compiling module xil_defaultlib.tb_mul_poly_matrix
Compiling module xil_defaultlib.glbl
Built simulation snapshot tb_mul_poly_matrix_behav
INFO: [USF-XSim-69] 'elaborate' step finished in '2' seconds
Time resolution is 1 ps
               a: 000 000 000 000 000 000 000 000 000 000 000 000 819 0df 00b ae1
               b: 000 000 000 000 000 000 000 000 000 000 000 000 63f 3a6 1cc 7e6
relaunch_sim: Time (s): cpu = 00:00:01 ; elapsed = 00:00:09 . Memory (MB): peak = 1252.469 ; gain = 0.000
relaunch_sim
Command: launch_simulation -step compile -simset sim_1 -mode behavioral
INFO: [Vivado 12-12493] Simulation top is 'tb_mul_poly_matrix'
WARNING: [Vivado 12-13340] Unable to auto find GCC executables from simulator install path! (path not set)
WARNING: [Vivado 12-13277] Compiled library path does not exist: ''
INFO: [Vivado 12-5682] Launching behavioral simulation in 'C:/Hung/Viettel/Stage2/ML-KEM/mul_poly/mul_matrix/mul_matrix.sim/sim_1/behav/xsim'
INFO: [SIM-utils-51] Simulation object is 'sim_1'
INFO: [USF-XSim-2] XSim::Compile design
INFO: [USF-XSim-61] Executing 'COMPILE and ANALYZE' step in 'C:/Hung/Viettel/Stage2/ML-KEM/mul_poly/mul_matrix/mul_matrix.sim/sim_1/behav/xsim'
"xvlog --incr --relax -prj tb_mul_poly_matrix_vlog.prj"
INFO: [VRFC 10-2263] Analyzing Verilog file "C:/Hung/Viettel/Stage2/ML-KEM/mul_poly/BoothDecode.v" into library xil_defaultlib
INFO: [VRFC 10-311] analyzing module BoothDecode
INFO: [VRFC 10-2263] Analyzing Verilog file "C:/Hung/Viettel/Stage2/ML-KEM/mul_poly/Rom_mul.v" into library xil_defaultlib
INFO: [VRFC 10-311] analyzing module Rom_mul
INFO: [VRFC 10-2263] Analyzing Verilog file "C:/Hung/Viettel/Stage2/ML-KEM/mul_poly/add_cell.v" into library xil_defaultlib
INFO: [VRFC 10-311] analyzing module add_cell
INFO: [VRFC 10-2263] Analyzing Verilog file "C:/Hung/Viettel/Stage2/ML-KEM/NTT/barret.v" into library xil_defaultlib
INFO: [VRFC 10-311] analyzing module barret
INFO: [VRFC 10-2263] Analyzing Verilog file "C:/Hung/Viettel/Stage2/ML-KEM/mul_poly/mul_12bit.v" into library xil_defaultlib
INFO: [VRFC 10-311] analyzing module mul_12bit
INFO: [VRFC 10-2263] Analyzing Verilog file "C:/Hung/Viettel/Stage2/ML-KEM/mul_poly/mul_cell.v" into library xil_defaultlib
INFO: [VRFC 10-311] analyzing module mul_cel
INFO: [VRFC 10-2263] Analyzing Verilog file "C:/Hung/Viettel/Stage2/ML-KEM/mul_poly/mul_poly.v" into library xil_defaultlib
INFO: [VRFC 10-311] analyzing module mul_poly
INFO: [VRFC 10-2263] Analyzing Verilog file "C:/Hung/Viettel/Stage2/ML-KEM/mul_poly/mul_poly_matrix.v" into library xil_defaultlib
INFO: [VRFC 10-311] analyzing module mul_poly_matrix
INFO: [VRFC 10-2263] Analyzing Verilog file "C:/Hung/Viettel/Stage2/ML-KEM/mul_poly/tb_mul_poly_matrix.v" into library xil_defaultlib
INFO: [VRFC 10-311] analyzing module tb_mul_poly_matrix
INFO: [USF-XSim-69] 'compile' step finished in '1' seconds
Command: launch_simulation -step elaborate -simset sim_1 -mode behavioral
INFO: [Vivado 12-12493] Simulation top is 'tb_mul_poly_matrix'
WARNING: [Vivado 12-13340] Unable to auto find GCC executables from simulator install path! (path not set)
WARNING: [Vivado 12-13277] Compiled library path does not exist: ''
INFO: [Vivado 12-5682] Launching behavioral simulation in 'C:/Hung/Viettel/Stage2/ML-KEM/mul_poly/mul_matrix/mul_matrix.sim/sim_1/behav/xsim'
INFO: [SIM-utils-51] Simulation object is 'sim_1'
INFO: [USF-XSim-3] XSim::Elaborate design
INFO: [USF-XSim-61] Executing 'ELABORATE' step in 'C:/Hung/Viettel/Stage2/ML-KEM/mul_poly/mul_matrix/mul_matrix.sim/sim_1/behav/xsim'
"xelab --incr --debug typical --relax --mt 2 -L xil_defaultlib -L unisims_ver -L unimacro_ver -L secureip --snapshot tb_mul_poly_matrix_behav xil_defaultlib.tb_mul_poly_matrix xil_defaultlib.glbl -log elaborate.log"
Vivado Simulator v2022.2.2
Copyright 1986-1999, 2001-2022 Xilinx, Inc. All Rights Reserved.
Running: C:/Xilinx/Vivado/2022.2/bin/unwrapped/win64.o/xelab.exe --incr --debug typical --relax --mt 2 -L xil_defaultlib -L unisims_ver -L unimacro_ver -L secureip --snapshot tb_mul_poly_matrix_behav xil_defaultlib.tb_mul_poly_matrix xil_defaultlib.glbl -log elaborate.log 
Using 2 slave threads.
Starting static elaboration
Pass Through NonSizing Optimizer
Completed static elaboration
Starting simulation data flow analysis
Completed simulation data flow analysis
Time Resolution for simulation is 1ps
Compiling module xil_defaultlib.add_cell_default
Compiling module xil_defaultlib.barret
Compiling module xil_defaultlib.Rom_mul
Compiling module xil_defaultlib.BoothDecode
Compiling module xil_defaultlib.mul_12bit_default
Compiling module xil_defaultlib.mul_poly
Compiling module xil_defaultlib.mul_poly_matrix
Compiling module xil_defaultlib.mul_cel_default
Compiling module xil_defaultlib.tb_mul_poly_matrix
Compiling module xil_defaultlib.glbl
Built simulation snapshot tb_mul_poly_matrix_behav
INFO: [USF-XSim-69] 'elaborate' step finished in '2' seconds
Time resolution is 1 ps
               a: 000 000 000 000 000 000 000 000 000 000 000 000 819 0df 00b ae1
               b: 000 000 000 000 000 000 000 000 000 000 000 000 63f 3a6 1cc 7e6
relaunch_sim: Time (s): cpu = 00:00:01 ; elapsed = 00:00:09 . Memory (MB): peak = 1255.031 ; gain = 0.000
relaunch_sim
Command: launch_simulation -step compile -simset sim_1 -mode behavioral
INFO: [Vivado 12-12493] Simulation top is 'tb_mul_poly_matrix'
WARNING: [Vivado 12-13340] Unable to auto find GCC executables from simulator install path! (path not set)
WARNING: [Vivado 12-13277] Compiled library path does not exist: ''
INFO: [Vivado 12-5682] Launching behavioral simulation in 'C:/Hung/Viettel/Stage2/ML-KEM/mul_poly/mul_matrix/mul_matrix.sim/sim_1/behav/xsim'
INFO: [SIM-utils-51] Simulation object is 'sim_1'
INFO: [USF-XSim-2] XSim::Compile design
INFO: [USF-XSim-61] Executing 'COMPILE and ANALYZE' step in 'C:/Hung/Viettel/Stage2/ML-KEM/mul_poly/mul_matrix/mul_matrix.sim/sim_1/behav/xsim'
"xvlog --incr --relax -prj tb_mul_poly_matrix_vlog.prj"
INFO: [VRFC 10-2263] Analyzing Verilog file "C:/Hung/Viettel/Stage2/ML-KEM/mul_poly/BoothDecode.v" into library xil_defaultlib
INFO: [VRFC 10-311] analyzing module BoothDecode
INFO: [VRFC 10-2263] Analyzing Verilog file "C:/Hung/Viettel/Stage2/ML-KEM/mul_poly/Rom_mul.v" into library xil_defaultlib
INFO: [VRFC 10-311] analyzing module Rom_mul
INFO: [VRFC 10-2263] Analyzing Verilog file "C:/Hung/Viettel/Stage2/ML-KEM/mul_poly/add_cell.v" into library xil_defaultlib
INFO: [VRFC 10-311] analyzing module add_cell
INFO: [VRFC 10-2263] Analyzing Verilog file "C:/Hung/Viettel/Stage2/ML-KEM/NTT/barret.v" into library xil_defaultlib
INFO: [VRFC 10-311] analyzing module barret
INFO: [VRFC 10-2263] Analyzing Verilog file "C:/Hung/Viettel/Stage2/ML-KEM/mul_poly/mul_12bit.v" into library xil_defaultlib
INFO: [VRFC 10-311] analyzing module mul_12bit
INFO: [VRFC 10-2263] Analyzing Verilog file "C:/Hung/Viettel/Stage2/ML-KEM/mul_poly/mul_cell.v" into library xil_defaultlib
INFO: [VRFC 10-311] analyzing module mul_cel
INFO: [VRFC 10-2263] Analyzing Verilog file "C:/Hung/Viettel/Stage2/ML-KEM/mul_poly/mul_poly.v" into library xil_defaultlib
INFO: [VRFC 10-311] analyzing module mul_poly
INFO: [VRFC 10-2263] Analyzing Verilog file "C:/Hung/Viettel/Stage2/ML-KEM/mul_poly/mul_poly_matrix.v" into library xil_defaultlib
INFO: [VRFC 10-311] analyzing module mul_poly_matrix
INFO: [VRFC 10-2263] Analyzing Verilog file "C:/Hung/Viettel/Stage2/ML-KEM/mul_poly/tb_mul_poly_matrix.v" into library xil_defaultlib
INFO: [VRFC 10-311] analyzing module tb_mul_poly_matrix
INFO: [USF-XSim-69] 'compile' step finished in '1' seconds
Command: launch_simulation -step elaborate -simset sim_1 -mode behavioral
INFO: [Vivado 12-12493] Simulation top is 'tb_mul_poly_matrix'
WARNING: [Vivado 12-13340] Unable to auto find GCC executables from simulator install path! (path not set)
WARNING: [Vivado 12-13277] Compiled library path does not exist: ''
INFO: [Vivado 12-5682] Launching behavioral simulation in 'C:/Hung/Viettel/Stage2/ML-KEM/mul_poly/mul_matrix/mul_matrix.sim/sim_1/behav/xsim'
INFO: [SIM-utils-51] Simulation object is 'sim_1'
INFO: [USF-XSim-3] XSim::Elaborate design
INFO: [USF-XSim-61] Executing 'ELABORATE' step in 'C:/Hung/Viettel/Stage2/ML-KEM/mul_poly/mul_matrix/mul_matrix.sim/sim_1/behav/xsim'
"xelab --incr --debug typical --relax --mt 2 -L xil_defaultlib -L unisims_ver -L unimacro_ver -L secureip --snapshot tb_mul_poly_matrix_behav xil_defaultlib.tb_mul_poly_matrix xil_defaultlib.glbl -log elaborate.log"
Vivado Simulator v2022.2.2
Copyright 1986-1999, 2001-2022 Xilinx, Inc. All Rights Reserved.
Running: C:/Xilinx/Vivado/2022.2/bin/unwrapped/win64.o/xelab.exe --incr --debug typical --relax --mt 2 -L xil_defaultlib -L unisims_ver -L unimacro_ver -L secureip --snapshot tb_mul_poly_matrix_behav xil_defaultlib.tb_mul_poly_matrix xil_defaultlib.glbl -log elaborate.log 
Using 2 slave threads.
Starting static elaboration
Pass Through NonSizing Optimizer
Completed static elaboration
Starting simulation data flow analysis
Completed simulation data flow analysis
Time Resolution for simulation is 1ps
Compiling module xil_defaultlib.add_cell_default
Compiling module xil_defaultlib.barret
Compiling module xil_defaultlib.Rom_mul
Compiling module xil_defaultlib.BoothDecode
Compiling module xil_defaultlib.mul_12bit_default
Compiling module xil_defaultlib.mul_poly
Compiling module xil_defaultlib.mul_poly_matrix
Compiling module xil_defaultlib.mul_cel_default
Compiling module xil_defaultlib.tb_mul_poly_matrix
Compiling module xil_defaultlib.glbl
Built simulation snapshot tb_mul_poly_matrix_behav
INFO: [USF-XSim-69] 'elaborate' step finished in '2' seconds
Time resolution is 1 ps
               a: 000 000 000 000 000 000 000 000 000 000 000 000 819 0df 00b ae1
               b: 000 000 000 000 000 000 000 000 000 000 000 000 63f 3a6 1cc 7e6
relaunch_sim: Time (s): cpu = 00:00:00 ; elapsed = 00:00:09 . Memory (MB): peak = 1255.371 ; gain = 0.000
relaunch_sim
Command: launch_simulation -step compile -simset sim_1 -mode behavioral
INFO: [Vivado 12-12493] Simulation top is 'tb_mul_poly_matrix'
WARNING: [Vivado 12-13340] Unable to auto find GCC executables from simulator install path! (path not set)
WARNING: [Vivado 12-13277] Compiled library path does not exist: ''
INFO: [Vivado 12-5682] Launching behavioral simulation in 'C:/Hung/Viettel/Stage2/ML-KEM/mul_poly/mul_matrix/mul_matrix.sim/sim_1/behav/xsim'
INFO: [SIM-utils-51] Simulation object is 'sim_1'
INFO: [USF-XSim-2] XSim::Compile design
INFO: [USF-XSim-61] Executing 'COMPILE and ANALYZE' step in 'C:/Hung/Viettel/Stage2/ML-KEM/mul_poly/mul_matrix/mul_matrix.sim/sim_1/behav/xsim'
"xvlog --incr --relax -prj tb_mul_poly_matrix_vlog.prj"
INFO: [VRFC 10-2263] Analyzing Verilog file "C:/Hung/Viettel/Stage2/ML-KEM/mul_poly/BoothDecode.v" into library xil_defaultlib
INFO: [VRFC 10-311] analyzing module BoothDecode
INFO: [VRFC 10-2263] Analyzing Verilog file "C:/Hung/Viettel/Stage2/ML-KEM/mul_poly/Rom_mul.v" into library xil_defaultlib
INFO: [VRFC 10-311] analyzing module Rom_mul
INFO: [VRFC 10-2263] Analyzing Verilog file "C:/Hung/Viettel/Stage2/ML-KEM/mul_poly/add_cell.v" into library xil_defaultlib
INFO: [VRFC 10-311] analyzing module add_cell
INFO: [VRFC 10-2263] Analyzing Verilog file "C:/Hung/Viettel/Stage2/ML-KEM/NTT/barret.v" into library xil_defaultlib
INFO: [VRFC 10-311] analyzing module barret
INFO: [VRFC 10-2263] Analyzing Verilog file "C:/Hung/Viettel/Stage2/ML-KEM/mul_poly/mul_12bit.v" into library xil_defaultlib
INFO: [VRFC 10-311] analyzing module mul_12bit
INFO: [VRFC 10-2263] Analyzing Verilog file "C:/Hung/Viettel/Stage2/ML-KEM/mul_poly/mul_cell.v" into library xil_defaultlib
INFO: [VRFC 10-311] analyzing module mul_cel
INFO: [VRFC 10-2263] Analyzing Verilog file "C:/Hung/Viettel/Stage2/ML-KEM/mul_poly/mul_poly.v" into library xil_defaultlib
INFO: [VRFC 10-311] analyzing module mul_poly
INFO: [VRFC 10-2263] Analyzing Verilog file "C:/Hung/Viettel/Stage2/ML-KEM/mul_poly/mul_poly_matrix.v" into library xil_defaultlib
INFO: [VRFC 10-311] analyzing module mul_poly_matrix
INFO: [VRFC 10-2263] Analyzing Verilog file "C:/Hung/Viettel/Stage2/ML-KEM/mul_poly/tb_mul_poly_matrix.v" into library xil_defaultlib
INFO: [VRFC 10-311] analyzing module tb_mul_poly_matrix
INFO: [USF-XSim-69] 'compile' step finished in '2' seconds
Command: launch_simulation -step elaborate -simset sim_1 -mode behavioral
INFO: [Vivado 12-12493] Simulation top is 'tb_mul_poly_matrix'
WARNING: [Vivado 12-13340] Unable to auto find GCC executables from simulator install path! (path not set)
WARNING: [Vivado 12-13277] Compiled library path does not exist: ''
INFO: [Vivado 12-5682] Launching behavioral simulation in 'C:/Hung/Viettel/Stage2/ML-KEM/mul_poly/mul_matrix/mul_matrix.sim/sim_1/behav/xsim'
INFO: [SIM-utils-51] Simulation object is 'sim_1'
INFO: [USF-XSim-3] XSim::Elaborate design
INFO: [USF-XSim-61] Executing 'ELABORATE' step in 'C:/Hung/Viettel/Stage2/ML-KEM/mul_poly/mul_matrix/mul_matrix.sim/sim_1/behav/xsim'
"xelab --incr --debug typical --relax --mt 2 -L xil_defaultlib -L unisims_ver -L unimacro_ver -L secureip --snapshot tb_mul_poly_matrix_behav xil_defaultlib.tb_mul_poly_matrix xil_defaultlib.glbl -log elaborate.log"
Vivado Simulator v2022.2.2
Copyright 1986-1999, 2001-2022 Xilinx, Inc. All Rights Reserved.
Running: C:/Xilinx/Vivado/2022.2/bin/unwrapped/win64.o/xelab.exe --incr --debug typical --relax --mt 2 -L xil_defaultlib -L unisims_ver -L unimacro_ver -L secureip --snapshot tb_mul_poly_matrix_behav xil_defaultlib.tb_mul_poly_matrix xil_defaultlib.glbl -log elaborate.log 
Using 2 slave threads.
Starting static elaboration
Pass Through NonSizing Optimizer
Completed static elaboration
Starting simulation data flow analysis
Completed simulation data flow analysis
Time Resolution for simulation is 1ps
Compiling module xil_defaultlib.add_cell_default
Compiling module xil_defaultlib.barret
Compiling module xil_defaultlib.Rom_mul
Compiling module xil_defaultlib.BoothDecode
Compiling module xil_defaultlib.mul_12bit_default
Compiling module xil_defaultlib.mul_poly
Compiling module xil_defaultlib.mul_poly_matrix
Compiling module xil_defaultlib.mul_cel_default
Compiling module xil_defaultlib.tb_mul_poly_matrix
Compiling module xil_defaultlib.glbl
Built simulation snapshot tb_mul_poly_matrix_behav
INFO: [USF-XSim-69] 'elaborate' step finished in '2' seconds
Time resolution is 1 ps
               a: 000 000 000 000 000 000 000 000 000 000 000 000 000 000 000 000
               b: 000 000 000 000 000 000 000 000 000 000 000 000 000 000 000 000
             res: 000 000 3b0 000 3b0 000 000 000 000 000 3b0 000 3b0 000 000 000
expect r12..r15 = {b65, 967, c71, 6a7}
got    r12..r15 = {3b0, 000, 000, 000}
FAIL
$finish called at time : 362500 ps : File "C:/Hung/Viettel/Stage2/ML-KEM/mul_poly/tb_mul_poly_matrix.v" Line 116
relaunch_sim: Time (s): cpu = 00:00:00 ; elapsed = 00:00:05 . Memory (MB): peak = 1255.844 ; gain = 0.000
relaunch_sim
Command: launch_simulation -step compile -simset sim_1 -mode behavioral
INFO: [Vivado 12-12493] Simulation top is 'tb_mul_poly_matrix'
WARNING: [Vivado 12-13340] Unable to auto find GCC executables from simulator install path! (path not set)
WARNING: [Vivado 12-13277] Compiled library path does not exist: ''
INFO: [Vivado 12-5682] Launching behavioral simulation in 'C:/Hung/Viettel/Stage2/ML-KEM/mul_poly/mul_matrix/mul_matrix.sim/sim_1/behav/xsim'
INFO: [SIM-utils-51] Simulation object is 'sim_1'
INFO: [USF-XSim-2] XSim::Compile design
INFO: [USF-XSim-61] Executing 'COMPILE and ANALYZE' step in 'C:/Hung/Viettel/Stage2/ML-KEM/mul_poly/mul_matrix/mul_matrix.sim/sim_1/behav/xsim'
"xvlog --incr --relax -prj tb_mul_poly_matrix_vlog.prj"
INFO: [VRFC 10-2263] Analyzing Verilog file "C:/Hung/Viettel/Stage2/ML-KEM/mul_poly/BoothDecode.v" into library xil_defaultlib
INFO: [VRFC 10-311] analyzing module BoothDecode
INFO: [VRFC 10-2263] Analyzing Verilog file "C:/Hung/Viettel/Stage2/ML-KEM/mul_poly/Rom_mul.v" into library xil_defaultlib
INFO: [VRFC 10-311] analyzing module Rom_mul
INFO: [VRFC 10-2263] Analyzing Verilog file "C:/Hung/Viettel/Stage2/ML-KEM/mul_poly/add_cell.v" into library xil_defaultlib
INFO: [VRFC 10-311] analyzing module add_cell
INFO: [VRFC 10-2263] Analyzing Verilog file "C:/Hung/Viettel/Stage2/ML-KEM/NTT/barret.v" into library xil_defaultlib
INFO: [VRFC 10-311] analyzing module barret
INFO: [VRFC 10-2263] Analyzing Verilog file "C:/Hung/Viettel/Stage2/ML-KEM/mul_poly/mul_12bit.v" into library xil_defaultlib
INFO: [VRFC 10-311] analyzing module mul_12bit
INFO: [VRFC 10-2263] Analyzing Verilog file "C:/Hung/Viettel/Stage2/ML-KEM/mul_poly/mul_cell.v" into library xil_defaultlib
INFO: [VRFC 10-311] analyzing module mul_cel
INFO: [VRFC 10-2263] Analyzing Verilog file "C:/Hung/Viettel/Stage2/ML-KEM/mul_poly/mul_poly.v" into library xil_defaultlib
INFO: [VRFC 10-311] analyzing module mul_poly
INFO: [VRFC 10-2263] Analyzing Verilog file "C:/Hung/Viettel/Stage2/ML-KEM/mul_poly/mul_poly_matrix.v" into library xil_defaultlib
INFO: [VRFC 10-311] analyzing module mul_poly_matrix
INFO: [VRFC 10-2263] Analyzing Verilog file "C:/Hung/Viettel/Stage2/ML-KEM/mul_poly/tb_mul_poly_matrix.v" into library xil_defaultlib
INFO: [VRFC 10-311] analyzing module tb_mul_poly_matrix
INFO: [USF-XSim-69] 'compile' step finished in '2' seconds
Command: launch_simulation -step elaborate -simset sim_1 -mode behavioral
INFO: [Vivado 12-12493] Simulation top is 'tb_mul_poly_matrix'
WARNING: [Vivado 12-13340] Unable to auto find GCC executables from simulator install path! (path not set)
WARNING: [Vivado 12-13277] Compiled library path does not exist: ''
INFO: [Vivado 12-5682] Launching behavioral simulation in 'C:/Hung/Viettel/Stage2/ML-KEM/mul_poly/mul_matrix/mul_matrix.sim/sim_1/behav/xsim'
INFO: [SIM-utils-51] Simulation object is 'sim_1'
INFO: [USF-XSim-3] XSim::Elaborate design
INFO: [USF-XSim-61] Executing 'ELABORATE' step in 'C:/Hung/Viettel/Stage2/ML-KEM/mul_poly/mul_matrix/mul_matrix.sim/sim_1/behav/xsim'
"xelab --incr --debug typical --relax --mt 2 -L xil_defaultlib -L unisims_ver -L unimacro_ver -L secureip --snapshot tb_mul_poly_matrix_behav xil_defaultlib.tb_mul_poly_matrix xil_defaultlib.glbl -log elaborate.log"
Vivado Simulator v2022.2.2
Copyright 1986-1999, 2001-2022 Xilinx, Inc. All Rights Reserved.
Running: C:/Xilinx/Vivado/2022.2/bin/unwrapped/win64.o/xelab.exe --incr --debug typical --relax --mt 2 -L xil_defaultlib -L unisims_ver -L unimacro_ver -L secureip --snapshot tb_mul_poly_matrix_behav xil_defaultlib.tb_mul_poly_matrix xil_defaultlib.glbl -log elaborate.log 
Using 2 slave threads.
Starting static elaboration
Pass Through NonSizing Optimizer
Completed static elaboration
Starting simulation data flow analysis
Completed simulation data flow analysis
Time Resolution for simulation is 1ps
Compiling module xil_defaultlib.add_cell_default
Compiling module xil_defaultlib.barret
Compiling module xil_defaultlib.Rom_mul
Compiling module xil_defaultlib.BoothDecode
Compiling module xil_defaultlib.mul_12bit_default
Compiling module xil_defaultlib.mul_poly
Compiling module xil_defaultlib.mul_poly_matrix
Compiling module xil_defaultlib.mul_cel_default
Compiling module xil_defaultlib.tb_mul_poly_matrix
Compiling module xil_defaultlib.glbl
Built simulation snapshot tb_mul_poly_matrix_behav
INFO: [USF-XSim-69] 'elaborate' step finished in '2' seconds
Time resolution is 1 ps
               a: 000 000 000 000 000 000 000 000 000 000 000 000 000 000 000 000
               b: 000 000 000 000 000 000 000 000 000 000 000 000 000 000 000 000
             res: 000 000 1bf 000 1bf 000 000 000 000 000 1bf 000 882 967 b29 6a7
expect r12..r15 = {b65, 967, c71, 6a7}
got    r12..r15 = {882, 967, b29, 6a7}
FAIL
$finish called at time : 362500 ps : File "C:/Hung/Viettel/Stage2/ML-KEM/mul_poly/tb_mul_poly_matrix.v" Line 116
relaunch_sim: Time (s): cpu = 00:00:00 ; elapsed = 00:00:05 . Memory (MB): peak = 1257.836 ; gain = 0.000
relaunch_sim
Command: launch_simulation -step compile -simset sim_1 -mode behavioral
INFO: [Vivado 12-12493] Simulation top is 'tb_mul_poly_matrix'
WARNING: [Vivado 12-13340] Unable to auto find GCC executables from simulator install path! (path not set)
WARNING: [Vivado 12-13277] Compiled library path does not exist: ''
INFO: [Vivado 12-5682] Launching behavioral simulation in 'C:/Hung/Viettel/Stage2/ML-KEM/mul_poly/mul_matrix/mul_matrix.sim/sim_1/behav/xsim'
INFO: [SIM-utils-51] Simulation object is 'sim_1'
INFO: [USF-XSim-2] XSim::Compile design
INFO: [USF-XSim-61] Executing 'COMPILE and ANALYZE' step in 'C:/Hung/Viettel/Stage2/ML-KEM/mul_poly/mul_matrix/mul_matrix.sim/sim_1/behav/xsim'
"xvlog --incr --relax -prj tb_mul_poly_matrix_vlog.prj"
INFO: [VRFC 10-2263] Analyzing Verilog file "C:/Hung/Viettel/Stage2/ML-KEM/mul_poly/BoothDecode.v" into library xil_defaultlib
INFO: [VRFC 10-311] analyzing module BoothDecode
INFO: [VRFC 10-2263] Analyzing Verilog file "C:/Hung/Viettel/Stage2/ML-KEM/mul_poly/Rom_mul.v" into library xil_defaultlib
INFO: [VRFC 10-311] analyzing module Rom_mul
INFO: [VRFC 10-2263] Analyzing Verilog file "C:/Hung/Viettel/Stage2/ML-KEM/mul_poly/add_cell.v" into library xil_defaultlib
INFO: [VRFC 10-311] analyzing module add_cell
INFO: [VRFC 10-2263] Analyzing Verilog file "C:/Hung/Viettel/Stage2/ML-KEM/NTT/barret.v" into library xil_defaultlib
INFO: [VRFC 10-311] analyzing module barret
INFO: [VRFC 10-2263] Analyzing Verilog file "C:/Hung/Viettel/Stage2/ML-KEM/mul_poly/mul_12bit.v" into library xil_defaultlib
INFO: [VRFC 10-311] analyzing module mul_12bit
INFO: [VRFC 10-2263] Analyzing Verilog file "C:/Hung/Viettel/Stage2/ML-KEM/mul_poly/mul_cell.v" into library xil_defaultlib
INFO: [VRFC 10-311] analyzing module mul_cel
INFO: [VRFC 10-2263] Analyzing Verilog file "C:/Hung/Viettel/Stage2/ML-KEM/mul_poly/mul_poly.v" into library xil_defaultlib
INFO: [VRFC 10-311] analyzing module mul_poly
INFO: [VRFC 10-2263] Analyzing Verilog file "C:/Hung/Viettel/Stage2/ML-KEM/mul_poly/mul_poly_matrix.v" into library xil_defaultlib
INFO: [VRFC 10-311] analyzing module mul_poly_matrix
INFO: [VRFC 10-2263] Analyzing Verilog file "C:/Hung/Viettel/Stage2/ML-KEM/mul_poly/tb_mul_poly_matrix.v" into library xil_defaultlib
INFO: [VRFC 10-311] analyzing module tb_mul_poly_matrix
INFO: [USF-XSim-69] 'compile' step finished in '1' seconds
Command: launch_simulation -step elaborate -simset sim_1 -mode behavioral
INFO: [Vivado 12-12493] Simulation top is 'tb_mul_poly_matrix'
WARNING: [Vivado 12-13340] Unable to auto find GCC executables from simulator install path! (path not set)
WARNING: [Vivado 12-13277] Compiled library path does not exist: ''
INFO: [Vivado 12-5682] Launching behavioral simulation in 'C:/Hung/Viettel/Stage2/ML-KEM/mul_poly/mul_matrix/mul_matrix.sim/sim_1/behav/xsim'
INFO: [SIM-utils-51] Simulation object is 'sim_1'
INFO: [USF-XSim-3] XSim::Elaborate design
INFO: [USF-XSim-61] Executing 'ELABORATE' step in 'C:/Hung/Viettel/Stage2/ML-KEM/mul_poly/mul_matrix/mul_matrix.sim/sim_1/behav/xsim'
"xelab --incr --debug typical --relax --mt 2 -L xil_defaultlib -L unisims_ver -L unimacro_ver -L secureip --snapshot tb_mul_poly_matrix_behav xil_defaultlib.tb_mul_poly_matrix xil_defaultlib.glbl -log elaborate.log"
Vivado Simulator v2022.2.2
Copyright 1986-1999, 2001-2022 Xilinx, Inc. All Rights Reserved.
Running: C:/Xilinx/Vivado/2022.2/bin/unwrapped/win64.o/xelab.exe --incr --debug typical --relax --mt 2 -L xil_defaultlib -L unisims_ver -L unimacro_ver -L secureip --snapshot tb_mul_poly_matrix_behav xil_defaultlib.tb_mul_poly_matrix xil_defaultlib.glbl -log elaborate.log 
Using 2 slave threads.
Starting static elaboration
Pass Through NonSizing Optimizer
Completed static elaboration
Starting simulation data flow analysis
Completed simulation data flow analysis
Time Resolution for simulation is 1ps
Compiling module xil_defaultlib.add_cell_default
Compiling module xil_defaultlib.barret
Compiling module xil_defaultlib.Rom_mul
Compiling module xil_defaultlib.BoothDecode
Compiling module xil_defaultlib.mul_12bit_default
Compiling module xil_defaultlib.mul_poly
Compiling module xil_defaultlib.mul_poly_matrix
Compiling module xil_defaultlib.mul_cel_default
Compiling module xil_defaultlib.tb_mul_poly_matrix
Compiling module xil_defaultlib.glbl
Built simulation snapshot tb_mul_poly_matrix_behav
INFO: [USF-XSim-69] 'elaborate' step finished in '2' seconds
Time resolution is 1 ps
               a: 000 000 000 000 000 000 000 000 000 000 000 000 000 000 000 000
               b: 000 000 000 000 000 000 000 000 000 000 000 000 000 000 000 000
             res: 000 000 1bf 000 1bf 000 000 000 000 000 1bf 000 882 967 b29 6a7
expect r12..r15 = {b65, 967, c71, 6a7}
got    r12..r15 = {882, 967, b29, 6a7}
FAIL
$finish called at time : 362500 ps : File "C:/Hung/Viettel/Stage2/ML-KEM/mul_poly/tb_mul_poly_matrix.v" Line 116
relaunch_sim: Time (s): cpu = 00:00:00 ; elapsed = 00:00:06 . Memory (MB): peak = 1259.016 ; gain = 0.387
relaunch_sim
Command: launch_simulation -step compile -simset sim_1 -mode behavioral
INFO: [Vivado 12-12493] Simulation top is 'tb_mul_poly_matrix'
WARNING: [Vivado 12-13340] Unable to auto find GCC executables from simulator install path! (path not set)
WARNING: [Vivado 12-13277] Compiled library path does not exist: ''
INFO: [Vivado 12-5682] Launching behavioral simulation in 'C:/Hung/Viettel/Stage2/ML-KEM/mul_poly/mul_matrix/mul_matrix.sim/sim_1/behav/xsim'
INFO: [SIM-utils-51] Simulation object is 'sim_1'
INFO: [USF-XSim-2] XSim::Compile design
INFO: [USF-XSim-61] Executing 'COMPILE and ANALYZE' step in 'C:/Hung/Viettel/Stage2/ML-KEM/mul_poly/mul_matrix/mul_matrix.sim/sim_1/behav/xsim'
"xvlog --incr --relax -prj tb_mul_poly_matrix_vlog.prj"
INFO: [VRFC 10-2263] Analyzing Verilog file "C:/Hung/Viettel/Stage2/ML-KEM/mul_poly/BoothDecode.v" into library xil_defaultlib
INFO: [VRFC 10-311] analyzing module BoothDecode
INFO: [VRFC 10-2263] Analyzing Verilog file "C:/Hung/Viettel/Stage2/ML-KEM/mul_poly/Rom_mul.v" into library xil_defaultlib
INFO: [VRFC 10-311] analyzing module Rom_mul
INFO: [VRFC 10-2263] Analyzing Verilog file "C:/Hung/Viettel/Stage2/ML-KEM/mul_poly/add_cell.v" into library xil_defaultlib
INFO: [VRFC 10-311] analyzing module add_cell
INFO: [VRFC 10-2263] Analyzing Verilog file "C:/Hung/Viettel/Stage2/ML-KEM/NTT/barret.v" into library xil_defaultlib
INFO: [VRFC 10-311] analyzing module barret
INFO: [VRFC 10-2263] Analyzing Verilog file "C:/Hung/Viettel/Stage2/ML-KEM/mul_poly/mul_12bit.v" into library xil_defaultlib
INFO: [VRFC 10-311] analyzing module mul_12bit
INFO: [VRFC 10-2263] Analyzing Verilog file "C:/Hung/Viettel/Stage2/ML-KEM/mul_poly/mul_cell.v" into library xil_defaultlib
INFO: [VRFC 10-311] analyzing module mul_cel
INFO: [VRFC 10-2263] Analyzing Verilog file "C:/Hung/Viettel/Stage2/ML-KEM/mul_poly/mul_poly.v" into library xil_defaultlib
INFO: [VRFC 10-311] analyzing module mul_poly
INFO: [VRFC 10-2263] Analyzing Verilog file "C:/Hung/Viettel/Stage2/ML-KEM/mul_poly/mul_poly_matrix.v" into library xil_defaultlib
INFO: [VRFC 10-311] analyzing module mul_poly_matrix
INFO: [VRFC 10-2263] Analyzing Verilog file "C:/Hung/Viettel/Stage2/ML-KEM/mul_poly/tb_mul_poly_matrix.v" into library xil_defaultlib
INFO: [VRFC 10-311] analyzing module tb_mul_poly_matrix
INFO: [USF-XSim-69] 'compile' step finished in '1' seconds
Command: launch_simulation -step elaborate -simset sim_1 -mode behavioral
INFO: [Vivado 12-12493] Simulation top is 'tb_mul_poly_matrix'
WARNING: [Vivado 12-13340] Unable to auto find GCC executables from simulator install path! (path not set)
WARNING: [Vivado 12-13277] Compiled library path does not exist: ''
INFO: [Vivado 12-5682] Launching behavioral simulation in 'C:/Hung/Viettel/Stage2/ML-KEM/mul_poly/mul_matrix/mul_matrix.sim/sim_1/behav/xsim'
INFO: [SIM-utils-51] Simulation object is 'sim_1'
INFO: [USF-XSim-3] XSim::Elaborate design
INFO: [USF-XSim-61] Executing 'ELABORATE' step in 'C:/Hung/Viettel/Stage2/ML-KEM/mul_poly/mul_matrix/mul_matrix.sim/sim_1/behav/xsim'
"xelab --incr --debug typical --relax --mt 2 -L xil_defaultlib -L unisims_ver -L unimacro_ver -L secureip --snapshot tb_mul_poly_matrix_behav xil_defaultlib.tb_mul_poly_matrix xil_defaultlib.glbl -log elaborate.log"
Vivado Simulator v2022.2.2
Copyright 1986-1999, 2001-2022 Xilinx, Inc. All Rights Reserved.
Running: C:/Xilinx/Vivado/2022.2/bin/unwrapped/win64.o/xelab.exe --incr --debug typical --relax --mt 2 -L xil_defaultlib -L unisims_ver -L unimacro_ver -L secureip --snapshot tb_mul_poly_matrix_behav xil_defaultlib.tb_mul_poly_matrix xil_defaultlib.glbl -log elaborate.log 
Using 2 slave threads.
Starting static elaboration
Pass Through NonSizing Optimizer
Completed static elaboration
Starting simulation data flow analysis
Completed simulation data flow analysis
Time Resolution for simulation is 1ps
Compiling module xil_defaultlib.add_cell_default
Compiling module xil_defaultlib.barret
Compiling module xil_defaultlib.Rom_mul
Compiling module xil_defaultlib.BoothDecode
Compiling module xil_defaultlib.mul_12bit_default
Compiling module xil_defaultlib.mul_poly
Compiling module xil_defaultlib.mul_poly_matrix
Compiling module xil_defaultlib.mul_cel_default
Compiling module xil_defaultlib.tb_mul_poly_matrix
Compiling module xil_defaultlib.glbl
Built simulation snapshot tb_mul_poly_matrix_behav
INFO: [USF-XSim-69] 'elaborate' step finished in '3' seconds
Time resolution is 1 ps
               a: 000 000 000 000 000 000 000 000 000 000 000 000 000 000 000 000
               b: 000 000 000 000 000 000 000 000 000 000 000 000 000 000 000 000
             res: 000 000 1bf 000 1bf 000 000 000 000 000 1bf 000 882 967 b29 6a7
expect r12..r15 = {b65, 967, c71, 6a7}
got    r12..r15 = {882, 967, b29, 6a7}
FAIL
$finish called at time : 262500 ps : File "C:/Hung/Viettel/Stage2/ML-KEM/mul_poly/tb_mul_poly_matrix.v" Line 116
relaunch_sim: Time (s): cpu = 00:00:00 ; elapsed = 00:00:05 . Memory (MB): peak = 1259.016 ; gain = 0.000
relaunch_sim
Command: launch_simulation -step compile -simset sim_1 -mode behavioral
INFO: [Vivado 12-12493] Simulation top is 'tb_mul_poly_matrix'
WARNING: [Vivado 12-13340] Unable to auto find GCC executables from simulator install path! (path not set)
WARNING: [Vivado 12-13277] Compiled library path does not exist: ''
INFO: [Vivado 12-5682] Launching behavioral simulation in 'C:/Hung/Viettel/Stage2/ML-KEM/mul_poly/mul_matrix/mul_matrix.sim/sim_1/behav/xsim'
INFO: [SIM-utils-51] Simulation object is 'sim_1'
INFO: [USF-XSim-2] XSim::Compile design
INFO: [USF-XSim-61] Executing 'COMPILE and ANALYZE' step in 'C:/Hung/Viettel/Stage2/ML-KEM/mul_poly/mul_matrix/mul_matrix.sim/sim_1/behav/xsim'
"xvlog --incr --relax -prj tb_mul_poly_matrix_vlog.prj"
INFO: [VRFC 10-2263] Analyzing Verilog file "C:/Hung/Viettel/Stage2/ML-KEM/mul_poly/BoothDecode.v" into library xil_defaultlib
INFO: [VRFC 10-311] analyzing module BoothDecode
INFO: [VRFC 10-2263] Analyzing Verilog file "C:/Hung/Viettel/Stage2/ML-KEM/mul_poly/Rom_mul.v" into library xil_defaultlib
INFO: [VRFC 10-311] analyzing module Rom_mul
INFO: [VRFC 10-2263] Analyzing Verilog file "C:/Hung/Viettel/Stage2/ML-KEM/mul_poly/add_cell.v" into library xil_defaultlib
INFO: [VRFC 10-311] analyzing module add_cell
INFO: [VRFC 10-2263] Analyzing Verilog file "C:/Hung/Viettel/Stage2/ML-KEM/NTT/barret.v" into library xil_defaultlib
INFO: [VRFC 10-311] analyzing module barret
INFO: [VRFC 10-2263] Analyzing Verilog file "C:/Hung/Viettel/Stage2/ML-KEM/mul_poly/mul_12bit.v" into library xil_defaultlib
INFO: [VRFC 10-311] analyzing module mul_12bit
INFO: [VRFC 10-2263] Analyzing Verilog file "C:/Hung/Viettel/Stage2/ML-KEM/mul_poly/mul_cell.v" into library xil_defaultlib
INFO: [VRFC 10-311] analyzing module mul_cel
INFO: [VRFC 10-2263] Analyzing Verilog file "C:/Hung/Viettel/Stage2/ML-KEM/mul_poly/mul_poly.v" into library xil_defaultlib
INFO: [VRFC 10-311] analyzing module mul_poly
INFO: [VRFC 10-2263] Analyzing Verilog file "C:/Hung/Viettel/Stage2/ML-KEM/mul_poly/mul_poly_matrix.v" into library xil_defaultlib
INFO: [VRFC 10-311] analyzing module mul_poly_matrix
INFO: [VRFC 10-2263] Analyzing Verilog file "C:/Hung/Viettel/Stage2/ML-KEM/mul_poly/tb_mul_poly_matrix.v" into library xil_defaultlib
INFO: [VRFC 10-311] analyzing module tb_mul_poly_matrix
INFO: [USF-XSim-69] 'compile' step finished in '1' seconds
Command: launch_simulation -step elaborate -simset sim_1 -mode behavioral
INFO: [Vivado 12-12493] Simulation top is 'tb_mul_poly_matrix'
WARNING: [Vivado 12-13340] Unable to auto find GCC executables from simulator install path! (path not set)
WARNING: [Vivado 12-13277] Compiled library path does not exist: ''
INFO: [Vivado 12-5682] Launching behavioral simulation in 'C:/Hung/Viettel/Stage2/ML-KEM/mul_poly/mul_matrix/mul_matrix.sim/sim_1/behav/xsim'
INFO: [SIM-utils-51] Simulation object is 'sim_1'
INFO: [USF-XSim-3] XSim::Elaborate design
INFO: [USF-XSim-61] Executing 'ELABORATE' step in 'C:/Hung/Viettel/Stage2/ML-KEM/mul_poly/mul_matrix/mul_matrix.sim/sim_1/behav/xsim'
"xelab --incr --debug typical --relax --mt 2 -L xil_defaultlib -L unisims_ver -L unimacro_ver -L secureip --snapshot tb_mul_poly_matrix_behav xil_defaultlib.tb_mul_poly_matrix xil_defaultlib.glbl -log elaborate.log"
Vivado Simulator v2022.2.2
Copyright 1986-1999, 2001-2022 Xilinx, Inc. All Rights Reserved.
Running: C:/Xilinx/Vivado/2022.2/bin/unwrapped/win64.o/xelab.exe --incr --debug typical --relax --mt 2 -L xil_defaultlib -L unisims_ver -L unimacro_ver -L secureip --snapshot tb_mul_poly_matrix_behav xil_defaultlib.tb_mul_poly_matrix xil_defaultlib.glbl -log elaborate.log 
Using 2 slave threads.
Starting static elaboration
Pass Through NonSizing Optimizer
Completed static elaboration
Starting simulation data flow analysis
Completed simulation data flow analysis
Time Resolution for simulation is 1ps
Compiling module xil_defaultlib.add_cell_default
Compiling module xil_defaultlib.barret
Compiling module xil_defaultlib.Rom_mul
Compiling module xil_defaultlib.BoothDecode
Compiling module xil_defaultlib.mul_12bit_default
Compiling module xil_defaultlib.mul_poly
Compiling module xil_defaultlib.mul_poly_matrix
Compiling module xil_defaultlib.mul_cel_default
Compiling module xil_defaultlib.tb_mul_poly_matrix
Compiling module xil_defaultlib.glbl
Built simulation snapshot tb_mul_poly_matrix_behav
INFO: [USF-XSim-69] 'elaborate' step finished in '2' seconds
Time resolution is 1 ps
               a: 000 000 000 000 000 000 000 000 000 000 000 000 000 000 000 000
               b: 000 000 000 000 000 000 000 000 000 000 000 000 000 000 000 000
             res: 000 000 1bf 000 1bf 000 000 000 000 000 1bf 000 882 967 b29 6a7
expect r12..r15 = {b65, 967, c71, 6a7}
got    r12..r15 = {882, 967, b29, 6a7}
FAIL
$finish called at time : 262500 ps : File "C:/Hung/Viettel/Stage2/ML-KEM/mul_poly/tb_mul_poly_matrix.v" Line 116
relaunch_sim: Time (s): cpu = 00:00:01 ; elapsed = 00:00:07 . Memory (MB): peak = 1261.223 ; gain = 0.000
current_wave_config {tb_mul_12bit_behav.wcfg}
tb_mul_12bit_behav.wcfg
add_wave {{/tb_mul_poly_matrix/dut/test_a}} {{/tb_mul_poly_matrix/dut/test_b}} {{/tb_mul_poly_matrix/dut/test_tmp}} 
relaunch_sim
Command: launch_simulation -step compile -simset sim_1 -mode behavioral
INFO: [Vivado 12-12493] Simulation top is 'tb_mul_poly_matrix'
WARNING: [Vivado 12-13340] Unable to auto find GCC executables from simulator install path! (path not set)
WARNING: [Vivado 12-13277] Compiled library path does not exist: ''
INFO: [Vivado 12-5682] Launching behavioral simulation in 'C:/Hung/Viettel/Stage2/ML-KEM/mul_poly/mul_matrix/mul_matrix.sim/sim_1/behav/xsim'
INFO: [SIM-utils-51] Simulation object is 'sim_1'
INFO: [USF-XSim-2] XSim::Compile design
INFO: [USF-XSim-61] Executing 'COMPILE and ANALYZE' step in 'C:/Hung/Viettel/Stage2/ML-KEM/mul_poly/mul_matrix/mul_matrix.sim/sim_1/behav/xsim'
"xvlog --incr --relax -prj tb_mul_poly_matrix_vlog.prj"
INFO: [USF-XSim-69] 'compile' step finished in '1' seconds
Command: launch_simulation -step elaborate -simset sim_1 -mode behavioral
INFO: [Vivado 12-12493] Simulation top is 'tb_mul_poly_matrix'
WARNING: [Vivado 12-13340] Unable to auto find GCC executables from simulator install path! (path not set)
WARNING: [Vivado 12-13277] Compiled library path does not exist: ''
INFO: [Vivado 12-5682] Launching behavioral simulation in 'C:/Hung/Viettel/Stage2/ML-KEM/mul_poly/mul_matrix/mul_matrix.sim/sim_1/behav/xsim'
INFO: [SIM-utils-51] Simulation object is 'sim_1'
INFO: [USF-XSim-3] XSim::Elaborate design
INFO: [USF-XSim-61] Executing 'ELABORATE' step in 'C:/Hung/Viettel/Stage2/ML-KEM/mul_poly/mul_matrix/mul_matrix.sim/sim_1/behav/xsim'
"xelab --incr --debug typical --relax --mt 2 -L xil_defaultlib -L unisims_ver -L unimacro_ver -L secureip --snapshot tb_mul_poly_matrix_behav xil_defaultlib.tb_mul_poly_matrix xil_defaultlib.glbl -log elaborate.log"
Vivado Simulator v2022.2.2
Copyright 1986-1999, 2001-2022 Xilinx, Inc. All Rights Reserved.
Running: C:/Xilinx/Vivado/2022.2/bin/unwrapped/win64.o/xelab.exe --incr --debug typical --relax --mt 2 -L xil_defaultlib -L unisims_ver -L unimacro_ver -L secureip --snapshot tb_mul_poly_matrix_behav xil_defaultlib.tb_mul_poly_matrix xil_defaultlib.glbl -log elaborate.log 
Using 2 slave threads.
Starting static elaboration
Pass Through NonSizing Optimizer
Completed static elaboration
INFO: [XSIM 43-4323] No Change in HDL. Linking previously generated obj files to create kernel
INFO: [USF-XSim-69] 'elaborate' step finished in '1' seconds
Time resolution is 1 ps
               a: 000 000 000 000 000 000 000 000 000 000 000 000 000 000 000 000
               b: 000 000 000 000 000 000 000 000 000 000 000 000 000 000 000 000
             res: 000 000 1bf 000 1bf 000 000 000 000 000 1bf 000 882 967 b29 6a7
expect r12..r15 = {b65, 967, c71, 6a7}
got    r12..r15 = {882, 967, b29, 6a7}
FAIL
$finish called at time : 262500 ps : File "C:/Hung/Viettel/Stage2/ML-KEM/mul_poly/tb_mul_poly_matrix.v" Line 116
save_wave_config {C:/Hung/Viettel/Stage2/ML-KEM/mul_poly/mul_matrix/tb_mul_12bit_behav.wcfg}
current_wave_config {tb_mul_12bit_behav.wcfg}
C:/Hung/Viettel/Stage2/ML-KEM/mul_poly/mul_matrix/tb_mul_12bit_behav.wcfg
add_wave {{/tb_mul_poly_matrix/dut/a}} {{/tb_mul_poly_matrix/dut/b}} 
relaunch_sim
Command: launch_simulation -step compile -simset sim_1 -mode behavioral
INFO: [Vivado 12-12493] Simulation top is 'tb_mul_poly_matrix'
WARNING: [Vivado 12-13340] Unable to auto find GCC executables from simulator install path! (path not set)
WARNING: [Vivado 12-13277] Compiled library path does not exist: ''
INFO: [Vivado 12-5682] Launching behavioral simulation in 'C:/Hung/Viettel/Stage2/ML-KEM/mul_poly/mul_matrix/mul_matrix.sim/sim_1/behav/xsim'
INFO: [SIM-utils-51] Simulation object is 'sim_1'
INFO: [USF-XSim-2] XSim::Compile design
INFO: [USF-XSim-61] Executing 'COMPILE and ANALYZE' step in 'C:/Hung/Viettel/Stage2/ML-KEM/mul_poly/mul_matrix/mul_matrix.sim/sim_1/behav/xsim'
"xvlog --incr --relax -prj tb_mul_poly_matrix_vlog.prj"
INFO: [USF-XSim-69] 'compile' step finished in '1' seconds
Command: launch_simulation -step elaborate -simset sim_1 -mode behavioral
INFO: [Vivado 12-12493] Simulation top is 'tb_mul_poly_matrix'
WARNING: [Vivado 12-13340] Unable to auto find GCC executables from simulator install path! (path not set)
WARNING: [Vivado 12-13277] Compiled library path does not exist: ''
INFO: [Vivado 12-5682] Launching behavioral simulation in 'C:/Hung/Viettel/Stage2/ML-KEM/mul_poly/mul_matrix/mul_matrix.sim/sim_1/behav/xsim'
INFO: [SIM-utils-51] Simulation object is 'sim_1'
INFO: [USF-XSim-3] XSim::Elaborate design
INFO: [USF-XSim-61] Executing 'ELABORATE' step in 'C:/Hung/Viettel/Stage2/ML-KEM/mul_poly/mul_matrix/mul_matrix.sim/sim_1/behav/xsim'
"xelab --incr --debug typical --relax --mt 2 -L xil_defaultlib -L unisims_ver -L unimacro_ver -L secureip --snapshot tb_mul_poly_matrix_behav xil_defaultlib.tb_mul_poly_matrix xil_defaultlib.glbl -log elaborate.log"
Vivado Simulator v2022.2.2
Copyright 1986-1999, 2001-2022 Xilinx, Inc. All Rights Reserved.
Running: C:/Xilinx/Vivado/2022.2/bin/unwrapped/win64.o/xelab.exe --incr --debug typical --relax --mt 2 -L xil_defaultlib -L unisims_ver -L unimacro_ver -L secureip --snapshot tb_mul_poly_matrix_behav xil_defaultlib.tb_mul_poly_matrix xil_defaultlib.glbl -log elaborate.log 
Using 2 slave threads.
Starting static elaboration
Pass Through NonSizing Optimizer
Completed static elaboration
INFO: [XSIM 43-4323] No Change in HDL. Linking previously generated obj files to create kernel
INFO: [USF-XSim-69] 'elaborate' step finished in '2' seconds
Time resolution is 1 ps
               a: 000 000 000 000 000 000 000 000 000 000 000 000 000 000 000 000
               b: 000 000 000 000 000 000 000 000 000 000 000 000 000 000 000 000
             res: 000 000 1bf 000 1bf 000 000 000 000 000 1bf 000 882 967 b29 6a7
expect r12..r15 = {b65, 967, c71, 6a7}
got    r12..r15 = {882, 967, b29, 6a7}
FAIL
$finish called at time : 262500 ps : File "C:/Hung/Viettel/Stage2/ML-KEM/mul_poly/tb_mul_poly_matrix.v" Line 116
save_wave_config {C:/Hung/Viettel/Stage2/ML-KEM/mul_poly/mul_matrix/tb_mul_12bit_behav.wcfg}
relaunch_sim
Command: launch_simulation -step compile -simset sim_1 -mode behavioral
INFO: [Vivado 12-12493] Simulation top is 'tb_mul_poly_matrix'
WARNING: [Vivado 12-13340] Unable to auto find GCC executables from simulator install path! (path not set)
WARNING: [Vivado 12-13277] Compiled library path does not exist: ''
INFO: [Vivado 12-5682] Launching behavioral simulation in 'C:/Hung/Viettel/Stage2/ML-KEM/mul_poly/mul_matrix/mul_matrix.sim/sim_1/behav/xsim'
INFO: [SIM-utils-51] Simulation object is 'sim_1'
INFO: [USF-XSim-2] XSim::Compile design
INFO: [USF-XSim-61] Executing 'COMPILE and ANALYZE' step in 'C:/Hung/Viettel/Stage2/ML-KEM/mul_poly/mul_matrix/mul_matrix.sim/sim_1/behav/xsim'
"xvlog --incr --relax -prj tb_mul_poly_matrix_vlog.prj"
INFO: [VRFC 10-2263] Analyzing Verilog file "C:/Hung/Viettel/Stage2/ML-KEM/mul_poly/BoothDecode.v" into library xil_defaultlib
INFO: [VRFC 10-311] analyzing module BoothDecode
INFO: [VRFC 10-2263] Analyzing Verilog file "C:/Hung/Viettel/Stage2/ML-KEM/mul_poly/Rom_mul.v" into library xil_defaultlib
INFO: [VRFC 10-311] analyzing module Rom_mul
INFO: [VRFC 10-2263] Analyzing Verilog file "C:/Hung/Viettel/Stage2/ML-KEM/mul_poly/add_cell.v" into library xil_defaultlib
INFO: [VRFC 10-311] analyzing module add_cell
INFO: [VRFC 10-2263] Analyzing Verilog file "C:/Hung/Viettel/Stage2/ML-KEM/NTT/barret.v" into library xil_defaultlib
INFO: [VRFC 10-311] analyzing module barret
INFO: [VRFC 10-2263] Analyzing Verilog file "C:/Hung/Viettel/Stage2/ML-KEM/mul_poly/mul_12bit.v" into library xil_defaultlib
INFO: [VRFC 10-311] analyzing module mul_12bit
INFO: [VRFC 10-2263] Analyzing Verilog file "C:/Hung/Viettel/Stage2/ML-KEM/mul_poly/mul_cell.v" into library xil_defaultlib
INFO: [VRFC 10-311] analyzing module mul_cel
INFO: [VRFC 10-2263] Analyzing Verilog file "C:/Hung/Viettel/Stage2/ML-KEM/mul_poly/mul_poly.v" into library xil_defaultlib
INFO: [VRFC 10-311] analyzing module mul_poly
INFO: [VRFC 10-2263] Analyzing Verilog file "C:/Hung/Viettel/Stage2/ML-KEM/mul_poly/mul_poly_matrix.v" into library xil_defaultlib
INFO: [VRFC 10-311] analyzing module mul_poly_matrix
INFO: [VRFC 10-2263] Analyzing Verilog file "C:/Hung/Viettel/Stage2/ML-KEM/mul_poly/tb_mul_poly_matrix.v" into library xil_defaultlib
INFO: [VRFC 10-311] analyzing module tb_mul_poly_matrix
INFO: [USF-XSim-69] 'compile' step finished in '1' seconds
Command: launch_simulation -step elaborate -simset sim_1 -mode behavioral
INFO: [Vivado 12-12493] Simulation top is 'tb_mul_poly_matrix'
WARNING: [Vivado 12-13340] Unable to auto find GCC executables from simulator install path! (path not set)
WARNING: [Vivado 12-13277] Compiled library path does not exist: ''
INFO: [Vivado 12-5682] Launching behavioral simulation in 'C:/Hung/Viettel/Stage2/ML-KEM/mul_poly/mul_matrix/mul_matrix.sim/sim_1/behav/xsim'
INFO: [SIM-utils-51] Simulation object is 'sim_1'
INFO: [USF-XSim-3] XSim::Elaborate design
INFO: [USF-XSim-61] Executing 'ELABORATE' step in 'C:/Hung/Viettel/Stage2/ML-KEM/mul_poly/mul_matrix/mul_matrix.sim/sim_1/behav/xsim'
"xelab --incr --debug typical --relax --mt 2 -L xil_defaultlib -L unisims_ver -L unimacro_ver -L secureip --snapshot tb_mul_poly_matrix_behav xil_defaultlib.tb_mul_poly_matrix xil_defaultlib.glbl -log elaborate.log"
Vivado Simulator v2022.2.2
Copyright 1986-1999, 2001-2022 Xilinx, Inc. All Rights Reserved.
Running: C:/Xilinx/Vivado/2022.2/bin/unwrapped/win64.o/xelab.exe --incr --debug typical --relax --mt 2 -L xil_defaultlib -L unisims_ver -L unimacro_ver -L secureip --snapshot tb_mul_poly_matrix_behav xil_defaultlib.tb_mul_poly_matrix xil_defaultlib.glbl -log elaborate.log 
Using 2 slave threads.
Starting static elaboration
Pass Through NonSizing Optimizer
Completed static elaboration
Starting simulation data flow analysis
Completed simulation data flow analysis
Time Resolution for simulation is 1ps
Compiling module xil_defaultlib.add_cell_default
Compiling module xil_defaultlib.barret
Compiling module xil_defaultlib.Rom_mul
Compiling module xil_defaultlib.BoothDecode
Compiling module xil_defaultlib.mul_12bit_default
Compiling module xil_defaultlib.mul_poly
Compiling module xil_defaultlib.mul_poly_matrix
Compiling module xil_defaultlib.mul_cel_default
Compiling module xil_defaultlib.tb_mul_poly_matrix
Compiling module xil_defaultlib.glbl
Built simulation snapshot tb_mul_poly_matrix_behav
INFO: [USF-XSim-69] 'elaborate' step finished in '3' seconds
Time resolution is 1 ps
               a: 000 000 000 000 000 000 000 000 000 000 000 000 000 000 000 000
               b: 000 000 000 000 000 000 000 000 000 000 000 000 000 000 000 000
             res: 000 000 1bf 000 1bf 000 000 000 000 000 1bf 000 882 967 b29 6a7
expect r12..r15 = {b65, 967, c71, 6a7}
got    r12..r15 = {882, 967, b29, 6a7}
FAIL
$finish called at time : 262500 ps : File "C:/Hung/Viettel/Stage2/ML-KEM/mul_poly/tb_mul_poly_matrix.v" Line 116
relaunch_sim: Time (s): cpu = 00:00:01 ; elapsed = 00:00:07 . Memory (MB): peak = 1266.141 ; gain = 0.582
relaunch_sim
Command: launch_simulation -step compile -simset sim_1 -mode behavioral
INFO: [Vivado 12-12493] Simulation top is 'tb_mul_poly_matrix'
WARNING: [Vivado 12-13340] Unable to auto find GCC executables from simulator install path! (path not set)
WARNING: [Vivado 12-13277] Compiled library path does not exist: ''
INFO: [Vivado 12-5682] Launching behavioral simulation in 'C:/Hung/Viettel/Stage2/ML-KEM/mul_poly/mul_matrix/mul_matrix.sim/sim_1/behav/xsim'
INFO: [SIM-utils-51] Simulation object is 'sim_1'
INFO: [USF-XSim-2] XSim::Compile design
INFO: [USF-XSim-61] Executing 'COMPILE and ANALYZE' step in 'C:/Hung/Viettel/Stage2/ML-KEM/mul_poly/mul_matrix/mul_matrix.sim/sim_1/behav/xsim'
"xvlog --incr --relax -prj tb_mul_poly_matrix_vlog.prj"
INFO: [VRFC 10-2263] Analyzing Verilog file "C:/Hung/Viettel/Stage2/ML-KEM/mul_poly/BoothDecode.v" into library xil_defaultlib
INFO: [VRFC 10-311] analyzing module BoothDecode
INFO: [VRFC 10-2263] Analyzing Verilog file "C:/Hung/Viettel/Stage2/ML-KEM/mul_poly/Rom_mul.v" into library xil_defaultlib
INFO: [VRFC 10-311] analyzing module Rom_mul
INFO: [VRFC 10-2263] Analyzing Verilog file "C:/Hung/Viettel/Stage2/ML-KEM/mul_poly/add_cell.v" into library xil_defaultlib
INFO: [VRFC 10-311] analyzing module add_cell
INFO: [VRFC 10-2263] Analyzing Verilog file "C:/Hung/Viettel/Stage2/ML-KEM/NTT/barret.v" into library xil_defaultlib
INFO: [VRFC 10-311] analyzing module barret
INFO: [VRFC 10-2263] Analyzing Verilog file "C:/Hung/Viettel/Stage2/ML-KEM/mul_poly/mul_12bit.v" into library xil_defaultlib
INFO: [VRFC 10-311] analyzing module mul_12bit
INFO: [VRFC 10-2263] Analyzing Verilog file "C:/Hung/Viettel/Stage2/ML-KEM/mul_poly/mul_cell.v" into library xil_defaultlib
INFO: [VRFC 10-311] analyzing module mul_cel
INFO: [VRFC 10-2263] Analyzing Verilog file "C:/Hung/Viettel/Stage2/ML-KEM/mul_poly/mul_poly.v" into library xil_defaultlib
INFO: [VRFC 10-311] analyzing module mul_poly
INFO: [VRFC 10-2263] Analyzing Verilog file "C:/Hung/Viettel/Stage2/ML-KEM/mul_poly/mul_poly_matrix.v" into library xil_defaultlib
INFO: [VRFC 10-311] analyzing module mul_poly_matrix
INFO: [VRFC 10-2263] Analyzing Verilog file "C:/Hung/Viettel/Stage2/ML-KEM/mul_poly/tb_mul_poly_matrix.v" into library xil_defaultlib
INFO: [VRFC 10-311] analyzing module tb_mul_poly_matrix
INFO: [USF-XSim-69] 'compile' step finished in '1' seconds
Command: launch_simulation -step elaborate -simset sim_1 -mode behavioral
INFO: [Vivado 12-12493] Simulation top is 'tb_mul_poly_matrix'
WARNING: [Vivado 12-13340] Unable to auto find GCC executables from simulator install path! (path not set)
WARNING: [Vivado 12-13277] Compiled library path does not exist: ''
INFO: [Vivado 12-5682] Launching behavioral simulation in 'C:/Hung/Viettel/Stage2/ML-KEM/mul_poly/mul_matrix/mul_matrix.sim/sim_1/behav/xsim'
INFO: [SIM-utils-51] Simulation object is 'sim_1'
INFO: [USF-XSim-3] XSim::Elaborate design
INFO: [USF-XSim-61] Executing 'ELABORATE' step in 'C:/Hung/Viettel/Stage2/ML-KEM/mul_poly/mul_matrix/mul_matrix.sim/sim_1/behav/xsim'
"xelab --incr --debug typical --relax --mt 2 -L xil_defaultlib -L unisims_ver -L unimacro_ver -L secureip --snapshot tb_mul_poly_matrix_behav xil_defaultlib.tb_mul_poly_matrix xil_defaultlib.glbl -log elaborate.log"
Vivado Simulator v2022.2.2
Copyright 1986-1999, 2001-2022 Xilinx, Inc. All Rights Reserved.
Running: C:/Xilinx/Vivado/2022.2/bin/unwrapped/win64.o/xelab.exe --incr --debug typical --relax --mt 2 -L xil_defaultlib -L unisims_ver -L unimacro_ver -L secureip --snapshot tb_mul_poly_matrix_behav xil_defaultlib.tb_mul_poly_matrix xil_defaultlib.glbl -log elaborate.log 
Using 2 slave threads.
Starting static elaboration
Pass Through NonSizing Optimizer
Completed static elaboration
Starting simulation data flow analysis
Completed simulation data flow analysis
Time Resolution for simulation is 1ps
Compiling module xil_defaultlib.add_cell_default
Compiling module xil_defaultlib.barret
Compiling module xil_defaultlib.Rom_mul
Compiling module xil_defaultlib.BoothDecode
Compiling module xil_defaultlib.mul_12bit_default
Compiling module xil_defaultlib.mul_poly
Compiling module xil_defaultlib.mul_poly_matrix
Compiling module xil_defaultlib.mul_cel_default
Compiling module xil_defaultlib.tb_mul_poly_matrix
Compiling module xil_defaultlib.glbl
Built simulation snapshot tb_mul_poly_matrix_behav
INFO: [USF-XSim-69] 'elaborate' step finished in '2' seconds
Time resolution is 1 ps
               a: 000 000 000 000 000 000 000 000 000 000 000 000 000 000 000 000
               b: 000 000 000 000 000 000 000 000 000 000 000 000 000 000 000 000
             res: 456 967 6a1 6a7 1bf 000 000 000 000 000 1bf 000 1bf 000 000 000
expect r12..r15 = {b65, 967, c71, 6a7}
got    r12..r15 = {1bf, 000, 000, 000}
FAIL
$finish called at time : 262500 ps : File "C:/Hung/Viettel/Stage2/ML-KEM/mul_poly/tb_mul_poly_matrix.v" Line 116
relaunch_sim: Time (s): cpu = 00:00:01 ; elapsed = 00:00:06 . Memory (MB): peak = 1266.141 ; gain = 0.000
relaunch_sim
Command: launch_simulation -step compile -simset sim_1 -mode behavioral
INFO: [Vivado 12-12493] Simulation top is 'tb_mul_poly_matrix'
WARNING: [Vivado 12-13340] Unable to auto find GCC executables from simulator install path! (path not set)
WARNING: [Vivado 12-13277] Compiled library path does not exist: ''
INFO: [Vivado 12-5682] Launching behavioral simulation in 'C:/Hung/Viettel/Stage2/ML-KEM/mul_poly/mul_matrix/mul_matrix.sim/sim_1/behav/xsim'
INFO: [SIM-utils-51] Simulation object is 'sim_1'
INFO: [USF-XSim-2] XSim::Compile design
INFO: [USF-XSim-61] Executing 'COMPILE and ANALYZE' step in 'C:/Hung/Viettel/Stage2/ML-KEM/mul_poly/mul_matrix/mul_matrix.sim/sim_1/behav/xsim'
"xvlog --incr --relax -prj tb_mul_poly_matrix_vlog.prj"
INFO: [VRFC 10-2263] Analyzing Verilog file "C:/Hung/Viettel/Stage2/ML-KEM/mul_poly/BoothDecode.v" into library xil_defaultlib
INFO: [VRFC 10-311] analyzing module BoothDecode
INFO: [VRFC 10-2263] Analyzing Verilog file "C:/Hung/Viettel/Stage2/ML-KEM/mul_poly/Rom_mul.v" into library xil_defaultlib
INFO: [VRFC 10-311] analyzing module Rom_mul
INFO: [VRFC 10-2263] Analyzing Verilog file "C:/Hung/Viettel/Stage2/ML-KEM/mul_poly/add_cell.v" into library xil_defaultlib
INFO: [VRFC 10-311] analyzing module add_cell
INFO: [VRFC 10-2263] Analyzing Verilog file "C:/Hung/Viettel/Stage2/ML-KEM/NTT/barret.v" into library xil_defaultlib
INFO: [VRFC 10-311] analyzing module barret
INFO: [VRFC 10-2263] Analyzing Verilog file "C:/Hung/Viettel/Stage2/ML-KEM/mul_poly/mul_12bit.v" into library xil_defaultlib
INFO: [VRFC 10-311] analyzing module mul_12bit
INFO: [VRFC 10-2263] Analyzing Verilog file "C:/Hung/Viettel/Stage2/ML-KEM/mul_poly/mul_cell.v" into library xil_defaultlib
INFO: [VRFC 10-311] analyzing module mul_cel
INFO: [VRFC 10-2263] Analyzing Verilog file "C:/Hung/Viettel/Stage2/ML-KEM/mul_poly/mul_poly.v" into library xil_defaultlib
INFO: [VRFC 10-311] analyzing module mul_poly
INFO: [VRFC 10-2263] Analyzing Verilog file "C:/Hung/Viettel/Stage2/ML-KEM/mul_poly/mul_poly_matrix.v" into library xil_defaultlib
INFO: [VRFC 10-311] analyzing module mul_poly_matrix
INFO: [VRFC 10-2263] Analyzing Verilog file "C:/Hung/Viettel/Stage2/ML-KEM/mul_poly/tb_mul_poly_matrix.v" into library xil_defaultlib
INFO: [VRFC 10-311] analyzing module tb_mul_poly_matrix
INFO: [USF-XSim-69] 'compile' step finished in '1' seconds
Command: launch_simulation -step elaborate -simset sim_1 -mode behavioral
INFO: [Vivado 12-12493] Simulation top is 'tb_mul_poly_matrix'
WARNING: [Vivado 12-13340] Unable to auto find GCC executables from simulator install path! (path not set)
WARNING: [Vivado 12-13277] Compiled library path does not exist: ''
INFO: [Vivado 12-5682] Launching behavioral simulation in 'C:/Hung/Viettel/Stage2/ML-KEM/mul_poly/mul_matrix/mul_matrix.sim/sim_1/behav/xsim'
INFO: [SIM-utils-51] Simulation object is 'sim_1'
INFO: [USF-XSim-3] XSim::Elaborate design
INFO: [USF-XSim-61] Executing 'ELABORATE' step in 'C:/Hung/Viettel/Stage2/ML-KEM/mul_poly/mul_matrix/mul_matrix.sim/sim_1/behav/xsim'
"xelab --incr --debug typical --relax --mt 2 -L xil_defaultlib -L unisims_ver -L unimacro_ver -L secureip --snapshot tb_mul_poly_matrix_behav xil_defaultlib.tb_mul_poly_matrix xil_defaultlib.glbl -log elaborate.log"
Vivado Simulator v2022.2.2
Copyright 1986-1999, 2001-2022 Xilinx, Inc. All Rights Reserved.
Running: C:/Xilinx/Vivado/2022.2/bin/unwrapped/win64.o/xelab.exe --incr --debug typical --relax --mt 2 -L xil_defaultlib -L unisims_ver -L unimacro_ver -L secureip --snapshot tb_mul_poly_matrix_behav xil_defaultlib.tb_mul_poly_matrix xil_defaultlib.glbl -log elaborate.log 
Using 2 slave threads.
Starting static elaboration
Pass Through NonSizing Optimizer
Completed static elaboration
Starting simulation data flow analysis
Completed simulation data flow analysis
Time Resolution for simulation is 1ps
Compiling module xil_defaultlib.add_cell_default
Compiling module xil_defaultlib.barret
Compiling module xil_defaultlib.Rom_mul
Compiling module xil_defaultlib.BoothDecode
Compiling module xil_defaultlib.mul_12bit_default
Compiling module xil_defaultlib.mul_poly
Compiling module xil_defaultlib.mul_poly_matrix
Compiling module xil_defaultlib.mul_cel_default
Compiling module xil_defaultlib.tb_mul_poly_matrix
Compiling module xil_defaultlib.glbl
Built simulation snapshot tb_mul_poly_matrix_behav
INFO: [USF-XSim-69] 'elaborate' step finished in '2' seconds
Time resolution is 1 ps
               a: 000 000 000 000 000 000 000 000 000 000 000 000 000 000 000 000
               b: 000 000 000 000 000 000 000 000 000 000 000 000 000 000 000 000
             res: 456 967 6a1 6a7 1bf 000 000 000 000 000 1bf 000 1bf 000 000 000
expect r12..r15 = {b65, 967, c71, 6a7}
got    r12..r15 = {1bf, 000, 000, 000}
FAIL
$finish called at time : 262500 ps : File "C:/Hung/Viettel/Stage2/ML-KEM/mul_poly/tb_mul_poly_matrix.v" Line 116
relaunch_sim: Time (s): cpu = 00:00:00 ; elapsed = 00:00:07 . Memory (MB): peak = 1266.141 ; gain = 0.000
save_wave_config {C:/Hung/Viettel/Stage2/ML-KEM/mul_poly/mul_matrix/tb_mul_12bit_behav.wcfg}
current_wave_config {tb_mul_12bit_behav.wcfg}
C:/Hung/Viettel/Stage2/ML-KEM/mul_poly/mul_matrix/tb_mul_12bit_behav.wcfg
add_wave {{/tb_mul_poly_matrix/dut/mul_poly_matrix_inst/a}} {{/tb_mul_poly_matrix/dut/mul_poly_matrix_inst/zeta4}} 
current_wave_config {tb_mul_12bit_behav.wcfg}
C:/Hung/Viettel/Stage2/ML-KEM/mul_poly/mul_matrix/tb_mul_12bit_behav.wcfg
add_wave {{/tb_mul_poly_matrix/dut/mul_poly_matrix_inst/a}} {{/tb_mul_poly_matrix/dut/mul_poly_matrix_inst/b}} 
current_wave_config {tb_mul_12bit_behav.wcfg}
C:/Hung/Viettel/Stage2/ML-KEM/mul_poly/mul_matrix/tb_mul_12bit_behav.wcfg
add_wave {{/tb_mul_poly_matrix/dut/mul_poly_matrix_inst/zeta1}} {{/tb_mul_poly_matrix/dut/mul_poly_matrix_inst/zeta2}} {{/tb_mul_poly_matrix/dut/mul_poly_matrix_inst/zeta3}} {{/tb_mul_poly_matrix/dut/mul_poly_matrix_inst/zeta4}} 
relaunch_sim
Command: launch_simulation -step compile -simset sim_1 -mode behavioral
INFO: [Vivado 12-12493] Simulation top is 'tb_mul_poly_matrix'
WARNING: [Vivado 12-13340] Unable to auto find GCC executables from simulator install path! (path not set)
WARNING: [Vivado 12-13277] Compiled library path does not exist: ''
INFO: [Vivado 12-5682] Launching behavioral simulation in 'C:/Hung/Viettel/Stage2/ML-KEM/mul_poly/mul_matrix/mul_matrix.sim/sim_1/behav/xsim'
INFO: [SIM-utils-51] Simulation object is 'sim_1'
INFO: [USF-XSim-2] XSim::Compile design
INFO: [USF-XSim-61] Executing 'COMPILE and ANALYZE' step in 'C:/Hung/Viettel/Stage2/ML-KEM/mul_poly/mul_matrix/mul_matrix.sim/sim_1/behav/xsim'
"xvlog --incr --relax -prj tb_mul_poly_matrix_vlog.prj"
INFO: [VRFC 10-2263] Analyzing Verilog file "C:/Hung/Viettel/Stage2/ML-KEM/mul_poly/BoothDecode.v" into library xil_defaultlib
INFO: [VRFC 10-311] analyzing module BoothDecode
INFO: [VRFC 10-2263] Analyzing Verilog file "C:/Hung/Viettel/Stage2/ML-KEM/mul_poly/Rom_mul.v" into library xil_defaultlib
INFO: [VRFC 10-311] analyzing module Rom_mul
INFO: [VRFC 10-2263] Analyzing Verilog file "C:/Hung/Viettel/Stage2/ML-KEM/mul_poly/add_cell.v" into library xil_defaultlib
INFO: [VRFC 10-311] analyzing module add_cell
INFO: [VRFC 10-2263] Analyzing Verilog file "C:/Hung/Viettel/Stage2/ML-KEM/NTT/barret.v" into library xil_defaultlib
INFO: [VRFC 10-311] analyzing module barret
INFO: [VRFC 10-2263] Analyzing Verilog file "C:/Hung/Viettel/Stage2/ML-KEM/mul_poly/mul_12bit.v" into library xil_defaultlib
INFO: [VRFC 10-311] analyzing module mul_12bit
INFO: [VRFC 10-2263] Analyzing Verilog file "C:/Hung/Viettel/Stage2/ML-KEM/mul_poly/mul_cell.v" into library xil_defaultlib
INFO: [VRFC 10-311] analyzing module mul_cel
INFO: [VRFC 10-2263] Analyzing Verilog file "C:/Hung/Viettel/Stage2/ML-KEM/mul_poly/mul_poly.v" into library xil_defaultlib
INFO: [VRFC 10-311] analyzing module mul_poly
INFO: [VRFC 10-2263] Analyzing Verilog file "C:/Hung/Viettel/Stage2/ML-KEM/mul_poly/mul_poly_matrix.v" into library xil_defaultlib
INFO: [VRFC 10-311] analyzing module mul_poly_matrix
INFO: [VRFC 10-2263] Analyzing Verilog file "C:/Hung/Viettel/Stage2/ML-KEM/mul_poly/tb_mul_poly_matrix.v" into library xil_defaultlib
INFO: [VRFC 10-311] analyzing module tb_mul_poly_matrix
INFO: [USF-XSim-69] 'compile' step finished in '2' seconds
Command: launch_simulation -step elaborate -simset sim_1 -mode behavioral
INFO: [Vivado 12-12493] Simulation top is 'tb_mul_poly_matrix'
WARNING: [Vivado 12-13340] Unable to auto find GCC executables from simulator install path! (path not set)
WARNING: [Vivado 12-13277] Compiled library path does not exist: ''
INFO: [Vivado 12-5682] Launching behavioral simulation in 'C:/Hung/Viettel/Stage2/ML-KEM/mul_poly/mul_matrix/mul_matrix.sim/sim_1/behav/xsim'
INFO: [SIM-utils-51] Simulation object is 'sim_1'
INFO: [USF-XSim-3] XSim::Elaborate design
INFO: [USF-XSim-61] Executing 'ELABORATE' step in 'C:/Hung/Viettel/Stage2/ML-KEM/mul_poly/mul_matrix/mul_matrix.sim/sim_1/behav/xsim'
"xelab --incr --debug typical --relax --mt 2 -L xil_defaultlib -L unisims_ver -L unimacro_ver -L secureip --snapshot tb_mul_poly_matrix_behav xil_defaultlib.tb_mul_poly_matrix xil_defaultlib.glbl -log elaborate.log"
Vivado Simulator v2022.2.2
Copyright 1986-1999, 2001-2022 Xilinx, Inc. All Rights Reserved.
Running: C:/Xilinx/Vivado/2022.2/bin/unwrapped/win64.o/xelab.exe --incr --debug typical --relax --mt 2 -L xil_defaultlib -L unisims_ver -L unimacro_ver -L secureip --snapshot tb_mul_poly_matrix_behav xil_defaultlib.tb_mul_poly_matrix xil_defaultlib.glbl -log elaborate.log 
Using 2 slave threads.
Starting static elaboration
Pass Through NonSizing Optimizer
Completed static elaboration
Starting simulation data flow analysis
Completed simulation data flow analysis
Time Resolution for simulation is 1ps
Compiling module xil_defaultlib.add_cell_default
Compiling module xil_defaultlib.barret
Compiling module xil_defaultlib.Rom_mul
Compiling module xil_defaultlib.BoothDecode
Compiling module xil_defaultlib.mul_12bit_default
Compiling module xil_defaultlib.mul_poly
Compiling module xil_defaultlib.mul_poly_matrix
Compiling module xil_defaultlib.mul_cel_default
Compiling module xil_defaultlib.tb_mul_poly_matrix
Compiling module xil_defaultlib.glbl
Built simulation snapshot tb_mul_poly_matrix_behav
INFO: [USF-XSim-69] 'elaborate' step finished in '2' seconds
Time resolution is 1 ps
               a: 000 000 000 000 000 000 000 000 000 000 000 000 000 000 000 000
               b: 000 000 000 000 000 000 000 000 000 000 000 000 000 000 000 000
             res: 456 967 6a1 6a7 1bf 000 000 000 000 000 1bf 000 1bf 000 000 000
expect r12..r15 = {b65, 967, c71, 6a7}
got    r12..r15 = {1bf, 000, 000, 000}
FAIL
$finish called at time : 262500 ps : File "C:/Hung/Viettel/Stage2/ML-KEM/mul_poly/tb_mul_poly_matrix.v" Line 116
relaunch_sim: Time (s): cpu = 00:00:01 ; elapsed = 00:00:06 . Memory (MB): peak = 1267.020 ; gain = 0.242
current_wave_config {tb_mul_12bit_behav.wcfg}
C:/Hung/Viettel/Stage2/ML-KEM/mul_poly/mul_matrix/tb_mul_12bit_behav.wcfg
add_wave {{/tb_mul_poly_matrix/dut/mul_poly_matrix_inst/u_mul0/a0}} {{/tb_mul_poly_matrix/dut/mul_poly_matrix_inst/u_mul0/a1}} {{/tb_mul_poly_matrix/dut/mul_poly_matrix_inst/u_mul0/b0}} {{/tb_mul_poly_matrix/dut/mul_poly_matrix_inst/u_mul0/b1}} {{/tb_mul_poly_matrix/dut/mul_poly_matrix_inst/u_mul0/zetas}} 
current_wave_config {tb_mul_12bit_behav.wcfg}
C:/Hung/Viettel/Stage2/ML-KEM/mul_poly/mul_matrix/tb_mul_12bit_behav.wcfg
add_wave {{/tb_mul_poly_matrix/dut/mul_poly_matrix_inst/u_mul1/zetas}} 
current_wave_config {tb_mul_12bit_behav.wcfg}
C:/Hung/Viettel/Stage2/ML-KEM/mul_poly/mul_matrix/tb_mul_12bit_behav.wcfg
add_wave {{/tb_mul_poly_matrix/dut/mul_poly_matrix_inst/u_mul1/a0}} {{/tb_mul_poly_matrix/dut/mul_poly_matrix_inst/u_mul1/a1}} {{/tb_mul_poly_matrix/dut/mul_poly_matrix_inst/u_mul1/b0}} {{/tb_mul_poly_matrix/dut/mul_poly_matrix_inst/u_mul1/b1}} {{/tb_mul_poly_matrix/dut/mul_poly_matrix_inst/u_mul1/zetas}} 
relaunch_sim
Command: launch_simulation -step compile -simset sim_1 -mode behavioral
INFO: [Vivado 12-12493] Simulation top is 'tb_mul_poly_matrix'
WARNING: [Vivado 12-13340] Unable to auto find GCC executables from simulator install path! (path not set)
WARNING: [Vivado 12-13277] Compiled library path does not exist: ''
INFO: [Vivado 12-5682] Launching behavioral simulation in 'C:/Hung/Viettel/Stage2/ML-KEM/mul_poly/mul_matrix/mul_matrix.sim/sim_1/behav/xsim'
INFO: [SIM-utils-51] Simulation object is 'sim_1'
INFO: [USF-XSim-2] XSim::Compile design
INFO: [USF-XSim-61] Executing 'COMPILE and ANALYZE' step in 'C:/Hung/Viettel/Stage2/ML-KEM/mul_poly/mul_matrix/mul_matrix.sim/sim_1/behav/xsim'
"xvlog --incr --relax -prj tb_mul_poly_matrix_vlog.prj"
INFO: [USF-XSim-69] 'compile' step finished in '1' seconds
Command: launch_simulation -step elaborate -simset sim_1 -mode behavioral
INFO: [Vivado 12-12493] Simulation top is 'tb_mul_poly_matrix'
WARNING: [Vivado 12-13340] Unable to auto find GCC executables from simulator install path! (path not set)
WARNING: [Vivado 12-13277] Compiled library path does not exist: ''
INFO: [Vivado 12-5682] Launching behavioral simulation in 'C:/Hung/Viettel/Stage2/ML-KEM/mul_poly/mul_matrix/mul_matrix.sim/sim_1/behav/xsim'
INFO: [SIM-utils-51] Simulation object is 'sim_1'
INFO: [USF-XSim-3] XSim::Elaborate design
INFO: [USF-XSim-61] Executing 'ELABORATE' step in 'C:/Hung/Viettel/Stage2/ML-KEM/mul_poly/mul_matrix/mul_matrix.sim/sim_1/behav/xsim'
"xelab --incr --debug typical --relax --mt 2 -L xil_defaultlib -L unisims_ver -L unimacro_ver -L secureip --snapshot tb_mul_poly_matrix_behav xil_defaultlib.tb_mul_poly_matrix xil_defaultlib.glbl -log elaborate.log"
Vivado Simulator v2022.2.2
Copyright 1986-1999, 2001-2022 Xilinx, Inc. All Rights Reserved.
Running: C:/Xilinx/Vivado/2022.2/bin/unwrapped/win64.o/xelab.exe --incr --debug typical --relax --mt 2 -L xil_defaultlib -L unisims_ver -L unimacro_ver -L secureip --snapshot tb_mul_poly_matrix_behav xil_defaultlib.tb_mul_poly_matrix xil_defaultlib.glbl -log elaborate.log 
Using 2 slave threads.
Starting static elaboration
Pass Through NonSizing Optimizer
Completed static elaboration
INFO: [XSIM 43-4323] No Change in HDL. Linking previously generated obj files to create kernel
INFO: [USF-XSim-69] 'elaborate' step finished in '2' seconds
Time resolution is 1 ps
               a: 000 000 000 000 000 000 000 000 000 000 000 000 000 000 000 000
               b: 000 000 000 000 000 000 000 000 000 000 000 000 000 000 000 000
             res: 456 967 6a1 6a7 1bf 000 000 000 000 000 1bf 000 1bf 000 000 000
expect r12..r15 = {b65, 967, c71, 6a7}
got    r12..r15 = {1bf, 000, 000, 000}
FAIL
$finish called at time : 262500 ps : File "C:/Hung/Viettel/Stage2/ML-KEM/mul_poly/tb_mul_poly_matrix.v" Line 116
save_wave_config {C:/Hung/Viettel/Stage2/ML-KEM/mul_poly/mul_matrix/tb_mul_12bit_behav.wcfg}
current_wave_config {tb_mul_12bit_behav.wcfg}
C:/Hung/Viettel/Stage2/ML-KEM/mul_poly/mul_matrix/tb_mul_12bit_behav.wcfg
add_wave {{/tb_mul_poly_matrix/dut/mul_poly_matrix_inst/u_mul0/res0}} {{/tb_mul_poly_matrix/dut/mul_poly_matrix_inst/u_mul0/res1}} 
current_wave_config {tb_mul_12bit_behav.wcfg}
C:/Hung/Viettel/Stage2/ML-KEM/mul_poly/mul_matrix/tb_mul_12bit_behav.wcfg
add_wave {{/tb_mul_poly_matrix/dut/mul_poly_matrix_inst/u_mul1/res0}} {{/tb_mul_poly_matrix/dut/mul_poly_matrix_inst/u_mul1/res1}} 
save_wave_config {C:/Hung/Viettel/Stage2/ML-KEM/mul_poly/mul_matrix/tb_mul_12bit_behav.wcfg}
relaunch_sim
Command: launch_simulation -step compile -simset sim_1 -mode behavioral
INFO: [Vivado 12-12493] Simulation top is 'tb_mul_poly_matrix'
WARNING: [Vivado 12-13340] Unable to auto find GCC executables from simulator install path! (path not set)
WARNING: [Vivado 12-13277] Compiled library path does not exist: ''
INFO: [Vivado 12-5682] Launching behavioral simulation in 'C:/Hung/Viettel/Stage2/ML-KEM/mul_poly/mul_matrix/mul_matrix.sim/sim_1/behav/xsim'
INFO: [SIM-utils-51] Simulation object is 'sim_1'
INFO: [USF-XSim-2] XSim::Compile design
INFO: [USF-XSim-61] Executing 'COMPILE and ANALYZE' step in 'C:/Hung/Viettel/Stage2/ML-KEM/mul_poly/mul_matrix/mul_matrix.sim/sim_1/behav/xsim'
"xvlog --incr --relax -prj tb_mul_poly_matrix_vlog.prj"
INFO: [USF-XSim-69] 'compile' step finished in '1' seconds
Command: launch_simulation -step elaborate -simset sim_1 -mode behavioral
INFO: [Vivado 12-12493] Simulation top is 'tb_mul_poly_matrix'
WARNING: [Vivado 12-13340] Unable to auto find GCC executables from simulator install path! (path not set)
WARNING: [Vivado 12-13277] Compiled library path does not exist: ''
INFO: [Vivado 12-5682] Launching behavioral simulation in 'C:/Hung/Viettel/Stage2/ML-KEM/mul_poly/mul_matrix/mul_matrix.sim/sim_1/behav/xsim'
INFO: [SIM-utils-51] Simulation object is 'sim_1'
INFO: [USF-XSim-3] XSim::Elaborate design
INFO: [USF-XSim-61] Executing 'ELABORATE' step in 'C:/Hung/Viettel/Stage2/ML-KEM/mul_poly/mul_matrix/mul_matrix.sim/sim_1/behav/xsim'
"xelab --incr --debug typical --relax --mt 2 -L xil_defaultlib -L unisims_ver -L unimacro_ver -L secureip --snapshot tb_mul_poly_matrix_behav xil_defaultlib.tb_mul_poly_matrix xil_defaultlib.glbl -log elaborate.log"
Vivado Simulator v2022.2.2
Copyright 1986-1999, 2001-2022 Xilinx, Inc. All Rights Reserved.
Running: C:/Xilinx/Vivado/2022.2/bin/unwrapped/win64.o/xelab.exe --incr --debug typical --relax --mt 2 -L xil_defaultlib -L unisims_ver -L unimacro_ver -L secureip --snapshot tb_mul_poly_matrix_behav xil_defaultlib.tb_mul_poly_matrix xil_defaultlib.glbl -log elaborate.log 
Using 2 slave threads.
Starting static elaboration
Pass Through NonSizing Optimizer
Completed static elaboration
INFO: [XSIM 43-4323] No Change in HDL. Linking previously generated obj files to create kernel
INFO: [USF-XSim-69] 'elaborate' step finished in '2' seconds
Time resolution is 1 ps
               a: 000 000 000 000 000 000 000 000 000 000 000 000 000 000 000 000
               b: 000 000 000 000 000 000 000 000 000 000 000 000 000 000 000 000
             res: 456 967 6a1 6a7 1bf 000 000 000 000 000 1bf 000 1bf 000 000 000
expect r12..r15 = {b65, 967, c71, 6a7}
got    r12..r15 = {1bf, 000, 000, 000}
FAIL
$finish called at time : 262500 ps : File "C:/Hung/Viettel/Stage2/ML-KEM/mul_poly/tb_mul_poly_matrix.v" Line 116
save_wave_config {C:/Hung/Viettel/Stage2/ML-KEM/mul_poly/mul_matrix/tb_mul_12bit_behav.wcfg}
current_wave_config {tb_mul_12bit_behav.wcfg}
C:/Hung/Viettel/Stage2/ML-KEM/mul_poly/mul_matrix/tb_mul_12bit_behav.wcfg
add_wave {{/tb_mul_poly_matrix/dut/mul_poly_matrix_inst/u_mul0/a0_b0}} {{/tb_mul_poly_matrix/dut/mul_poly_matrix_inst/u_mul0/a1_b1}} {{/tb_mul_poly_matrix/dut/mul_poly_matrix_inst/u_mul0/a1_b0}} {{/tb_mul_poly_matrix/dut/mul_poly_matrix_inst/u_mul0/a0_b1}} {{/tb_mul_poly_matrix/dut/mul_poly_matrix_inst/u_mul0/a1_b1_zetas}} 
relaunch_sim
Command: launch_simulation -step compile -simset sim_1 -mode behavioral
INFO: [Vivado 12-12493] Simulation top is 'tb_mul_poly_matrix'
WARNING: [Vivado 12-13340] Unable to auto find GCC executables from simulator install path! (path not set)
WARNING: [Vivado 12-13277] Compiled library path does not exist: ''
INFO: [Vivado 12-5682] Launching behavioral simulation in 'C:/Hung/Viettel/Stage2/ML-KEM/mul_poly/mul_matrix/mul_matrix.sim/sim_1/behav/xsim'
INFO: [SIM-utils-51] Simulation object is 'sim_1'
INFO: [USF-XSim-2] XSim::Compile design
INFO: [USF-XSim-61] Executing 'COMPILE and ANALYZE' step in 'C:/Hung/Viettel/Stage2/ML-KEM/mul_poly/mul_matrix/mul_matrix.sim/sim_1/behav/xsim'
"xvlog --incr --relax -prj tb_mul_poly_matrix_vlog.prj"
INFO: [USF-XSim-69] 'compile' step finished in '1' seconds
Command: launch_simulation -step elaborate -simset sim_1 -mode behavioral
INFO: [Vivado 12-12493] Simulation top is 'tb_mul_poly_matrix'
WARNING: [Vivado 12-13340] Unable to auto find GCC executables from simulator install path! (path not set)
WARNING: [Vivado 12-13277] Compiled library path does not exist: ''
INFO: [Vivado 12-5682] Launching behavioral simulation in 'C:/Hung/Viettel/Stage2/ML-KEM/mul_poly/mul_matrix/mul_matrix.sim/sim_1/behav/xsim'
INFO: [SIM-utils-51] Simulation object is 'sim_1'
INFO: [USF-XSim-3] XSim::Elaborate design
INFO: [USF-XSim-61] Executing 'ELABORATE' step in 'C:/Hung/Viettel/Stage2/ML-KEM/mul_poly/mul_matrix/mul_matrix.sim/sim_1/behav/xsim'
"xelab --incr --debug typical --relax --mt 2 -L xil_defaultlib -L unisims_ver -L unimacro_ver -L secureip --snapshot tb_mul_poly_matrix_behav xil_defaultlib.tb_mul_poly_matrix xil_defaultlib.glbl -log elaborate.log"
Vivado Simulator v2022.2.2
Copyright 1986-1999, 2001-2022 Xilinx, Inc. All Rights Reserved.
Running: C:/Xilinx/Vivado/2022.2/bin/unwrapped/win64.o/xelab.exe --incr --debug typical --relax --mt 2 -L xil_defaultlib -L unisims_ver -L unimacro_ver -L secureip --snapshot tb_mul_poly_matrix_behav xil_defaultlib.tb_mul_poly_matrix xil_defaultlib.glbl -log elaborate.log 
Using 2 slave threads.
Starting static elaboration
Pass Through NonSizing Optimizer
Completed static elaboration
INFO: [XSIM 43-4323] No Change in HDL. Linking previously generated obj files to create kernel
INFO: [USF-XSim-69] 'elaborate' step finished in '2' seconds
Time resolution is 1 ps
               a: 000 000 000 000 000 000 000 000 000 000 000 000 000 000 000 000
               b: 000 000 000 000 000 000 000 000 000 000 000 000 000 000 000 000
             res: 456 967 6a1 6a7 1bf 000 000 000 000 000 1bf 000 1bf 000 000 000
expect r12..r15 = {b65, 967, c71, 6a7}
got    r12..r15 = {1bf, 000, 000, 000}
FAIL
$finish called at time : 262500 ps : File "C:/Hung/Viettel/Stage2/ML-KEM/mul_poly/tb_mul_poly_matrix.v" Line 116
save_wave_config {C:/Hung/Viettel/Stage2/ML-KEM/mul_poly/mul_matrix/tb_mul_12bit_behav.wcfg}
current_wave_config {tb_mul_12bit_behav.wcfg}
C:/Hung/Viettel/Stage2/ML-KEM/mul_poly/mul_matrix/tb_mul_12bit_behav.wcfg
add_wave {{/tb_mul_poly_matrix/dut/mul_poly_matrix_inst/u_mul0/add1}} 
current_wave_config {tb_mul_12bit_behav.wcfg}
C:/Hung/Viettel/Stage2/ML-KEM/mul_poly/mul_matrix/tb_mul_12bit_behav.wcfg
add_wave {{/tb_mul_poly_matrix/dut/mul_poly_matrix_inst/u_mul0/tmp_add}} 
relaunch_sim
Command: launch_simulation -step compile -simset sim_1 -mode behavioral
INFO: [Vivado 12-12493] Simulation top is 'tb_mul_poly_matrix'
WARNING: [Vivado 12-13340] Unable to auto find GCC executables from simulator install path! (path not set)
WARNING: [Vivado 12-13277] Compiled library path does not exist: ''
INFO: [Vivado 12-5682] Launching behavioral simulation in 'C:/Hung/Viettel/Stage2/ML-KEM/mul_poly/mul_matrix/mul_matrix.sim/sim_1/behav/xsim'
INFO: [SIM-utils-51] Simulation object is 'sim_1'
INFO: [USF-XSim-2] XSim::Compile design
INFO: [USF-XSim-61] Executing 'COMPILE and ANALYZE' step in 'C:/Hung/Viettel/Stage2/ML-KEM/mul_poly/mul_matrix/mul_matrix.sim/sim_1/behav/xsim'
"xvlog --incr --relax -prj tb_mul_poly_matrix_vlog.prj"
INFO: [USF-XSim-69] 'compile' step finished in '2' seconds
Command: launch_simulation -step elaborate -simset sim_1 -mode behavioral
INFO: [Vivado 12-12493] Simulation top is 'tb_mul_poly_matrix'
WARNING: [Vivado 12-13340] Unable to auto find GCC executables from simulator install path! (path not set)
WARNING: [Vivado 12-13277] Compiled library path does not exist: ''
INFO: [Vivado 12-5682] Launching behavioral simulation in 'C:/Hung/Viettel/Stage2/ML-KEM/mul_poly/mul_matrix/mul_matrix.sim/sim_1/behav/xsim'
INFO: [SIM-utils-51] Simulation object is 'sim_1'
INFO: [USF-XSim-3] XSim::Elaborate design
INFO: [USF-XSim-61] Executing 'ELABORATE' step in 'C:/Hung/Viettel/Stage2/ML-KEM/mul_poly/mul_matrix/mul_matrix.sim/sim_1/behav/xsim'
"xelab --incr --debug typical --relax --mt 2 -L xil_defaultlib -L unisims_ver -L unimacro_ver -L secureip --snapshot tb_mul_poly_matrix_behav xil_defaultlib.tb_mul_poly_matrix xil_defaultlib.glbl -log elaborate.log"
Vivado Simulator v2022.2.2
Copyright 1986-1999, 2001-2022 Xilinx, Inc. All Rights Reserved.
Running: C:/Xilinx/Vivado/2022.2/bin/unwrapped/win64.o/xelab.exe --incr --debug typical --relax --mt 2 -L xil_defaultlib -L unisims_ver -L unimacro_ver -L secureip --snapshot tb_mul_poly_matrix_behav xil_defaultlib.tb_mul_poly_matrix xil_defaultlib.glbl -log elaborate.log 
Using 2 slave threads.
Starting static elaboration
Pass Through NonSizing Optimizer
Completed static elaboration
INFO: [XSIM 43-4323] No Change in HDL. Linking previously generated obj files to create kernel
INFO: [USF-XSim-69] 'elaborate' step finished in '1' seconds
Time resolution is 1 ps
               a: 000 000 000 000 000 000 000 000 000 000 000 000 000 000 000 000
               b: 000 000 000 000 000 000 000 000 000 000 000 000 000 000 000 000
             res: 456 967 6a1 6a7 1bf 000 000 000 000 000 1bf 000 1bf 000 000 000
expect r12..r15 = {b65, 967, c71, 6a7}
got    r12..r15 = {1bf, 000, 000, 000}
FAIL
$finish called at time : 262500 ps : File "C:/Hung/Viettel/Stage2/ML-KEM/mul_poly/tb_mul_poly_matrix.v" Line 116
relaunch_sim: Time (s): cpu = 00:00:01 ; elapsed = 00:00:06 . Memory (MB): peak = 1916.457 ; gain = 0.000
save_wave_config {C:/Hung/Viettel/Stage2/ML-KEM/mul_poly/mul_matrix/tb_mul_12bit_behav.wcfg}
current_wave_config {tb_mul_12bit_behav.wcfg}
C:/Hung/Viettel/Stage2/ML-KEM/mul_poly/mul_matrix/tb_mul_12bit_behav.wcfg
add_wave {{/tb_mul_poly_matrix/dut/mul_poly_matrix_inst/u_mul0/barret_inst2/C}} {{/tb_mul_poly_matrix/dut/mul_poly_matrix_inst/u_mul0/barret_inst2/R}} 
relaunch_sim
Command: launch_simulation -step compile -simset sim_1 -mode behavioral
INFO: [Vivado 12-12493] Simulation top is 'tb_mul_poly_matrix'
WARNING: [Vivado 12-13340] Unable to auto find GCC executables from simulator install path! (path not set)
WARNING: [Vivado 12-13277] Compiled library path does not exist: ''
INFO: [Vivado 12-5682] Launching behavioral simulation in 'C:/Hung/Viettel/Stage2/ML-KEM/mul_poly/mul_matrix/mul_matrix.sim/sim_1/behav/xsim'
INFO: [SIM-utils-51] Simulation object is 'sim_1'
INFO: [USF-XSim-2] XSim::Compile design
INFO: [USF-XSim-61] Executing 'COMPILE and ANALYZE' step in 'C:/Hung/Viettel/Stage2/ML-KEM/mul_poly/mul_matrix/mul_matrix.sim/sim_1/behav/xsim'
"xvlog --incr --relax -prj tb_mul_poly_matrix_vlog.prj"
INFO: [USF-XSim-69] 'compile' step finished in '1' seconds
Command: launch_simulation -step elaborate -simset sim_1 -mode behavioral
INFO: [Vivado 12-12493] Simulation top is 'tb_mul_poly_matrix'
WARNING: [Vivado 12-13340] Unable to auto find GCC executables from simulator install path! (path not set)
WARNING: [Vivado 12-13277] Compiled library path does not exist: ''
INFO: [Vivado 12-5682] Launching behavioral simulation in 'C:/Hung/Viettel/Stage2/ML-KEM/mul_poly/mul_matrix/mul_matrix.sim/sim_1/behav/xsim'
INFO: [SIM-utils-51] Simulation object is 'sim_1'
INFO: [USF-XSim-3] XSim::Elaborate design
INFO: [USF-XSim-61] Executing 'ELABORATE' step in 'C:/Hung/Viettel/Stage2/ML-KEM/mul_poly/mul_matrix/mul_matrix.sim/sim_1/behav/xsim'
"xelab --incr --debug typical --relax --mt 2 -L xil_defaultlib -L unisims_ver -L unimacro_ver -L secureip --snapshot tb_mul_poly_matrix_behav xil_defaultlib.tb_mul_poly_matrix xil_defaultlib.glbl -log elaborate.log"
Vivado Simulator v2022.2.2
Copyright 1986-1999, 2001-2022 Xilinx, Inc. All Rights Reserved.
Running: C:/Xilinx/Vivado/2022.2/bin/unwrapped/win64.o/xelab.exe --incr --debug typical --relax --mt 2 -L xil_defaultlib -L unisims_ver -L unimacro_ver -L secureip --snapshot tb_mul_poly_matrix_behav xil_defaultlib.tb_mul_poly_matrix xil_defaultlib.glbl -log elaborate.log 
Using 2 slave threads.
Starting static elaboration
Pass Through NonSizing Optimizer
Completed static elaboration
INFO: [XSIM 43-4323] No Change in HDL. Linking previously generated obj files to create kernel
INFO: [USF-XSim-69] 'elaborate' step finished in '2' seconds
Time resolution is 1 ps
               a: 000 000 000 000 000 000 000 000 000 000 000 000 000 000 000 000
               b: 000 000 000 000 000 000 000 000 000 000 000 000 000 000 000 000
             res: 456 967 6a1 6a7 1bf 000 000 000 000 000 1bf 000 1bf 000 000 000
expect r12..r15 = {b65, 967, c71, 6a7}
got    r12..r15 = {1bf, 000, 000, 000}
FAIL
$finish called at time : 262500 ps : File "C:/Hung/Viettel/Stage2/ML-KEM/mul_poly/tb_mul_poly_matrix.v" Line 116
current_wave_config {tb_mul_12bit_behav.wcfg}
C:/Hung/Viettel/Stage2/ML-KEM/mul_poly/mul_matrix/tb_mul_12bit_behav.wcfg
add_wave {{/tb_mul_poly_matrix/dut/mul_poly_matrix_inst/u_mul0/barret_inst1/R}} {{/tb_mul_poly_matrix/dut/mul_poly_matrix_inst/u_mul0/barret_inst1/Q45}} 
relaunch_sim
Command: launch_simulation -step compile -simset sim_1 -mode behavioral
INFO: [Vivado 12-12493] Simulation top is 'tb_mul_poly_matrix'
WARNING: [Vivado 12-13340] Unable to auto find GCC executables from simulator install path! (path not set)
WARNING: [Vivado 12-13277] Compiled library path does not exist: ''
INFO: [Vivado 12-5682] Launching behavioral simulation in 'C:/Hung/Viettel/Stage2/ML-KEM/mul_poly/mul_matrix/mul_matrix.sim/sim_1/behav/xsim'
INFO: [SIM-utils-51] Simulation object is 'sim_1'
INFO: [USF-XSim-2] XSim::Compile design
INFO: [USF-XSim-61] Executing 'COMPILE and ANALYZE' step in 'C:/Hung/Viettel/Stage2/ML-KEM/mul_poly/mul_matrix/mul_matrix.sim/sim_1/behav/xsim'
"xvlog --incr --relax -prj tb_mul_poly_matrix_vlog.prj"
INFO: [USF-XSim-69] 'compile' step finished in '1' seconds
Command: launch_simulation -step elaborate -simset sim_1 -mode behavioral
INFO: [Vivado 12-12493] Simulation top is 'tb_mul_poly_matrix'
WARNING: [Vivado 12-13340] Unable to auto find GCC executables from simulator install path! (path not set)
WARNING: [Vivado 12-13277] Compiled library path does not exist: ''
INFO: [Vivado 12-5682] Launching behavioral simulation in 'C:/Hung/Viettel/Stage2/ML-KEM/mul_poly/mul_matrix/mul_matrix.sim/sim_1/behav/xsim'
INFO: [SIM-utils-51] Simulation object is 'sim_1'
INFO: [USF-XSim-3] XSim::Elaborate design
INFO: [USF-XSim-61] Executing 'ELABORATE' step in 'C:/Hung/Viettel/Stage2/ML-KEM/mul_poly/mul_matrix/mul_matrix.sim/sim_1/behav/xsim'
"xelab --incr --debug typical --relax --mt 2 -L xil_defaultlib -L unisims_ver -L unimacro_ver -L secureip --snapshot tb_mul_poly_matrix_behav xil_defaultlib.tb_mul_poly_matrix xil_defaultlib.glbl -log elaborate.log"
Vivado Simulator v2022.2.2
Copyright 1986-1999, 2001-2022 Xilinx, Inc. All Rights Reserved.
Running: C:/Xilinx/Vivado/2022.2/bin/unwrapped/win64.o/xelab.exe --incr --debug typical --relax --mt 2 -L xil_defaultlib -L unisims_ver -L unimacro_ver -L secureip --snapshot tb_mul_poly_matrix_behav xil_defaultlib.tb_mul_poly_matrix xil_defaultlib.glbl -log elaborate.log 
Using 2 slave threads.
Starting static elaboration
Pass Through NonSizing Optimizer
Completed static elaboration
INFO: [XSIM 43-4323] No Change in HDL. Linking previously generated obj files to create kernel
INFO: [USF-XSim-69] 'elaborate' step finished in '2' seconds
Time resolution is 1 ps
               a: 000 000 000 000 000 000 000 000 000 000 000 000 000 000 000 000
               b: 000 000 000 000 000 000 000 000 000 000 000 000 000 000 000 000
             res: 456 967 6a1 6a7 1bf 000 000 000 000 000 1bf 000 1bf 000 000 000
expect r12..r15 = {b65, 967, c71, 6a7}
got    r12..r15 = {1bf, 000, 000, 000}
FAIL
$finish called at time : 262500 ps : File "C:/Hung/Viettel/Stage2/ML-KEM/mul_poly/tb_mul_poly_matrix.v" Line 116
current_wave_config {tb_mul_12bit_behav.wcfg}
C:/Hung/Viettel/Stage2/ML-KEM/mul_poly/mul_matrix/tb_mul_12bit_behav.wcfg
add_wave {{/tb_mul_poly_matrix/dut/mul_poly_matrix_inst/u_mul0/barret_inst1/C}} 
relaunch_sim
Command: launch_simulation -step compile -simset sim_1 -mode behavioral
INFO: [Vivado 12-12493] Simulation top is 'tb_mul_poly_matrix'
WARNING: [Vivado 12-13340] Unable to auto find GCC executables from simulator install path! (path not set)
WARNING: [Vivado 12-13277] Compiled library path does not exist: ''
INFO: [Vivado 12-5682] Launching behavioral simulation in 'C:/Hung/Viettel/Stage2/ML-KEM/mul_poly/mul_matrix/mul_matrix.sim/sim_1/behav/xsim'
INFO: [SIM-utils-51] Simulation object is 'sim_1'
INFO: [USF-XSim-2] XSim::Compile design
INFO: [USF-XSim-61] Executing 'COMPILE and ANALYZE' step in 'C:/Hung/Viettel/Stage2/ML-KEM/mul_poly/mul_matrix/mul_matrix.sim/sim_1/behav/xsim'
"xvlog --incr --relax -prj tb_mul_poly_matrix_vlog.prj"
INFO: [USF-XSim-69] 'compile' step finished in '1' seconds
Command: launch_simulation -step elaborate -simset sim_1 -mode behavioral
INFO: [Vivado 12-12493] Simulation top is 'tb_mul_poly_matrix'
WARNING: [Vivado 12-13340] Unable to auto find GCC executables from simulator install path! (path not set)
WARNING: [Vivado 12-13277] Compiled library path does not exist: ''
INFO: [Vivado 12-5682] Launching behavioral simulation in 'C:/Hung/Viettel/Stage2/ML-KEM/mul_poly/mul_matrix/mul_matrix.sim/sim_1/behav/xsim'
INFO: [SIM-utils-51] Simulation object is 'sim_1'
INFO: [USF-XSim-3] XSim::Elaborate design
INFO: [USF-XSim-61] Executing 'ELABORATE' step in 'C:/Hung/Viettel/Stage2/ML-KEM/mul_poly/mul_matrix/mul_matrix.sim/sim_1/behav/xsim'
"xelab --incr --debug typical --relax --mt 2 -L xil_defaultlib -L unisims_ver -L unimacro_ver -L secureip --snapshot tb_mul_poly_matrix_behav xil_defaultlib.tb_mul_poly_matrix xil_defaultlib.glbl -log elaborate.log"
Vivado Simulator v2022.2.2
Copyright 1986-1999, 2001-2022 Xilinx, Inc. All Rights Reserved.
Running: C:/Xilinx/Vivado/2022.2/bin/unwrapped/win64.o/xelab.exe --incr --debug typical --relax --mt 2 -L xil_defaultlib -L unisims_ver -L unimacro_ver -L secureip --snapshot tb_mul_poly_matrix_behav xil_defaultlib.tb_mul_poly_matrix xil_defaultlib.glbl -log elaborate.log 
Using 2 slave threads.
Starting static elaboration
Pass Through NonSizing Optimizer
Completed static elaboration
INFO: [XSIM 43-4323] No Change in HDL. Linking previously generated obj files to create kernel
INFO: [USF-XSim-69] 'elaborate' step finished in '1' seconds
Time resolution is 1 ps
               a: 000 000 000 000 000 000 000 000 000 000 000 000 000 000 000 000
               b: 000 000 000 000 000 000 000 000 000 000 000 000 000 000 000 000
             res: 456 967 6a1 6a7 1bf 000 000 000 000 000 1bf 000 1bf 000 000 000
expect r12..r15 = {b65, 967, c71, 6a7}
got    r12..r15 = {1bf, 000, 000, 000}
FAIL
$finish called at time : 262500 ps : File "C:/Hung/Viettel/Stage2/ML-KEM/mul_poly/tb_mul_poly_matrix.v" Line 116
save_wave_config {C:/Hung/Viettel/Stage2/ML-KEM/mul_poly/mul_matrix/tb_mul_12bit_behav.wcfg}
relaunch_sim
Command: launch_simulation -step compile -simset sim_1 -mode behavioral
INFO: [Vivado 12-12493] Simulation top is 'tb_mul_poly_matrix'
WARNING: [Vivado 12-13340] Unable to auto find GCC executables from simulator install path! (path not set)
WARNING: [Vivado 12-13277] Compiled library path does not exist: ''
INFO: [Vivado 12-5682] Launching behavioral simulation in 'C:/Hung/Viettel/Stage2/ML-KEM/mul_poly/mul_matrix/mul_matrix.sim/sim_1/behav/xsim'
INFO: [SIM-utils-51] Simulation object is 'sim_1'
INFO: [USF-XSim-2] XSim::Compile design
INFO: [USF-XSim-61] Executing 'COMPILE and ANALYZE' step in 'C:/Hung/Viettel/Stage2/ML-KEM/mul_poly/mul_matrix/mul_matrix.sim/sim_1/behav/xsim'
"xvlog --incr --relax -prj tb_mul_poly_matrix_vlog.prj"
INFO: [VRFC 10-2263] Analyzing Verilog file "C:/Hung/Viettel/Stage2/ML-KEM/mul_poly/BoothDecode.v" into library xil_defaultlib
INFO: [VRFC 10-311] analyzing module BoothDecode
INFO: [VRFC 10-2263] Analyzing Verilog file "C:/Hung/Viettel/Stage2/ML-KEM/mul_poly/Rom_mul.v" into library xil_defaultlib
INFO: [VRFC 10-311] analyzing module Rom_mul
INFO: [VRFC 10-2263] Analyzing Verilog file "C:/Hung/Viettel/Stage2/ML-KEM/mul_poly/add_cell.v" into library xil_defaultlib
INFO: [VRFC 10-311] analyzing module add_cell
INFO: [VRFC 10-2263] Analyzing Verilog file "C:/Hung/Viettel/Stage2/ML-KEM/NTT/barret.v" into library xil_defaultlib
INFO: [VRFC 10-311] analyzing module barret
INFO: [VRFC 10-2263] Analyzing Verilog file "C:/Hung/Viettel/Stage2/ML-KEM/mul_poly/mul_12bit.v" into library xil_defaultlib
INFO: [VRFC 10-311] analyzing module mul_12bit
INFO: [VRFC 10-2263] Analyzing Verilog file "C:/Hung/Viettel/Stage2/ML-KEM/mul_poly/mul_cell.v" into library xil_defaultlib
INFO: [VRFC 10-311] analyzing module mul_cel
INFO: [VRFC 10-2263] Analyzing Verilog file "C:/Hung/Viettel/Stage2/ML-KEM/mul_poly/mul_poly.v" into library xil_defaultlib
INFO: [VRFC 10-311] analyzing module mul_poly
INFO: [VRFC 10-2263] Analyzing Verilog file "C:/Hung/Viettel/Stage2/ML-KEM/mul_poly/mul_poly_matrix.v" into library xil_defaultlib
INFO: [VRFC 10-311] analyzing module mul_poly_matrix
INFO: [VRFC 10-2263] Analyzing Verilog file "C:/Hung/Viettel/Stage2/ML-KEM/mul_poly/tb_mul_poly_matrix.v" into library xil_defaultlib
INFO: [VRFC 10-311] analyzing module tb_mul_poly_matrix
INFO: [USF-XSim-69] 'compile' step finished in '1' seconds
Command: launch_simulation -step elaborate -simset sim_1 -mode behavioral
INFO: [Vivado 12-12493] Simulation top is 'tb_mul_poly_matrix'
WARNING: [Vivado 12-13340] Unable to auto find GCC executables from simulator install path! (path not set)
WARNING: [Vivado 12-13277] Compiled library path does not exist: ''
INFO: [Vivado 12-5682] Launching behavioral simulation in 'C:/Hung/Viettel/Stage2/ML-KEM/mul_poly/mul_matrix/mul_matrix.sim/sim_1/behav/xsim'
INFO: [SIM-utils-51] Simulation object is 'sim_1'
INFO: [USF-XSim-3] XSim::Elaborate design
INFO: [USF-XSim-61] Executing 'ELABORATE' step in 'C:/Hung/Viettel/Stage2/ML-KEM/mul_poly/mul_matrix/mul_matrix.sim/sim_1/behav/xsim'
"xelab --incr --debug typical --relax --mt 2 -L xil_defaultlib -L unisims_ver -L unimacro_ver -L secureip --snapshot tb_mul_poly_matrix_behav xil_defaultlib.tb_mul_poly_matrix xil_defaultlib.glbl -log elaborate.log"
Vivado Simulator v2022.2.2
Copyright 1986-1999, 2001-2022 Xilinx, Inc. All Rights Reserved.
Running: C:/Xilinx/Vivado/2022.2/bin/unwrapped/win64.o/xelab.exe --incr --debug typical --relax --mt 2 -L xil_defaultlib -L unisims_ver -L unimacro_ver -L secureip --snapshot tb_mul_poly_matrix_behav xil_defaultlib.tb_mul_poly_matrix xil_defaultlib.glbl -log elaborate.log 
Using 2 slave threads.
Starting static elaboration
Pass Through NonSizing Optimizer
Completed static elaboration
Starting simulation data flow analysis
Completed simulation data flow analysis
Time Resolution for simulation is 1ps
Compiling module xil_defaultlib.add_cell_default
Compiling module xil_defaultlib.barret
Compiling module xil_defaultlib.Rom_mul
Compiling module xil_defaultlib.BoothDecode
Compiling module xil_defaultlib.mul_12bit_default
Compiling module xil_defaultlib.mul_poly
Compiling module xil_defaultlib.mul_poly_matrix
Compiling module xil_defaultlib.mul_cel_default
Compiling module xil_defaultlib.tb_mul_poly_matrix
Compiling module xil_defaultlib.glbl
Built simulation snapshot tb_mul_poly_matrix_behav
INFO: [USF-XSim-69] 'elaborate' step finished in '3' seconds
Time resolution is 1 ps
               a: 000 000 000 000 000 000 000 000 000 000 000 000 000 000 000 000
               b: 000 000 000 000 000 000 000 000 000 000 000 000 000 000 000 000
             res: 000 000 1bf 000 1bf 000 000 000 000 000 1bf 000 882 967 b29 6a7
expect r12..r15 = {b65, 967, c71, 6a7}
got    r12..r15 = {882, 967, b29, 6a7}
FAIL
$finish called at time : 262500 ps : File "C:/Hung/Viettel/Stage2/ML-KEM/mul_poly/tb_mul_poly_matrix.v" Line 116
relaunch_sim: Time (s): cpu = 00:00:01 ; elapsed = 00:00:07 . Memory (MB): peak = 1916.457 ; gain = 0.000
save_wave_config {C:/Hung/Viettel/Stage2/ML-KEM/mul_poly/mul_matrix/tb_mul_12bit_behav.wcfg}
current_wave_config {tb_mul_12bit_behav.wcfg}
C:/Hung/Viettel/Stage2/ML-KEM/mul_poly/mul_matrix/tb_mul_12bit_behav.wcfg
add_wave {{/tb_mul_poly_matrix/dut/test_a}} {{/tb_mul_poly_matrix/dut/test_b}} {{/tb_mul_poly_matrix/dut/test_tmp}} 
save_wave_config {C:/Hung/Viettel/Stage2/ML-KEM/mul_poly/mul_matrix/tb_mul_12bit_behav.wcfg}
relaunch_sim
Command: launch_simulation -step compile -simset sim_1 -mode behavioral
INFO: [Vivado 12-12493] Simulation top is 'tb_mul_poly_matrix'
WARNING: [Vivado 12-13340] Unable to auto find GCC executables from simulator install path! (path not set)
WARNING: [Vivado 12-13277] Compiled library path does not exist: ''
INFO: [Vivado 12-5682] Launching behavioral simulation in 'C:/Hung/Viettel/Stage2/ML-KEM/mul_poly/mul_matrix/mul_matrix.sim/sim_1/behav/xsim'
INFO: [SIM-utils-51] Simulation object is 'sim_1'
INFO: [USF-XSim-2] XSim::Compile design
INFO: [USF-XSim-61] Executing 'COMPILE and ANALYZE' step in 'C:/Hung/Viettel/Stage2/ML-KEM/mul_poly/mul_matrix/mul_matrix.sim/sim_1/behav/xsim'
"xvlog --incr --relax -prj tb_mul_poly_matrix_vlog.prj"
INFO: [VRFC 10-2263] Analyzing Verilog file "C:/Hung/Viettel/Stage2/ML-KEM/mul_poly/BoothDecode.v" into library xil_defaultlib
INFO: [VRFC 10-311] analyzing module BoothDecode
INFO: [VRFC 10-2263] Analyzing Verilog file "C:/Hung/Viettel/Stage2/ML-KEM/mul_poly/Rom_mul.v" into library xil_defaultlib
INFO: [VRFC 10-311] analyzing module Rom_mul
INFO: [VRFC 10-2263] Analyzing Verilog file "C:/Hung/Viettel/Stage2/ML-KEM/mul_poly/add_cell.v" into library xil_defaultlib
INFO: [VRFC 10-311] analyzing module add_cell
INFO: [VRFC 10-2263] Analyzing Verilog file "C:/Hung/Viettel/Stage2/ML-KEM/NTT/barret.v" into library xil_defaultlib
INFO: [VRFC 10-311] analyzing module barret
INFO: [VRFC 10-2263] Analyzing Verilog file "C:/Hung/Viettel/Stage2/ML-KEM/mul_poly/mul_12bit.v" into library xil_defaultlib
INFO: [VRFC 10-311] analyzing module mul_12bit
INFO: [VRFC 10-2263] Analyzing Verilog file "C:/Hung/Viettel/Stage2/ML-KEM/mul_poly/mul_cell.v" into library xil_defaultlib
INFO: [VRFC 10-311] analyzing module mul_cel
INFO: [VRFC 10-2263] Analyzing Verilog file "C:/Hung/Viettel/Stage2/ML-KEM/mul_poly/mul_poly.v" into library xil_defaultlib
INFO: [VRFC 10-311] analyzing module mul_poly
INFO: [VRFC 10-2263] Analyzing Verilog file "C:/Hung/Viettel/Stage2/ML-KEM/mul_poly/mul_poly_matrix.v" into library xil_defaultlib
INFO: [VRFC 10-311] analyzing module mul_poly_matrix
INFO: [VRFC 10-2263] Analyzing Verilog file "C:/Hung/Viettel/Stage2/ML-KEM/mul_poly/tb_mul_poly_matrix.v" into library xil_defaultlib
INFO: [VRFC 10-311] analyzing module tb_mul_poly_matrix
INFO: [USF-XSim-69] 'compile' step finished in '2' seconds
Command: launch_simulation -step elaborate -simset sim_1 -mode behavioral
INFO: [Vivado 12-12493] Simulation top is 'tb_mul_poly_matrix'
WARNING: [Vivado 12-13340] Unable to auto find GCC executables from simulator install path! (path not set)
WARNING: [Vivado 12-13277] Compiled library path does not exist: ''
INFO: [Vivado 12-5682] Launching behavioral simulation in 'C:/Hung/Viettel/Stage2/ML-KEM/mul_poly/mul_matrix/mul_matrix.sim/sim_1/behav/xsim'
INFO: [SIM-utils-51] Simulation object is 'sim_1'
INFO: [USF-XSim-3] XSim::Elaborate design
INFO: [USF-XSim-61] Executing 'ELABORATE' step in 'C:/Hung/Viettel/Stage2/ML-KEM/mul_poly/mul_matrix/mul_matrix.sim/sim_1/behav/xsim'
"xelab --incr --debug typical --relax --mt 2 -L xil_defaultlib -L unisims_ver -L unimacro_ver -L secureip --snapshot tb_mul_poly_matrix_behav xil_defaultlib.tb_mul_poly_matrix xil_defaultlib.glbl -log elaborate.log"
Vivado Simulator v2022.2.2
Copyright 1986-1999, 2001-2022 Xilinx, Inc. All Rights Reserved.
Running: C:/Xilinx/Vivado/2022.2/bin/unwrapped/win64.o/xelab.exe --incr --debug typical --relax --mt 2 -L xil_defaultlib -L unisims_ver -L unimacro_ver -L secureip --snapshot tb_mul_poly_matrix_behav xil_defaultlib.tb_mul_poly_matrix xil_defaultlib.glbl -log elaborate.log 
Using 2 slave threads.
Starting static elaboration
Pass Through NonSizing Optimizer
Completed static elaboration
Starting simulation data flow analysis
Completed simulation data flow analysis
Time Resolution for simulation is 1ps
Compiling module xil_defaultlib.add_cell_default
Compiling module xil_defaultlib.barret
Compiling module xil_defaultlib.Rom_mul
Compiling module xil_defaultlib.BoothDecode
Compiling module xil_defaultlib.mul_12bit_default
Compiling module xil_defaultlib.mul_poly
Compiling module xil_defaultlib.mul_poly_matrix
Compiling module xil_defaultlib.mul_cel_default
Compiling module xil_defaultlib.tb_mul_poly_matrix
Compiling module xil_defaultlib.glbl
Built simulation snapshot tb_mul_poly_matrix_behav
INFO: [USF-XSim-69] 'elaborate' step finished in '4' seconds
Time resolution is 1 ps
               a: 000 000 000 000 000 000 000 000 000 000 000 000 000 000 000 000
               b: 000 000 000 000 000 000 000 000 000 000 000 000 000 000 000 000
             res: 000 000 1bf 000 1bf 000 000 000 000 000 1bf 000 882 967 b29 6a7
expect r12..r15 = {b65, 967, c71, 6a7}
got    r12..r15 = {882, 967, b29, 6a7}
FAIL
$finish called at time : 262500 ps : File "C:/Hung/Viettel/Stage2/ML-KEM/mul_poly/tb_mul_poly_matrix.v" Line 116
relaunch_sim: Time (s): cpu = 00:00:02 ; elapsed = 00:00:09 . Memory (MB): peak = 1916.457 ; gain = 0.000
current_wave_config {tb_mul_12bit_behav.wcfg}
C:/Hung/Viettel/Stage2/ML-KEM/mul_poly/mul_matrix/tb_mul_12bit_behav.wcfg
add_wave {{/tb_mul_poly_matrix/dut/mul_poly_matrix_inst/u_mul6/a0}} {{/tb_mul_poly_matrix/dut/mul_poly_matrix_inst/u_mul6/a1}} {{/tb_mul_poly_matrix/dut/mul_poly_matrix_inst/u_mul6/b0}} {{/tb_mul_poly_matrix/dut/mul_poly_matrix_inst/u_mul6/b1}} {{/tb_mul_poly_matrix/dut/mul_poly_matrix_inst/u_mul6/zetas}} {{/tb_mul_poly_matrix/dut/mul_poly_matrix_inst/u_mul6/res0}} {{/tb_mul_poly_matrix/dut/mul_poly_matrix_inst/u_mul6/res1}} 
relaunch_sim
Command: launch_simulation -step compile -simset sim_1 -mode behavioral
INFO: [Vivado 12-12493] Simulation top is 'tb_mul_poly_matrix'
WARNING: [Vivado 12-13340] Unable to auto find GCC executables from simulator install path! (path not set)
WARNING: [Vivado 12-13277] Compiled library path does not exist: ''
INFO: [Vivado 12-5682] Launching behavioral simulation in 'C:/Hung/Viettel/Stage2/ML-KEM/mul_poly/mul_matrix/mul_matrix.sim/sim_1/behav/xsim'
INFO: [SIM-utils-51] Simulation object is 'sim_1'
INFO: [USF-XSim-2] XSim::Compile design
INFO: [USF-XSim-61] Executing 'COMPILE and ANALYZE' step in 'C:/Hung/Viettel/Stage2/ML-KEM/mul_poly/mul_matrix/mul_matrix.sim/sim_1/behav/xsim'
"xvlog --incr --relax -prj tb_mul_poly_matrix_vlog.prj"
INFO: [VRFC 10-2263] Analyzing Verilog file "C:/Hung/Viettel/Stage2/ML-KEM/mul_poly/BoothDecode.v" into library xil_defaultlib
INFO: [VRFC 10-311] analyzing module BoothDecode
INFO: [VRFC 10-2263] Analyzing Verilog file "C:/Hung/Viettel/Stage2/ML-KEM/mul_poly/Rom_mul.v" into library xil_defaultlib
INFO: [VRFC 10-311] analyzing module Rom_mul
INFO: [VRFC 10-2263] Analyzing Verilog file "C:/Hung/Viettel/Stage2/ML-KEM/mul_poly/add_cell.v" into library xil_defaultlib
INFO: [VRFC 10-311] analyzing module add_cell
INFO: [VRFC 10-2263] Analyzing Verilog file "C:/Hung/Viettel/Stage2/ML-KEM/NTT/barret.v" into library xil_defaultlib
INFO: [VRFC 10-311] analyzing module barret
INFO: [VRFC 10-2263] Analyzing Verilog file "C:/Hung/Viettel/Stage2/ML-KEM/mul_poly/mul_12bit.v" into library xil_defaultlib
INFO: [VRFC 10-311] analyzing module mul_12bit
INFO: [VRFC 10-2263] Analyzing Verilog file "C:/Hung/Viettel/Stage2/ML-KEM/mul_poly/mul_cell.v" into library xil_defaultlib
INFO: [VRFC 10-311] analyzing module mul_cel
INFO: [VRFC 10-2263] Analyzing Verilog file "C:/Hung/Viettel/Stage2/ML-KEM/mul_poly/mul_poly.v" into library xil_defaultlib
INFO: [VRFC 10-311] analyzing module mul_poly
INFO: [VRFC 10-2263] Analyzing Verilog file "C:/Hung/Viettel/Stage2/ML-KEM/mul_poly/mul_poly_matrix.v" into library xil_defaultlib
INFO: [VRFC 10-311] analyzing module mul_poly_matrix
INFO: [VRFC 10-2263] Analyzing Verilog file "C:/Hung/Viettel/Stage2/ML-KEM/mul_poly/tb_mul_poly_matrix.v" into library xil_defaultlib
INFO: [VRFC 10-311] analyzing module tb_mul_poly_matrix
INFO: [USF-XSim-69] 'compile' step finished in '1' seconds
Command: launch_simulation -step elaborate -simset sim_1 -mode behavioral
INFO: [Vivado 12-12493] Simulation top is 'tb_mul_poly_matrix'
WARNING: [Vivado 12-13340] Unable to auto find GCC executables from simulator install path! (path not set)
WARNING: [Vivado 12-13277] Compiled library path does not exist: ''
INFO: [Vivado 12-5682] Launching behavioral simulation in 'C:/Hung/Viettel/Stage2/ML-KEM/mul_poly/mul_matrix/mul_matrix.sim/sim_1/behav/xsim'
INFO: [SIM-utils-51] Simulation object is 'sim_1'
INFO: [USF-XSim-3] XSim::Elaborate design
INFO: [USF-XSim-61] Executing 'ELABORATE' step in 'C:/Hung/Viettel/Stage2/ML-KEM/mul_poly/mul_matrix/mul_matrix.sim/sim_1/behav/xsim'
"xelab --incr --debug typical --relax --mt 2 -L xil_defaultlib -L unisims_ver -L unimacro_ver -L secureip --snapshot tb_mul_poly_matrix_behav xil_defaultlib.tb_mul_poly_matrix xil_defaultlib.glbl -log elaborate.log"
Vivado Simulator v2022.2.2
Copyright 1986-1999, 2001-2022 Xilinx, Inc. All Rights Reserved.
Running: C:/Xilinx/Vivado/2022.2/bin/unwrapped/win64.o/xelab.exe --incr --debug typical --relax --mt 2 -L xil_defaultlib -L unisims_ver -L unimacro_ver -L secureip --snapshot tb_mul_poly_matrix_behav xil_defaultlib.tb_mul_poly_matrix xil_defaultlib.glbl -log elaborate.log 
Using 2 slave threads.
Starting static elaboration
Pass Through NonSizing Optimizer
Completed static elaboration
Starting simulation data flow analysis
Completed simulation data flow analysis
Time Resolution for simulation is 1ps
Compiling module xil_defaultlib.add_cell_default
Compiling module xil_defaultlib.barret
Compiling module xil_defaultlib.Rom_mul
Compiling module xil_defaultlib.BoothDecode
Compiling module xil_defaultlib.mul_12bit_default
Compiling module xil_defaultlib.mul_poly
Compiling module xil_defaultlib.mul_poly_matrix
Compiling module xil_defaultlib.mul_cel_default
Compiling module xil_defaultlib.tb_mul_poly_matrix
Compiling module xil_defaultlib.glbl
Built simulation snapshot tb_mul_poly_matrix_behav
INFO: [USF-XSim-69] 'elaborate' step finished in '3' seconds
Time resolution is 1 ps
               a: 000 000 000 000 000 000 000 000 000 000 000 000 000 000 000 000
               b: 000 000 000 000 000 000 000 000 000 000 000 000 000 000 000 000
             res: 000 000 1bf 000 1bf 000 000 000 000 000 1bf 000 882 967 b29 6a7
expect r12..r15 = {b65, 967, c71, 6a7}
got    r12..r15 = {882, 967, b29, 6a7}
FAIL
$finish called at time : 262500 ps : File "C:/Hung/Viettel/Stage2/ML-KEM/mul_poly/tb_mul_poly_matrix.v" Line 116
relaunch_sim: Time (s): cpu = 00:00:01 ; elapsed = 00:00:06 . Memory (MB): peak = 1916.457 ; gain = 0.000
current_wave_config {tb_mul_12bit_behav.wcfg}
C:/Hung/Viettel/Stage2/ML-KEM/mul_poly/mul_matrix/tb_mul_12bit_behav.wcfg
add_wave {{/tb_mul_poly_matrix/dut/mul_poly_matrix_inst/u_mul0/a0_b0}} {{/tb_mul_poly_matrix/dut/mul_poly_matrix_inst/u_mul0/a1_b1}} {{/tb_mul_poly_matrix/dut/mul_poly_matrix_inst/u_mul0/a1_b0}} {{/tb_mul_poly_matrix/dut/mul_poly_matrix_inst/u_mul0/a0_b1}} {{/tb_mul_poly_matrix/dut/mul_poly_matrix_inst/u_mul0/a1_b1_zetas}} 
relaunch_sim
Command: launch_simulation -step compile -simset sim_1 -mode behavioral
INFO: [Vivado 12-12493] Simulation top is 'tb_mul_poly_matrix'
WARNING: [Vivado 12-13340] Unable to auto find GCC executables from simulator install path! (path not set)
WARNING: [Vivado 12-13277] Compiled library path does not exist: ''
INFO: [Vivado 12-5682] Launching behavioral simulation in 'C:/Hung/Viettel/Stage2/ML-KEM/mul_poly/mul_matrix/mul_matrix.sim/sim_1/behav/xsim'
INFO: [SIM-utils-51] Simulation object is 'sim_1'
INFO: [USF-XSim-2] XSim::Compile design
INFO: [USF-XSim-61] Executing 'COMPILE and ANALYZE' step in 'C:/Hung/Viettel/Stage2/ML-KEM/mul_poly/mul_matrix/mul_matrix.sim/sim_1/behav/xsim'
"xvlog --incr --relax -prj tb_mul_poly_matrix_vlog.prj"
INFO: [USF-XSim-69] 'compile' step finished in '1' seconds
Command: launch_simulation -step elaborate -simset sim_1 -mode behavioral
INFO: [Vivado 12-12493] Simulation top is 'tb_mul_poly_matrix'
WARNING: [Vivado 12-13340] Unable to auto find GCC executables from simulator install path! (path not set)
WARNING: [Vivado 12-13277] Compiled library path does not exist: ''
INFO: [Vivado 12-5682] Launching behavioral simulation in 'C:/Hung/Viettel/Stage2/ML-KEM/mul_poly/mul_matrix/mul_matrix.sim/sim_1/behav/xsim'
INFO: [SIM-utils-51] Simulation object is 'sim_1'
INFO: [USF-XSim-3] XSim::Elaborate design
INFO: [USF-XSim-61] Executing 'ELABORATE' step in 'C:/Hung/Viettel/Stage2/ML-KEM/mul_poly/mul_matrix/mul_matrix.sim/sim_1/behav/xsim'
"xelab --incr --debug typical --relax --mt 2 -L xil_defaultlib -L unisims_ver -L unimacro_ver -L secureip --snapshot tb_mul_poly_matrix_behav xil_defaultlib.tb_mul_poly_matrix xil_defaultlib.glbl -log elaborate.log"
Vivado Simulator v2022.2.2
Copyright 1986-1999, 2001-2022 Xilinx, Inc. All Rights Reserved.
Running: C:/Xilinx/Vivado/2022.2/bin/unwrapped/win64.o/xelab.exe --incr --debug typical --relax --mt 2 -L xil_defaultlib -L unisims_ver -L unimacro_ver -L secureip --snapshot tb_mul_poly_matrix_behav xil_defaultlib.tb_mul_poly_matrix xil_defaultlib.glbl -log elaborate.log 
Using 2 slave threads.
Starting static elaboration
Pass Through NonSizing Optimizer
Completed static elaboration
INFO: [XSIM 43-4323] No Change in HDL. Linking previously generated obj files to create kernel
INFO: [USF-XSim-69] 'elaborate' step finished in '2' seconds
Time resolution is 1 ps
               a: 000 000 000 000 000 000 000 000 000 000 000 000 000 000 000 000
               b: 000 000 000 000 000 000 000 000 000 000 000 000 000 000 000 000
             res: 000 000 1bf 000 1bf 000 000 000 000 000 1bf 000 882 967 b29 6a7
expect r12..r15 = {b65, 967, c71, 6a7}
got    r12..r15 = {882, 967, b29, 6a7}
FAIL
$finish called at time : 262500 ps : File "C:/Hung/Viettel/Stage2/ML-KEM/mul_poly/tb_mul_poly_matrix.v" Line 116
save_wave_config {C:/Hung/Viettel/Stage2/ML-KEM/mul_poly/mul_matrix/tb_mul_12bit_behav.wcfg}
current_wave_config {tb_mul_12bit_behav.wcfg}
C:/Hung/Viettel/Stage2/ML-KEM/mul_poly/mul_matrix/tb_mul_12bit_behav.wcfg
add_wave {{/tb_mul_poly_matrix/dut/mul_poly_matrix_inst/u_mul6/a0_b0}} {{/tb_mul_poly_matrix/dut/mul_poly_matrix_inst/u_mul6/a1_b1}} {{/tb_mul_poly_matrix/dut/mul_poly_matrix_inst/u_mul6/a1_b0}} {{/tb_mul_poly_matrix/dut/mul_poly_matrix_inst/u_mul6/a0_b1}} {{/tb_mul_poly_matrix/dut/mul_poly_matrix_inst/u_mul6/a1_b1_zetas}} 
current_wave_config {tb_mul_12bit_behav.wcfg}
C:/Hung/Viettel/Stage2/ML-KEM/mul_poly/mul_matrix/tb_mul_12bit_behav.wcfg
add_wave {{/tb_mul_poly_matrix/dut/mul_poly_matrix_inst/u_mul6/obarret2}} 
relaunch_sim
Command: launch_simulation -step compile -simset sim_1 -mode behavioral
INFO: [Vivado 12-12493] Simulation top is 'tb_mul_poly_matrix'
WARNING: [Vivado 12-13340] Unable to auto find GCC executables from simulator install path! (path not set)
WARNING: [Vivado 12-13277] Compiled library path does not exist: ''
INFO: [Vivado 12-5682] Launching behavioral simulation in 'C:/Hung/Viettel/Stage2/ML-KEM/mul_poly/mul_matrix/mul_matrix.sim/sim_1/behav/xsim'
INFO: [SIM-utils-51] Simulation object is 'sim_1'
INFO: [USF-XSim-2] XSim::Compile design
INFO: [USF-XSim-61] Executing 'COMPILE and ANALYZE' step in 'C:/Hung/Viettel/Stage2/ML-KEM/mul_poly/mul_matrix/mul_matrix.sim/sim_1/behav/xsim'
"xvlog --incr --relax -prj tb_mul_poly_matrix_vlog.prj"
INFO: [USF-XSim-69] 'compile' step finished in '1' seconds
Command: launch_simulation -step elaborate -simset sim_1 -mode behavioral
INFO: [Vivado 12-12493] Simulation top is 'tb_mul_poly_matrix'
WARNING: [Vivado 12-13340] Unable to auto find GCC executables from simulator install path! (path not set)
WARNING: [Vivado 12-13277] Compiled library path does not exist: ''
INFO: [Vivado 12-5682] Launching behavioral simulation in 'C:/Hung/Viettel/Stage2/ML-KEM/mul_poly/mul_matrix/mul_matrix.sim/sim_1/behav/xsim'
INFO: [SIM-utils-51] Simulation object is 'sim_1'
INFO: [USF-XSim-3] XSim::Elaborate design
INFO: [USF-XSim-61] Executing 'ELABORATE' step in 'C:/Hung/Viettel/Stage2/ML-KEM/mul_poly/mul_matrix/mul_matrix.sim/sim_1/behav/xsim'
"xelab --incr --debug typical --relax --mt 2 -L xil_defaultlib -L unisims_ver -L unimacro_ver -L secureip --snapshot tb_mul_poly_matrix_behav xil_defaultlib.tb_mul_poly_matrix xil_defaultlib.glbl -log elaborate.log"
Vivado Simulator v2022.2.2
Copyright 1986-1999, 2001-2022 Xilinx, Inc. All Rights Reserved.
Running: C:/Xilinx/Vivado/2022.2/bin/unwrapped/win64.o/xelab.exe --incr --debug typical --relax --mt 2 -L xil_defaultlib -L unisims_ver -L unimacro_ver -L secureip --snapshot tb_mul_poly_matrix_behav xil_defaultlib.tb_mul_poly_matrix xil_defaultlib.glbl -log elaborate.log 
Using 2 slave threads.
Starting static elaboration
Pass Through NonSizing Optimizer
Completed static elaboration
INFO: [XSIM 43-4323] No Change in HDL. Linking previously generated obj files to create kernel
INFO: [USF-XSim-69] 'elaborate' step finished in '1' seconds
Time resolution is 1 ps
               a: 000 000 000 000 000 000 000 000 000 000 000 000 000 000 000 000
               b: 000 000 000 000 000 000 000 000 000 000 000 000 000 000 000 000
             res: 000 000 1bf 000 1bf 000 000 000 000 000 1bf 000 882 967 b29 6a7
expect r12..r15 = {b65, 967, c71, 6a7}
got    r12..r15 = {882, 967, b29, 6a7}
FAIL
$finish called at time : 262500 ps : File "C:/Hung/Viettel/Stage2/ML-KEM/mul_poly/tb_mul_poly_matrix.v" Line 116
save_wave_config {C:/Hung/Viettel/Stage2/ML-KEM/mul_poly/mul_matrix/tb_mul_12bit_behav.wcfg}
current_wave_config {tb_mul_12bit_behav.wcfg}
C:/Hung/Viettel/Stage2/ML-KEM/mul_poly/mul_matrix/tb_mul_12bit_behav.wcfg
add_wave {{/tb_mul_poly_matrix/dut/mul_poly_matrix_inst/u_mul6/obarret1}} 
relaunch_sim
Command: launch_simulation -step compile -simset sim_1 -mode behavioral
INFO: [Vivado 12-12493] Simulation top is 'tb_mul_poly_matrix'
WARNING: [Vivado 12-13340] Unable to auto find GCC executables from simulator install path! (path not set)
WARNING: [Vivado 12-13277] Compiled library path does not exist: ''
INFO: [Vivado 12-5682] Launching behavioral simulation in 'C:/Hung/Viettel/Stage2/ML-KEM/mul_poly/mul_matrix/mul_matrix.sim/sim_1/behav/xsim'
INFO: [SIM-utils-51] Simulation object is 'sim_1'
INFO: [USF-XSim-2] XSim::Compile design
INFO: [USF-XSim-61] Executing 'COMPILE and ANALYZE' step in 'C:/Hung/Viettel/Stage2/ML-KEM/mul_poly/mul_matrix/mul_matrix.sim/sim_1/behav/xsim'
"xvlog --incr --relax -prj tb_mul_poly_matrix_vlog.prj"
INFO: [USF-XSim-69] 'compile' step finished in '1' seconds
Command: launch_simulation -step elaborate -simset sim_1 -mode behavioral
INFO: [Vivado 12-12493] Simulation top is 'tb_mul_poly_matrix'
WARNING: [Vivado 12-13340] Unable to auto find GCC executables from simulator install path! (path not set)
WARNING: [Vivado 12-13277] Compiled library path does not exist: ''
INFO: [Vivado 12-5682] Launching behavioral simulation in 'C:/Hung/Viettel/Stage2/ML-KEM/mul_poly/mul_matrix/mul_matrix.sim/sim_1/behav/xsim'
INFO: [SIM-utils-51] Simulation object is 'sim_1'
INFO: [USF-XSim-3] XSim::Elaborate design
INFO: [USF-XSim-61] Executing 'ELABORATE' step in 'C:/Hung/Viettel/Stage2/ML-KEM/mul_poly/mul_matrix/mul_matrix.sim/sim_1/behav/xsim'
"xelab --incr --debug typical --relax --mt 2 -L xil_defaultlib -L unisims_ver -L unimacro_ver -L secureip --snapshot tb_mul_poly_matrix_behav xil_defaultlib.tb_mul_poly_matrix xil_defaultlib.glbl -log elaborate.log"
Vivado Simulator v2022.2.2
Copyright 1986-1999, 2001-2022 Xilinx, Inc. All Rights Reserved.
Running: C:/Xilinx/Vivado/2022.2/bin/unwrapped/win64.o/xelab.exe --incr --debug typical --relax --mt 2 -L xil_defaultlib -L unisims_ver -L unimacro_ver -L secureip --snapshot tb_mul_poly_matrix_behav xil_defaultlib.tb_mul_poly_matrix xil_defaultlib.glbl -log elaborate.log 
Using 2 slave threads.
Starting static elaboration
Pass Through NonSizing Optimizer
Completed static elaboration
INFO: [XSIM 43-4323] No Change in HDL. Linking previously generated obj files to create kernel
INFO: [USF-XSim-69] 'elaborate' step finished in '1' seconds
Time resolution is 1 ps
               a: 000 000 000 000 000 000 000 000 000 000 000 000 000 000 000 000
               b: 000 000 000 000 000 000 000 000 000 000 000 000 000 000 000 000
             res: 000 000 1bf 000 1bf 000 000 000 000 000 1bf 000 882 967 b29 6a7
expect r12..r15 = {b65, 967, c71, 6a7}
got    r12..r15 = {882, 967, b29, 6a7}
FAIL
$finish called at time : 262500 ps : File "C:/Hung/Viettel/Stage2/ML-KEM/mul_poly/tb_mul_poly_matrix.v" Line 116
current_wave_config {tb_mul_12bit_behav.wcfg}
C:/Hung/Viettel/Stage2/ML-KEM/mul_poly/mul_matrix/tb_mul_12bit_behav.wcfg
add_wave {{/tb_mul_poly_matrix/dut/mul_poly_matrix_inst/u_mul6/mul_inst4/A}} {{/tb_mul_poly_matrix/dut/mul_poly_matrix_inst/u_mul6/mul_inst4/B}} {{/tb_mul_poly_matrix/dut/mul_poly_matrix_inst/u_mul6/mul_inst4/R}} 
relaunch_sim
Command: launch_simulation -step compile -simset sim_1 -mode behavioral
INFO: [Vivado 12-12493] Simulation top is 'tb_mul_poly_matrix'
WARNING: [Vivado 12-13340] Unable to auto find GCC executables from simulator install path! (path not set)
WARNING: [Vivado 12-13277] Compiled library path does not exist: ''
INFO: [Vivado 12-5682] Launching behavioral simulation in 'C:/Hung/Viettel/Stage2/ML-KEM/mul_poly/mul_matrix/mul_matrix.sim/sim_1/behav/xsim'
INFO: [SIM-utils-51] Simulation object is 'sim_1'
INFO: [USF-XSim-2] XSim::Compile design
INFO: [USF-XSim-61] Executing 'COMPILE and ANALYZE' step in 'C:/Hung/Viettel/Stage2/ML-KEM/mul_poly/mul_matrix/mul_matrix.sim/sim_1/behav/xsim'
"xvlog --incr --relax -prj tb_mul_poly_matrix_vlog.prj"
INFO: [USF-XSim-69] 'compile' step finished in '1' seconds
Command: launch_simulation -step elaborate -simset sim_1 -mode behavioral
INFO: [Vivado 12-12493] Simulation top is 'tb_mul_poly_matrix'
WARNING: [Vivado 12-13340] Unable to auto find GCC executables from simulator install path! (path not set)
WARNING: [Vivado 12-13277] Compiled library path does not exist: ''
INFO: [Vivado 12-5682] Launching behavioral simulation in 'C:/Hung/Viettel/Stage2/ML-KEM/mul_poly/mul_matrix/mul_matrix.sim/sim_1/behav/xsim'
INFO: [SIM-utils-51] Simulation object is 'sim_1'
INFO: [USF-XSim-3] XSim::Elaborate design
INFO: [USF-XSim-61] Executing 'ELABORATE' step in 'C:/Hung/Viettel/Stage2/ML-KEM/mul_poly/mul_matrix/mul_matrix.sim/sim_1/behav/xsim'
"xelab --incr --debug typical --relax --mt 2 -L xil_defaultlib -L unisims_ver -L unimacro_ver -L secureip --snapshot tb_mul_poly_matrix_behav xil_defaultlib.tb_mul_poly_matrix xil_defaultlib.glbl -log elaborate.log"
Vivado Simulator v2022.2.2
Copyright 1986-1999, 2001-2022 Xilinx, Inc. All Rights Reserved.
Running: C:/Xilinx/Vivado/2022.2/bin/unwrapped/win64.o/xelab.exe --incr --debug typical --relax --mt 2 -L xil_defaultlib -L unisims_ver -L unimacro_ver -L secureip --snapshot tb_mul_poly_matrix_behav xil_defaultlib.tb_mul_poly_matrix xil_defaultlib.glbl -log elaborate.log 
Using 2 slave threads.
Starting static elaboration
Pass Through NonSizing Optimizer
Completed static elaboration
INFO: [XSIM 43-4323] No Change in HDL. Linking previously generated obj files to create kernel
INFO: [USF-XSim-69] 'elaborate' step finished in '1' seconds
Time resolution is 1 ps
               a: 000 000 000 000 000 000 000 000 000 000 000 000 000 000 000 000
               b: 000 000 000 000 000 000 000 000 000 000 000 000 000 000 000 000
             res: 000 000 1bf 000 1bf 000 000 000 000 000 1bf 000 882 967 b29 6a7
expect r12..r15 = {b65, 967, c71, 6a7}
got    r12..r15 = {882, 967, b29, 6a7}
FAIL
$finish called at time : 262500 ps : File "C:/Hung/Viettel/Stage2/ML-KEM/mul_poly/tb_mul_poly_matrix.v" Line 116
update_compile_order -fileset sources_1
update_compile_order -fileset sources_1
update_compile_order -fileset sources_1
update_compile_order -fileset sources_1
update_compile_order -fileset sources_1
close_sim
INFO: [Simtcl 6-16] Simulation closed
update_compile_order -fileset sources_1
set_property top tb_mul_12bit [get_filesets sim_1]
set_property top_lib xil_defaultlib [get_filesets sim_1]
update_compile_order -fileset sim_1
launch_simulation
Command: launch_simulation 
INFO: [Vivado 12-12493] Simulation top is 'tb_mul_12bit'
WARNING: [Vivado 12-13340] Unable to auto find GCC executables from simulator install path! (path not set)
WARNING: [Vivado 12-13277] Compiled library path does not exist: ''
INFO: [Vivado 12-5682] Launching behavioral simulation in 'C:/Hung/Viettel/Stage2/ML-KEM/mul_poly/mul_matrix/mul_matrix.sim/sim_1/behav/xsim'
INFO: [SIM-utils-51] Simulation object is 'sim_1'
INFO: [SIM-utils-72] Using boost library from 'C:/Xilinx/Vivado/2022.2/tps/boost_1_72_0'
INFO: [SIM-utils-54] Inspecting design source files for 'tb_mul_12bit' in fileset 'sim_1'...
INFO: [USF-XSim-97] Finding global include files...
INFO: [USF-XSim-98] Fetching design files from 'sim_1'...
INFO: [USF-XSim-2] XSim::Compile design
INFO: [USF-XSim-61] Executing 'COMPILE and ANALYZE' step in 'C:/Hung/Viettel/Stage2/ML-KEM/mul_poly/mul_matrix/mul_matrix.sim/sim_1/behav/xsim'
"xvlog --incr --relax -prj tb_mul_12bit_vlog.prj"
INFO: [VRFC 10-2263] Analyzing Verilog file "C:/Hung/Viettel/Stage2/ML-KEM/mul_poly/BoothDecode.v" into library xil_defaultlib
INFO: [VRFC 10-311] analyzing module BoothDecode
INFO: [VRFC 10-2263] Analyzing Verilog file "C:/Hung/Viettel/Stage2/ML-KEM/mul_poly/mul_12bit.v" into library xil_defaultlib
INFO: [VRFC 10-311] analyzing module mul_12bit
ERROR: [VRFC 10-2989] 'regx' is not declared [C:/Hung/Viettel/Stage2/ML-KEM/mul_poly/mul_12bit.v:105]
ERROR: [VRFC 10-2989] 'regx' is not declared [C:/Hung/Viettel/Stage2/ML-KEM/mul_poly/mul_12bit.v:106]
ERROR: [VRFC 10-2989] 'regx' is not declared [C:/Hung/Viettel/Stage2/ML-KEM/mul_poly/mul_12bit.v:107]
ERROR: [VRFC 10-2989] 'regx' is not declared [C:/Hung/Viettel/Stage2/ML-KEM/mul_poly/mul_12bit.v:108]
ERROR: [VRFC 10-2989] 'regx' is not declared [C:/Hung/Viettel/Stage2/ML-KEM/mul_poly/mul_12bit.v:109]
ERROR: [VRFC 10-2989] 'regx' is not declared [C:/Hung/Viettel/Stage2/ML-KEM/mul_poly/mul_12bit.v:112]
ERROR: [VRFC 10-2989] 'regx' is not declared [C:/Hung/Viettel/Stage2/ML-KEM/mul_poly/mul_12bit.v:113]
ERROR: [VRFC 10-2989] 'regx' is not declared [C:/Hung/Viettel/Stage2/ML-KEM/mul_poly/mul_12bit.v:114]
ERROR: [VRFC 10-2989] 'regx' is not declared [C:/Hung/Viettel/Stage2/ML-KEM/mul_poly/mul_12bit.v:117]
ERROR: [VRFC 10-2989] 'regx' is not declared [C:/Hung/Viettel/Stage2/ML-KEM/mul_poly/mul_12bit.v:118]
ERROR: [VRFC 10-2989] 'regx' is not declared [C:/Hung/Viettel/Stage2/ML-KEM/mul_poly/mul_12bit.v:121]
ERROR: [VRFC 10-2989] 'regx' is not declared [C:/Hung/Viettel/Stage2/ML-KEM/mul_poly/mul_12bit.v:143]
ERROR: [VRFC 10-2989] 'regx' is not declared [C:/Hung/Viettel/Stage2/ML-KEM/mul_poly/mul_12bit.v:144]
ERROR: [VRFC 10-2989] 'regx' is not declared [C:/Hung/Viettel/Stage2/ML-KEM/mul_poly/mul_12bit.v:145]
ERROR: [VRFC 10-2989] 'regx' is not declared [C:/Hung/Viettel/Stage2/ML-KEM/mul_poly/mul_12bit.v:151]
ERROR: [VRFC 10-2989] 'regx' is not declared [C:/Hung/Viettel/Stage2/ML-KEM/mul_poly/mul_12bit.v:152]
ERROR: [VRFC 10-2989] 'regx' is not declared [C:/Hung/Viettel/Stage2/ML-KEM/mul_poly/mul_12bit.v:153]
ERROR: [VRFC 10-8530] module 'mul_12bit' is ignored due to previous errors [C:/Hung/Viettel/Stage2/ML-KEM/mul_poly/mul_12bit.v:79]
INFO: [USF-XSim-69] 'compile' step finished in '2' seconds
INFO: [USF-XSim-99] Step results log file:'C:/Hung/Viettel/Stage2/ML-KEM/mul_poly/mul_matrix/mul_matrix.sim/sim_1/behav/xsim/xvlog.log'
ERROR: [USF-XSim-62] 'compile' step failed with error(s). Please check the Tcl console output or 'C:/Hung/Viettel/Stage2/ML-KEM/mul_poly/mul_matrix/mul_matrix.sim/sim_1/behav/xsim/xvlog.log' file for more information.
ERROR: [Vivado 12-4473] Detected error while running simulation. Please correct the issue and retry this operation.
ERROR: [Common 17-39] 'launch_simulation' failed due to earlier errors.
launch_simulation
Command: launch_simulation 
INFO: [Vivado 12-12493] Simulation top is 'tb_mul_12bit'
WARNING: [Vivado 12-13340] Unable to auto find GCC executables from simulator install path! (path not set)
WARNING: [Vivado 12-13277] Compiled library path does not exist: ''
INFO: [Vivado 12-5682] Launching behavioral simulation in 'C:/Hung/Viettel/Stage2/ML-KEM/mul_poly/mul_matrix/mul_matrix.sim/sim_1/behav/xsim'
INFO: [SIM-utils-51] Simulation object is 'sim_1'
INFO: [SIM-utils-72] Using boost library from 'C:/Xilinx/Vivado/2022.2/tps/boost_1_72_0'
INFO: [SIM-utils-54] Inspecting design source files for 'tb_mul_12bit' in fileset 'sim_1'...
INFO: [USF-XSim-97] Finding global include files...
INFO: [USF-XSim-98] Fetching design files from 'sim_1'...
INFO: [USF-XSim-2] XSim::Compile design
INFO: [USF-XSim-61] Executing 'COMPILE and ANALYZE' step in 'C:/Hung/Viettel/Stage2/ML-KEM/mul_poly/mul_matrix/mul_matrix.sim/sim_1/behav/xsim'
"xvlog --incr --relax -prj tb_mul_12bit_vlog.prj"
INFO: [VRFC 10-2263] Analyzing Verilog file "C:/Hung/Viettel/Stage2/ML-KEM/mul_poly/BoothDecode.v" into library xil_defaultlib
INFO: [VRFC 10-311] analyzing module BoothDecode
INFO: [VRFC 10-2263] Analyzing Verilog file "C:/Hung/Viettel/Stage2/ML-KEM/mul_poly/mul_12bit.v" into library xil_defaultlib
INFO: [VRFC 10-311] analyzing module mul_12bit
ERROR: [VRFC 10-2989] 'rex' is not declared [C:/Hung/Viettel/Stage2/ML-KEM/mul_poly/mul_12bit.v:127]
ERROR: [VRFC 10-8530] module 'mul_12bit' is ignored due to previous errors [C:/Hung/Viettel/Stage2/ML-KEM/mul_poly/mul_12bit.v:79]
INFO: [USF-XSim-69] 'compile' step finished in '2' seconds
INFO: [USF-XSim-99] Step results log file:'C:/Hung/Viettel/Stage2/ML-KEM/mul_poly/mul_matrix/mul_matrix.sim/sim_1/behav/xsim/xvlog.log'
ERROR: [USF-XSim-62] 'compile' step failed with error(s). Please check the Tcl console output or 'C:/Hung/Viettel/Stage2/ML-KEM/mul_poly/mul_matrix/mul_matrix.sim/sim_1/behav/xsim/xvlog.log' file for more information.
ERROR: [Vivado 12-4473] Detected error while running simulation. Please correct the issue and retry this operation.
ERROR: [Common 17-39] 'launch_simulation' failed due to earlier errors.
launch_simulation
Command: launch_simulation 
INFO: [Vivado 12-12493] Simulation top is 'tb_mul_12bit'
WARNING: [Vivado 12-13340] Unable to auto find GCC executables from simulator install path! (path not set)
WARNING: [Vivado 12-13277] Compiled library path does not exist: ''
INFO: [Vivado 12-5682] Launching behavioral simulation in 'C:/Hung/Viettel/Stage2/ML-KEM/mul_poly/mul_matrix/mul_matrix.sim/sim_1/behav/xsim'
INFO: [SIM-utils-51] Simulation object is 'sim_1'
INFO: [SIM-utils-72] Using boost library from 'C:/Xilinx/Vivado/2022.2/tps/boost_1_72_0'
INFO: [SIM-utils-54] Inspecting design source files for 'tb_mul_12bit' in fileset 'sim_1'...
INFO: [USF-XSim-97] Finding global include files...
INFO: [USF-XSim-98] Fetching design files from 'sim_1'...
INFO: [USF-XSim-2] XSim::Compile design
INFO: [USF-XSim-61] Executing 'COMPILE and ANALYZE' step in 'C:/Hung/Viettel/Stage2/ML-KEM/mul_poly/mul_matrix/mul_matrix.sim/sim_1/behav/xsim'
"xvlog --incr --relax -prj tb_mul_12bit_vlog.prj"
INFO: [VRFC 10-2263] Analyzing Verilog file "C:/Hung/Viettel/Stage2/ML-KEM/mul_poly/BoothDecode.v" into library xil_defaultlib
INFO: [VRFC 10-311] analyzing module BoothDecode
INFO: [VRFC 10-2263] Analyzing Verilog file "C:/Hung/Viettel/Stage2/ML-KEM/mul_poly/mul_12bit.v" into library xil_defaultlib
INFO: [VRFC 10-311] analyzing module mul_12bit
ERROR: [VRFC 10-2989] 'rex' is not declared [C:/Hung/Viettel/Stage2/ML-KEM/mul_poly/mul_12bit.v:127]
ERROR: [VRFC 10-8530] module 'mul_12bit' is ignored due to previous errors [C:/Hung/Viettel/Stage2/ML-KEM/mul_poly/mul_12bit.v:79]
INFO: [USF-XSim-69] 'compile' step finished in '1' seconds
INFO: [USF-XSim-99] Step results log file:'C:/Hung/Viettel/Stage2/ML-KEM/mul_poly/mul_matrix/mul_matrix.sim/sim_1/behav/xsim/xvlog.log'
ERROR: [USF-XSim-62] 'compile' step failed with error(s). Please check the Tcl console output or 'C:/Hung/Viettel/Stage2/ML-KEM/mul_poly/mul_matrix/mul_matrix.sim/sim_1/behav/xsim/xvlog.log' file for more information.
ERROR: [Vivado 12-4473] Detected error while running simulation. Please correct the issue and retry this operation.
ERROR: [Common 17-39] 'launch_simulation' failed due to earlier errors.
launch_simulation
Command: launch_simulation 
INFO: [Vivado 12-12493] Simulation top is 'tb_mul_12bit'
WARNING: [Vivado 12-13340] Unable to auto find GCC executables from simulator install path! (path not set)
WARNING: [Vivado 12-13277] Compiled library path does not exist: ''
INFO: [Vivado 12-5682] Launching behavioral simulation in 'C:/Hung/Viettel/Stage2/ML-KEM/mul_poly/mul_matrix/mul_matrix.sim/sim_1/behav/xsim'
INFO: [SIM-utils-51] Simulation object is 'sim_1'
INFO: [SIM-utils-72] Using boost library from 'C:/Xilinx/Vivado/2022.2/tps/boost_1_72_0'
INFO: [SIM-utils-54] Inspecting design source files for 'tb_mul_12bit' in fileset 'sim_1'...
INFO: [USF-XSim-97] Finding global include files...
INFO: [USF-XSim-98] Fetching design files from 'sim_1'...
INFO: [USF-XSim-2] XSim::Compile design
INFO: [USF-XSim-61] Executing 'COMPILE and ANALYZE' step in 'C:/Hung/Viettel/Stage2/ML-KEM/mul_poly/mul_matrix/mul_matrix.sim/sim_1/behav/xsim'
"xvlog --incr --relax -prj tb_mul_12bit_vlog.prj"
INFO: [VRFC 10-2263] Analyzing Verilog file "C:/Hung/Viettel/Stage2/ML-KEM/mul_poly/BoothDecode.v" into library xil_defaultlib
INFO: [VRFC 10-311] analyzing module BoothDecode
INFO: [VRFC 10-2263] Analyzing Verilog file "C:/Hung/Viettel/Stage2/ML-KEM/mul_poly/mul_12bit.v" into library xil_defaultlib
INFO: [VRFC 10-311] analyzing module mul_12bit
INFO: [VRFC 10-2263] Analyzing Verilog file "C:/Hung/Viettel/Stage2/ML-KEM/mul_poly/tb_mul_12bit.v" into library xil_defaultlib
INFO: [VRFC 10-311] analyzing module tb_mul_12bit
INFO: [USF-XSim-69] 'compile' step finished in '2' seconds
INFO: [USF-XSim-3] XSim::Elaborate design
INFO: [USF-XSim-61] Executing 'ELABORATE' step in 'C:/Hung/Viettel/Stage2/ML-KEM/mul_poly/mul_matrix/mul_matrix.sim/sim_1/behav/xsim'
"xelab --incr --debug typical --relax --mt 2 -L xil_defaultlib -L unisims_ver -L unimacro_ver -L secureip --snapshot tb_mul_12bit_behav xil_defaultlib.tb_mul_12bit xil_defaultlib.glbl -log elaborate.log"
Vivado Simulator v2022.2.2
Copyright 1986-1999, 2001-2022 Xilinx, Inc. All Rights Reserved.
Running: C:/Xilinx/Vivado/2022.2/bin/unwrapped/win64.o/xelab.exe --incr --debug typical --relax --mt 2 -L xil_defaultlib -L unisims_ver -L unimacro_ver -L secureip --snapshot tb_mul_12bit_behav xil_defaultlib.tb_mul_12bit xil_defaultlib.glbl -log elaborate.log 
Using 2 slave threads.
Starting static elaboration
Pass Through NonSizing Optimizer
ERROR: [VRFC 10-2063] Module <csa> not found while processing module instance <cas_ins0> [C:/Hung/Viettel/Stage2/ML-KEM/mul_poly/mul_12bit.v:132]
ERROR: [XSIM 43-3322] Static elaboration of top level Verilog design unit(s) in library work failed.
INFO: [USF-XSim-69] 'elaborate' step finished in '1' seconds
INFO: [USF-XSim-99] Step results log file:'C:/Hung/Viettel/Stage2/ML-KEM/mul_poly/mul_matrix/mul_matrix.sim/sim_1/behav/xsim/elaborate.log'
ERROR: [USF-XSim-62] 'elaborate' step failed with error(s). Please check the Tcl console output or 'C:/Hung/Viettel/Stage2/ML-KEM/mul_poly/mul_matrix/mul_matrix.sim/sim_1/behav/xsim/elaborate.log' file for more information.
ERROR: [Vivado 12-4473] Detected error while running simulation. Please correct the issue and retry this operation.
ERROR: [Common 17-39] 'launch_simulation' failed due to earlier errors.
add_files -norecurse C:/Hung/Viettel/Stage2/ML-KEM/mul_poly/csa.v
update_compile_order -fileset sources_1
launch_simulation
Command: launch_simulation 
INFO: [Vivado 12-12493] Simulation top is 'tb_mul_12bit'
WARNING: [Vivado 12-13340] Unable to auto find GCC executables from simulator install path! (path not set)
WARNING: [Vivado 12-13277] Compiled library path does not exist: ''
INFO: [Vivado 12-5682] Launching behavioral simulation in 'C:/Hung/Viettel/Stage2/ML-KEM/mul_poly/mul_matrix/mul_matrix.sim/sim_1/behav/xsim'
INFO: [SIM-utils-51] Simulation object is 'sim_1'
INFO: [SIM-utils-72] Using boost library from 'C:/Xilinx/Vivado/2022.2/tps/boost_1_72_0'
INFO: [SIM-utils-54] Inspecting design source files for 'tb_mul_12bit' in fileset 'sim_1'...
INFO: [USF-XSim-97] Finding global include files...
INFO: [USF-XSim-98] Fetching design files from 'sim_1'...
INFO: [USF-XSim-2] XSim::Compile design
INFO: [USF-XSim-61] Executing 'COMPILE and ANALYZE' step in 'C:/Hung/Viettel/Stage2/ML-KEM/mul_poly/mul_matrix/mul_matrix.sim/sim_1/behav/xsim'
"xvlog --incr --relax -prj tb_mul_12bit_vlog.prj"
INFO: [VRFC 10-2263] Analyzing Verilog file "C:/Hung/Viettel/Stage2/ML-KEM/mul_poly/BoothDecode.v" into library xil_defaultlib
INFO: [VRFC 10-311] analyzing module BoothDecode
INFO: [VRFC 10-2263] Analyzing Verilog file "C:/Hung/Viettel/Stage2/ML-KEM/mul_poly/csa.v" into library xil_defaultlib
INFO: [VRFC 10-311] analyzing module csa
INFO: [VRFC 10-311] analyzing module fulladder
INFO: [VRFC 10-2263] Analyzing Verilog file "C:/Hung/Viettel/Stage2/ML-KEM/mul_poly/mul_12bit.v" into library xil_defaultlib
INFO: [VRFC 10-311] analyzing module mul_12bit
INFO: [VRFC 10-2263] Analyzing Verilog file "C:/Hung/Viettel/Stage2/ML-KEM/mul_poly/tb_mul_12bit.v" into library xil_defaultlib
INFO: [VRFC 10-311] analyzing module tb_mul_12bit
INFO: [USF-XSim-69] 'compile' step finished in '1' seconds
INFO: [USF-XSim-3] XSim::Elaborate design
INFO: [USF-XSim-61] Executing 'ELABORATE' step in 'C:/Hung/Viettel/Stage2/ML-KEM/mul_poly/mul_matrix/mul_matrix.sim/sim_1/behav/xsim'
"xelab --incr --debug typical --relax --mt 2 -L xil_defaultlib -L unisims_ver -L unimacro_ver -L secureip --snapshot tb_mul_12bit_behav xil_defaultlib.tb_mul_12bit xil_defaultlib.glbl -log elaborate.log"
Vivado Simulator v2022.2.2
Copyright 1986-1999, 2001-2022 Xilinx, Inc. All Rights Reserved.
Running: C:/Xilinx/Vivado/2022.2/bin/unwrapped/win64.o/xelab.exe --incr --debug typical --relax --mt 2 -L xil_defaultlib -L unisims_ver -L unimacro_ver -L secureip --snapshot tb_mul_12bit_behav xil_defaultlib.tb_mul_12bit xil_defaultlib.glbl -log elaborate.log 
Using 2 slave threads.
Starting static elaboration
Pass Through NonSizing Optimizer
WARNING: [VRFC 10-3091] actual bit length 27 differs from formal bit length 26 for port 'x' [C:/Hung/Viettel/Stage2/ML-KEM/mul_poly/mul_12bit.v:149]
WARNING: [VRFC 10-3091] actual bit length 27 differs from formal bit length 26 for port 'y' [C:/Hung/Viettel/Stage2/ML-KEM/mul_poly/mul_12bit.v:150]
WARNING: [VRFC 10-3091] actual bit length 27 differs from formal bit length 26 for port 'z' [C:/Hung/Viettel/Stage2/ML-KEM/mul_poly/mul_12bit.v:151]
WARNING: [VRFC 10-3091] actual bit length 27 differs from formal bit length 26 for port 'x' [C:/Hung/Viettel/Stage2/ML-KEM/mul_poly/mul_12bit.v:157]
WARNING: [VRFC 10-3091] actual bit length 27 differs from formal bit length 26 for port 'y' [C:/Hung/Viettel/Stage2/ML-KEM/mul_poly/mul_12bit.v:158]
WARNING: [VRFC 10-3091] actual bit length 27 differs from formal bit length 26 for port 'z' [C:/Hung/Viettel/Stage2/ML-KEM/mul_poly/mul_12bit.v:159]
Completed static elaboration
Starting simulation data flow analysis
Completed simulation data flow analysis
Time Resolution for simulation is 1ps
Compiling module xil_defaultlib.fulladder
Compiling module xil_defaultlib.csa(WIDTH=26)
Compiling module xil_defaultlib.BoothDecode
Compiling module xil_defaultlib.mul_12bit
Compiling module xil_defaultlib.tb_mul_12bit
Compiling module xil_defaultlib.glbl
Built simulation snapshot tb_mul_12bit_behav
INFO: [USF-XSim-69] 'elaborate' step finished in '2' seconds
INFO: [USF-XSim-4] XSim::Simulate design
INFO: [USF-XSim-61] Executing 'SIMULATE' step in 'C:/Hung/Viettel/Stage2/ML-KEM/mul_poly/mul_matrix/mul_matrix.sim/sim_1/behav/xsim'
INFO: [USF-XSim-98] *** Running xsim
   with args "tb_mul_12bit_behav -key {Behavioral:sim_1:Functional:tb_mul_12bit} -tclbatch {tb_mul_12bit.tcl} -view {C:/Hung/Viettel/Stage2/ML-KEM/mul_poly/mul_matrix/tb_mul_12bit_behav.wcfg} -log {simulate.log}"
INFO: [USF-XSim-8] Loading simulator feature
Time resolution is 1 ps
open_wave_config C:/Hung/Viettel/Stage2/ML-KEM/mul_poly/mul_matrix/tb_mul_12bit_behav.wcfg
WARNING: Simulation object /tb_mul_poly_matrix/clk was not found in the design.
WARNING: Simulation object /tb_mul_poly_matrix/rst_n was not found in the design.
WARNING: Simulation object /tb_mul_poly_matrix/k was not found in the design.
WARNING: Simulation object /tb_mul_poly_matrix/valid_data was not found in the design.
WARNING: Simulation object /tb_mul_poly_matrix/a was not found in the design.
WARNING: Simulation object /tb_mul_poly_matrix/b was not found in the design.
WARNING: Simulation object /tb_mul_poly_matrix/res was not found in the design.
WARNING: Simulation object /tb_mul_poly_matrix/valid_output was not found in the design.
WARNING: Simulation object /tb_mul_poly_matrix/dut/test_a was not found in the design.
WARNING: Simulation object /tb_mul_poly_matrix/dut/test_b was not found in the design.
WARNING: Simulation object /tb_mul_poly_matrix/dut/test_tmp was not found in the design.
WARNING: Simulation object /tb_mul_poly_matrix/dut/mul_poly_matrix_inst/u_mul6/a0 was not found in the design.
WARNING: Simulation object /tb_mul_poly_matrix/dut/mul_poly_matrix_inst/u_mul6/a1 was not found in the design.
WARNING: Simulation object /tb_mul_poly_matrix/dut/mul_poly_matrix_inst/u_mul6/b0 was not found in the design.
WARNING: Simulation object /tb_mul_poly_matrix/dut/mul_poly_matrix_inst/u_mul6/b1 was not found in the design.
WARNING: Simulation object /tb_mul_poly_matrix/dut/mul_poly_matrix_inst/u_mul6/zetas was not found in the design.
WARNING: Simulation object /tb_mul_poly_matrix/dut/mul_poly_matrix_inst/u_mul6/res0 was not found in the design.
WARNING: Simulation object /tb_mul_poly_matrix/dut/mul_poly_matrix_inst/u_mul6/res1 was not found in the design.
WARNING: Simulation object /tb_mul_poly_matrix/dut/mul_poly_matrix_inst/u_mul6/a0_b0 was not found in the design.
WARNING: Simulation object /tb_mul_poly_matrix/dut/mul_poly_matrix_inst/u_mul6/a1_b1 was not found in the design.
WARNING: Simulation object /tb_mul_poly_matrix/dut/mul_poly_matrix_inst/u_mul6/a1_b0 was not found in the design.
WARNING: Simulation object /tb_mul_poly_matrix/dut/mul_poly_matrix_inst/u_mul6/a0_b1 was not found in the design.
WARNING: Simulation object /tb_mul_poly_matrix/dut/mul_poly_matrix_inst/u_mul6/a1_b1_zetas was not found in the design.
WARNING: Simulation object /tb_mul_poly_matrix/dut/mul_poly_matrix_inst/u_mul6/obarret2 was not found in the design.
source tb_mul_12bit.tcl
# set curr_wave [current_wave_config]
# if { [string length $curr_wave] == 0 } {
#   if { [llength [get_objects]] > 0} {
#     add_wave /
#     set_property needs_save false [current_wave_config]
#   } else {
#      send_msg_id Add_Wave-1 WARNING "No top level signals found. Simulator will start without a wave window. If you want to open a wave window go to 'File->New Waveform Configuration' or type 'create_wave_config' in the TCL console."
#   }
# }
# run 100000ns
Start 12-bit Multiplier Testbench
Finished
$finish called at time : 530 ns : File "C:/Hung/Viettel/Stage2/ML-KEM/mul_poly/tb_mul_12bit.v" Line 37
INFO: [USF-XSim-96] XSim completed. Design snapshot 'tb_mul_12bit_behav' loaded.
INFO: [USF-XSim-97] XSim simulation ran for 100000ns
launch_simulation: Time (s): cpu = 00:00:02 ; elapsed = 00:00:05 . Memory (MB): peak = 1916.457 ; gain = 0.000
current_wave_config {tb_mul_12bit_behav.wcfg}
tb_mul_12bit_behav.wcfg
add_wave {{/tb_mul_12bit/clk}} {{/tb_mul_12bit/rst_n}} {{/tb_mul_12bit/a}} {{/tb_mul_12bit/b}} {{/tb_mul_12bit/res}} 
current_wave_config {tb_mul_12bit_behav.wcfg}
tb_mul_12bit_behav.wcfg
add_wave {{/tb_mul_12bit/uut/clk}} {{/tb_mul_12bit/uut/rst_n}} {{/tb_mul_12bit/uut/A}} {{/tb_mul_12bit/uut/B}} {{/tb_mul_12bit/uut/R}} {{/tb_mul_12bit/uut/tmp}} {{/tb_mul_12bit/uut/tmp_sum}} {{/tb_mul_12bit/uut/tmp_carry}} {{/tb_mul_12bit/uut/B_ex}} {{/tb_mul_12bit/uut/regA}} {{/tb_mul_12bit/uut/regx}} {{/tb_mul_12bit/uut/i}} {{/tb_mul_12bit/uut/WIDTH}} {{/tb_mul_12bit/uut/num_reg}} 
relaunch_sim
Command: launch_simulation -step compile -simset sim_1 -mode behavioral
INFO: [Vivado 12-12493] Simulation top is 'tb_mul_12bit'
WARNING: [Vivado 12-13340] Unable to auto find GCC executables from simulator install path! (path not set)
WARNING: [Vivado 12-13277] Compiled library path does not exist: ''
INFO: [Vivado 12-5682] Launching behavioral simulation in 'C:/Hung/Viettel/Stage2/ML-KEM/mul_poly/mul_matrix/mul_matrix.sim/sim_1/behav/xsim'
INFO: [SIM-utils-51] Simulation object is 'sim_1'
INFO: [USF-XSim-2] XSim::Compile design
INFO: [USF-XSim-61] Executing 'COMPILE and ANALYZE' step in 'C:/Hung/Viettel/Stage2/ML-KEM/mul_poly/mul_matrix/mul_matrix.sim/sim_1/behav/xsim'
"xvlog --incr --relax -prj tb_mul_12bit_vlog.prj"
INFO: [VRFC 10-2263] Analyzing Verilog file "C:/Hung/Viettel/Stage2/ML-KEM/mul_poly/BoothDecode.v" into library xil_defaultlib
INFO: [VRFC 10-311] analyzing module BoothDecode
INFO: [VRFC 10-2263] Analyzing Verilog file "C:/Hung/Viettel/Stage2/ML-KEM/mul_poly/csa.v" into library xil_defaultlib
INFO: [VRFC 10-311] analyzing module csa
INFO: [VRFC 10-311] analyzing module fulladder
INFO: [VRFC 10-2263] Analyzing Verilog file "C:/Hung/Viettel/Stage2/ML-KEM/mul_poly/mul_12bit.v" into library xil_defaultlib
INFO: [VRFC 10-311] analyzing module mul_12bit
INFO: [VRFC 10-2263] Analyzing Verilog file "C:/Hung/Viettel/Stage2/ML-KEM/mul_poly/tb_mul_12bit.v" into library xil_defaultlib
INFO: [VRFC 10-311] analyzing module tb_mul_12bit
INFO: [USF-XSim-69] 'compile' step finished in '2' seconds
Command: launch_simulation -step elaborate -simset sim_1 -mode behavioral
INFO: [Vivado 12-12493] Simulation top is 'tb_mul_12bit'
WARNING: [Vivado 12-13340] Unable to auto find GCC executables from simulator install path! (path not set)
WARNING: [Vivado 12-13277] Compiled library path does not exist: ''
INFO: [Vivado 12-5682] Launching behavioral simulation in 'C:/Hung/Viettel/Stage2/ML-KEM/mul_poly/mul_matrix/mul_matrix.sim/sim_1/behav/xsim'
INFO: [SIM-utils-51] Simulation object is 'sim_1'
INFO: [USF-XSim-3] XSim::Elaborate design
INFO: [USF-XSim-61] Executing 'ELABORATE' step in 'C:/Hung/Viettel/Stage2/ML-KEM/mul_poly/mul_matrix/mul_matrix.sim/sim_1/behav/xsim'
"xelab --incr --debug typical --relax --mt 2 -L xil_defaultlib -L unisims_ver -L unimacro_ver -L secureip --snapshot tb_mul_12bit_behav xil_defaultlib.tb_mul_12bit xil_defaultlib.glbl -log elaborate.log"
Vivado Simulator v2022.2.2
Copyright 1986-1999, 2001-2022 Xilinx, Inc. All Rights Reserved.
Running: C:/Xilinx/Vivado/2022.2/bin/unwrapped/win64.o/xelab.exe --incr --debug typical --relax --mt 2 -L xil_defaultlib -L unisims_ver -L unimacro_ver -L secureip --snapshot tb_mul_12bit_behav xil_defaultlib.tb_mul_12bit xil_defaultlib.glbl -log elaborate.log 
Using 2 slave threads.
Starting static elaboration
Pass Through NonSizing Optimizer
WARNING: [VRFC 10-3091] actual bit length 27 differs from formal bit length 26 for port 'x' [C:/Hung/Viettel/Stage2/ML-KEM/mul_poly/mul_12bit.v:149]
WARNING: [VRFC 10-3091] actual bit length 27 differs from formal bit length 26 for port 'y' [C:/Hung/Viettel/Stage2/ML-KEM/mul_poly/mul_12bit.v:150]
WARNING: [VRFC 10-3091] actual bit length 27 differs from formal bit length 26 for port 'z' [C:/Hung/Viettel/Stage2/ML-KEM/mul_poly/mul_12bit.v:151]
WARNING: [VRFC 10-3091] actual bit length 27 differs from formal bit length 26 for port 'x' [C:/Hung/Viettel/Stage2/ML-KEM/mul_poly/mul_12bit.v:157]
WARNING: [VRFC 10-3091] actual bit length 27 differs from formal bit length 26 for port 'y' [C:/Hung/Viettel/Stage2/ML-KEM/mul_poly/mul_12bit.v:158]
WARNING: [VRFC 10-3091] actual bit length 27 differs from formal bit length 26 for port 'z' [C:/Hung/Viettel/Stage2/ML-KEM/mul_poly/mul_12bit.v:159]
Completed static elaboration
Starting simulation data flow analysis
Completed simulation data flow analysis
Time Resolution for simulation is 1ps
Compiling module xil_defaultlib.fulladder
Compiling module xil_defaultlib.csa(WIDTH=26)
Compiling module xil_defaultlib.BoothDecode
Compiling module xil_defaultlib.mul_12bit
Compiling module xil_defaultlib.tb_mul_12bit
Compiling module xil_defaultlib.glbl
Built simulation snapshot tb_mul_12bit_behav
INFO: [USF-XSim-69] 'elaborate' step finished in '1' seconds
Time resolution is 1 ps
Start 12-bit Multiplier Testbench
Finished
$finish called at time : 530 ns : File "C:/Hung/Viettel/Stage2/ML-KEM/mul_poly/tb_mul_12bit.v" Line 37
relaunch_sim
Command: launch_simulation -step compile -simset sim_1 -mode behavioral
INFO: [Vivado 12-12493] Simulation top is 'tb_mul_12bit'
WARNING: [Vivado 12-13340] Unable to auto find GCC executables from simulator install path! (path not set)
WARNING: [Vivado 12-13277] Compiled library path does not exist: ''
INFO: [Vivado 12-5682] Launching behavioral simulation in 'C:/Hung/Viettel/Stage2/ML-KEM/mul_poly/mul_matrix/mul_matrix.sim/sim_1/behav/xsim'
INFO: [SIM-utils-51] Simulation object is 'sim_1'
INFO: [USF-XSim-2] XSim::Compile design
INFO: [USF-XSim-61] Executing 'COMPILE and ANALYZE' step in 'C:/Hung/Viettel/Stage2/ML-KEM/mul_poly/mul_matrix/mul_matrix.sim/sim_1/behav/xsim'
"xvlog --incr --relax -prj tb_mul_12bit_vlog.prj"
INFO: [VRFC 10-2263] Analyzing Verilog file "C:/Hung/Viettel/Stage2/ML-KEM/mul_poly/BoothDecode.v" into library xil_defaultlib
INFO: [VRFC 10-311] analyzing module BoothDecode
INFO: [VRFC 10-2263] Analyzing Verilog file "C:/Hung/Viettel/Stage2/ML-KEM/mul_poly/csa.v" into library xil_defaultlib
INFO: [VRFC 10-311] analyzing module csa
INFO: [VRFC 10-311] analyzing module fulladder
INFO: [VRFC 10-2263] Analyzing Verilog file "C:/Hung/Viettel/Stage2/ML-KEM/mul_poly/mul_12bit.v" into library xil_defaultlib
INFO: [VRFC 10-311] analyzing module mul_12bit
INFO: [VRFC 10-2263] Analyzing Verilog file "C:/Hung/Viettel/Stage2/ML-KEM/mul_poly/tb_mul_12bit.v" into library xil_defaultlib
INFO: [VRFC 10-311] analyzing module tb_mul_12bit
INFO: [USF-XSim-69] 'compile' step finished in '1' seconds
Command: launch_simulation -step elaborate -simset sim_1 -mode behavioral
INFO: [Vivado 12-12493] Simulation top is 'tb_mul_12bit'
WARNING: [Vivado 12-13340] Unable to auto find GCC executables from simulator install path! (path not set)
WARNING: [Vivado 12-13277] Compiled library path does not exist: ''
INFO: [Vivado 12-5682] Launching behavioral simulation in 'C:/Hung/Viettel/Stage2/ML-KEM/mul_poly/mul_matrix/mul_matrix.sim/sim_1/behav/xsim'
INFO: [SIM-utils-51] Simulation object is 'sim_1'
INFO: [USF-XSim-3] XSim::Elaborate design
INFO: [USF-XSim-61] Executing 'ELABORATE' step in 'C:/Hung/Viettel/Stage2/ML-KEM/mul_poly/mul_matrix/mul_matrix.sim/sim_1/behav/xsim'
"xelab --incr --debug typical --relax --mt 2 -L xil_defaultlib -L unisims_ver -L unimacro_ver -L secureip --snapshot tb_mul_12bit_behav xil_defaultlib.tb_mul_12bit xil_defaultlib.glbl -log elaborate.log"
Vivado Simulator v2022.2.2
Copyright 1986-1999, 2001-2022 Xilinx, Inc. All Rights Reserved.
Running: C:/Xilinx/Vivado/2022.2/bin/unwrapped/win64.o/xelab.exe --incr --debug typical --relax --mt 2 -L xil_defaultlib -L unisims_ver -L unimacro_ver -L secureip --snapshot tb_mul_12bit_behav xil_defaultlib.tb_mul_12bit xil_defaultlib.glbl -log elaborate.log 
Using 2 slave threads.
Starting static elaboration
Pass Through NonSizing Optimizer
WARNING: [VRFC 10-3091] actual bit length 27 differs from formal bit length 26 for port 'x' [C:/Hung/Viettel/Stage2/ML-KEM/mul_poly/mul_12bit.v:151]
WARNING: [VRFC 10-3091] actual bit length 27 differs from formal bit length 26 for port 'y' [C:/Hung/Viettel/Stage2/ML-KEM/mul_poly/mul_12bit.v:152]
WARNING: [VRFC 10-3091] actual bit length 27 differs from formal bit length 26 for port 'z' [C:/Hung/Viettel/Stage2/ML-KEM/mul_poly/mul_12bit.v:153]
WARNING: [VRFC 10-3091] actual bit length 27 differs from formal bit length 26 for port 'x' [C:/Hung/Viettel/Stage2/ML-KEM/mul_poly/mul_12bit.v:159]
WARNING: [VRFC 10-3091] actual bit length 27 differs from formal bit length 26 for port 'y' [C:/Hung/Viettel/Stage2/ML-KEM/mul_poly/mul_12bit.v:160]
WARNING: [VRFC 10-3091] actual bit length 27 differs from formal bit length 26 for port 'z' [C:/Hung/Viettel/Stage2/ML-KEM/mul_poly/mul_12bit.v:161]
Completed static elaboration
Starting simulation data flow analysis
Completed simulation data flow analysis
Time Resolution for simulation is 1ps
Compiling module xil_defaultlib.fulladder
Compiling module xil_defaultlib.csa(WIDTH=26)
Compiling module xil_defaultlib.BoothDecode
Compiling module xil_defaultlib.mul_12bit
Compiling module xil_defaultlib.tb_mul_12bit
Compiling module xil_defaultlib.glbl
Built simulation snapshot tb_mul_12bit_behav
INFO: [USF-XSim-69] 'elaborate' step finished in '2' seconds
Time resolution is 1 ps
Start 12-bit Multiplier Testbench
Finished
$finish called at time : 530 ns : File "C:/Hung/Viettel/Stage2/ML-KEM/mul_poly/tb_mul_12bit.v" Line 37
relaunch_sim: Time (s): cpu = 00:00:01 ; elapsed = 00:00:06 . Memory (MB): peak = 1916.457 ; gain = 0.000
current_wave_config {tb_mul_12bit_behav.wcfg}
tb_mul_12bit_behav.wcfg
add_wave {{/tb_mul_12bit/uut/cas_ins0/x}} {{/tb_mul_12bit/uut/cas_ins0/y}} {{/tb_mul_12bit/uut/cas_ins0/z}} {{/tb_mul_12bit/uut/cas_ins0/sum}} {{/tb_mul_12bit/uut/cas_ins0/carry}} 
relaunch_sim
Command: launch_simulation -step compile -simset sim_1 -mode behavioral
INFO: [Vivado 12-12493] Simulation top is 'tb_mul_12bit'
WARNING: [Vivado 12-13340] Unable to auto find GCC executables from simulator install path! (path not set)
WARNING: [Vivado 12-13277] Compiled library path does not exist: ''
INFO: [Vivado 12-5682] Launching behavioral simulation in 'C:/Hung/Viettel/Stage2/ML-KEM/mul_poly/mul_matrix/mul_matrix.sim/sim_1/behav/xsim'
INFO: [SIM-utils-51] Simulation object is 'sim_1'
INFO: [USF-XSim-2] XSim::Compile design
INFO: [USF-XSim-61] Executing 'COMPILE and ANALYZE' step in 'C:/Hung/Viettel/Stage2/ML-KEM/mul_poly/mul_matrix/mul_matrix.sim/sim_1/behav/xsim'
"xvlog --incr --relax -prj tb_mul_12bit_vlog.prj"
INFO: [USF-XSim-69] 'compile' step finished in '1' seconds
Command: launch_simulation -step elaborate -simset sim_1 -mode behavioral
INFO: [Vivado 12-12493] Simulation top is 'tb_mul_12bit'
WARNING: [Vivado 12-13340] Unable to auto find GCC executables from simulator install path! (path not set)
WARNING: [Vivado 12-13277] Compiled library path does not exist: ''
INFO: [Vivado 12-5682] Launching behavioral simulation in 'C:/Hung/Viettel/Stage2/ML-KEM/mul_poly/mul_matrix/mul_matrix.sim/sim_1/behav/xsim'
INFO: [SIM-utils-51] Simulation object is 'sim_1'
INFO: [USF-XSim-3] XSim::Elaborate design
INFO: [USF-XSim-61] Executing 'ELABORATE' step in 'C:/Hung/Viettel/Stage2/ML-KEM/mul_poly/mul_matrix/mul_matrix.sim/sim_1/behav/xsim'
"xelab --incr --debug typical --relax --mt 2 -L xil_defaultlib -L unisims_ver -L unimacro_ver -L secureip --snapshot tb_mul_12bit_behav xil_defaultlib.tb_mul_12bit xil_defaultlib.glbl -log elaborate.log"
Vivado Simulator v2022.2.2
Copyright 1986-1999, 2001-2022 Xilinx, Inc. All Rights Reserved.
Running: C:/Xilinx/Vivado/2022.2/bin/unwrapped/win64.o/xelab.exe --incr --debug typical --relax --mt 2 -L xil_defaultlib -L unisims_ver -L unimacro_ver -L secureip --snapshot tb_mul_12bit_behav xil_defaultlib.tb_mul_12bit xil_defaultlib.glbl -log elaborate.log 
Using 2 slave threads.
Starting static elaboration
Pass Through NonSizing Optimizer
WARNING: [VRFC 10-3091] actual bit length 27 differs from formal bit length 26 for port 'x' [C:/Hung/Viettel/Stage2/ML-KEM/mul_poly/mul_12bit.v:151]
WARNING: [VRFC 10-3091] actual bit length 27 differs from formal bit length 26 for port 'y' [C:/Hung/Viettel/Stage2/ML-KEM/mul_poly/mul_12bit.v:152]
WARNING: [VRFC 10-3091] actual bit length 27 differs from formal bit length 26 for port 'z' [C:/Hung/Viettel/Stage2/ML-KEM/mul_poly/mul_12bit.v:153]
WARNING: [VRFC 10-3091] actual bit length 27 differs from formal bit length 26 for port 'x' [C:/Hung/Viettel/Stage2/ML-KEM/mul_poly/mul_12bit.v:159]
WARNING: [VRFC 10-3091] actual bit length 27 differs from formal bit length 26 for port 'y' [C:/Hung/Viettel/Stage2/ML-KEM/mul_poly/mul_12bit.v:160]
WARNING: [VRFC 10-3091] actual bit length 27 differs from formal bit length 26 for port 'z' [C:/Hung/Viettel/Stage2/ML-KEM/mul_poly/mul_12bit.v:161]
Completed static elaboration
INFO: [XSIM 43-4323] No Change in HDL. Linking previously generated obj files to create kernel
INFO: [USF-XSim-69] 'elaborate' step finished in '1' seconds
Time resolution is 1 ps
Start 12-bit Multiplier Testbench
Finished
$finish called at time : 530 ns : File "C:/Hung/Viettel/Stage2/ML-KEM/mul_poly/tb_mul_12bit.v" Line 37
current_wave_config {tb_mul_12bit_behav.wcfg}
tb_mul_12bit_behav.wcfg
add_wave {{/tb_mul_12bit/uut/cas_ins1/x}} {{/tb_mul_12bit/uut/cas_ins1/y}} {{/tb_mul_12bit/uut/cas_ins1/z}} {{/tb_mul_12bit/uut/cas_ins1/sum}} {{/tb_mul_12bit/uut/cas_ins1/carry}} {{/tb_mul_12bit/uut/cas_ins1/carry_stage}} {{/tb_mul_12bit/uut/cas_ins1/WIDTH}} 
relaunch_sim
Command: launch_simulation -step compile -simset sim_1 -mode behavioral
INFO: [Vivado 12-12493] Simulation top is 'tb_mul_12bit'
WARNING: [Vivado 12-13340] Unable to auto find GCC executables from simulator install path! (path not set)
WARNING: [Vivado 12-13277] Compiled library path does not exist: ''
INFO: [Vivado 12-5682] Launching behavioral simulation in 'C:/Hung/Viettel/Stage2/ML-KEM/mul_poly/mul_matrix/mul_matrix.sim/sim_1/behav/xsim'
INFO: [SIM-utils-51] Simulation object is 'sim_1'
INFO: [USF-XSim-2] XSim::Compile design
INFO: [USF-XSim-61] Executing 'COMPILE and ANALYZE' step in 'C:/Hung/Viettel/Stage2/ML-KEM/mul_poly/mul_matrix/mul_matrix.sim/sim_1/behav/xsim'
"xvlog --incr --relax -prj tb_mul_12bit_vlog.prj"
INFO: [USF-XSim-69] 'compile' step finished in '2' seconds
Command: launch_simulation -step elaborate -simset sim_1 -mode behavioral
INFO: [Vivado 12-12493] Simulation top is 'tb_mul_12bit'
WARNING: [Vivado 12-13340] Unable to auto find GCC executables from simulator install path! (path not set)
WARNING: [Vivado 12-13277] Compiled library path does not exist: ''
INFO: [Vivado 12-5682] Launching behavioral simulation in 'C:/Hung/Viettel/Stage2/ML-KEM/mul_poly/mul_matrix/mul_matrix.sim/sim_1/behav/xsim'
INFO: [SIM-utils-51] Simulation object is 'sim_1'
INFO: [USF-XSim-3] XSim::Elaborate design
INFO: [USF-XSim-61] Executing 'ELABORATE' step in 'C:/Hung/Viettel/Stage2/ML-KEM/mul_poly/mul_matrix/mul_matrix.sim/sim_1/behav/xsim'
"xelab --incr --debug typical --relax --mt 2 -L xil_defaultlib -L unisims_ver -L unimacro_ver -L secureip --snapshot tb_mul_12bit_behav xil_defaultlib.tb_mul_12bit xil_defaultlib.glbl -log elaborate.log"
Vivado Simulator v2022.2.2
Copyright 1986-1999, 2001-2022 Xilinx, Inc. All Rights Reserved.
Running: C:/Xilinx/Vivado/2022.2/bin/unwrapped/win64.o/xelab.exe --incr --debug typical --relax --mt 2 -L xil_defaultlib -L unisims_ver -L unimacro_ver -L secureip --snapshot tb_mul_12bit_behav xil_defaultlib.tb_mul_12bit xil_defaultlib.glbl -log elaborate.log 
Using 2 slave threads.
Starting static elaboration
Pass Through NonSizing Optimizer
WARNING: [VRFC 10-3091] actual bit length 27 differs from formal bit length 26 for port 'x' [C:/Hung/Viettel/Stage2/ML-KEM/mul_poly/mul_12bit.v:151]
WARNING: [VRFC 10-3091] actual bit length 27 differs from formal bit length 26 for port 'y' [C:/Hung/Viettel/Stage2/ML-KEM/mul_poly/mul_12bit.v:152]
WARNING: [VRFC 10-3091] actual bit length 27 differs from formal bit length 26 for port 'z' [C:/Hung/Viettel/Stage2/ML-KEM/mul_poly/mul_12bit.v:153]
WARNING: [VRFC 10-3091] actual bit length 27 differs from formal bit length 26 for port 'x' [C:/Hung/Viettel/Stage2/ML-KEM/mul_poly/mul_12bit.v:159]
WARNING: [VRFC 10-3091] actual bit length 27 differs from formal bit length 26 for port 'y' [C:/Hung/Viettel/Stage2/ML-KEM/mul_poly/mul_12bit.v:160]
WARNING: [VRFC 10-3091] actual bit length 27 differs from formal bit length 26 for port 'z' [C:/Hung/Viettel/Stage2/ML-KEM/mul_poly/mul_12bit.v:161]
Completed static elaboration
INFO: [XSIM 43-4323] No Change in HDL. Linking previously generated obj files to create kernel
INFO: [USF-XSim-69] 'elaborate' step finished in '1' seconds
Time resolution is 1 ps
Start 12-bit Multiplier Testbench
Finished
$finish called at time : 530 ns : File "C:/Hung/Viettel/Stage2/ML-KEM/mul_poly/tb_mul_12bit.v" Line 37
save_wave_config {C:/Hung/Viettel/Stage2/ML-KEM/mul_poly/mul_matrix/tb_mul_12bit_behav.wcfg}
relaunch_sim
Command: launch_simulation -step compile -simset sim_1 -mode behavioral
INFO: [Vivado 12-12493] Simulation top is 'tb_mul_12bit'
WARNING: [Vivado 12-13340] Unable to auto find GCC executables from simulator install path! (path not set)
WARNING: [Vivado 12-13277] Compiled library path does not exist: ''
INFO: [Vivado 12-5682] Launching behavioral simulation in 'C:/Hung/Viettel/Stage2/ML-KEM/mul_poly/mul_matrix/mul_matrix.sim/sim_1/behav/xsim'
INFO: [SIM-utils-51] Simulation object is 'sim_1'
INFO: [USF-XSim-2] XSim::Compile design
INFO: [USF-XSim-61] Executing 'COMPILE and ANALYZE' step in 'C:/Hung/Viettel/Stage2/ML-KEM/mul_poly/mul_matrix/mul_matrix.sim/sim_1/behav/xsim'
"xvlog --incr --relax -prj tb_mul_12bit_vlog.prj"
INFO: [VRFC 10-2263] Analyzing Verilog file "C:/Hung/Viettel/Stage2/ML-KEM/mul_poly/BoothDecode.v" into library xil_defaultlib
INFO: [VRFC 10-311] analyzing module BoothDecode
INFO: [VRFC 10-2263] Analyzing Verilog file "C:/Hung/Viettel/Stage2/ML-KEM/mul_poly/csa.v" into library xil_defaultlib
INFO: [VRFC 10-311] analyzing module csa
INFO: [VRFC 10-311] analyzing module fulladder
INFO: [VRFC 10-2263] Analyzing Verilog file "C:/Hung/Viettel/Stage2/ML-KEM/mul_poly/mul_12bit.v" into library xil_defaultlib
INFO: [VRFC 10-311] analyzing module mul_12bit
INFO: [VRFC 10-2263] Analyzing Verilog file "C:/Hung/Viettel/Stage2/ML-KEM/mul_poly/tb_mul_12bit.v" into library xil_defaultlib
INFO: [VRFC 10-311] analyzing module tb_mul_12bit
INFO: [USF-XSim-69] 'compile' step finished in '2' seconds
Command: launch_simulation -step elaborate -simset sim_1 -mode behavioral
INFO: [Vivado 12-12493] Simulation top is 'tb_mul_12bit'
WARNING: [Vivado 12-13340] Unable to auto find GCC executables from simulator install path! (path not set)
WARNING: [Vivado 12-13277] Compiled library path does not exist: ''
INFO: [Vivado 12-5682] Launching behavioral simulation in 'C:/Hung/Viettel/Stage2/ML-KEM/mul_poly/mul_matrix/mul_matrix.sim/sim_1/behav/xsim'
INFO: [SIM-utils-51] Simulation object is 'sim_1'
INFO: [USF-XSim-3] XSim::Elaborate design
INFO: [USF-XSim-61] Executing 'ELABORATE' step in 'C:/Hung/Viettel/Stage2/ML-KEM/mul_poly/mul_matrix/mul_matrix.sim/sim_1/behav/xsim'
"xelab --incr --debug typical --relax --mt 2 -L xil_defaultlib -L unisims_ver -L unimacro_ver -L secureip --snapshot tb_mul_12bit_behav xil_defaultlib.tb_mul_12bit xil_defaultlib.glbl -log elaborate.log"
Vivado Simulator v2022.2.2
Copyright 1986-1999, 2001-2022 Xilinx, Inc. All Rights Reserved.
Running: C:/Xilinx/Vivado/2022.2/bin/unwrapped/win64.o/xelab.exe --incr --debug typical --relax --mt 2 -L xil_defaultlib -L unisims_ver -L unimacro_ver -L secureip --snapshot tb_mul_12bit_behav xil_defaultlib.tb_mul_12bit xil_defaultlib.glbl -log elaborate.log 
Using 2 slave threads.
Starting static elaboration
Pass Through NonSizing Optimizer
WARNING: [VRFC 10-3091] actual bit length 27 differs from formal bit length 26 for port 'x' [C:/Hung/Viettel/Stage2/ML-KEM/mul_poly/mul_12bit.v:151]
WARNING: [VRFC 10-3091] actual bit length 27 differs from formal bit length 26 for port 'y' [C:/Hung/Viettel/Stage2/ML-KEM/mul_poly/mul_12bit.v:152]
WARNING: [VRFC 10-3091] actual bit length 27 differs from formal bit length 26 for port 'z' [C:/Hung/Viettel/Stage2/ML-KEM/mul_poly/mul_12bit.v:153]
WARNING: [VRFC 10-3091] actual bit length 27 differs from formal bit length 26 for port 'x' [C:/Hung/Viettel/Stage2/ML-KEM/mul_poly/mul_12bit.v:159]
WARNING: [VRFC 10-3091] actual bit length 27 differs from formal bit length 26 for port 'y' [C:/Hung/Viettel/Stage2/ML-KEM/mul_poly/mul_12bit.v:160]
WARNING: [VRFC 10-3091] actual bit length 27 differs from formal bit length 26 for port 'z' [C:/Hung/Viettel/Stage2/ML-KEM/mul_poly/mul_12bit.v:161]
Completed static elaboration
Starting simulation data flow analysis
Completed simulation data flow analysis
Time Resolution for simulation is 1ps
Compiling module xil_defaultlib.fulladder
Compiling module xil_defaultlib.csa(WIDTH=26)
Compiling module xil_defaultlib.BoothDecode
Compiling module xil_defaultlib.mul_12bit
Compiling module xil_defaultlib.tb_mul_12bit
Compiling module xil_defaultlib.glbl
Built simulation snapshot tb_mul_12bit_behav
INFO: [USF-XSim-69] 'elaborate' step finished in '1' seconds
Time resolution is 1 ps
Start 12-bit Multiplier Testbench
Finished
$finish called at time : 530 ns : File "C:/Hung/Viettel/Stage2/ML-KEM/mul_poly/tb_mul_12bit.v" Line 37
relaunch_sim
Command: launch_simulation -step compile -simset sim_1 -mode behavioral
INFO: [Vivado 12-12493] Simulation top is 'tb_mul_12bit'
WARNING: [Vivado 12-13340] Unable to auto find GCC executables from simulator install path! (path not set)
WARNING: [Vivado 12-13277] Compiled library path does not exist: ''
INFO: [Vivado 12-5682] Launching behavioral simulation in 'C:/Hung/Viettel/Stage2/ML-KEM/mul_poly/mul_matrix/mul_matrix.sim/sim_1/behav/xsim'
INFO: [SIM-utils-51] Simulation object is 'sim_1'
INFO: [USF-XSim-2] XSim::Compile design
INFO: [USF-XSim-61] Executing 'COMPILE and ANALYZE' step in 'C:/Hung/Viettel/Stage2/ML-KEM/mul_poly/mul_matrix/mul_matrix.sim/sim_1/behav/xsim'
"xvlog --incr --relax -prj tb_mul_12bit_vlog.prj"
INFO: [VRFC 10-2263] Analyzing Verilog file "C:/Hung/Viettel/Stage2/ML-KEM/mul_poly/BoothDecode.v" into library xil_defaultlib
INFO: [VRFC 10-311] analyzing module BoothDecode
INFO: [VRFC 10-2263] Analyzing Verilog file "C:/Hung/Viettel/Stage2/ML-KEM/mul_poly/csa.v" into library xil_defaultlib
INFO: [VRFC 10-311] analyzing module csa
INFO: [VRFC 10-311] analyzing module fulladder
INFO: [VRFC 10-2263] Analyzing Verilog file "C:/Hung/Viettel/Stage2/ML-KEM/mul_poly/mul_12bit.v" into library xil_defaultlib
INFO: [VRFC 10-311] analyzing module mul_12bit
INFO: [VRFC 10-2263] Analyzing Verilog file "C:/Hung/Viettel/Stage2/ML-KEM/mul_poly/tb_mul_12bit.v" into library xil_defaultlib
INFO: [VRFC 10-311] analyzing module tb_mul_12bit
INFO: [USF-XSim-69] 'compile' step finished in '1' seconds
Command: launch_simulation -step elaborate -simset sim_1 -mode behavioral
INFO: [Vivado 12-12493] Simulation top is 'tb_mul_12bit'
WARNING: [Vivado 12-13340] Unable to auto find GCC executables from simulator install path! (path not set)
WARNING: [Vivado 12-13277] Compiled library path does not exist: ''
INFO: [Vivado 12-5682] Launching behavioral simulation in 'C:/Hung/Viettel/Stage2/ML-KEM/mul_poly/mul_matrix/mul_matrix.sim/sim_1/behav/xsim'
INFO: [SIM-utils-51] Simulation object is 'sim_1'
INFO: [USF-XSim-3] XSim::Elaborate design
INFO: [USF-XSim-61] Executing 'ELABORATE' step in 'C:/Hung/Viettel/Stage2/ML-KEM/mul_poly/mul_matrix/mul_matrix.sim/sim_1/behav/xsim'
"xelab --incr --debug typical --relax --mt 2 -L xil_defaultlib -L unisims_ver -L unimacro_ver -L secureip --snapshot tb_mul_12bit_behav xil_defaultlib.tb_mul_12bit xil_defaultlib.glbl -log elaborate.log"
Vivado Simulator v2022.2.2
Copyright 1986-1999, 2001-2022 Xilinx, Inc. All Rights Reserved.
Running: C:/Xilinx/Vivado/2022.2/bin/unwrapped/win64.o/xelab.exe --incr --debug typical --relax --mt 2 -L xil_defaultlib -L unisims_ver -L unimacro_ver -L secureip --snapshot tb_mul_12bit_behav xil_defaultlib.tb_mul_12bit xil_defaultlib.glbl -log elaborate.log 
Using 2 slave threads.
Starting static elaboration
Pass Through NonSizing Optimizer
WARNING: [VRFC 10-3091] actual bit length 27 differs from formal bit length 26 for port 'x' [C:/Hung/Viettel/Stage2/ML-KEM/mul_poly/mul_12bit.v:151]
WARNING: [VRFC 10-3091] actual bit length 27 differs from formal bit length 26 for port 'y' [C:/Hung/Viettel/Stage2/ML-KEM/mul_poly/mul_12bit.v:152]
WARNING: [VRFC 10-3091] actual bit length 27 differs from formal bit length 26 for port 'z' [C:/Hung/Viettel/Stage2/ML-KEM/mul_poly/mul_12bit.v:153]
WARNING: [VRFC 10-3091] actual bit length 27 differs from formal bit length 26 for port 'x' [C:/Hung/Viettel/Stage2/ML-KEM/mul_poly/mul_12bit.v:159]
WARNING: [VRFC 10-3091] actual bit length 27 differs from formal bit length 26 for port 'y' [C:/Hung/Viettel/Stage2/ML-KEM/mul_poly/mul_12bit.v:160]
WARNING: [VRFC 10-3091] actual bit length 27 differs from formal bit length 26 for port 'z' [C:/Hung/Viettel/Stage2/ML-KEM/mul_poly/mul_12bit.v:161]
Completed static elaboration
Starting simulation data flow analysis
Completed simulation data flow analysis
Time Resolution for simulation is 1ps
Compiling module xil_defaultlib.fulladder
Compiling module xil_defaultlib.csa(WIDTH=26)
Compiling module xil_defaultlib.BoothDecode
Compiling module xil_defaultlib.mul_12bit
Compiling module xil_defaultlib.tb_mul_12bit
Compiling module xil_defaultlib.glbl
Built simulation snapshot tb_mul_12bit_behav
INFO: [USF-XSim-69] 'elaborate' step finished in '2' seconds
Time resolution is 1 ps
Start 12-bit Multiplier Testbench
Finished
$finish called at time : 530 ns : File "C:/Hung/Viettel/Stage2/ML-KEM/mul_poly/tb_mul_12bit.v" Line 37
current_wave_config {tb_mul_12bit_behav.wcfg}
C:/Hung/Viettel/Stage2/ML-KEM/mul_poly/mul_matrix/tb_mul_12bit_behav.wcfg
add_wave {{/tb_mul_12bit/uut/tmp_sum}} {{/tb_mul_12bit/uut/tmp_carry}} 
relaunch_sim
Command: launch_simulation -step compile -simset sim_1 -mode behavioral
INFO: [Vivado 12-12493] Simulation top is 'tb_mul_12bit'
WARNING: [Vivado 12-13340] Unable to auto find GCC executables from simulator install path! (path not set)
WARNING: [Vivado 12-13277] Compiled library path does not exist: ''
INFO: [Vivado 12-5682] Launching behavioral simulation in 'C:/Hung/Viettel/Stage2/ML-KEM/mul_poly/mul_matrix/mul_matrix.sim/sim_1/behav/xsim'
INFO: [SIM-utils-51] Simulation object is 'sim_1'
INFO: [USF-XSim-2] XSim::Compile design
INFO: [USF-XSim-61] Executing 'COMPILE and ANALYZE' step in 'C:/Hung/Viettel/Stage2/ML-KEM/mul_poly/mul_matrix/mul_matrix.sim/sim_1/behav/xsim'
"xvlog --incr --relax -prj tb_mul_12bit_vlog.prj"
INFO: [VRFC 10-2263] Analyzing Verilog file "C:/Hung/Viettel/Stage2/ML-KEM/mul_poly/BoothDecode.v" into library xil_defaultlib
INFO: [VRFC 10-311] analyzing module BoothDecode
INFO: [VRFC 10-2263] Analyzing Verilog file "C:/Hung/Viettel/Stage2/ML-KEM/mul_poly/csa.v" into library xil_defaultlib
INFO: [VRFC 10-311] analyzing module csa
INFO: [VRFC 10-311] analyzing module fulladder
INFO: [VRFC 10-2263] Analyzing Verilog file "C:/Hung/Viettel/Stage2/ML-KEM/mul_poly/mul_12bit.v" into library xil_defaultlib
INFO: [VRFC 10-311] analyzing module mul_12bit
ERROR: [VRFC 10-4982] syntax error near ',' [C:/Hung/Viettel/Stage2/ML-KEM/mul_poly/mul_12bit.v:136]
ERROR: [VRFC 10-4982] syntax error near ',' [C:/Hung/Viettel/Stage2/ML-KEM/mul_poly/mul_12bit.v:137]
ERROR: [VRFC 10-8530] module 'mul_12bit' is ignored due to previous errors [C:/Hung/Viettel/Stage2/ML-KEM/mul_poly/mul_12bit.v:79]
INFO: [USF-XSim-69] 'compile' step finished in '2' seconds
INFO: [USF-XSim-99] Step results log file:'C:/Hung/Viettel/Stage2/ML-KEM/mul_poly/mul_matrix/mul_matrix.sim/sim_1/behav/xsim/xvlog.log'
ERROR: [USF-XSim-62] 'compile' step failed with error(s). Please check the Tcl console output or 'C:/Hung/Viettel/Stage2/ML-KEM/mul_poly/mul_matrix/mul_matrix.sim/sim_1/behav/xsim/xvlog.log' file for more information.
ERROR: [Vivado 12-4473] Detected error while running simulation. Please correct the issue and retry this operation.
ERROR: [Common 17-39] 'launch_simulation' failed due to earlier errors.
ERROR: [Common 17-69] Command failed: ERROR: [Common 17-39] 'launch_simulation' failed due to earlier errors.

close_sim
INFO: [Simtcl 6-16] Simulation closed
launch_simulation
Command: launch_simulation 
INFO: [Vivado 12-12493] Simulation top is 'tb_mul_12bit'
WARNING: [Vivado 12-13340] Unable to auto find GCC executables from simulator install path! (path not set)
WARNING: [Vivado 12-13277] Compiled library path does not exist: ''
INFO: [Vivado 12-5682] Launching behavioral simulation in 'C:/Hung/Viettel/Stage2/ML-KEM/mul_poly/mul_matrix/mul_matrix.sim/sim_1/behav/xsim'
INFO: [SIM-utils-51] Simulation object is 'sim_1'
INFO: [SIM-utils-72] Using boost library from 'C:/Xilinx/Vivado/2022.2/tps/boost_1_72_0'
INFO: [SIM-utils-54] Inspecting design source files for 'tb_mul_12bit' in fileset 'sim_1'...
INFO: [USF-XSim-97] Finding global include files...
INFO: [USF-XSim-98] Fetching design files from 'sim_1'...
INFO: [USF-XSim-2] XSim::Compile design
INFO: [USF-XSim-61] Executing 'COMPILE and ANALYZE' step in 'C:/Hung/Viettel/Stage2/ML-KEM/mul_poly/mul_matrix/mul_matrix.sim/sim_1/behav/xsim'
"xvlog --incr --relax -prj tb_mul_12bit_vlog.prj"
INFO: [VRFC 10-2263] Analyzing Verilog file "C:/Hung/Viettel/Stage2/ML-KEM/mul_poly/BoothDecode.v" into library xil_defaultlib
INFO: [VRFC 10-311] analyzing module BoothDecode
INFO: [VRFC 10-2263] Analyzing Verilog file "C:/Hung/Viettel/Stage2/ML-KEM/mul_poly/csa.v" into library xil_defaultlib
INFO: [VRFC 10-311] analyzing module csa
INFO: [VRFC 10-311] analyzing module fulladder
INFO: [VRFC 10-2263] Analyzing Verilog file "C:/Hung/Viettel/Stage2/ML-KEM/mul_poly/mul_12bit.v" into library xil_defaultlib
INFO: [VRFC 10-311] analyzing module mul_12bit
INFO: [VRFC 10-2263] Analyzing Verilog file "C:/Hung/Viettel/Stage2/ML-KEM/mul_poly/tb_mul_12bit.v" into library xil_defaultlib
INFO: [VRFC 10-311] analyzing module tb_mul_12bit
INFO: [USF-XSim-69] 'compile' step finished in '2' seconds
INFO: [USF-XSim-3] XSim::Elaborate design
INFO: [USF-XSim-61] Executing 'ELABORATE' step in 'C:/Hung/Viettel/Stage2/ML-KEM/mul_poly/mul_matrix/mul_matrix.sim/sim_1/behav/xsim'
"xelab --incr --debug typical --relax --mt 2 -L xil_defaultlib -L unisims_ver -L unimacro_ver -L secureip --snapshot tb_mul_12bit_behav xil_defaultlib.tb_mul_12bit xil_defaultlib.glbl -log elaborate.log"
Vivado Simulator v2022.2.2
Copyright 1986-1999, 2001-2022 Xilinx, Inc. All Rights Reserved.
Running: C:/Xilinx/Vivado/2022.2/bin/unwrapped/win64.o/xelab.exe --incr --debug typical --relax --mt 2 -L xil_defaultlib -L unisims_ver -L unimacro_ver -L secureip --snapshot tb_mul_12bit_behav xil_defaultlib.tb_mul_12bit xil_defaultlib.glbl -log elaborate.log 
Using 2 slave threads.
Starting static elaboration
Pass Through NonSizing Optimizer
WARNING: [VRFC 10-3091] actual bit length 27 differs from formal bit length 26 for port 'x' [C:/Hung/Viettel/Stage2/ML-KEM/mul_poly/mul_12bit.v:151]
WARNING: [VRFC 10-3091] actual bit length 27 differs from formal bit length 26 for port 'y' [C:/Hung/Viettel/Stage2/ML-KEM/mul_poly/mul_12bit.v:152]
WARNING: [VRFC 10-3091] actual bit length 27 differs from formal bit length 26 for port 'z' [C:/Hung/Viettel/Stage2/ML-KEM/mul_poly/mul_12bit.v:153]
WARNING: [VRFC 10-3091] actual bit length 27 differs from formal bit length 26 for port 'x' [C:/Hung/Viettel/Stage2/ML-KEM/mul_poly/mul_12bit.v:159]
WARNING: [VRFC 10-3091] actual bit length 27 differs from formal bit length 26 for port 'y' [C:/Hung/Viettel/Stage2/ML-KEM/mul_poly/mul_12bit.v:160]
WARNING: [VRFC 10-3091] actual bit length 27 differs from formal bit length 26 for port 'z' [C:/Hung/Viettel/Stage2/ML-KEM/mul_poly/mul_12bit.v:161]
Completed static elaboration
Starting simulation data flow analysis
Completed simulation data flow analysis
Time Resolution for simulation is 1ps
Compiling module xil_defaultlib.fulladder
Compiling module xil_defaultlib.csa(WIDTH=26)
Compiling module xil_defaultlib.BoothDecode
Compiling module xil_defaultlib.mul_12bit
Compiling module xil_defaultlib.tb_mul_12bit
Compiling module xil_defaultlib.glbl
Built simulation snapshot tb_mul_12bit_behav
INFO: [USF-XSim-69] 'elaborate' step finished in '1' seconds
INFO: [USF-XSim-4] XSim::Simulate design
INFO: [USF-XSim-61] Executing 'SIMULATE' step in 'C:/Hung/Viettel/Stage2/ML-KEM/mul_poly/mul_matrix/mul_matrix.sim/sim_1/behav/xsim'
INFO: [USF-XSim-98] *** Running xsim
   with args "tb_mul_12bit_behav -key {Behavioral:sim_1:Functional:tb_mul_12bit} -tclbatch {tb_mul_12bit.tcl} -view {C:/Hung/Viettel/Stage2/ML-KEM/mul_poly/mul_matrix/tb_mul_12bit_behav.wcfg} -log {simulate.log}"
INFO: [USF-XSim-8] Loading simulator feature
Time resolution is 1 ps
open_wave_config C:/Hung/Viettel/Stage2/ML-KEM/mul_poly/mul_matrix/tb_mul_12bit_behav.wcfg
source tb_mul_12bit.tcl
# set curr_wave [current_wave_config]
# if { [string length $curr_wave] == 0 } {
#   if { [llength [get_objects]] > 0} {
#     add_wave /
#     set_property needs_save false [current_wave_config]
#   } else {
#      send_msg_id Add_Wave-1 WARNING "No top level signals found. Simulator will start without a wave window. If you want to open a wave window go to 'File->New Waveform Configuration' or type 'create_wave_config' in the TCL console."
#   }
# }
# run 100000ns
Start 12-bit Multiplier Testbench
Finished
$finish called at time : 530 ns : File "C:/Hung/Viettel/Stage2/ML-KEM/mul_poly/tb_mul_12bit.v" Line 37
INFO: [USF-XSim-96] XSim completed. Design snapshot 'tb_mul_12bit_behav' loaded.
INFO: [USF-XSim-97] XSim simulation ran for 100000ns
save_wave_config {C:/Hung/Viettel/Stage2/ML-KEM/mul_poly/mul_matrix/tb_mul_12bit_behav.wcfg}
save_wave_config {C:/Hung/Viettel/Stage2/ML-KEM/mul_poly/mul_matrix/tb_mul_12bit_behav.wcfg}
current_wave_config {tb_mul_12bit_behav.wcfg}
C:/Hung/Viettel/Stage2/ML-KEM/mul_poly/mul_matrix/tb_mul_12bit_behav.wcfg
add_wave {{/tb_mul_12bit/uut/booth1/A}} {{/tb_mul_12bit/uut/booth1/sel}} {{/tb_mul_12bit/uut/booth1/res}} {{/tb_mul_12bit/uut/booth1/pp}} 
relaunch_sim
Command: launch_simulation -step compile -simset sim_1 -mode behavioral
INFO: [Vivado 12-12493] Simulation top is 'tb_mul_12bit'
WARNING: [Vivado 12-13340] Unable to auto find GCC executables from simulator install path! (path not set)
WARNING: [Vivado 12-13277] Compiled library path does not exist: ''
INFO: [Vivado 12-5682] Launching behavioral simulation in 'C:/Hung/Viettel/Stage2/ML-KEM/mul_poly/mul_matrix/mul_matrix.sim/sim_1/behav/xsim'
INFO: [SIM-utils-51] Simulation object is 'sim_1'
INFO: [USF-XSim-2] XSim::Compile design
INFO: [USF-XSim-61] Executing 'COMPILE and ANALYZE' step in 'C:/Hung/Viettel/Stage2/ML-KEM/mul_poly/mul_matrix/mul_matrix.sim/sim_1/behav/xsim'
"xvlog --incr --relax -prj tb_mul_12bit_vlog.prj"
INFO: [USF-XSim-69] 'compile' step finished in '1' seconds
Command: launch_simulation -step elaborate -simset sim_1 -mode behavioral
INFO: [Vivado 12-12493] Simulation top is 'tb_mul_12bit'
WARNING: [Vivado 12-13340] Unable to auto find GCC executables from simulator install path! (path not set)
WARNING: [Vivado 12-13277] Compiled library path does not exist: ''
INFO: [Vivado 12-5682] Launching behavioral simulation in 'C:/Hung/Viettel/Stage2/ML-KEM/mul_poly/mul_matrix/mul_matrix.sim/sim_1/behav/xsim'
INFO: [SIM-utils-51] Simulation object is 'sim_1'
INFO: [USF-XSim-3] XSim::Elaborate design
INFO: [USF-XSim-61] Executing 'ELABORATE' step in 'C:/Hung/Viettel/Stage2/ML-KEM/mul_poly/mul_matrix/mul_matrix.sim/sim_1/behav/xsim'
"xelab --incr --debug typical --relax --mt 2 -L xil_defaultlib -L unisims_ver -L unimacro_ver -L secureip --snapshot tb_mul_12bit_behav xil_defaultlib.tb_mul_12bit xil_defaultlib.glbl -log elaborate.log"
Vivado Simulator v2022.2.2
Copyright 1986-1999, 2001-2022 Xilinx, Inc. All Rights Reserved.
Running: C:/Xilinx/Vivado/2022.2/bin/unwrapped/win64.o/xelab.exe --incr --debug typical --relax --mt 2 -L xil_defaultlib -L unisims_ver -L unimacro_ver -L secureip --snapshot tb_mul_12bit_behav xil_defaultlib.tb_mul_12bit xil_defaultlib.glbl -log elaborate.log 
Using 2 slave threads.
Starting static elaboration
Pass Through NonSizing Optimizer
WARNING: [VRFC 10-3091] actual bit length 27 differs from formal bit length 26 for port 'x' [C:/Hung/Viettel/Stage2/ML-KEM/mul_poly/mul_12bit.v:151]
WARNING: [VRFC 10-3091] actual bit length 27 differs from formal bit length 26 for port 'y' [C:/Hung/Viettel/Stage2/ML-KEM/mul_poly/mul_12bit.v:152]
WARNING: [VRFC 10-3091] actual bit length 27 differs from formal bit length 26 for port 'z' [C:/Hung/Viettel/Stage2/ML-KEM/mul_poly/mul_12bit.v:153]
WARNING: [VRFC 10-3091] actual bit length 27 differs from formal bit length 26 for port 'x' [C:/Hung/Viettel/Stage2/ML-KEM/mul_poly/mul_12bit.v:159]
WARNING: [VRFC 10-3091] actual bit length 27 differs from formal bit length 26 for port 'y' [C:/Hung/Viettel/Stage2/ML-KEM/mul_poly/mul_12bit.v:160]
WARNING: [VRFC 10-3091] actual bit length 27 differs from formal bit length 26 for port 'z' [C:/Hung/Viettel/Stage2/ML-KEM/mul_poly/mul_12bit.v:161]
Completed static elaboration
INFO: [XSIM 43-4323] No Change in HDL. Linking previously generated obj files to create kernel
INFO: [USF-XSim-69] 'elaborate' step finished in '2' seconds
Time resolution is 1 ps
Start 12-bit Multiplier Testbench
Finished
$finish called at time : 530 ns : File "C:/Hung/Viettel/Stage2/ML-KEM/mul_poly/tb_mul_12bit.v" Line 37
save_wave_config {C:/Hung/Viettel/Stage2/ML-KEM/mul_poly/mul_matrix/tb_mul_12bit_behav.wcfg}
current_wave_config {tb_mul_12bit_behav.wcfg}
C:/Hung/Viettel/Stage2/ML-KEM/mul_poly/mul_matrix/tb_mul_12bit_behav.wcfg
add_wave {{/tb_mul_12bit/uut/cas_ins0/x}} {{/tb_mul_12bit/uut/cas_ins0/y}} {{/tb_mul_12bit/uut/cas_ins0/z}} {{/tb_mul_12bit/uut/cas_ins0/sum}} {{/tb_mul_12bit/uut/cas_ins0/carry}} 
relaunch_sim
Command: launch_simulation -step compile -simset sim_1 -mode behavioral
INFO: [Vivado 12-12493] Simulation top is 'tb_mul_12bit'
WARNING: [Vivado 12-13340] Unable to auto find GCC executables from simulator install path! (path not set)
WARNING: [Vivado 12-13277] Compiled library path does not exist: ''
INFO: [Vivado 12-5682] Launching behavioral simulation in 'C:/Hung/Viettel/Stage2/ML-KEM/mul_poly/mul_matrix/mul_matrix.sim/sim_1/behav/xsim'
INFO: [SIM-utils-51] Simulation object is 'sim_1'
INFO: [USF-XSim-2] XSim::Compile design
INFO: [USF-XSim-61] Executing 'COMPILE and ANALYZE' step in 'C:/Hung/Viettel/Stage2/ML-KEM/mul_poly/mul_matrix/mul_matrix.sim/sim_1/behav/xsim'
"xvlog --incr --relax -prj tb_mul_12bit_vlog.prj"
INFO: [USF-XSim-69] 'compile' step finished in '1' seconds
Command: launch_simulation -step elaborate -simset sim_1 -mode behavioral
INFO: [Vivado 12-12493] Simulation top is 'tb_mul_12bit'
WARNING: [Vivado 12-13340] Unable to auto find GCC executables from simulator install path! (path not set)
WARNING: [Vivado 12-13277] Compiled library path does not exist: ''
INFO: [Vivado 12-5682] Launching behavioral simulation in 'C:/Hung/Viettel/Stage2/ML-KEM/mul_poly/mul_matrix/mul_matrix.sim/sim_1/behav/xsim'
INFO: [SIM-utils-51] Simulation object is 'sim_1'
INFO: [USF-XSim-3] XSim::Elaborate design
INFO: [USF-XSim-61] Executing 'ELABORATE' step in 'C:/Hung/Viettel/Stage2/ML-KEM/mul_poly/mul_matrix/mul_matrix.sim/sim_1/behav/xsim'
"xelab --incr --debug typical --relax --mt 2 -L xil_defaultlib -L unisims_ver -L unimacro_ver -L secureip --snapshot tb_mul_12bit_behav xil_defaultlib.tb_mul_12bit xil_defaultlib.glbl -log elaborate.log"
Vivado Simulator v2022.2.2
Copyright 1986-1999, 2001-2022 Xilinx, Inc. All Rights Reserved.
Running: C:/Xilinx/Vivado/2022.2/bin/unwrapped/win64.o/xelab.exe --incr --debug typical --relax --mt 2 -L xil_defaultlib -L unisims_ver -L unimacro_ver -L secureip --snapshot tb_mul_12bit_behav xil_defaultlib.tb_mul_12bit xil_defaultlib.glbl -log elaborate.log 
Using 2 slave threads.
Starting static elaboration
Pass Through NonSizing Optimizer
WARNING: [VRFC 10-3091] actual bit length 27 differs from formal bit length 26 for port 'x' [C:/Hung/Viettel/Stage2/ML-KEM/mul_poly/mul_12bit.v:151]
WARNING: [VRFC 10-3091] actual bit length 27 differs from formal bit length 26 for port 'y' [C:/Hung/Viettel/Stage2/ML-KEM/mul_poly/mul_12bit.v:152]
WARNING: [VRFC 10-3091] actual bit length 27 differs from formal bit length 26 for port 'z' [C:/Hung/Viettel/Stage2/ML-KEM/mul_poly/mul_12bit.v:153]
WARNING: [VRFC 10-3091] actual bit length 27 differs from formal bit length 26 for port 'x' [C:/Hung/Viettel/Stage2/ML-KEM/mul_poly/mul_12bit.v:159]
WARNING: [VRFC 10-3091] actual bit length 27 differs from formal bit length 26 for port 'y' [C:/Hung/Viettel/Stage2/ML-KEM/mul_poly/mul_12bit.v:160]
WARNING: [VRFC 10-3091] actual bit length 27 differs from formal bit length 26 for port 'z' [C:/Hung/Viettel/Stage2/ML-KEM/mul_poly/mul_12bit.v:161]
Completed static elaboration
INFO: [XSIM 43-4323] No Change in HDL. Linking previously generated obj files to create kernel
INFO: [USF-XSim-69] 'elaborate' step finished in '1' seconds
Time resolution is 1 ps
Start 12-bit Multiplier Testbench
Finished
$finish called at time : 530 ns : File "C:/Hung/Viettel/Stage2/ML-KEM/mul_poly/tb_mul_12bit.v" Line 37
save_wave_config {C:/Hung/Viettel/Stage2/ML-KEM/mul_poly/mul_matrix/tb_mul_12bit_behav.wcfg}
relaunch_sim
Command: launch_simulation -step compile -simset sim_1 -mode behavioral
INFO: [Vivado 12-12493] Simulation top is 'tb_mul_12bit'
WARNING: [Vivado 12-13340] Unable to auto find GCC executables from simulator install path! (path not set)
WARNING: [Vivado 12-13277] Compiled library path does not exist: ''
INFO: [Vivado 12-5682] Launching behavioral simulation in 'C:/Hung/Viettel/Stage2/ML-KEM/mul_poly/mul_matrix/mul_matrix.sim/sim_1/behav/xsim'
INFO: [SIM-utils-51] Simulation object is 'sim_1'
INFO: [USF-XSim-2] XSim::Compile design
INFO: [USF-XSim-61] Executing 'COMPILE and ANALYZE' step in 'C:/Hung/Viettel/Stage2/ML-KEM/mul_poly/mul_matrix/mul_matrix.sim/sim_1/behav/xsim'
"xvlog --incr --relax -prj tb_mul_12bit_vlog.prj"
INFO: [VRFC 10-2263] Analyzing Verilog file "C:/Hung/Viettel/Stage2/ML-KEM/mul_poly/BoothDecode.v" into library xil_defaultlib
INFO: [VRFC 10-311] analyzing module BoothDecode
INFO: [VRFC 10-2263] Analyzing Verilog file "C:/Hung/Viettel/Stage2/ML-KEM/mul_poly/csa.v" into library xil_defaultlib
INFO: [VRFC 10-311] analyzing module csa
INFO: [VRFC 10-311] analyzing module fulladder
INFO: [VRFC 10-2263] Analyzing Verilog file "C:/Hung/Viettel/Stage2/ML-KEM/mul_poly/mul_12bit.v" into library xil_defaultlib
INFO: [VRFC 10-311] analyzing module mul_12bit
INFO: [VRFC 10-2263] Analyzing Verilog file "C:/Hung/Viettel/Stage2/ML-KEM/mul_poly/tb_mul_12bit.v" into library xil_defaultlib
INFO: [VRFC 10-311] analyzing module tb_mul_12bit
INFO: [USF-XSim-69] 'compile' step finished in '1' seconds
Command: launch_simulation -step elaborate -simset sim_1 -mode behavioral
INFO: [Vivado 12-12493] Simulation top is 'tb_mul_12bit'
WARNING: [Vivado 12-13340] Unable to auto find GCC executables from simulator install path! (path not set)
WARNING: [Vivado 12-13277] Compiled library path does not exist: ''
INFO: [Vivado 12-5682] Launching behavioral simulation in 'C:/Hung/Viettel/Stage2/ML-KEM/mul_poly/mul_matrix/mul_matrix.sim/sim_1/behav/xsim'
INFO: [SIM-utils-51] Simulation object is 'sim_1'
INFO: [USF-XSim-3] XSim::Elaborate design
INFO: [USF-XSim-61] Executing 'ELABORATE' step in 'C:/Hung/Viettel/Stage2/ML-KEM/mul_poly/mul_matrix/mul_matrix.sim/sim_1/behav/xsim'
"xelab --incr --debug typical --relax --mt 2 -L xil_defaultlib -L unisims_ver -L unimacro_ver -L secureip --snapshot tb_mul_12bit_behav xil_defaultlib.tb_mul_12bit xil_defaultlib.glbl -log elaborate.log"
Vivado Simulator v2022.2.2
Copyright 1986-1999, 2001-2022 Xilinx, Inc. All Rights Reserved.
Running: C:/Xilinx/Vivado/2022.2/bin/unwrapped/win64.o/xelab.exe --incr --debug typical --relax --mt 2 -L xil_defaultlib -L unisims_ver -L unimacro_ver -L secureip --snapshot tb_mul_12bit_behav xil_defaultlib.tb_mul_12bit xil_defaultlib.glbl -log elaborate.log 
Using 2 slave threads.
Starting static elaboration
Pass Through NonSizing Optimizer
WARNING: [VRFC 10-3091] actual bit length 27 differs from formal bit length 26 for port 'x' [C:/Hung/Viettel/Stage2/ML-KEM/mul_poly/mul_12bit.v:135]
WARNING: [VRFC 10-3091] actual bit length 27 differs from formal bit length 26 for port 'y' [C:/Hung/Viettel/Stage2/ML-KEM/mul_poly/mul_12bit.v:136]
WARNING: [VRFC 10-3091] actual bit length 27 differs from formal bit length 26 for port 'z' [C:/Hung/Viettel/Stage2/ML-KEM/mul_poly/mul_12bit.v:137]
WARNING: [VRFC 10-3091] actual bit length 27 differs from formal bit length 26 for port 'x' [C:/Hung/Viettel/Stage2/ML-KEM/mul_poly/mul_12bit.v:151]
WARNING: [VRFC 10-3091] actual bit length 27 differs from formal bit length 26 for port 'y' [C:/Hung/Viettel/Stage2/ML-KEM/mul_poly/mul_12bit.v:152]
WARNING: [VRFC 10-3091] actual bit length 27 differs from formal bit length 26 for port 'z' [C:/Hung/Viettel/Stage2/ML-KEM/mul_poly/mul_12bit.v:153]
WARNING: [VRFC 10-3091] actual bit length 27 differs from formal bit length 26 for port 'x' [C:/Hung/Viettel/Stage2/ML-KEM/mul_poly/mul_12bit.v:159]
WARNING: [VRFC 10-3091] actual bit length 27 differs from formal bit length 26 for port 'y' [C:/Hung/Viettel/Stage2/ML-KEM/mul_poly/mul_12bit.v:160]
WARNING: [VRFC 10-3091] actual bit length 27 differs from formal bit length 26 for port 'z' [C:/Hung/Viettel/Stage2/ML-KEM/mul_poly/mul_12bit.v:161]
Completed static elaboration
Starting simulation data flow analysis
Completed simulation data flow analysis
Time Resolution for simulation is 1ps
Compiling module xil_defaultlib.fulladder
Compiling module xil_defaultlib.csa(WIDTH=26)
Compiling module xil_defaultlib.BoothDecode
Compiling module xil_defaultlib.mul_12bit
Compiling module xil_defaultlib.tb_mul_12bit
Compiling module xil_defaultlib.glbl
Built simulation snapshot tb_mul_12bit_behav
INFO: [USF-XSim-69] 'elaborate' step finished in '2' seconds
Time resolution is 1 ps
Start 12-bit Multiplier Testbench
Finished
$finish called at time : 530 ns : File "C:/Hung/Viettel/Stage2/ML-KEM/mul_poly/tb_mul_12bit.v" Line 37
relaunch_sim: Time (s): cpu = 00:00:00 ; elapsed = 00:00:05 . Memory (MB): peak = 1916.457 ; gain = 0.000
save_wave_config {C:/Hung/Viettel/Stage2/ML-KEM/mul_poly/mul_matrix/tb_mul_12bit_behav.wcfg}
current_wave_config {tb_mul_12bit_behav.wcfg}
C:/Hung/Viettel/Stage2/ML-KEM/mul_poly/mul_matrix/tb_mul_12bit_behav.wcfg
add_wave {{/tb_mul_12bit/uut/booth1/A}} {{/tb_mul_12bit/uut/booth1/sel}} {{/tb_mul_12bit/uut/booth1/res}} {{/tb_mul_12bit/uut/booth1/pp}} 
save_wave_config {C:/Hung/Viettel/Stage2/ML-KEM/mul_poly/mul_matrix/tb_mul_12bit_behav.wcfg}
relaunch_sim
Command: launch_simulation -step compile -simset sim_1 -mode behavioral
INFO: [Vivado 12-12493] Simulation top is 'tb_mul_12bit'
WARNING: [Vivado 12-13340] Unable to auto find GCC executables from simulator install path! (path not set)
WARNING: [Vivado 12-13277] Compiled library path does not exist: ''
INFO: [Vivado 12-5682] Launching behavioral simulation in 'C:/Hung/Viettel/Stage2/ML-KEM/mul_poly/mul_matrix/mul_matrix.sim/sim_1/behav/xsim'
INFO: [SIM-utils-51] Simulation object is 'sim_1'
INFO: [USF-XSim-2] XSim::Compile design
INFO: [USF-XSim-61] Executing 'COMPILE and ANALYZE' step in 'C:/Hung/Viettel/Stage2/ML-KEM/mul_poly/mul_matrix/mul_matrix.sim/sim_1/behav/xsim'
"xvlog --incr --relax -prj tb_mul_12bit_vlog.prj"
INFO: [VRFC 10-2263] Analyzing Verilog file "C:/Hung/Viettel/Stage2/ML-KEM/mul_poly/BoothDecode.v" into library xil_defaultlib
INFO: [VRFC 10-311] analyzing module BoothDecode
INFO: [VRFC 10-2263] Analyzing Verilog file "C:/Hung/Viettel/Stage2/ML-KEM/mul_poly/csa.v" into library xil_defaultlib
INFO: [VRFC 10-311] analyzing module csa
INFO: [VRFC 10-311] analyzing module fulladder
INFO: [VRFC 10-2263] Analyzing Verilog file "C:/Hung/Viettel/Stage2/ML-KEM/mul_poly/mul_12bit.v" into library xil_defaultlib
INFO: [VRFC 10-311] analyzing module mul_12bit
INFO: [VRFC 10-2263] Analyzing Verilog file "C:/Hung/Viettel/Stage2/ML-KEM/mul_poly/tb_mul_12bit.v" into library xil_defaultlib
INFO: [VRFC 10-311] analyzing module tb_mul_12bit
INFO: [USF-XSim-69] 'compile' step finished in '2' seconds
Command: launch_simulation -step elaborate -simset sim_1 -mode behavioral
INFO: [Vivado 12-12493] Simulation top is 'tb_mul_12bit'
WARNING: [Vivado 12-13340] Unable to auto find GCC executables from simulator install path! (path not set)
WARNING: [Vivado 12-13277] Compiled library path does not exist: ''
INFO: [Vivado 12-5682] Launching behavioral simulation in 'C:/Hung/Viettel/Stage2/ML-KEM/mul_poly/mul_matrix/mul_matrix.sim/sim_1/behav/xsim'
INFO: [SIM-utils-51] Simulation object is 'sim_1'
INFO: [USF-XSim-3] XSim::Elaborate design
INFO: [USF-XSim-61] Executing 'ELABORATE' step in 'C:/Hung/Viettel/Stage2/ML-KEM/mul_poly/mul_matrix/mul_matrix.sim/sim_1/behav/xsim'
"xelab --incr --debug typical --relax --mt 2 -L xil_defaultlib -L unisims_ver -L unimacro_ver -L secureip --snapshot tb_mul_12bit_behav xil_defaultlib.tb_mul_12bit xil_defaultlib.glbl -log elaborate.log"
Vivado Simulator v2022.2.2
Copyright 1986-1999, 2001-2022 Xilinx, Inc. All Rights Reserved.
Running: C:/Xilinx/Vivado/2022.2/bin/unwrapped/win64.o/xelab.exe --incr --debug typical --relax --mt 2 -L xil_defaultlib -L unisims_ver -L unimacro_ver -L secureip --snapshot tb_mul_12bit_behav xil_defaultlib.tb_mul_12bit xil_defaultlib.glbl -log elaborate.log 
Using 2 slave threads.
Starting static elaboration
Pass Through NonSizing Optimizer
WARNING: [VRFC 10-3091] actual bit length 27 differs from formal bit length 26 for port 'x' [C:/Hung/Viettel/Stage2/ML-KEM/mul_poly/mul_12bit.v:151]
WARNING: [VRFC 10-3091] actual bit length 27 differs from formal bit length 26 for port 'y' [C:/Hung/Viettel/Stage2/ML-KEM/mul_poly/mul_12bit.v:152]
WARNING: [VRFC 10-3091] actual bit length 27 differs from formal bit length 26 for port 'z' [C:/Hung/Viettel/Stage2/ML-KEM/mul_poly/mul_12bit.v:153]
WARNING: [VRFC 10-3091] actual bit length 27 differs from formal bit length 26 for port 'x' [C:/Hung/Viettel/Stage2/ML-KEM/mul_poly/mul_12bit.v:159]
WARNING: [VRFC 10-3091] actual bit length 27 differs from formal bit length 26 for port 'y' [C:/Hung/Viettel/Stage2/ML-KEM/mul_poly/mul_12bit.v:160]
WARNING: [VRFC 10-3091] actual bit length 27 differs from formal bit length 26 for port 'z' [C:/Hung/Viettel/Stage2/ML-KEM/mul_poly/mul_12bit.v:161]
Completed static elaboration
Starting simulation data flow analysis
Completed simulation data flow analysis
Time Resolution for simulation is 1ps
Compiling module xil_defaultlib.fulladder
Compiling module xil_defaultlib.csa(WIDTH=26)
Compiling module xil_defaultlib.BoothDecode
Compiling module xil_defaultlib.mul_12bit
Compiling module xil_defaultlib.tb_mul_12bit
Compiling module xil_defaultlib.glbl
Built simulation snapshot tb_mul_12bit_behav
INFO: [USF-XSim-69] 'elaborate' step finished in '1' seconds
Time resolution is 1 ps
Start 12-bit Multiplier Testbench
Finished
$finish called at time : 530 ns : File "C:/Hung/Viettel/Stage2/ML-KEM/mul_poly/tb_mul_12bit.v" Line 37
save_wave_config {C:/Hung/Viettel/Stage2/ML-KEM/mul_poly/mul_matrix/tb_mul_12bit_behav.wcfg}
save_wave_config {C:/Hung/Viettel/Stage2/ML-KEM/mul_poly/mul_matrix/tb_mul_12bit_behav.wcfg}
current_wave_config {tb_mul_12bit_behav.wcfg}
C:/Hung/Viettel/Stage2/ML-KEM/mul_poly/mul_matrix/tb_mul_12bit_behav.wcfg
add_wave {{/tb_mul_12bit/uut/cas_ins0/x}} {{/tb_mul_12bit/uut/cas_ins0/y}} {{/tb_mul_12bit/uut/cas_ins0/z}} {{/tb_mul_12bit/uut/cas_ins0/sum}} {{/tb_mul_12bit/uut/cas_ins0/carry}} 
relaunch_sim
Command: launch_simulation -step compile -simset sim_1 -mode behavioral
INFO: [Vivado 12-12493] Simulation top is 'tb_mul_12bit'
WARNING: [Vivado 12-13340] Unable to auto find GCC executables from simulator install path! (path not set)
WARNING: [Vivado 12-13277] Compiled library path does not exist: ''
INFO: [Vivado 12-5682] Launching behavioral simulation in 'C:/Hung/Viettel/Stage2/ML-KEM/mul_poly/mul_matrix/mul_matrix.sim/sim_1/behav/xsim'
INFO: [SIM-utils-51] Simulation object is 'sim_1'
INFO: [USF-XSim-2] XSim::Compile design
INFO: [USF-XSim-61] Executing 'COMPILE and ANALYZE' step in 'C:/Hung/Viettel/Stage2/ML-KEM/mul_poly/mul_matrix/mul_matrix.sim/sim_1/behav/xsim'
"xvlog --incr --relax -prj tb_mul_12bit_vlog.prj"
INFO: [VRFC 10-2263] Analyzing Verilog file "C:/Hung/Viettel/Stage2/ML-KEM/mul_poly/BoothDecode.v" into library xil_defaultlib
INFO: [VRFC 10-311] analyzing module BoothDecode
INFO: [VRFC 10-2263] Analyzing Verilog file "C:/Hung/Viettel/Stage2/ML-KEM/mul_poly/csa.v" into library xil_defaultlib
INFO: [VRFC 10-311] analyzing module csa
INFO: [VRFC 10-311] analyzing module fulladder
INFO: [VRFC 10-2263] Analyzing Verilog file "C:/Hung/Viettel/Stage2/ML-KEM/mul_poly/mul_12bit.v" into library xil_defaultlib
INFO: [VRFC 10-311] analyzing module mul_12bit
INFO: [VRFC 10-2263] Analyzing Verilog file "C:/Hung/Viettel/Stage2/ML-KEM/mul_poly/tb_mul_12bit.v" into library xil_defaultlib
INFO: [VRFC 10-311] analyzing module tb_mul_12bit
INFO: [USF-XSim-69] 'compile' step finished in '1' seconds
Command: launch_simulation -step elaborate -simset sim_1 -mode behavioral
INFO: [Vivado 12-12493] Simulation top is 'tb_mul_12bit'
WARNING: [Vivado 12-13340] Unable to auto find GCC executables from simulator install path! (path not set)
WARNING: [Vivado 12-13277] Compiled library path does not exist: ''
INFO: [Vivado 12-5682] Launching behavioral simulation in 'C:/Hung/Viettel/Stage2/ML-KEM/mul_poly/mul_matrix/mul_matrix.sim/sim_1/behav/xsim'
INFO: [SIM-utils-51] Simulation object is 'sim_1'
INFO: [USF-XSim-3] XSim::Elaborate design
INFO: [USF-XSim-61] Executing 'ELABORATE' step in 'C:/Hung/Viettel/Stage2/ML-KEM/mul_poly/mul_matrix/mul_matrix.sim/sim_1/behav/xsim'
"xelab --incr --debug typical --relax --mt 2 -L xil_defaultlib -L unisims_ver -L unimacro_ver -L secureip --snapshot tb_mul_12bit_behav xil_defaultlib.tb_mul_12bit xil_defaultlib.glbl -log elaborate.log"
Vivado Simulator v2022.2.2
Copyright 1986-1999, 2001-2022 Xilinx, Inc. All Rights Reserved.
Running: C:/Xilinx/Vivado/2022.2/bin/unwrapped/win64.o/xelab.exe --incr --debug typical --relax --mt 2 -L xil_defaultlib -L unisims_ver -L unimacro_ver -L secureip --snapshot tb_mul_12bit_behav xil_defaultlib.tb_mul_12bit xil_defaultlib.glbl -log elaborate.log 
Using 2 slave threads.
Starting static elaboration
Pass Through NonSizing Optimizer
WARNING: [VRFC 10-3091] actual bit length 27 differs from formal bit length 26 for port 'x' [C:/Hung/Viettel/Stage2/ML-KEM/mul_poly/mul_12bit.v:151]
WARNING: [VRFC 10-3091] actual bit length 27 differs from formal bit length 26 for port 'y' [C:/Hung/Viettel/Stage2/ML-KEM/mul_poly/mul_12bit.v:152]
WARNING: [VRFC 10-3091] actual bit length 27 differs from formal bit length 26 for port 'z' [C:/Hung/Viettel/Stage2/ML-KEM/mul_poly/mul_12bit.v:153]
WARNING: [VRFC 10-3091] actual bit length 27 differs from formal bit length 26 for port 'x' [C:/Hung/Viettel/Stage2/ML-KEM/mul_poly/mul_12bit.v:159]
WARNING: [VRFC 10-3091] actual bit length 27 differs from formal bit length 26 for port 'y' [C:/Hung/Viettel/Stage2/ML-KEM/mul_poly/mul_12bit.v:160]
WARNING: [VRFC 10-3091] actual bit length 27 differs from formal bit length 26 for port 'z' [C:/Hung/Viettel/Stage2/ML-KEM/mul_poly/mul_12bit.v:161]
Completed static elaboration
Starting simulation data flow analysis
Completed simulation data flow analysis
Time Resolution for simulation is 1ps
Compiling module xil_defaultlib.fulladder
Compiling module xil_defaultlib.csa(WIDTH=26)
Compiling module xil_defaultlib.BoothDecode
Compiling module xil_defaultlib.mul_12bit
Compiling module xil_defaultlib.tb_mul_12bit
Compiling module xil_defaultlib.glbl
Built simulation snapshot tb_mul_12bit_behav
INFO: [USF-XSim-69] 'elaborate' step finished in '2' seconds
Time resolution is 1 ps
Start 12-bit Multiplier Testbench
Finished
$finish called at time : 530 ns : File "C:/Hung/Viettel/Stage2/ML-KEM/mul_poly/tb_mul_12bit.v" Line 37
save_wave_config {C:/Hung/Viettel/Stage2/ML-KEM/mul_poly/mul_matrix/tb_mul_12bit_behav.wcfg}
save_wave_config {C:/Hung/Viettel/Stage2/ML-KEM/mul_poly/mul_matrix/tb_mul_12bit_behav.wcfg}
relaunch_sim
Command: launch_simulation -step compile -simset sim_1 -mode behavioral
INFO: [Vivado 12-12493] Simulation top is 'tb_mul_12bit'
WARNING: [Vivado 12-13340] Unable to auto find GCC executables from simulator install path! (path not set)
WARNING: [Vivado 12-13277] Compiled library path does not exist: ''
INFO: [Vivado 12-5682] Launching behavioral simulation in 'C:/Hung/Viettel/Stage2/ML-KEM/mul_poly/mul_matrix/mul_matrix.sim/sim_1/behav/xsim'
INFO: [SIM-utils-51] Simulation object is 'sim_1'
INFO: [USF-XSim-2] XSim::Compile design
INFO: [USF-XSim-61] Executing 'COMPILE and ANALYZE' step in 'C:/Hung/Viettel/Stage2/ML-KEM/mul_poly/mul_matrix/mul_matrix.sim/sim_1/behav/xsim'
"xvlog --incr --relax -prj tb_mul_12bit_vlog.prj"
INFO: [VRFC 10-2263] Analyzing Verilog file "C:/Hung/Viettel/Stage2/ML-KEM/mul_poly/BoothDecode.v" into library xil_defaultlib
INFO: [VRFC 10-311] analyzing module BoothDecode
INFO: [VRFC 10-2263] Analyzing Verilog file "C:/Hung/Viettel/Stage2/ML-KEM/mul_poly/csa.v" into library xil_defaultlib
INFO: [VRFC 10-311] analyzing module csa
INFO: [VRFC 10-311] analyzing module fulladder
INFO: [VRFC 10-2263] Analyzing Verilog file "C:/Hung/Viettel/Stage2/ML-KEM/mul_poly/mul_12bit.v" into library xil_defaultlib
INFO: [VRFC 10-311] analyzing module mul_12bit
INFO: [VRFC 10-2263] Analyzing Verilog file "C:/Hung/Viettel/Stage2/ML-KEM/mul_poly/tb_mul_12bit.v" into library xil_defaultlib
INFO: [VRFC 10-311] analyzing module tb_mul_12bit
INFO: [USF-XSim-69] 'compile' step finished in '1' seconds
Command: launch_simulation -step elaborate -simset sim_1 -mode behavioral
INFO: [Vivado 12-12493] Simulation top is 'tb_mul_12bit'
WARNING: [Vivado 12-13340] Unable to auto find GCC executables from simulator install path! (path not set)
WARNING: [Vivado 12-13277] Compiled library path does not exist: ''
INFO: [Vivado 12-5682] Launching behavioral simulation in 'C:/Hung/Viettel/Stage2/ML-KEM/mul_poly/mul_matrix/mul_matrix.sim/sim_1/behav/xsim'
INFO: [SIM-utils-51] Simulation object is 'sim_1'
INFO: [USF-XSim-3] XSim::Elaborate design
INFO: [USF-XSim-61] Executing 'ELABORATE' step in 'C:/Hung/Viettel/Stage2/ML-KEM/mul_poly/mul_matrix/mul_matrix.sim/sim_1/behav/xsim'
"xelab --incr --debug typical --relax --mt 2 -L xil_defaultlib -L unisims_ver -L unimacro_ver -L secureip --snapshot tb_mul_12bit_behav xil_defaultlib.tb_mul_12bit xil_defaultlib.glbl -log elaborate.log"
Vivado Simulator v2022.2.2
Copyright 1986-1999, 2001-2022 Xilinx, Inc. All Rights Reserved.
Running: C:/Xilinx/Vivado/2022.2/bin/unwrapped/win64.o/xelab.exe --incr --debug typical --relax --mt 2 -L xil_defaultlib -L unisims_ver -L unimacro_ver -L secureip --snapshot tb_mul_12bit_behav xil_defaultlib.tb_mul_12bit xil_defaultlib.glbl -log elaborate.log 
Using 2 slave threads.
Starting static elaboration
Pass Through NonSizing Optimizer
WARNING: [VRFC 10-3091] actual bit length 27 differs from formal bit length 26 for port 'x' [C:/Hung/Viettel/Stage2/ML-KEM/mul_poly/mul_12bit.v:151]
WARNING: [VRFC 10-3091] actual bit length 27 differs from formal bit length 26 for port 'y' [C:/Hung/Viettel/Stage2/ML-KEM/mul_poly/mul_12bit.v:152]
WARNING: [VRFC 10-3091] actual bit length 27 differs from formal bit length 26 for port 'z' [C:/Hung/Viettel/Stage2/ML-KEM/mul_poly/mul_12bit.v:153]
WARNING: [VRFC 10-3091] actual bit length 27 differs from formal bit length 26 for port 'x' [C:/Hung/Viettel/Stage2/ML-KEM/mul_poly/mul_12bit.v:159]
WARNING: [VRFC 10-3091] actual bit length 27 differs from formal bit length 26 for port 'y' [C:/Hung/Viettel/Stage2/ML-KEM/mul_poly/mul_12bit.v:160]
WARNING: [VRFC 10-3091] actual bit length 27 differs from formal bit length 26 for port 'z' [C:/Hung/Viettel/Stage2/ML-KEM/mul_poly/mul_12bit.v:161]
Completed static elaboration
Starting simulation data flow analysis
Completed simulation data flow analysis
Time Resolution for simulation is 1ps
Compiling module xil_defaultlib.fulladder
Compiling module xil_defaultlib.csa(WIDTH=26)
Compiling module xil_defaultlib.BoothDecode
Compiling module xil_defaultlib.mul_12bit
Compiling module xil_defaultlib.tb_mul_12bit
Compiling module xil_defaultlib.glbl
Built simulation snapshot tb_mul_12bit_behav
INFO: [USF-XSim-69] 'elaborate' step finished in '2' seconds
Time resolution is 1 ps
Start 12-bit Multiplier Testbench
Finished
$finish called at time : 530 ns : File "C:/Hung/Viettel/Stage2/ML-KEM/mul_poly/tb_mul_12bit.v" Line 37
relaunch_sim
Command: launch_simulation -step compile -simset sim_1 -mode behavioral
INFO: [Vivado 12-12493] Simulation top is 'tb_mul_12bit'
WARNING: [Vivado 12-13340] Unable to auto find GCC executables from simulator install path! (path not set)
WARNING: [Vivado 12-13277] Compiled library path does not exist: ''
INFO: [Vivado 12-5682] Launching behavioral simulation in 'C:/Hung/Viettel/Stage2/ML-KEM/mul_poly/mul_matrix/mul_matrix.sim/sim_1/behav/xsim'
INFO: [SIM-utils-51] Simulation object is 'sim_1'
INFO: [USF-XSim-2] XSim::Compile design
INFO: [USF-XSim-61] Executing 'COMPILE and ANALYZE' step in 'C:/Hung/Viettel/Stage2/ML-KEM/mul_poly/mul_matrix/mul_matrix.sim/sim_1/behav/xsim'
"xvlog --incr --relax -prj tb_mul_12bit_vlog.prj"
INFO: [VRFC 10-2263] Analyzing Verilog file "C:/Hung/Viettel/Stage2/ML-KEM/mul_poly/BoothDecode.v" into library xil_defaultlib
INFO: [VRFC 10-311] analyzing module BoothDecode
INFO: [VRFC 10-2263] Analyzing Verilog file "C:/Hung/Viettel/Stage2/ML-KEM/mul_poly/csa.v" into library xil_defaultlib
INFO: [VRFC 10-311] analyzing module csa
INFO: [VRFC 10-311] analyzing module fulladder
INFO: [VRFC 10-2263] Analyzing Verilog file "C:/Hung/Viettel/Stage2/ML-KEM/mul_poly/mul_12bit.v" into library xil_defaultlib
INFO: [VRFC 10-311] analyzing module mul_12bit
INFO: [VRFC 10-2263] Analyzing Verilog file "C:/Hung/Viettel/Stage2/ML-KEM/mul_poly/tb_mul_12bit.v" into library xil_defaultlib
INFO: [VRFC 10-311] analyzing module tb_mul_12bit
INFO: [USF-XSim-69] 'compile' step finished in '2' seconds
Command: launch_simulation -step elaborate -simset sim_1 -mode behavioral
INFO: [Vivado 12-12493] Simulation top is 'tb_mul_12bit'
WARNING: [Vivado 12-13340] Unable to auto find GCC executables from simulator install path! (path not set)
WARNING: [Vivado 12-13277] Compiled library path does not exist: ''
INFO: [Vivado 12-5682] Launching behavioral simulation in 'C:/Hung/Viettel/Stage2/ML-KEM/mul_poly/mul_matrix/mul_matrix.sim/sim_1/behav/xsim'
INFO: [SIM-utils-51] Simulation object is 'sim_1'
INFO: [USF-XSim-3] XSim::Elaborate design
INFO: [USF-XSim-61] Executing 'ELABORATE' step in 'C:/Hung/Viettel/Stage2/ML-KEM/mul_poly/mul_matrix/mul_matrix.sim/sim_1/behav/xsim'
"xelab --incr --debug typical --relax --mt 2 -L xil_defaultlib -L unisims_ver -L unimacro_ver -L secureip --snapshot tb_mul_12bit_behav xil_defaultlib.tb_mul_12bit xil_defaultlib.glbl -log elaborate.log"
Vivado Simulator v2022.2.2
Copyright 1986-1999, 2001-2022 Xilinx, Inc. All Rights Reserved.
Running: C:/Xilinx/Vivado/2022.2/bin/unwrapped/win64.o/xelab.exe --incr --debug typical --relax --mt 2 -L xil_defaultlib -L unisims_ver -L unimacro_ver -L secureip --snapshot tb_mul_12bit_behav xil_defaultlib.tb_mul_12bit xil_defaultlib.glbl -log elaborate.log 
Using 2 slave threads.
Starting static elaboration
Pass Through NonSizing Optimizer
WARNING: [VRFC 10-3091] actual bit length 27 differs from formal bit length 26 for port 'x' [C:/Hung/Viettel/Stage2/ML-KEM/mul_poly/mul_12bit.v:151]
WARNING: [VRFC 10-3091] actual bit length 27 differs from formal bit length 26 for port 'y' [C:/Hung/Viettel/Stage2/ML-KEM/mul_poly/mul_12bit.v:152]
WARNING: [VRFC 10-3091] actual bit length 27 differs from formal bit length 26 for port 'z' [C:/Hung/Viettel/Stage2/ML-KEM/mul_poly/mul_12bit.v:153]
WARNING: [VRFC 10-3091] actual bit length 27 differs from formal bit length 26 for port 'x' [C:/Hung/Viettel/Stage2/ML-KEM/mul_poly/mul_12bit.v:159]
WARNING: [VRFC 10-3091] actual bit length 27 differs from formal bit length 26 for port 'y' [C:/Hung/Viettel/Stage2/ML-KEM/mul_poly/mul_12bit.v:160]
WARNING: [VRFC 10-3091] actual bit length 27 differs from formal bit length 26 for port 'z' [C:/Hung/Viettel/Stage2/ML-KEM/mul_poly/mul_12bit.v:161]
Completed static elaboration
Starting simulation data flow analysis
Completed simulation data flow analysis
Time Resolution for simulation is 1ps
Compiling module xil_defaultlib.fulladder
Compiling module xil_defaultlib.csa(WIDTH=26)
Compiling module xil_defaultlib.BoothDecode
Compiling module xil_defaultlib.mul_12bit
Compiling module xil_defaultlib.tb_mul_12bit
Compiling module xil_defaultlib.glbl
Built simulation snapshot tb_mul_12bit_behav
INFO: [USF-XSim-69] 'elaborate' step finished in '1' seconds
Time resolution is 1 ps
Start 12-bit Multiplier Testbench
Finished
$finish called at time : 530 ns : File "C:/Hung/Viettel/Stage2/ML-KEM/mul_poly/tb_mul_12bit.v" Line 37
current_wave_config {tb_mul_12bit_behav.wcfg}
C:/Hung/Viettel/Stage2/ML-KEM/mul_poly/mul_matrix/tb_mul_12bit_behav.wcfg
add_wave {{/tb_mul_12bit/uut/B_ex}} {{/tb_mul_12bit/uut/regA}} 
relaunch_sim
Command: launch_simulation -step compile -simset sim_1 -mode behavioral
INFO: [Vivado 12-12493] Simulation top is 'tb_mul_12bit'
WARNING: [Vivado 12-13340] Unable to auto find GCC executables from simulator install path! (path not set)
WARNING: [Vivado 12-13277] Compiled library path does not exist: ''
INFO: [Vivado 12-5682] Launching behavioral simulation in 'C:/Hung/Viettel/Stage2/ML-KEM/mul_poly/mul_matrix/mul_matrix.sim/sim_1/behav/xsim'
INFO: [SIM-utils-51] Simulation object is 'sim_1'
INFO: [USF-XSim-2] XSim::Compile design
INFO: [USF-XSim-61] Executing 'COMPILE and ANALYZE' step in 'C:/Hung/Viettel/Stage2/ML-KEM/mul_poly/mul_matrix/mul_matrix.sim/sim_1/behav/xsim'
"xvlog --incr --relax -prj tb_mul_12bit_vlog.prj"
INFO: [USF-XSim-69] 'compile' step finished in '1' seconds
Command: launch_simulation -step elaborate -simset sim_1 -mode behavioral
INFO: [Vivado 12-12493] Simulation top is 'tb_mul_12bit'
WARNING: [Vivado 12-13340] Unable to auto find GCC executables from simulator install path! (path not set)
WARNING: [Vivado 12-13277] Compiled library path does not exist: ''
INFO: [Vivado 12-5682] Launching behavioral simulation in 'C:/Hung/Viettel/Stage2/ML-KEM/mul_poly/mul_matrix/mul_matrix.sim/sim_1/behav/xsim'
INFO: [SIM-utils-51] Simulation object is 'sim_1'
INFO: [USF-XSim-3] XSim::Elaborate design
INFO: [USF-XSim-61] Executing 'ELABORATE' step in 'C:/Hung/Viettel/Stage2/ML-KEM/mul_poly/mul_matrix/mul_matrix.sim/sim_1/behav/xsim'
"xelab --incr --debug typical --relax --mt 2 -L xil_defaultlib -L unisims_ver -L unimacro_ver -L secureip --snapshot tb_mul_12bit_behav xil_defaultlib.tb_mul_12bit xil_defaultlib.glbl -log elaborate.log"
Vivado Simulator v2022.2.2
Copyright 1986-1999, 2001-2022 Xilinx, Inc. All Rights Reserved.
Running: C:/Xilinx/Vivado/2022.2/bin/unwrapped/win64.o/xelab.exe --incr --debug typical --relax --mt 2 -L xil_defaultlib -L unisims_ver -L unimacro_ver -L secureip --snapshot tb_mul_12bit_behav xil_defaultlib.tb_mul_12bit xil_defaultlib.glbl -log elaborate.log 
Using 2 slave threads.
Starting static elaboration
Pass Through NonSizing Optimizer
WARNING: [VRFC 10-3091] actual bit length 27 differs from formal bit length 26 for port 'x' [C:/Hung/Viettel/Stage2/ML-KEM/mul_poly/mul_12bit.v:151]
WARNING: [VRFC 10-3091] actual bit length 27 differs from formal bit length 26 for port 'y' [C:/Hung/Viettel/Stage2/ML-KEM/mul_poly/mul_12bit.v:152]
WARNING: [VRFC 10-3091] actual bit length 27 differs from formal bit length 26 for port 'z' [C:/Hung/Viettel/Stage2/ML-KEM/mul_poly/mul_12bit.v:153]
WARNING: [VRFC 10-3091] actual bit length 27 differs from formal bit length 26 for port 'x' [C:/Hung/Viettel/Stage2/ML-KEM/mul_poly/mul_12bit.v:159]
WARNING: [VRFC 10-3091] actual bit length 27 differs from formal bit length 26 for port 'y' [C:/Hung/Viettel/Stage2/ML-KEM/mul_poly/mul_12bit.v:160]
WARNING: [VRFC 10-3091] actual bit length 27 differs from formal bit length 26 for port 'z' [C:/Hung/Viettel/Stage2/ML-KEM/mul_poly/mul_12bit.v:161]
Completed static elaboration
INFO: [XSIM 43-4323] No Change in HDL. Linking previously generated obj files to create kernel
INFO: [USF-XSim-69] 'elaborate' step finished in '2' seconds
Time resolution is 1 ps
Start 12-bit Multiplier Testbench
Finished
$finish called at time : 530 ns : File "C:/Hung/Viettel/Stage2/ML-KEM/mul_poly/tb_mul_12bit.v" Line 37
save_wave_config {C:/Hung/Viettel/Stage2/ML-KEM/mul_poly/mul_matrix/tb_mul_12bit_behav.wcfg}
current_wave_config {tb_mul_12bit_behav.wcfg}
C:/Hung/Viettel/Stage2/ML-KEM/mul_poly/mul_matrix/tb_mul_12bit_behav.wcfg
log_wave {/tb_mul_12bit/uut/booth0/A} {/tb_mul_12bit/uut/booth0/sel} {/tb_mul_12bit/uut/booth0/res} {/tb_mul_12bit/uut/booth0/pp} 
current_wave_config {tb_mul_12bit_behav.wcfg}
C:/Hung/Viettel/Stage2/ML-KEM/mul_poly/mul_matrix/tb_mul_12bit_behav.wcfg
add_wave {{/tb_mul_12bit/uut/booth0/A}} {{/tb_mul_12bit/uut/booth0/sel}} {{/tb_mul_12bit/uut/booth0/res}} {{/tb_mul_12bit/uut/booth0/pp}} 
relaunch_sim
Command: launch_simulation -step compile -simset sim_1 -mode behavioral
INFO: [Vivado 12-12493] Simulation top is 'tb_mul_12bit'
WARNING: [Vivado 12-13340] Unable to auto find GCC executables from simulator install path! (path not set)
WARNING: [Vivado 12-13277] Compiled library path does not exist: ''
INFO: [Vivado 12-5682] Launching behavioral simulation in 'C:/Hung/Viettel/Stage2/ML-KEM/mul_poly/mul_matrix/mul_matrix.sim/sim_1/behav/xsim'
INFO: [SIM-utils-51] Simulation object is 'sim_1'
INFO: [USF-XSim-2] XSim::Compile design
INFO: [USF-XSim-61] Executing 'COMPILE and ANALYZE' step in 'C:/Hung/Viettel/Stage2/ML-KEM/mul_poly/mul_matrix/mul_matrix.sim/sim_1/behav/xsim'
"xvlog --incr --relax -prj tb_mul_12bit_vlog.prj"
INFO: [USF-XSim-69] 'compile' step finished in '1' seconds
Command: launch_simulation -step elaborate -simset sim_1 -mode behavioral
INFO: [Vivado 12-12493] Simulation top is 'tb_mul_12bit'
WARNING: [Vivado 12-13340] Unable to auto find GCC executables from simulator install path! (path not set)
WARNING: [Vivado 12-13277] Compiled library path does not exist: ''
INFO: [Vivado 12-5682] Launching behavioral simulation in 'C:/Hung/Viettel/Stage2/ML-KEM/mul_poly/mul_matrix/mul_matrix.sim/sim_1/behav/xsim'
INFO: [SIM-utils-51] Simulation object is 'sim_1'
INFO: [USF-XSim-3] XSim::Elaborate design
INFO: [USF-XSim-61] Executing 'ELABORATE' step in 'C:/Hung/Viettel/Stage2/ML-KEM/mul_poly/mul_matrix/mul_matrix.sim/sim_1/behav/xsim'
"xelab --incr --debug typical --relax --mt 2 -L xil_defaultlib -L unisims_ver -L unimacro_ver -L secureip --snapshot tb_mul_12bit_behav xil_defaultlib.tb_mul_12bit xil_defaultlib.glbl -log elaborate.log"
Vivado Simulator v2022.2.2
Copyright 1986-1999, 2001-2022 Xilinx, Inc. All Rights Reserved.
Running: C:/Xilinx/Vivado/2022.2/bin/unwrapped/win64.o/xelab.exe --incr --debug typical --relax --mt 2 -L xil_defaultlib -L unisims_ver -L unimacro_ver -L secureip --snapshot tb_mul_12bit_behav xil_defaultlib.tb_mul_12bit xil_defaultlib.glbl -log elaborate.log 
Using 2 slave threads.
Starting static elaboration
Pass Through NonSizing Optimizer
WARNING: [VRFC 10-3091] actual bit length 27 differs from formal bit length 26 for port 'x' [C:/Hung/Viettel/Stage2/ML-KEM/mul_poly/mul_12bit.v:151]
WARNING: [VRFC 10-3091] actual bit length 27 differs from formal bit length 26 for port 'y' [C:/Hung/Viettel/Stage2/ML-KEM/mul_poly/mul_12bit.v:152]
WARNING: [VRFC 10-3091] actual bit length 27 differs from formal bit length 26 for port 'z' [C:/Hung/Viettel/Stage2/ML-KEM/mul_poly/mul_12bit.v:153]
WARNING: [VRFC 10-3091] actual bit length 27 differs from formal bit length 26 for port 'x' [C:/Hung/Viettel/Stage2/ML-KEM/mul_poly/mul_12bit.v:159]
WARNING: [VRFC 10-3091] actual bit length 27 differs from formal bit length 26 for port 'y' [C:/Hung/Viettel/Stage2/ML-KEM/mul_poly/mul_12bit.v:160]
WARNING: [VRFC 10-3091] actual bit length 27 differs from formal bit length 26 for port 'z' [C:/Hung/Viettel/Stage2/ML-KEM/mul_poly/mul_12bit.v:161]
Completed static elaboration
INFO: [XSIM 43-4323] No Change in HDL. Linking previously generated obj files to create kernel
INFO: [USF-XSim-69] 'elaborate' step finished in '2' seconds
Time resolution is 1 ps
Start 12-bit Multiplier Testbench
Finished
$finish called at time : 530 ns : File "C:/Hung/Viettel/Stage2/ML-KEM/mul_poly/tb_mul_12bit.v" Line 37
save_wave_config {C:/Hung/Viettel/Stage2/ML-KEM/mul_poly/mul_matrix/tb_mul_12bit_behav.wcfg}
relaunch_sim
Command: launch_simulation -step compile -simset sim_1 -mode behavioral
INFO: [Vivado 12-12493] Simulation top is 'tb_mul_12bit'
WARNING: [Vivado 12-13340] Unable to auto find GCC executables from simulator install path! (path not set)
WARNING: [Vivado 12-13277] Compiled library path does not exist: ''
INFO: [Vivado 12-5682] Launching behavioral simulation in 'C:/Hung/Viettel/Stage2/ML-KEM/mul_poly/mul_matrix/mul_matrix.sim/sim_1/behav/xsim'
INFO: [SIM-utils-51] Simulation object is 'sim_1'
INFO: [USF-XSim-2] XSim::Compile design
INFO: [USF-XSim-61] Executing 'COMPILE and ANALYZE' step in 'C:/Hung/Viettel/Stage2/ML-KEM/mul_poly/mul_matrix/mul_matrix.sim/sim_1/behav/xsim'
"xvlog --incr --relax -prj tb_mul_12bit_vlog.prj"
INFO: [VRFC 10-2263] Analyzing Verilog file "C:/Hung/Viettel/Stage2/ML-KEM/mul_poly/BoothDecode.v" into library xil_defaultlib
INFO: [VRFC 10-311] analyzing module BoothDecode
INFO: [VRFC 10-2263] Analyzing Verilog file "C:/Hung/Viettel/Stage2/ML-KEM/mul_poly/csa.v" into library xil_defaultlib
INFO: [VRFC 10-311] analyzing module csa
INFO: [VRFC 10-311] analyzing module fulladder
INFO: [VRFC 10-2263] Analyzing Verilog file "C:/Hung/Viettel/Stage2/ML-KEM/mul_poly/mul_12bit.v" into library xil_defaultlib
INFO: [VRFC 10-311] analyzing module mul_12bit
INFO: [VRFC 10-2263] Analyzing Verilog file "C:/Hung/Viettel/Stage2/ML-KEM/mul_poly/tb_mul_12bit.v" into library xil_defaultlib
INFO: [VRFC 10-311] analyzing module tb_mul_12bit
INFO: [USF-XSim-69] 'compile' step finished in '1' seconds
Command: launch_simulation -step elaborate -simset sim_1 -mode behavioral
INFO: [Vivado 12-12493] Simulation top is 'tb_mul_12bit'
WARNING: [Vivado 12-13340] Unable to auto find GCC executables from simulator install path! (path not set)
WARNING: [Vivado 12-13277] Compiled library path does not exist: ''
INFO: [Vivado 12-5682] Launching behavioral simulation in 'C:/Hung/Viettel/Stage2/ML-KEM/mul_poly/mul_matrix/mul_matrix.sim/sim_1/behav/xsim'
INFO: [SIM-utils-51] Simulation object is 'sim_1'
INFO: [USF-XSim-3] XSim::Elaborate design
INFO: [USF-XSim-61] Executing 'ELABORATE' step in 'C:/Hung/Viettel/Stage2/ML-KEM/mul_poly/mul_matrix/mul_matrix.sim/sim_1/behav/xsim'
"xelab --incr --debug typical --relax --mt 2 -L xil_defaultlib -L unisims_ver -L unimacro_ver -L secureip --snapshot tb_mul_12bit_behav xil_defaultlib.tb_mul_12bit xil_defaultlib.glbl -log elaborate.log"
Vivado Simulator v2022.2.2
Copyright 1986-1999, 2001-2022 Xilinx, Inc. All Rights Reserved.
Running: C:/Xilinx/Vivado/2022.2/bin/unwrapped/win64.o/xelab.exe --incr --debug typical --relax --mt 2 -L xil_defaultlib -L unisims_ver -L unimacro_ver -L secureip --snapshot tb_mul_12bit_behav xil_defaultlib.tb_mul_12bit xil_defaultlib.glbl -log elaborate.log 
Using 2 slave threads.
Starting static elaboration
Pass Through NonSizing Optimizer
WARNING: [VRFC 10-3091] actual bit length 27 differs from formal bit length 26 for port 'x' [C:/Hung/Viettel/Stage2/ML-KEM/mul_poly/mul_12bit.v:151]
WARNING: [VRFC 10-3091] actual bit length 27 differs from formal bit length 26 for port 'y' [C:/Hung/Viettel/Stage2/ML-KEM/mul_poly/mul_12bit.v:152]
WARNING: [VRFC 10-3091] actual bit length 27 differs from formal bit length 26 for port 'z' [C:/Hung/Viettel/Stage2/ML-KEM/mul_poly/mul_12bit.v:153]
WARNING: [VRFC 10-3091] actual bit length 27 differs from formal bit length 26 for port 'x' [C:/Hung/Viettel/Stage2/ML-KEM/mul_poly/mul_12bit.v:159]
WARNING: [VRFC 10-3091] actual bit length 27 differs from formal bit length 26 for port 'y' [C:/Hung/Viettel/Stage2/ML-KEM/mul_poly/mul_12bit.v:160]
WARNING: [VRFC 10-3091] actual bit length 27 differs from formal bit length 26 for port 'z' [C:/Hung/Viettel/Stage2/ML-KEM/mul_poly/mul_12bit.v:161]
Completed static elaboration
Starting simulation data flow analysis
Completed simulation data flow analysis
Time Resolution for simulation is 1ps
Compiling module xil_defaultlib.fulladder
Compiling module xil_defaultlib.csa(WIDTH=26)
Compiling module xil_defaultlib.BoothDecode
Compiling module xil_defaultlib.mul_12bit
Compiling module xil_defaultlib.tb_mul_12bit
Compiling module xil_defaultlib.glbl
Built simulation snapshot tb_mul_12bit_behav
INFO: [USF-XSim-69] 'elaborate' step finished in '2' seconds
Time resolution is 1 ps
Start 12-bit Multiplier Testbench
Finished
$finish called at time : 530 ns : File "C:/Hung/Viettel/Stage2/ML-KEM/mul_poly/tb_mul_12bit.v" Line 37
save_wave_config {C:/Hung/Viettel/Stage2/ML-KEM/mul_poly/mul_matrix/tb_mul_12bit_behav.wcfg}
save_wave_config {C:/Hung/Viettel/Stage2/ML-KEM/mul_poly/mul_matrix/tb_mul_12bit_behav.wcfg}
relaunch_sim
Command: launch_simulation -step compile -simset sim_1 -mode behavioral
INFO: [Vivado 12-12493] Simulation top is 'tb_mul_12bit'
WARNING: [Vivado 12-13340] Unable to auto find GCC executables from simulator install path! (path not set)
WARNING: [Vivado 12-13277] Compiled library path does not exist: ''
INFO: [Vivado 12-5682] Launching behavioral simulation in 'C:/Hung/Viettel/Stage2/ML-KEM/mul_poly/mul_matrix/mul_matrix.sim/sim_1/behav/xsim'
INFO: [SIM-utils-51] Simulation object is 'sim_1'
INFO: [USF-XSim-2] XSim::Compile design
INFO: [USF-XSim-61] Executing 'COMPILE and ANALYZE' step in 'C:/Hung/Viettel/Stage2/ML-KEM/mul_poly/mul_matrix/mul_matrix.sim/sim_1/behav/xsim'
"xvlog --incr --relax -prj tb_mul_12bit_vlog.prj"
INFO: [VRFC 10-2263] Analyzing Verilog file "C:/Hung/Viettel/Stage2/ML-KEM/mul_poly/BoothDecode.v" into library xil_defaultlib
INFO: [VRFC 10-311] analyzing module BoothDecode
INFO: [VRFC 10-2263] Analyzing Verilog file "C:/Hung/Viettel/Stage2/ML-KEM/mul_poly/csa.v" into library xil_defaultlib
INFO: [VRFC 10-311] analyzing module csa
INFO: [VRFC 10-311] analyzing module fulladder
INFO: [VRFC 10-2263] Analyzing Verilog file "C:/Hung/Viettel/Stage2/ML-KEM/mul_poly/mul_12bit.v" into library xil_defaultlib
INFO: [VRFC 10-311] analyzing module mul_12bit
INFO: [VRFC 10-2263] Analyzing Verilog file "C:/Hung/Viettel/Stage2/ML-KEM/mul_poly/tb_mul_12bit.v" into library xil_defaultlib
INFO: [VRFC 10-311] analyzing module tb_mul_12bit
INFO: [USF-XSim-69] 'compile' step finished in '1' seconds
Command: launch_simulation -step elaborate -simset sim_1 -mode behavioral
INFO: [Vivado 12-12493] Simulation top is 'tb_mul_12bit'
WARNING: [Vivado 12-13340] Unable to auto find GCC executables from simulator install path! (path not set)
WARNING: [Vivado 12-13277] Compiled library path does not exist: ''
INFO: [Vivado 12-5682] Launching behavioral simulation in 'C:/Hung/Viettel/Stage2/ML-KEM/mul_poly/mul_matrix/mul_matrix.sim/sim_1/behav/xsim'
INFO: [SIM-utils-51] Simulation object is 'sim_1'
INFO: [USF-XSim-3] XSim::Elaborate design
INFO: [USF-XSim-61] Executing 'ELABORATE' step in 'C:/Hung/Viettel/Stage2/ML-KEM/mul_poly/mul_matrix/mul_matrix.sim/sim_1/behav/xsim'
"xelab --incr --debug typical --relax --mt 2 -L xil_defaultlib -L unisims_ver -L unimacro_ver -L secureip --snapshot tb_mul_12bit_behav xil_defaultlib.tb_mul_12bit xil_defaultlib.glbl -log elaborate.log"
Vivado Simulator v2022.2.2
Copyright 1986-1999, 2001-2022 Xilinx, Inc. All Rights Reserved.
Running: C:/Xilinx/Vivado/2022.2/bin/unwrapped/win64.o/xelab.exe --incr --debug typical --relax --mt 2 -L xil_defaultlib -L unisims_ver -L unimacro_ver -L secureip --snapshot tb_mul_12bit_behav xil_defaultlib.tb_mul_12bit xil_defaultlib.glbl -log elaborate.log 
Using 2 slave threads.
Starting static elaboration
Pass Through NonSizing Optimizer
WARNING: [VRFC 10-3091] actual bit length 27 differs from formal bit length 26 for port 'x' [C:/Hung/Viettel/Stage2/ML-KEM/mul_poly/mul_12bit.v:151]
WARNING: [VRFC 10-3091] actual bit length 27 differs from formal bit length 26 for port 'y' [C:/Hung/Viettel/Stage2/ML-KEM/mul_poly/mul_12bit.v:152]
WARNING: [VRFC 10-3091] actual bit length 27 differs from formal bit length 26 for port 'z' [C:/Hung/Viettel/Stage2/ML-KEM/mul_poly/mul_12bit.v:153]
WARNING: [VRFC 10-3091] actual bit length 27 differs from formal bit length 26 for port 'x' [C:/Hung/Viettel/Stage2/ML-KEM/mul_poly/mul_12bit.v:159]
WARNING: [VRFC 10-3091] actual bit length 27 differs from formal bit length 26 for port 'y' [C:/Hung/Viettel/Stage2/ML-KEM/mul_poly/mul_12bit.v:160]
WARNING: [VRFC 10-3091] actual bit length 27 differs from formal bit length 26 for port 'z' [C:/Hung/Viettel/Stage2/ML-KEM/mul_poly/mul_12bit.v:161]
Completed static elaboration
Starting simulation data flow analysis
Completed simulation data flow analysis
Time Resolution for simulation is 1ps
Compiling module xil_defaultlib.fulladder
Compiling module xil_defaultlib.csa(WIDTH=26)
Compiling module xil_defaultlib.BoothDecode
Compiling module xil_defaultlib.mul_12bit
Compiling module xil_defaultlib.tb_mul_12bit
Compiling module xil_defaultlib.glbl
Built simulation snapshot tb_mul_12bit_behav
INFO: [USF-XSim-69] 'elaborate' step finished in '2' seconds
Time resolution is 1 ps
Start 12-bit Multiplier Testbench
Finished
$finish called at time : 530 ns : File "C:/Hung/Viettel/Stage2/ML-KEM/mul_poly/tb_mul_12bit.v" Line 47
relaunch_sim: Time (s): cpu = 00:00:00 ; elapsed = 00:00:06 . Memory (MB): peak = 2087.770 ; gain = 0.000
current_wave_config {tb_mul_12bit_behav.wcfg}
C:/Hung/Viettel/Stage2/ML-KEM/mul_poly/mul_matrix/tb_mul_12bit_behav.wcfg
add_wave {{/tb_mul_12bit/count_clock}} 
relaunch_sim
Command: launch_simulation -step compile -simset sim_1 -mode behavioral
INFO: [Vivado 12-12493] Simulation top is 'tb_mul_12bit'
WARNING: [Vivado 12-13340] Unable to auto find GCC executables from simulator install path! (path not set)
WARNING: [Vivado 12-13277] Compiled library path does not exist: ''
INFO: [Vivado 12-5682] Launching behavioral simulation in 'C:/Hung/Viettel/Stage2/ML-KEM/mul_poly/mul_matrix/mul_matrix.sim/sim_1/behav/xsim'
INFO: [SIM-utils-51] Simulation object is 'sim_1'
INFO: [USF-XSim-2] XSim::Compile design
INFO: [USF-XSim-61] Executing 'COMPILE and ANALYZE' step in 'C:/Hung/Viettel/Stage2/ML-KEM/mul_poly/mul_matrix/mul_matrix.sim/sim_1/behav/xsim'
"xvlog --incr --relax -prj tb_mul_12bit_vlog.prj"
INFO: [USF-XSim-69] 'compile' step finished in '1' seconds
Command: launch_simulation -step elaborate -simset sim_1 -mode behavioral
INFO: [Vivado 12-12493] Simulation top is 'tb_mul_12bit'
WARNING: [Vivado 12-13340] Unable to auto find GCC executables from simulator install path! (path not set)
WARNING: [Vivado 12-13277] Compiled library path does not exist: ''
INFO: [Vivado 12-5682] Launching behavioral simulation in 'C:/Hung/Viettel/Stage2/ML-KEM/mul_poly/mul_matrix/mul_matrix.sim/sim_1/behav/xsim'
INFO: [SIM-utils-51] Simulation object is 'sim_1'
INFO: [USF-XSim-3] XSim::Elaborate design
INFO: [USF-XSim-61] Executing 'ELABORATE' step in 'C:/Hung/Viettel/Stage2/ML-KEM/mul_poly/mul_matrix/mul_matrix.sim/sim_1/behav/xsim'
"xelab --incr --debug typical --relax --mt 2 -L xil_defaultlib -L unisims_ver -L unimacro_ver -L secureip --snapshot tb_mul_12bit_behav xil_defaultlib.tb_mul_12bit xil_defaultlib.glbl -log elaborate.log"
Vivado Simulator v2022.2.2
Copyright 1986-1999, 2001-2022 Xilinx, Inc. All Rights Reserved.
Running: C:/Xilinx/Vivado/2022.2/bin/unwrapped/win64.o/xelab.exe --incr --debug typical --relax --mt 2 -L xil_defaultlib -L unisims_ver -L unimacro_ver -L secureip --snapshot tb_mul_12bit_behav xil_defaultlib.tb_mul_12bit xil_defaultlib.glbl -log elaborate.log 
Using 2 slave threads.
Starting static elaboration
Pass Through NonSizing Optimizer
WARNING: [VRFC 10-3091] actual bit length 27 differs from formal bit length 26 for port 'x' [C:/Hung/Viettel/Stage2/ML-KEM/mul_poly/mul_12bit.v:151]
WARNING: [VRFC 10-3091] actual bit length 27 differs from formal bit length 26 for port 'y' [C:/Hung/Viettel/Stage2/ML-KEM/mul_poly/mul_12bit.v:152]
WARNING: [VRFC 10-3091] actual bit length 27 differs from formal bit length 26 for port 'z' [C:/Hung/Viettel/Stage2/ML-KEM/mul_poly/mul_12bit.v:153]
WARNING: [VRFC 10-3091] actual bit length 27 differs from formal bit length 26 for port 'x' [C:/Hung/Viettel/Stage2/ML-KEM/mul_poly/mul_12bit.v:159]
WARNING: [VRFC 10-3091] actual bit length 27 differs from formal bit length 26 for port 'y' [C:/Hung/Viettel/Stage2/ML-KEM/mul_poly/mul_12bit.v:160]
WARNING: [VRFC 10-3091] actual bit length 27 differs from formal bit length 26 for port 'z' [C:/Hung/Viettel/Stage2/ML-KEM/mul_poly/mul_12bit.v:161]
Completed static elaboration
INFO: [XSIM 43-4323] No Change in HDL. Linking previously generated obj files to create kernel
INFO: [USF-XSim-69] 'elaborate' step finished in '2' seconds
Time resolution is 1 ps
Start 12-bit Multiplier Testbench
Finished
$finish called at time : 530 ns : File "C:/Hung/Viettel/Stage2/ML-KEM/mul_poly/tb_mul_12bit.v" Line 47
save_wave_config {C:/Hung/Viettel/Stage2/ML-KEM/mul_poly/mul_matrix/tb_mul_12bit_behav.wcfg}
close_sim
INFO: [Simtcl 6-16] Simulation closed
set_property top tb_mul_poly [get_filesets sim_1]
set_property top_lib xil_defaultlib [get_filesets sim_1]
update_compile_order -fileset sim_1
launch_simulation
Command: launch_simulation 
INFO: [Vivado 12-12493] Simulation top is 'tb_mul_poly'
WARNING: [Vivado 12-13340] Unable to auto find GCC executables from simulator install path! (path not set)
WARNING: [Vivado 12-13277] Compiled library path does not exist: ''
INFO: [Vivado 12-5682] Launching behavioral simulation in 'C:/Hung/Viettel/Stage2/ML-KEM/mul_poly/mul_matrix/mul_matrix.sim/sim_1/behav/xsim'
INFO: [SIM-utils-51] Simulation object is 'sim_1'
INFO: [SIM-utils-72] Using boost library from 'C:/Xilinx/Vivado/2022.2/tps/boost_1_72_0'
INFO: [SIM-utils-54] Inspecting design source files for 'tb_mul_poly' in fileset 'sim_1'...
INFO: [USF-XSim-97] Finding global include files...
INFO: [USF-XSim-98] Fetching design files from 'sim_1'...
INFO: [USF-XSim-2] XSim::Compile design
INFO: [USF-XSim-61] Executing 'COMPILE and ANALYZE' step in 'C:/Hung/Viettel/Stage2/ML-KEM/mul_poly/mul_matrix/mul_matrix.sim/sim_1/behav/xsim'
"xvlog --incr --relax -prj tb_mul_poly_vlog.prj"
INFO: [VRFC 10-2263] Analyzing Verilog file "C:/Hung/Viettel/Stage2/ML-KEM/mul_poly/BoothDecode.v" into library xil_defaultlib
INFO: [VRFC 10-311] analyzing module BoothDecode
INFO: [VRFC 10-2263] Analyzing Verilog file "C:/Hung/Viettel/Stage2/ML-KEM/NTT/barret.v" into library xil_defaultlib
INFO: [VRFC 10-311] analyzing module barret
INFO: [VRFC 10-2263] Analyzing Verilog file "C:/Hung/Viettel/Stage2/ML-KEM/mul_poly/csa.v" into library xil_defaultlib
INFO: [VRFC 10-311] analyzing module csa
INFO: [VRFC 10-311] analyzing module fulladder
INFO: [VRFC 10-2263] Analyzing Verilog file "C:/Hung/Viettel/Stage2/ML-KEM/mul_poly/mul_12bit.v" into library xil_defaultlib
INFO: [VRFC 10-311] analyzing module mul_12bit
INFO: [VRFC 10-2263] Analyzing Verilog file "C:/Hung/Viettel/Stage2/ML-KEM/mul_poly/mul_poly.v" into library xil_defaultlib
INFO: [VRFC 10-311] analyzing module mul_poly
INFO: [VRFC 10-2263] Analyzing Verilog file "C:/Hung/Viettel/Stage2/ML-KEM/mul_poly/tb_mul_poly.v" into library xil_defaultlib
INFO: [VRFC 10-311] analyzing module tb_mul_poly
INFO: [USF-XSim-69] 'compile' step finished in '1' seconds
INFO: [USF-XSim-3] XSim::Elaborate design
INFO: [USF-XSim-61] Executing 'ELABORATE' step in 'C:/Hung/Viettel/Stage2/ML-KEM/mul_poly/mul_matrix/mul_matrix.sim/sim_1/behav/xsim'
"xelab --incr --debug typical --relax --mt 2 -L xil_defaultlib -L unisims_ver -L unimacro_ver -L secureip --snapshot tb_mul_poly_behav xil_defaultlib.tb_mul_poly xil_defaultlib.glbl -log elaborate.log"
Vivado Simulator v2022.2.2
Copyright 1986-1999, 2001-2022 Xilinx, Inc. All Rights Reserved.
Running: C:/Xilinx/Vivado/2022.2/bin/unwrapped/win64.o/xelab.exe --incr --debug typical --relax --mt 2 -L xil_defaultlib -L unisims_ver -L unimacro_ver -L secureip --snapshot tb_mul_poly_behav xil_defaultlib.tb_mul_poly xil_defaultlib.glbl -log elaborate.log 
Using 2 slave threads.
Starting static elaboration
Pass Through NonSizing Optimizer
WARNING: [VRFC 10-3091] actual bit length 24 differs from formal bit length 26 for port 'R' [C:/Hung/Viettel/Stage2/ML-KEM/mul_poly/mul_poly.v:81]
WARNING: [VRFC 10-3091] actual bit length 27 differs from formal bit length 26 for port 'x' [C:/Hung/Viettel/Stage2/ML-KEM/mul_poly/mul_12bit.v:151]
WARNING: [VRFC 10-3091] actual bit length 27 differs from formal bit length 26 for port 'y' [C:/Hung/Viettel/Stage2/ML-KEM/mul_poly/mul_12bit.v:152]
WARNING: [VRFC 10-3091] actual bit length 27 differs from formal bit length 26 for port 'z' [C:/Hung/Viettel/Stage2/ML-KEM/mul_poly/mul_12bit.v:153]
WARNING: [VRFC 10-3091] actual bit length 27 differs from formal bit length 26 for port 'x' [C:/Hung/Viettel/Stage2/ML-KEM/mul_poly/mul_12bit.v:159]
WARNING: [VRFC 10-3091] actual bit length 27 differs from formal bit length 26 for port 'y' [C:/Hung/Viettel/Stage2/ML-KEM/mul_poly/mul_12bit.v:160]
WARNING: [VRFC 10-3091] actual bit length 27 differs from formal bit length 26 for port 'z' [C:/Hung/Viettel/Stage2/ML-KEM/mul_poly/mul_12bit.v:161]
WARNING: [VRFC 10-3091] actual bit length 24 differs from formal bit length 26 for port 'R' [C:/Hung/Viettel/Stage2/ML-KEM/mul_poly/mul_poly.v:89]
WARNING: [VRFC 10-3091] actual bit length 24 differs from formal bit length 26 for port 'R' [C:/Hung/Viettel/Stage2/ML-KEM/mul_poly/mul_poly.v:97]
WARNING: [VRFC 10-3091] actual bit length 24 differs from formal bit length 26 for port 'R' [C:/Hung/Viettel/Stage2/ML-KEM/mul_poly/mul_poly.v:105]
WARNING: [VRFC 10-3091] actual bit length 12 differs from formal bit length 13 for port 'A' [C:/Hung/Viettel/Stage2/ML-KEM/mul_poly/mul_poly.v:111]
WARNING: [VRFC 10-3091] actual bit length 12 differs from formal bit length 13 for port 'B' [C:/Hung/Viettel/Stage2/ML-KEM/mul_poly/mul_poly.v:112]
WARNING: [VRFC 10-3091] actual bit length 24 differs from formal bit length 26 for port 'R' [C:/Hung/Viettel/Stage2/ML-KEM/mul_poly/mul_poly.v:113]
Completed static elaboration
Starting simulation data flow analysis
Completed simulation data flow analysis
Time Resolution for simulation is 1ps
Compiling module xil_defaultlib.barret
Compiling module xil_defaultlib.fulladder
Compiling module xil_defaultlib.csa(WIDTH=26)
Compiling module xil_defaultlib.BoothDecode
Compiling module xil_defaultlib.mul_12bit
Compiling module xil_defaultlib.mul_poly
Compiling module xil_defaultlib.tb_mul_poly
Compiling module xil_defaultlib.glbl
Built simulation snapshot tb_mul_poly_behav
INFO: [USF-XSim-69] 'elaborate' step finished in '2' seconds
INFO: [USF-XSim-4] XSim::Simulate design
INFO: [USF-XSim-61] Executing 'SIMULATE' step in 'C:/Hung/Viettel/Stage2/ML-KEM/mul_poly/mul_matrix/mul_matrix.sim/sim_1/behav/xsim'
INFO: [USF-XSim-98] *** Running xsim
   with args "tb_mul_poly_behav -key {Behavioral:sim_1:Functional:tb_mul_poly} -tclbatch {tb_mul_poly.tcl} -view {C:/Hung/Viettel/Stage2/ML-KEM/mul_poly/mul_matrix/tb_mul_12bit_behav.wcfg} -log {simulate.log}"
INFO: [USF-XSim-8] Loading simulator feature
Time resolution is 1 ps
open_wave_config C:/Hung/Viettel/Stage2/ML-KEM/mul_poly/mul_matrix/tb_mul_12bit_behav.wcfg
WARNING: Simulation object /tb_mul_12bit/uut/clk was not found in the design.
WARNING: Simulation object /tb_mul_12bit/uut/rst_n was not found in the design.
WARNING: Simulation object /tb_mul_12bit/uut/A was not found in the design.
WARNING: Simulation object /tb_mul_12bit/uut/B was not found in the design.
WARNING: Simulation object /tb_mul_12bit/uut/R was not found in the design.
WARNING: Simulation object /tb_mul_12bit/count_clock was not found in the design.
source tb_mul_poly.tcl
# set curr_wave [current_wave_config]
# if { [string length $curr_wave] == 0 } {
#   if { [llength [get_objects]] > 0} {
#     add_wave /
#     set_property needs_save false [current_wave_config]
#   } else {
#      send_msg_id Add_Wave-1 WARNING "No top level signals found. Simulator will start without a wave window. If you want to open a wave window go to 'File->New Waveform Configuration' or type 'create_wave_config' in the TCL console."
#   }
# }
# run 100000ns
Start Barrett Testbench
Finished
$finish called at time : 530 ns : File "C:/Hung/Viettel/Stage2/ML-KEM/mul_poly/tb_mul_poly.v" Line 55
INFO: [USF-XSim-96] XSim completed. Design snapshot 'tb_mul_poly_behav' loaded.
INFO: [USF-XSim-97] XSim simulation ran for 100000ns
launch_simulation: Time (s): cpu = 00:00:01 ; elapsed = 00:00:05 . Memory (MB): peak = 2087.770 ; gain = 0.000
current_wave_config {tb_mul_12bit_behav.wcfg}
tb_mul_12bit_behav.wcfg
add_wave {{/tb_mul_poly/uut/clk}} {{/tb_mul_poly/uut/rst_n}} {{/tb_mul_poly/uut/a0}} {{/tb_mul_poly/uut/a1}} {{/tb_mul_poly/uut/b0}} {{/tb_mul_poly/uut/b1}} {{/tb_mul_poly/uut/zetas}} {{/tb_mul_poly/uut/res0}} {{/tb_mul_poly/uut/res1}} {{/tb_mul_poly/uut/a0_b0}} {{/tb_mul_poly/uut/a1_b1}} {{/tb_mul_poly/uut/a1_b0}} {{/tb_mul_poly/uut/a0_b1}} {{/tb_mul_poly/uut/a1_b1_zetas}} {{/tb_mul_poly/uut/obarret1}} {{/tb_mul_poly/uut/obarret2}} {{/tb_mul_poly/uut/obarret3}} {{/tb_mul_poly/uut/reg_res0}} {{/tb_mul_poly/uut/reg_res1}} {{/tb_mul_poly/uut/reg_zeta}} {{/tb_mul_poly/uut/reg_a0_b0}} {{/tb_mul_poly/uut/reg_obarret3}} {{/tb_mul_poly/uut/mod}} {{/tb_mul_poly/uut/i}} {{/tb_mul_poly/uut/add2}} {{/tb_mul_poly/uut/add1}} {{/tb_mul_poly/uut/tmp_add}} {{/tb_mul_poly/uut/WIDTH}} {{/tb_mul_poly/uut/num_reg_zeta}} {{/tb_mul_poly/uut/num_reg}} 
save_wave_config {C:/Hung/Viettel/Stage2/ML-KEM/mul_poly/mul_matrix/tb_mul_12bit_behav.wcfg}
save_wave_config {C:/Hung/Viettel/Stage2/ML-KEM/mul_poly/mul_matrix/tb_mul_12bit_behav.wcfg}
relaunch_sim
Command: launch_simulation -step compile -simset sim_1 -mode behavioral
INFO: [Vivado 12-12493] Simulation top is 'tb_mul_poly'
WARNING: [Vivado 12-13340] Unable to auto find GCC executables from simulator install path! (path not set)
WARNING: [Vivado 12-13277] Compiled library path does not exist: ''
INFO: [Vivado 12-5682] Launching behavioral simulation in 'C:/Hung/Viettel/Stage2/ML-KEM/mul_poly/mul_matrix/mul_matrix.sim/sim_1/behav/xsim'
INFO: [SIM-utils-51] Simulation object is 'sim_1'
INFO: [USF-XSim-2] XSim::Compile design
INFO: [USF-XSim-61] Executing 'COMPILE and ANALYZE' step in 'C:/Hung/Viettel/Stage2/ML-KEM/mul_poly/mul_matrix/mul_matrix.sim/sim_1/behav/xsim'
"xvlog --incr --relax -prj tb_mul_poly_vlog.prj"
INFO: [VRFC 10-2263] Analyzing Verilog file "C:/Hung/Viettel/Stage2/ML-KEM/mul_poly/BoothDecode.v" into library xil_defaultlib
INFO: [VRFC 10-311] analyzing module BoothDecode
INFO: [VRFC 10-2263] Analyzing Verilog file "C:/Hung/Viettel/Stage2/ML-KEM/NTT/barret.v" into library xil_defaultlib
INFO: [VRFC 10-311] analyzing module barret
INFO: [VRFC 10-2263] Analyzing Verilog file "C:/Hung/Viettel/Stage2/ML-KEM/mul_poly/csa.v" into library xil_defaultlib
INFO: [VRFC 10-311] analyzing module csa
INFO: [VRFC 10-311] analyzing module fulladder
INFO: [VRFC 10-2263] Analyzing Verilog file "C:/Hung/Viettel/Stage2/ML-KEM/mul_poly/mul_12bit.v" into library xil_defaultlib
INFO: [VRFC 10-311] analyzing module mul_12bit
INFO: [VRFC 10-2263] Analyzing Verilog file "C:/Hung/Viettel/Stage2/ML-KEM/mul_poly/mul_poly.v" into library xil_defaultlib
INFO: [VRFC 10-311] analyzing module mul_poly
INFO: [VRFC 10-2263] Analyzing Verilog file "C:/Hung/Viettel/Stage2/ML-KEM/mul_poly/tb_mul_poly.v" into library xil_defaultlib
INFO: [VRFC 10-311] analyzing module tb_mul_poly
INFO: [USF-XSim-69] 'compile' step finished in '1' seconds
Command: launch_simulation -step elaborate -simset sim_1 -mode behavioral
INFO: [Vivado 12-12493] Simulation top is 'tb_mul_poly'
WARNING: [Vivado 12-13340] Unable to auto find GCC executables from simulator install path! (path not set)
WARNING: [Vivado 12-13277] Compiled library path does not exist: ''
INFO: [Vivado 12-5682] Launching behavioral simulation in 'C:/Hung/Viettel/Stage2/ML-KEM/mul_poly/mul_matrix/mul_matrix.sim/sim_1/behav/xsim'
INFO: [SIM-utils-51] Simulation object is 'sim_1'
INFO: [USF-XSim-3] XSim::Elaborate design
INFO: [USF-XSim-61] Executing 'ELABORATE' step in 'C:/Hung/Viettel/Stage2/ML-KEM/mul_poly/mul_matrix/mul_matrix.sim/sim_1/behav/xsim'
"xelab --incr --debug typical --relax --mt 2 -L xil_defaultlib -L unisims_ver -L unimacro_ver -L secureip --snapshot tb_mul_poly_behav xil_defaultlib.tb_mul_poly xil_defaultlib.glbl -log elaborate.log"
Vivado Simulator v2022.2.2
Copyright 1986-1999, 2001-2022 Xilinx, Inc. All Rights Reserved.
Running: C:/Xilinx/Vivado/2022.2/bin/unwrapped/win64.o/xelab.exe --incr --debug typical --relax --mt 2 -L xil_defaultlib -L unisims_ver -L unimacro_ver -L secureip --snapshot tb_mul_poly_behav xil_defaultlib.tb_mul_poly xil_defaultlib.glbl -log elaborate.log 
Using 2 slave threads.
Starting static elaboration
Pass Through NonSizing Optimizer
WARNING: [VRFC 10-3091] actual bit length 24 differs from formal bit length 26 for port 'R' [C:/Hung/Viettel/Stage2/ML-KEM/mul_poly/mul_poly.v:81]
WARNING: [VRFC 10-3091] actual bit length 27 differs from formal bit length 26 for port 'x' [C:/Hung/Viettel/Stage2/ML-KEM/mul_poly/mul_12bit.v:151]
WARNING: [VRFC 10-3091] actual bit length 27 differs from formal bit length 26 for port 'y' [C:/Hung/Viettel/Stage2/ML-KEM/mul_poly/mul_12bit.v:152]
WARNING: [VRFC 10-3091] actual bit length 27 differs from formal bit length 26 for port 'z' [C:/Hung/Viettel/Stage2/ML-KEM/mul_poly/mul_12bit.v:153]
WARNING: [VRFC 10-3091] actual bit length 27 differs from formal bit length 26 for port 'x' [C:/Hung/Viettel/Stage2/ML-KEM/mul_poly/mul_12bit.v:159]
WARNING: [VRFC 10-3091] actual bit length 27 differs from formal bit length 26 for port 'y' [C:/Hung/Viettel/Stage2/ML-KEM/mul_poly/mul_12bit.v:160]
WARNING: [VRFC 10-3091] actual bit length 27 differs from formal bit length 26 for port 'z' [C:/Hung/Viettel/Stage2/ML-KEM/mul_poly/mul_12bit.v:161]
WARNING: [VRFC 10-3091] actual bit length 24 differs from formal bit length 26 for port 'R' [C:/Hung/Viettel/Stage2/ML-KEM/mul_poly/mul_poly.v:89]
WARNING: [VRFC 10-3091] actual bit length 24 differs from formal bit length 26 for port 'R' [C:/Hung/Viettel/Stage2/ML-KEM/mul_poly/mul_poly.v:97]
WARNING: [VRFC 10-3091] actual bit length 24 differs from formal bit length 26 for port 'R' [C:/Hung/Viettel/Stage2/ML-KEM/mul_poly/mul_poly.v:105]
WARNING: [VRFC 10-3091] actual bit length 12 differs from formal bit length 13 for port 'A' [C:/Hung/Viettel/Stage2/ML-KEM/mul_poly/mul_poly.v:111]
WARNING: [VRFC 10-3091] actual bit length 12 differs from formal bit length 13 for port 'B' [C:/Hung/Viettel/Stage2/ML-KEM/mul_poly/mul_poly.v:112]
WARNING: [VRFC 10-3091] actual bit length 24 differs from formal bit length 26 for port 'R' [C:/Hung/Viettel/Stage2/ML-KEM/mul_poly/mul_poly.v:113]
Completed static elaboration
Starting simulation data flow analysis
Completed simulation data flow analysis
Time Resolution for simulation is 1ps
Compiling module xil_defaultlib.barret
Compiling module xil_defaultlib.fulladder
Compiling module xil_defaultlib.csa(WIDTH=26)
Compiling module xil_defaultlib.BoothDecode
Compiling module xil_defaultlib.mul_12bit
Compiling module xil_defaultlib.mul_poly
Compiling module xil_defaultlib.tb_mul_poly
Compiling module xil_defaultlib.glbl
Built simulation snapshot tb_mul_poly_behav
INFO: [USF-XSim-69] 'elaborate' step finished in '2' seconds
Time resolution is 1 ps
Start Barrett Testbench
Finished
$finish called at time : 530 ns : File "C:/Hung/Viettel/Stage2/ML-KEM/mul_poly/tb_mul_poly.v" Line 55
relaunch_sim: Time (s): cpu = 00:00:00 ; elapsed = 00:00:05 . Memory (MB): peak = 2087.770 ; gain = 0.000
update_compile_order -fileset sources_1
relaunch_sim
Command: launch_simulation -step compile -simset sim_1 -mode behavioral
INFO: [Vivado 12-12493] Simulation top is 'tb_mul_poly'
WARNING: [Vivado 12-13340] Unable to auto find GCC executables from simulator install path! (path not set)
WARNING: [Vivado 12-13277] Compiled library path does not exist: ''
INFO: [Vivado 12-5682] Launching behavioral simulation in 'C:/Hung/Viettel/Stage2/ML-KEM/mul_poly/mul_matrix/mul_matrix.sim/sim_1/behav/xsim'
INFO: [SIM-utils-51] Simulation object is 'sim_1'
INFO: [USF-XSim-2] XSim::Compile design
INFO: [USF-XSim-61] Executing 'COMPILE and ANALYZE' step in 'C:/Hung/Viettel/Stage2/ML-KEM/mul_poly/mul_matrix/mul_matrix.sim/sim_1/behav/xsim'
"xvlog --incr --relax -prj tb_mul_poly_vlog.prj"
INFO: [VRFC 10-2263] Analyzing Verilog file "C:/Hung/Viettel/Stage2/ML-KEM/mul_poly/BoothDecode.v" into library xil_defaultlib
INFO: [VRFC 10-311] analyzing module BoothDecode
INFO: [VRFC 10-2263] Analyzing Verilog file "C:/Hung/Viettel/Stage2/ML-KEM/NTT/barret.v" into library xil_defaultlib
INFO: [VRFC 10-311] analyzing module barret
INFO: [VRFC 10-2263] Analyzing Verilog file "C:/Hung/Viettel/Stage2/ML-KEM/mul_poly/csa.v" into library xil_defaultlib
INFO: [VRFC 10-311] analyzing module csa
INFO: [VRFC 10-311] analyzing module fulladder
INFO: [VRFC 10-2263] Analyzing Verilog file "C:/Hung/Viettel/Stage2/ML-KEM/mul_poly/mul_12bit.v" into library xil_defaultlib
INFO: [VRFC 10-311] analyzing module mul_12bit
INFO: [VRFC 10-2263] Analyzing Verilog file "C:/Hung/Viettel/Stage2/ML-KEM/mul_poly/mul_poly.v" into library xil_defaultlib
INFO: [VRFC 10-311] analyzing module mul_poly
ERROR: [VRFC 10-2068] ansi port zetas cannot be redeclared in the header [C:/Hung/Viettel/Stage2/ML-KEM/mul_poly/mul_poly.v:7]
ERROR: [VRFC 10-4982] syntax error near ';' [C:/Hung/Viettel/Stage2/ML-KEM/mul_poly/mul_poly.v:7]
INFO: [USF-XSim-69] 'compile' step finished in '1' seconds
INFO: [USF-XSim-99] Step results log file:'C:/Hung/Viettel/Stage2/ML-KEM/mul_poly/mul_matrix/mul_matrix.sim/sim_1/behav/xsim/xvlog.log'
ERROR: [USF-XSim-62] 'compile' step failed with error(s). Please check the Tcl console output or 'C:/Hung/Viettel/Stage2/ML-KEM/mul_poly/mul_matrix/mul_matrix.sim/sim_1/behav/xsim/xvlog.log' file for more information.
ERROR: [Vivado 12-4473] Detected error while running simulation. Please correct the issue and retry this operation.
ERROR: [Common 17-39] 'launch_simulation' failed due to earlier errors.
ERROR: [Common 17-69] Command failed: ERROR: [Common 17-39] 'launch_simulation' failed due to earlier errors.

save_wave_config {C:/Hung/Viettel/Stage2/ML-KEM/mul_poly/mul_matrix/tb_mul_12bit_behav.wcfg}
close_sim
INFO: [Simtcl 6-16] Simulation closed
launch_simulation
Command: launch_simulation 
INFO: [Vivado 12-12493] Simulation top is 'tb_mul_poly'
WARNING: [Vivado 12-13340] Unable to auto find GCC executables from simulator install path! (path not set)
WARNING: [Vivado 12-13277] Compiled library path does not exist: ''
INFO: [Vivado 12-5682] Launching behavioral simulation in 'C:/Hung/Viettel/Stage2/ML-KEM/mul_poly/mul_matrix/mul_matrix.sim/sim_1/behav/xsim'
INFO: [SIM-utils-51] Simulation object is 'sim_1'
INFO: [SIM-utils-72] Using boost library from 'C:/Xilinx/Vivado/2022.2/tps/boost_1_72_0'
INFO: [SIM-utils-54] Inspecting design source files for 'tb_mul_poly' in fileset 'sim_1'...
INFO: [USF-XSim-97] Finding global include files...
INFO: [USF-XSim-98] Fetching design files from 'sim_1'...
INFO: [USF-XSim-2] XSim::Compile design
INFO: [USF-XSim-61] Executing 'COMPILE and ANALYZE' step in 'C:/Hung/Viettel/Stage2/ML-KEM/mul_poly/mul_matrix/mul_matrix.sim/sim_1/behav/xsim'
"xvlog --incr --relax -prj tb_mul_poly_vlog.prj"
INFO: [VRFC 10-2263] Analyzing Verilog file "C:/Hung/Viettel/Stage2/ML-KEM/mul_poly/tb_mul_poly.v" into library xil_defaultlib
INFO: [VRFC 10-311] analyzing module tb_mul_poly
INFO: [USF-XSim-69] 'compile' step finished in '1' seconds
INFO: [USF-XSim-3] XSim::Elaborate design
INFO: [USF-XSim-61] Executing 'ELABORATE' step in 'C:/Hung/Viettel/Stage2/ML-KEM/mul_poly/mul_matrix/mul_matrix.sim/sim_1/behav/xsim'
"xelab --incr --debug typical --relax --mt 2 -L xil_defaultlib -L unisims_ver -L unimacro_ver -L secureip --snapshot tb_mul_poly_behav xil_defaultlib.tb_mul_poly xil_defaultlib.glbl -log elaborate.log"
Vivado Simulator v2022.2.2
Copyright 1986-1999, 2001-2022 Xilinx, Inc. All Rights Reserved.
Running: C:/Xilinx/Vivado/2022.2/bin/unwrapped/win64.o/xelab.exe --incr --debug typical --relax --mt 2 -L xil_defaultlib -L unisims_ver -L unimacro_ver -L secureip --snapshot tb_mul_poly_behav xil_defaultlib.tb_mul_poly xil_defaultlib.glbl -log elaborate.log 
Using 2 slave threads.
Starting static elaboration
Pass Through NonSizing Optimizer
WARNING: [VRFC 10-3091] actual bit length 13 differs from formal bit length 12 for port 'zetas' [C:/Hung/Viettel/Stage2/ML-KEM/mul_poly/tb_mul_poly.v:21]
WARNING: [VRFC 10-3091] actual bit length 24 differs from formal bit length 26 for port 'R' [C:/Hung/Viettel/Stage2/ML-KEM/mul_poly/mul_poly.v:81]
WARNING: [VRFC 10-3091] actual bit length 27 differs from formal bit length 26 for port 'x' [C:/Hung/Viettel/Stage2/ML-KEM/mul_poly/mul_12bit.v:151]
WARNING: [VRFC 10-3091] actual bit length 27 differs from formal bit length 26 for port 'y' [C:/Hung/Viettel/Stage2/ML-KEM/mul_poly/mul_12bit.v:152]
WARNING: [VRFC 10-3091] actual bit length 27 differs from formal bit length 26 for port 'z' [C:/Hung/Viettel/Stage2/ML-KEM/mul_poly/mul_12bit.v:153]
WARNING: [VRFC 10-3091] actual bit length 27 differs from formal bit length 26 for port 'x' [C:/Hung/Viettel/Stage2/ML-KEM/mul_poly/mul_12bit.v:159]
WARNING: [VRFC 10-3091] actual bit length 27 differs from formal bit length 26 for port 'y' [C:/Hung/Viettel/Stage2/ML-KEM/mul_poly/mul_12bit.v:160]
WARNING: [VRFC 10-3091] actual bit length 27 differs from formal bit length 26 for port 'z' [C:/Hung/Viettel/Stage2/ML-KEM/mul_poly/mul_12bit.v:161]
WARNING: [VRFC 10-3091] actual bit length 24 differs from formal bit length 26 for port 'R' [C:/Hung/Viettel/Stage2/ML-KEM/mul_poly/mul_poly.v:89]
WARNING: [VRFC 10-3091] actual bit length 24 differs from formal bit length 26 for port 'R' [C:/Hung/Viettel/Stage2/ML-KEM/mul_poly/mul_poly.v:97]
WARNING: [VRFC 10-3091] actual bit length 24 differs from formal bit length 26 for port 'R' [C:/Hung/Viettel/Stage2/ML-KEM/mul_poly/mul_poly.v:105]
WARNING: [VRFC 10-3091] actual bit length 12 differs from formal bit length 13 for port 'A' [C:/Hung/Viettel/Stage2/ML-KEM/mul_poly/mul_poly.v:111]
WARNING: [VRFC 10-3091] actual bit length 12 differs from formal bit length 13 for port 'B' [C:/Hung/Viettel/Stage2/ML-KEM/mul_poly/mul_poly.v:112]
WARNING: [VRFC 10-3091] actual bit length 24 differs from formal bit length 26 for port 'R' [C:/Hung/Viettel/Stage2/ML-KEM/mul_poly/mul_poly.v:113]
Completed static elaboration
Starting simulation data flow analysis
Completed simulation data flow analysis
Time Resolution for simulation is 1ps
Compiling module xil_defaultlib.barret
Compiling module xil_defaultlib.fulladder
Compiling module xil_defaultlib.csa(WIDTH=26)
Compiling module xil_defaultlib.BoothDecode
Compiling module xil_defaultlib.mul_12bit
Compiling module xil_defaultlib.mul_poly
Compiling module xil_defaultlib.tb_mul_poly
Compiling module xil_defaultlib.glbl
Built simulation snapshot tb_mul_poly_behav
INFO: [USF-XSim-69] 'elaborate' step finished in '2' seconds
INFO: [USF-XSim-4] XSim::Simulate design
INFO: [USF-XSim-61] Executing 'SIMULATE' step in 'C:/Hung/Viettel/Stage2/ML-KEM/mul_poly/mul_matrix/mul_matrix.sim/sim_1/behav/xsim'
INFO: [USF-XSim-98] *** Running xsim
   with args "tb_mul_poly_behav -key {Behavioral:sim_1:Functional:tb_mul_poly} -tclbatch {tb_mul_poly.tcl} -view {C:/Hung/Viettel/Stage2/ML-KEM/mul_poly/mul_matrix/tb_mul_12bit_behav.wcfg} -log {simulate.log}"
INFO: [USF-XSim-8] Loading simulator feature
Time resolution is 1 ps
open_wave_config C:/Hung/Viettel/Stage2/ML-KEM/mul_poly/mul_matrix/tb_mul_12bit_behav.wcfg
INFO: [Common 17-365] Interrupt caught but 'launch_simulation' cannot be canceled. Please wait for command to finish.
INFO: [Common 17-681] Processing pending cancel.
source tb_mul_poly.tcl
# set curr_wave [current_wave_config]
# if { [string length $curr_wave] == 0 } {
#   if { [llength [get_objects]] > 0} {
#     add_wave /
#     set_property needs_save false [current_wave_config]
#   } else {
#      send_msg_id Add_Wave-1 WARNING "No top level signals found. Simulator will start without a wave window. If you want to open a wave window go to 'File->New Waveform Configuration' or type 'create_wave_config' in the TCL console."
#   }
# }
# run 100000ns
Start Barrett Testbench
Finished
$finish called at time : 530 ns : File "C:/Hung/Viettel/Stage2/ML-KEM/mul_poly/tb_mul_poly.v" Line 56
INFO: [USF-XSim-96] XSim completed. Design snapshot 'tb_mul_poly_behav' loaded.
INFO: [USF-XSim-97] XSim simulation ran for 100000ns
launch_simulation: Time (s): cpu = 00:00:01 ; elapsed = 00:00:05 . Memory (MB): peak = 2087.770 ; gain = 0.000
update_compile_order -fileset sources_1
close_sim
INFO: [Simtcl 6-16] Simulation closed
launch_simulation
Command: launch_simulation 
INFO: [Vivado 12-12493] Simulation top is 'tb_mul_poly'
WARNING: [Vivado 12-13340] Unable to auto find GCC executables from simulator install path! (path not set)
WARNING: [Vivado 12-13277] Compiled library path does not exist: ''
INFO: [Vivado 12-5682] Launching behavioral simulation in 'C:/Hung/Viettel/Stage2/ML-KEM/mul_poly/mul_matrix/mul_matrix.sim/sim_1/behav/xsim'
INFO: [SIM-utils-51] Simulation object is 'sim_1'
INFO: [SIM-utils-72] Using boost library from 'C:/Xilinx/Vivado/2022.2/tps/boost_1_72_0'
INFO: [SIM-utils-54] Inspecting design source files for 'tb_mul_poly' in fileset 'sim_1'...
INFO: [USF-XSim-97] Finding global include files...
INFO: [USF-XSim-98] Fetching design files from 'sim_1'...
INFO: [USF-XSim-2] XSim::Compile design
INFO: [USF-XSim-61] Executing 'COMPILE and ANALYZE' step in 'C:/Hung/Viettel/Stage2/ML-KEM/mul_poly/mul_matrix/mul_matrix.sim/sim_1/behav/xsim'
"xvlog --incr --relax -prj tb_mul_poly_vlog.prj"
INFO: [VRFC 10-2263] Analyzing Verilog file "C:/Hung/Viettel/Stage2/ML-KEM/mul_poly/BoothDecode.v" into library xil_defaultlib
INFO: [VRFC 10-311] analyzing module BoothDecode
INFO: [VRFC 10-2263] Analyzing Verilog file "C:/Hung/Viettel/Stage2/ML-KEM/NTT/barret.v" into library xil_defaultlib
INFO: [VRFC 10-311] analyzing module barret
INFO: [VRFC 10-2263] Analyzing Verilog file "C:/Hung/Viettel/Stage2/ML-KEM/mul_poly/csa.v" into library xil_defaultlib
INFO: [VRFC 10-311] analyzing module csa
INFO: [VRFC 10-311] analyzing module fulladder
INFO: [VRFC 10-2263] Analyzing Verilog file "C:/Hung/Viettel/Stage2/ML-KEM/mul_poly/mul_12bit.v" into library xil_defaultlib
INFO: [VRFC 10-311] analyzing module mul_12bit
INFO: [VRFC 10-2263] Analyzing Verilog file "C:/Hung/Viettel/Stage2/ML-KEM/mul_poly/mul_poly.v" into library xil_defaultlib
INFO: [VRFC 10-311] analyzing module mul_poly
ERROR: [VRFC 10-2445] single value range is not allowed in packed dimension [C:/Hung/Viettel/Stage2/ML-KEM/mul_poly/mul_poly.v:7]
ERROR: [VRFC 10-8530] module 'mul_poly' is ignored due to previous errors [C:/Hung/Viettel/Stage2/ML-KEM/mul_poly/mul_poly.v:2]
INFO: [USF-XSim-69] 'compile' step finished in '1' seconds
INFO: [USF-XSim-99] Step results log file:'C:/Hung/Viettel/Stage2/ML-KEM/mul_poly/mul_matrix/mul_matrix.sim/sim_1/behav/xsim/xvlog.log'
ERROR: [USF-XSim-62] 'compile' step failed with error(s). Please check the Tcl console output or 'C:/Hung/Viettel/Stage2/ML-KEM/mul_poly/mul_matrix/mul_matrix.sim/sim_1/behav/xsim/xvlog.log' file for more information.
ERROR: [Vivado 12-4473] Detected error while running simulation. Please correct the issue and retry this operation.
ERROR: [Common 17-39] 'launch_simulation' failed due to earlier errors.
launch_simulation
Command: launch_simulation 
INFO: [Vivado 12-12493] Simulation top is 'tb_mul_poly'
WARNING: [Vivado 12-13340] Unable to auto find GCC executables from simulator install path! (path not set)
WARNING: [Vivado 12-13277] Compiled library path does not exist: ''
INFO: [Vivado 12-5682] Launching behavioral simulation in 'C:/Hung/Viettel/Stage2/ML-KEM/mul_poly/mul_matrix/mul_matrix.sim/sim_1/behav/xsim'
INFO: [SIM-utils-51] Simulation object is 'sim_1'
INFO: [SIM-utils-72] Using boost library from 'C:/Xilinx/Vivado/2022.2/tps/boost_1_72_0'
INFO: [SIM-utils-54] Inspecting design source files for 'tb_mul_poly' in fileset 'sim_1'...
INFO: [USF-XSim-97] Finding global include files...
INFO: [USF-XSim-98] Fetching design files from 'sim_1'...
INFO: [USF-XSim-2] XSim::Compile design
INFO: [USF-XSim-61] Executing 'COMPILE and ANALYZE' step in 'C:/Hung/Viettel/Stage2/ML-KEM/mul_poly/mul_matrix/mul_matrix.sim/sim_1/behav/xsim'
"xvlog --incr --relax -prj tb_mul_poly_vlog.prj"
INFO: [VRFC 10-2263] Analyzing Verilog file "C:/Hung/Viettel/Stage2/ML-KEM/mul_poly/BoothDecode.v" into library xil_defaultlib
INFO: [VRFC 10-311] analyzing module BoothDecode
INFO: [VRFC 10-2263] Analyzing Verilog file "C:/Hung/Viettel/Stage2/ML-KEM/NTT/barret.v" into library xil_defaultlib
INFO: [VRFC 10-311] analyzing module barret
INFO: [VRFC 10-2263] Analyzing Verilog file "C:/Hung/Viettel/Stage2/ML-KEM/mul_poly/csa.v" into library xil_defaultlib
INFO: [VRFC 10-311] analyzing module csa
INFO: [VRFC 10-311] analyzing module fulladder
INFO: [VRFC 10-2263] Analyzing Verilog file "C:/Hung/Viettel/Stage2/ML-KEM/mul_poly/mul_12bit.v" into library xil_defaultlib
INFO: [VRFC 10-311] analyzing module mul_12bit
INFO: [VRFC 10-2263] Analyzing Verilog file "C:/Hung/Viettel/Stage2/ML-KEM/mul_poly/mul_poly.v" into library xil_defaultlib
INFO: [VRFC 10-311] analyzing module mul_poly
INFO: [VRFC 10-2263] Analyzing Verilog file "C:/Hung/Viettel/Stage2/ML-KEM/mul_poly/tb_mul_poly.v" into library xil_defaultlib
INFO: [VRFC 10-311] analyzing module tb_mul_poly
INFO: [USF-XSim-69] 'compile' step finished in '2' seconds
INFO: [USF-XSim-3] XSim::Elaborate design
INFO: [USF-XSim-61] Executing 'ELABORATE' step in 'C:/Hung/Viettel/Stage2/ML-KEM/mul_poly/mul_matrix/mul_matrix.sim/sim_1/behav/xsim'
"xelab --incr --debug typical --relax --mt 2 -L xil_defaultlib -L unisims_ver -L unimacro_ver -L secureip --snapshot tb_mul_poly_behav xil_defaultlib.tb_mul_poly xil_defaultlib.glbl -log elaborate.log"
Vivado Simulator v2022.2.2
Copyright 1986-1999, 2001-2022 Xilinx, Inc. All Rights Reserved.
Running: C:/Xilinx/Vivado/2022.2/bin/unwrapped/win64.o/xelab.exe --incr --debug typical --relax --mt 2 -L xil_defaultlib -L unisims_ver -L unimacro_ver -L secureip --snapshot tb_mul_poly_behav xil_defaultlib.tb_mul_poly xil_defaultlib.glbl -log elaborate.log 
Using 2 slave threads.
Starting static elaboration
Pass Through NonSizing Optimizer
WARNING: [VRFC 10-3091] actual bit length 24 differs from formal bit length 26 for port 'R' [C:/Hung/Viettel/Stage2/ML-KEM/mul_poly/mul_poly.v:82]
WARNING: [VRFC 10-3091] actual bit length 27 differs from formal bit length 26 for port 'x' [C:/Hung/Viettel/Stage2/ML-KEM/mul_poly/mul_12bit.v:151]
WARNING: [VRFC 10-3091] actual bit length 27 differs from formal bit length 26 for port 'y' [C:/Hung/Viettel/Stage2/ML-KEM/mul_poly/mul_12bit.v:152]
WARNING: [VRFC 10-3091] actual bit length 27 differs from formal bit length 26 for port 'z' [C:/Hung/Viettel/Stage2/ML-KEM/mul_poly/mul_12bit.v:153]
WARNING: [VRFC 10-3091] actual bit length 27 differs from formal bit length 26 for port 'x' [C:/Hung/Viettel/Stage2/ML-KEM/mul_poly/mul_12bit.v:159]
WARNING: [VRFC 10-3091] actual bit length 27 differs from formal bit length 26 for port 'y' [C:/Hung/Viettel/Stage2/ML-KEM/mul_poly/mul_12bit.v:160]
WARNING: [VRFC 10-3091] actual bit length 27 differs from formal bit length 26 for port 'z' [C:/Hung/Viettel/Stage2/ML-KEM/mul_poly/mul_12bit.v:161]
WARNING: [VRFC 10-3091] actual bit length 24 differs from formal bit length 26 for port 'R' [C:/Hung/Viettel/Stage2/ML-KEM/mul_poly/mul_poly.v:90]
WARNING: [VRFC 10-3091] actual bit length 24 differs from formal bit length 26 for port 'R' [C:/Hung/Viettel/Stage2/ML-KEM/mul_poly/mul_poly.v:98]
WARNING: [VRFC 10-3091] actual bit length 24 differs from formal bit length 26 for port 'R' [C:/Hung/Viettel/Stage2/ML-KEM/mul_poly/mul_poly.v:106]
WARNING: [VRFC 10-3091] actual bit length 12 differs from formal bit length 13 for port 'A' [C:/Hung/Viettel/Stage2/ML-KEM/mul_poly/mul_poly.v:112]
WARNING: [VRFC 10-3091] actual bit length 12 differs from formal bit length 13 for port 'B' [C:/Hung/Viettel/Stage2/ML-KEM/mul_poly/mul_poly.v:113]
WARNING: [VRFC 10-3091] actual bit length 24 differs from formal bit length 26 for port 'R' [C:/Hung/Viettel/Stage2/ML-KEM/mul_poly/mul_poly.v:114]
Completed static elaboration
Starting simulation data flow analysis
Completed simulation data flow analysis
Time Resolution for simulation is 1ps
Compiling module xil_defaultlib.barret
Compiling module xil_defaultlib.fulladder
Compiling module xil_defaultlib.csa(WIDTH=26)
Compiling module xil_defaultlib.BoothDecode
Compiling module xil_defaultlib.mul_12bit
Compiling module xil_defaultlib.mul_poly
Compiling module xil_defaultlib.tb_mul_poly
Compiling module xil_defaultlib.glbl
Built simulation snapshot tb_mul_poly_behav
INFO: [USF-XSim-69] 'elaborate' step finished in '2' seconds
INFO: [USF-XSim-4] XSim::Simulate design
INFO: [USF-XSim-61] Executing 'SIMULATE' step in 'C:/Hung/Viettel/Stage2/ML-KEM/mul_poly/mul_matrix/mul_matrix.sim/sim_1/behav/xsim'
INFO: [USF-XSim-98] *** Running xsim
   with args "tb_mul_poly_behav -key {Behavioral:sim_1:Functional:tb_mul_poly} -tclbatch {tb_mul_poly.tcl} -view {C:/Hung/Viettel/Stage2/ML-KEM/mul_poly/mul_matrix/tb_mul_12bit_behav.wcfg} -log {simulate.log}"
INFO: [USF-XSim-8] Loading simulator feature
Time resolution is 1 ps
open_wave_config C:/Hung/Viettel/Stage2/ML-KEM/mul_poly/mul_matrix/tb_mul_12bit_behav.wcfg
source tb_mul_poly.tcl
# set curr_wave [current_wave_config]
# if { [string length $curr_wave] == 0 } {
#   if { [llength [get_objects]] > 0} {
#     add_wave /
#     set_property needs_save false [current_wave_config]
#   } else {
#      send_msg_id Add_Wave-1 WARNING "No top level signals found. Simulator will start without a wave window. If you want to open a wave window go to 'File->New Waveform Configuration' or type 'create_wave_config' in the TCL console."
#   }
# }
# run 100000ns
Start Barrett Testbench
Finished
$finish called at time : 530 ns : File "C:/Hung/Viettel/Stage2/ML-KEM/mul_poly/tb_mul_poly.v" Line 56
INFO: [USF-XSim-96] XSim completed. Design snapshot 'tb_mul_poly_behav' loaded.
INFO: [USF-XSim-97] XSim simulation ran for 100000ns
launch_simulation: Time (s): cpu = 00:00:02 ; elapsed = 00:00:05 . Memory (MB): peak = 2087.770 ; gain = 0.000
save_wave_config {C:/Hung/Viettel/Stage2/ML-KEM/mul_poly/mul_matrix/tb_mul_12bit_behav.wcfg}
current_wave_config {tb_mul_12bit_behav.wcfg}
C:/Hung/Viettel/Stage2/ML-KEM/mul_poly/mul_matrix/tb_mul_12bit_behav.wcfg
add_wave {{/tb_mul_poly/uut/mul_inst4/A}} {{/tb_mul_poly/uut/mul_inst4/B}} {{/tb_mul_poly/uut/mul_inst4/R}} 
relaunch_sim
Command: launch_simulation -step compile -simset sim_1 -mode behavioral
INFO: [Vivado 12-12493] Simulation top is 'tb_mul_poly'
WARNING: [Vivado 12-13340] Unable to auto find GCC executables from simulator install path! (path not set)
WARNING: [Vivado 12-13277] Compiled library path does not exist: ''
INFO: [Vivado 12-5682] Launching behavioral simulation in 'C:/Hung/Viettel/Stage2/ML-KEM/mul_poly/mul_matrix/mul_matrix.sim/sim_1/behav/xsim'
INFO: [SIM-utils-51] Simulation object is 'sim_1'
INFO: [USF-XSim-2] XSim::Compile design
INFO: [USF-XSim-61] Executing 'COMPILE and ANALYZE' step in 'C:/Hung/Viettel/Stage2/ML-KEM/mul_poly/mul_matrix/mul_matrix.sim/sim_1/behav/xsim'
"xvlog --incr --relax -prj tb_mul_poly_vlog.prj"
INFO: [VRFC 10-2263] Analyzing Verilog file "C:/Hung/Viettel/Stage2/ML-KEM/mul_poly/BoothDecode.v" into library xil_defaultlib
INFO: [VRFC 10-311] analyzing module BoothDecode
INFO: [VRFC 10-2263] Analyzing Verilog file "C:/Hung/Viettel/Stage2/ML-KEM/NTT/barret.v" into library xil_defaultlib
INFO: [VRFC 10-311] analyzing module barret
INFO: [VRFC 10-2263] Analyzing Verilog file "C:/Hung/Viettel/Stage2/ML-KEM/mul_poly/csa.v" into library xil_defaultlib
INFO: [VRFC 10-311] analyzing module csa
INFO: [VRFC 10-311] analyzing module fulladder
INFO: [VRFC 10-2263] Analyzing Verilog file "C:/Hung/Viettel/Stage2/ML-KEM/mul_poly/mul_12bit.v" into library xil_defaultlib
INFO: [VRFC 10-311] analyzing module mul_12bit
INFO: [VRFC 10-2263] Analyzing Verilog file "C:/Hung/Viettel/Stage2/ML-KEM/mul_poly/mul_poly.v" into library xil_defaultlib
INFO: [VRFC 10-311] analyzing module mul_poly
INFO: [VRFC 10-2263] Analyzing Verilog file "C:/Hung/Viettel/Stage2/ML-KEM/mul_poly/tb_mul_poly.v" into library xil_defaultlib
INFO: [VRFC 10-311] analyzing module tb_mul_poly
INFO: [USF-XSim-69] 'compile' step finished in '1' seconds
Command: launch_simulation -step elaborate -simset sim_1 -mode behavioral
INFO: [Vivado 12-12493] Simulation top is 'tb_mul_poly'
WARNING: [Vivado 12-13340] Unable to auto find GCC executables from simulator install path! (path not set)
WARNING: [Vivado 12-13277] Compiled library path does not exist: ''
INFO: [Vivado 12-5682] Launching behavioral simulation in 'C:/Hung/Viettel/Stage2/ML-KEM/mul_poly/mul_matrix/mul_matrix.sim/sim_1/behav/xsim'
INFO: [SIM-utils-51] Simulation object is 'sim_1'
INFO: [USF-XSim-3] XSim::Elaborate design
INFO: [USF-XSim-61] Executing 'ELABORATE' step in 'C:/Hung/Viettel/Stage2/ML-KEM/mul_poly/mul_matrix/mul_matrix.sim/sim_1/behav/xsim'
"xelab --incr --debug typical --relax --mt 2 -L xil_defaultlib -L unisims_ver -L unimacro_ver -L secureip --snapshot tb_mul_poly_behav xil_defaultlib.tb_mul_poly xil_defaultlib.glbl -log elaborate.log"
Vivado Simulator v2022.2.2
Copyright 1986-1999, 2001-2022 Xilinx, Inc. All Rights Reserved.
Running: C:/Xilinx/Vivado/2022.2/bin/unwrapped/win64.o/xelab.exe --incr --debug typical --relax --mt 2 -L xil_defaultlib -L unisims_ver -L unimacro_ver -L secureip --snapshot tb_mul_poly_behav xil_defaultlib.tb_mul_poly xil_defaultlib.glbl -log elaborate.log 
Using 2 slave threads.
Starting static elaboration
Pass Through NonSizing Optimizer
WARNING: [VRFC 10-3091] actual bit length 24 differs from formal bit length 26 for port 'R' [C:/Hung/Viettel/Stage2/ML-KEM/mul_poly/mul_poly.v:82]
WARNING: [VRFC 10-3091] actual bit length 27 differs from formal bit length 26 for port 'x' [C:/Hung/Viettel/Stage2/ML-KEM/mul_poly/mul_12bit.v:151]
WARNING: [VRFC 10-3091] actual bit length 27 differs from formal bit length 26 for port 'y' [C:/Hung/Viettel/Stage2/ML-KEM/mul_poly/mul_12bit.v:152]
WARNING: [VRFC 10-3091] actual bit length 27 differs from formal bit length 26 for port 'z' [C:/Hung/Viettel/Stage2/ML-KEM/mul_poly/mul_12bit.v:153]
WARNING: [VRFC 10-3091] actual bit length 27 differs from formal bit length 26 for port 'x' [C:/Hung/Viettel/Stage2/ML-KEM/mul_poly/mul_12bit.v:159]
WARNING: [VRFC 10-3091] actual bit length 27 differs from formal bit length 26 for port 'y' [C:/Hung/Viettel/Stage2/ML-KEM/mul_poly/mul_12bit.v:160]
WARNING: [VRFC 10-3091] actual bit length 27 differs from formal bit length 26 for port 'z' [C:/Hung/Viettel/Stage2/ML-KEM/mul_poly/mul_12bit.v:161]
WARNING: [VRFC 10-3091] actual bit length 24 differs from formal bit length 26 for port 'R' [C:/Hung/Viettel/Stage2/ML-KEM/mul_poly/mul_poly.v:90]
WARNING: [VRFC 10-3091] actual bit length 24 differs from formal bit length 26 for port 'R' [C:/Hung/Viettel/Stage2/ML-KEM/mul_poly/mul_poly.v:98]
WARNING: [VRFC 10-3091] actual bit length 24 differs from formal bit length 26 for port 'R' [C:/Hung/Viettel/Stage2/ML-KEM/mul_poly/mul_poly.v:106]
WARNING: [VRFC 10-3091] actual bit length 12 differs from formal bit length 13 for port 'B' [C:/Hung/Viettel/Stage2/ML-KEM/mul_poly/mul_poly.v:113]
WARNING: [VRFC 10-3091] actual bit length 24 differs from formal bit length 26 for port 'R' [C:/Hung/Viettel/Stage2/ML-KEM/mul_poly/mul_poly.v:114]
WARNING: [VRFC 10-3705] select index 119 into 'reg_zeta' is out of bounds [C:/Hung/Viettel/Stage2/ML-KEM/mul_poly/mul_poly.v:37]
Completed static elaboration
Starting simulation data flow analysis
Completed simulation data flow analysis
Time Resolution for simulation is 1ps
Compiling module xil_defaultlib.barret
Compiling module xil_defaultlib.fulladder
Compiling module xil_defaultlib.csa(WIDTH=26)
Compiling module xil_defaultlib.BoothDecode
Compiling module xil_defaultlib.mul_12bit
Compiling module xil_defaultlib.mul_poly
Compiling module xil_defaultlib.tb_mul_poly
Compiling module xil_defaultlib.glbl
Built simulation snapshot tb_mul_poly_behav
INFO: [USF-XSim-69] 'elaborate' step finished in '2' seconds
Time resolution is 1 ps
Start Barrett Testbench
Finished
$finish called at time : 530 ns : File "C:/Hung/Viettel/Stage2/ML-KEM/mul_poly/tb_mul_poly.v" Line 56
relaunch_sim: Time (s): cpu = 00:00:00 ; elapsed = 00:00:05 . Memory (MB): peak = 2087.770 ; gain = 0.000
save_wave_config {C:/Hung/Viettel/Stage2/ML-KEM/mul_poly/mul_matrix/tb_mul_12bit_behav.wcfg}
relaunch_sim
Command: launch_simulation -step compile -simset sim_1 -mode behavioral
INFO: [Vivado 12-12493] Simulation top is 'tb_mul_poly'
WARNING: [Vivado 12-13340] Unable to auto find GCC executables from simulator install path! (path not set)
WARNING: [Vivado 12-13277] Compiled library path does not exist: ''
INFO: [Vivado 12-5682] Launching behavioral simulation in 'C:/Hung/Viettel/Stage2/ML-KEM/mul_poly/mul_matrix/mul_matrix.sim/sim_1/behav/xsim'
INFO: [SIM-utils-51] Simulation object is 'sim_1'
INFO: [USF-XSim-2] XSim::Compile design
INFO: [USF-XSim-61] Executing 'COMPILE and ANALYZE' step in 'C:/Hung/Viettel/Stage2/ML-KEM/mul_poly/mul_matrix/mul_matrix.sim/sim_1/behav/xsim'
"xvlog --incr --relax -prj tb_mul_poly_vlog.prj"
INFO: [VRFC 10-2263] Analyzing Verilog file "C:/Hung/Viettel/Stage2/ML-KEM/mul_poly/BoothDecode.v" into library xil_defaultlib
INFO: [VRFC 10-311] analyzing module BoothDecode
INFO: [VRFC 10-2263] Analyzing Verilog file "C:/Hung/Viettel/Stage2/ML-KEM/NTT/barret.v" into library xil_defaultlib
INFO: [VRFC 10-311] analyzing module barret
INFO: [VRFC 10-2263] Analyzing Verilog file "C:/Hung/Viettel/Stage2/ML-KEM/mul_poly/csa.v" into library xil_defaultlib
INFO: [VRFC 10-311] analyzing module csa
INFO: [VRFC 10-311] analyzing module fulladder
INFO: [VRFC 10-2263] Analyzing Verilog file "C:/Hung/Viettel/Stage2/ML-KEM/mul_poly/mul_12bit.v" into library xil_defaultlib
INFO: [VRFC 10-311] analyzing module mul_12bit
INFO: [VRFC 10-2263] Analyzing Verilog file "C:/Hung/Viettel/Stage2/ML-KEM/mul_poly/mul_poly.v" into library xil_defaultlib
INFO: [VRFC 10-311] analyzing module mul_poly
INFO: [VRFC 10-2263] Analyzing Verilog file "C:/Hung/Viettel/Stage2/ML-KEM/mul_poly/tb_mul_poly.v" into library xil_defaultlib
INFO: [VRFC 10-311] analyzing module tb_mul_poly
INFO: [USF-XSim-69] 'compile' step finished in '1' seconds
Command: launch_simulation -step elaborate -simset sim_1 -mode behavioral
INFO: [Vivado 12-12493] Simulation top is 'tb_mul_poly'
WARNING: [Vivado 12-13340] Unable to auto find GCC executables from simulator install path! (path not set)
WARNING: [Vivado 12-13277] Compiled library path does not exist: ''
INFO: [Vivado 12-5682] Launching behavioral simulation in 'C:/Hung/Viettel/Stage2/ML-KEM/mul_poly/mul_matrix/mul_matrix.sim/sim_1/behav/xsim'
INFO: [SIM-utils-51] Simulation object is 'sim_1'
INFO: [USF-XSim-3] XSim::Elaborate design
INFO: [USF-XSim-61] Executing 'ELABORATE' step in 'C:/Hung/Viettel/Stage2/ML-KEM/mul_poly/mul_matrix/mul_matrix.sim/sim_1/behav/xsim'
"xelab --incr --debug typical --relax --mt 2 -L xil_defaultlib -L unisims_ver -L unimacro_ver -L secureip --snapshot tb_mul_poly_behav xil_defaultlib.tb_mul_poly xil_defaultlib.glbl -log elaborate.log"
Vivado Simulator v2022.2.2
Copyright 1986-1999, 2001-2022 Xilinx, Inc. All Rights Reserved.
Running: C:/Xilinx/Vivado/2022.2/bin/unwrapped/win64.o/xelab.exe --incr --debug typical --relax --mt 2 -L xil_defaultlib -L unisims_ver -L unimacro_ver -L secureip --snapshot tb_mul_poly_behav xil_defaultlib.tb_mul_poly xil_defaultlib.glbl -log elaborate.log 
Using 2 slave threads.
Starting static elaboration
Pass Through NonSizing Optimizer
WARNING: [VRFC 10-3091] actual bit length 24 differs from formal bit length 26 for port 'R' [C:/Hung/Viettel/Stage2/ML-KEM/mul_poly/mul_poly.v:82]
WARNING: [VRFC 10-3091] actual bit length 27 differs from formal bit length 26 for port 'x' [C:/Hung/Viettel/Stage2/ML-KEM/mul_poly/mul_12bit.v:151]
WARNING: [VRFC 10-3091] actual bit length 27 differs from formal bit length 26 for port 'y' [C:/Hung/Viettel/Stage2/ML-KEM/mul_poly/mul_12bit.v:152]
WARNING: [VRFC 10-3091] actual bit length 27 differs from formal bit length 26 for port 'z' [C:/Hung/Viettel/Stage2/ML-KEM/mul_poly/mul_12bit.v:153]
WARNING: [VRFC 10-3091] actual bit length 27 differs from formal bit length 26 for port 'x' [C:/Hung/Viettel/Stage2/ML-KEM/mul_poly/mul_12bit.v:159]
WARNING: [VRFC 10-3091] actual bit length 27 differs from formal bit length 26 for port 'y' [C:/Hung/Viettel/Stage2/ML-KEM/mul_poly/mul_12bit.v:160]
WARNING: [VRFC 10-3091] actual bit length 27 differs from formal bit length 26 for port 'z' [C:/Hung/Viettel/Stage2/ML-KEM/mul_poly/mul_12bit.v:161]
WARNING: [VRFC 10-3091] actual bit length 24 differs from formal bit length 26 for port 'R' [C:/Hung/Viettel/Stage2/ML-KEM/mul_poly/mul_poly.v:90]
WARNING: [VRFC 10-3091] actual bit length 24 differs from formal bit length 26 for port 'R' [C:/Hung/Viettel/Stage2/ML-KEM/mul_poly/mul_poly.v:98]
WARNING: [VRFC 10-3091] actual bit length 24 differs from formal bit length 26 for port 'R' [C:/Hung/Viettel/Stage2/ML-KEM/mul_poly/mul_poly.v:106]
WARNING: [VRFC 10-3091] actual bit length 12 differs from formal bit length 13 for port 'B' [C:/Hung/Viettel/Stage2/ML-KEM/mul_poly/mul_poly.v:113]
WARNING: [VRFC 10-3091] actual bit length 24 differs from formal bit length 26 for port 'R' [C:/Hung/Viettel/Stage2/ML-KEM/mul_poly/mul_poly.v:114]
WARNING: [VRFC 10-3705] select index 119 into 'reg_zeta' is out of bounds [C:/Hung/Viettel/Stage2/ML-KEM/mul_poly/mul_poly.v:37]
Completed static elaboration
Starting simulation data flow analysis
Completed simulation data flow analysis
Time Resolution for simulation is 1ps
Compiling module xil_defaultlib.barret
Compiling module xil_defaultlib.fulladder
Compiling module xil_defaultlib.csa(WIDTH=26)
Compiling module xil_defaultlib.BoothDecode
Compiling module xil_defaultlib.mul_12bit
Compiling module xil_defaultlib.mul_poly
Compiling module xil_defaultlib.tb_mul_poly
Compiling module xil_defaultlib.glbl
Built simulation snapshot tb_mul_poly_behav
INFO: [USF-XSim-69] 'elaborate' step finished in '2' seconds
Time resolution is 1 ps
Start Barrett Testbench
Finished
$finish called at time : 530 ns : File "C:/Hung/Viettel/Stage2/ML-KEM/mul_poly/tb_mul_poly.v" Line 56
relaunch_sim: Time (s): cpu = 00:00:01 ; elapsed = 00:00:05 . Memory (MB): peak = 2087.770 ; gain = 0.000
relaunch_sim
Command: launch_simulation -step compile -simset sim_1 -mode behavioral
INFO: [Vivado 12-12493] Simulation top is 'tb_mul_poly'
WARNING: [Vivado 12-13340] Unable to auto find GCC executables from simulator install path! (path not set)
WARNING: [Vivado 12-13277] Compiled library path does not exist: ''
INFO: [Vivado 12-5682] Launching behavioral simulation in 'C:/Hung/Viettel/Stage2/ML-KEM/mul_poly/mul_matrix/mul_matrix.sim/sim_1/behav/xsim'
INFO: [SIM-utils-51] Simulation object is 'sim_1'
INFO: [USF-XSim-2] XSim::Compile design
INFO: [USF-XSim-61] Executing 'COMPILE and ANALYZE' step in 'C:/Hung/Viettel/Stage2/ML-KEM/mul_poly/mul_matrix/mul_matrix.sim/sim_1/behav/xsim'
"xvlog --incr --relax -prj tb_mul_poly_vlog.prj"
INFO: [VRFC 10-2263] Analyzing Verilog file "C:/Hung/Viettel/Stage2/ML-KEM/mul_poly/BoothDecode.v" into library xil_defaultlib
INFO: [VRFC 10-311] analyzing module BoothDecode
INFO: [VRFC 10-2263] Analyzing Verilog file "C:/Hung/Viettel/Stage2/ML-KEM/NTT/barret.v" into library xil_defaultlib
INFO: [VRFC 10-311] analyzing module barret
INFO: [VRFC 10-2263] Analyzing Verilog file "C:/Hung/Viettel/Stage2/ML-KEM/mul_poly/csa.v" into library xil_defaultlib
INFO: [VRFC 10-311] analyzing module csa
INFO: [VRFC 10-311] analyzing module fulladder
INFO: [VRFC 10-2263] Analyzing Verilog file "C:/Hung/Viettel/Stage2/ML-KEM/mul_poly/mul_12bit.v" into library xil_defaultlib
INFO: [VRFC 10-311] analyzing module mul_12bit
INFO: [VRFC 10-2263] Analyzing Verilog file "C:/Hung/Viettel/Stage2/ML-KEM/mul_poly/mul_poly.v" into library xil_defaultlib
INFO: [VRFC 10-311] analyzing module mul_poly
INFO: [VRFC 10-2263] Analyzing Verilog file "C:/Hung/Viettel/Stage2/ML-KEM/mul_poly/tb_mul_poly.v" into library xil_defaultlib
INFO: [VRFC 10-311] analyzing module tb_mul_poly
INFO: [USF-XSim-69] 'compile' step finished in '2' seconds
Command: launch_simulation -step elaborate -simset sim_1 -mode behavioral
INFO: [Vivado 12-12493] Simulation top is 'tb_mul_poly'
WARNING: [Vivado 12-13340] Unable to auto find GCC executables from simulator install path! (path not set)
WARNING: [Vivado 12-13277] Compiled library path does not exist: ''
INFO: [Vivado 12-5682] Launching behavioral simulation in 'C:/Hung/Viettel/Stage2/ML-KEM/mul_poly/mul_matrix/mul_matrix.sim/sim_1/behav/xsim'
INFO: [SIM-utils-51] Simulation object is 'sim_1'
INFO: [USF-XSim-3] XSim::Elaborate design
INFO: [USF-XSim-61] Executing 'ELABORATE' step in 'C:/Hung/Viettel/Stage2/ML-KEM/mul_poly/mul_matrix/mul_matrix.sim/sim_1/behav/xsim'
"xelab --incr --debug typical --relax --mt 2 -L xil_defaultlib -L unisims_ver -L unimacro_ver -L secureip --snapshot tb_mul_poly_behav xil_defaultlib.tb_mul_poly xil_defaultlib.glbl -log elaborate.log"
Vivado Simulator v2022.2.2
Copyright 1986-1999, 2001-2022 Xilinx, Inc. All Rights Reserved.
Running: C:/Xilinx/Vivado/2022.2/bin/unwrapped/win64.o/xelab.exe --incr --debug typical --relax --mt 2 -L xil_defaultlib -L unisims_ver -L unimacro_ver -L secureip --snapshot tb_mul_poly_behav xil_defaultlib.tb_mul_poly xil_defaultlib.glbl -log elaborate.log 
Using 2 slave threads.
Starting static elaboration
Pass Through NonSizing Optimizer
WARNING: [VRFC 10-3091] actual bit length 24 differs from formal bit length 26 for port 'R' [C:/Hung/Viettel/Stage2/ML-KEM/mul_poly/mul_poly.v:82]
WARNING: [VRFC 10-3091] actual bit length 27 differs from formal bit length 26 for port 'x' [C:/Hung/Viettel/Stage2/ML-KEM/mul_poly/mul_12bit.v:151]
WARNING: [VRFC 10-3091] actual bit length 27 differs from formal bit length 26 for port 'y' [C:/Hung/Viettel/Stage2/ML-KEM/mul_poly/mul_12bit.v:152]
WARNING: [VRFC 10-3091] actual bit length 27 differs from formal bit length 26 for port 'z' [C:/Hung/Viettel/Stage2/ML-KEM/mul_poly/mul_12bit.v:153]
WARNING: [VRFC 10-3091] actual bit length 27 differs from formal bit length 26 for port 'x' [C:/Hung/Viettel/Stage2/ML-KEM/mul_poly/mul_12bit.v:159]
WARNING: [VRFC 10-3091] actual bit length 27 differs from formal bit length 26 for port 'y' [C:/Hung/Viettel/Stage2/ML-KEM/mul_poly/mul_12bit.v:160]
WARNING: [VRFC 10-3091] actual bit length 27 differs from formal bit length 26 for port 'z' [C:/Hung/Viettel/Stage2/ML-KEM/mul_poly/mul_12bit.v:161]
WARNING: [VRFC 10-3091] actual bit length 24 differs from formal bit length 26 for port 'R' [C:/Hung/Viettel/Stage2/ML-KEM/mul_poly/mul_poly.v:90]
WARNING: [VRFC 10-3091] actual bit length 24 differs from formal bit length 26 for port 'R' [C:/Hung/Viettel/Stage2/ML-KEM/mul_poly/mul_poly.v:98]
WARNING: [VRFC 10-3091] actual bit length 24 differs from formal bit length 26 for port 'R' [C:/Hung/Viettel/Stage2/ML-KEM/mul_poly/mul_poly.v:106]
WARNING: [VRFC 10-3091] actual bit length 24 differs from formal bit length 26 for port 'R' [C:/Hung/Viettel/Stage2/ML-KEM/mul_poly/mul_poly.v:114]
WARNING: [VRFC 10-3705] select index 119 into 'reg_zeta' is out of bounds [C:/Hung/Viettel/Stage2/ML-KEM/mul_poly/mul_poly.v:37]
Completed static elaboration
Starting simulation data flow analysis
Completed simulation data flow analysis
Time Resolution for simulation is 1ps
Compiling module xil_defaultlib.barret
Compiling module xil_defaultlib.fulladder
Compiling module xil_defaultlib.csa(WIDTH=26)
Compiling module xil_defaultlib.BoothDecode
Compiling module xil_defaultlib.mul_12bit
Compiling module xil_defaultlib.mul_poly
Compiling module xil_defaultlib.tb_mul_poly
Compiling module xil_defaultlib.glbl
Built simulation snapshot tb_mul_poly_behav
INFO: [USF-XSim-69] 'elaborate' step finished in '2' seconds
Time resolution is 1 ps
Start Barrett Testbench
Finished
$finish called at time : 530 ns : File "C:/Hung/Viettel/Stage2/ML-KEM/mul_poly/tb_mul_poly.v" Line 56
relaunch_sim: Time (s): cpu = 00:00:00 ; elapsed = 00:00:05 . Memory (MB): peak = 2087.770 ; gain = 0.000
relaunch_sim
Command: launch_simulation -step compile -simset sim_1 -mode behavioral
INFO: [Vivado 12-12493] Simulation top is 'tb_mul_poly'
WARNING: [Vivado 12-13340] Unable to auto find GCC executables from simulator install path! (path not set)
WARNING: [Vivado 12-13277] Compiled library path does not exist: ''
INFO: [Vivado 12-5682] Launching behavioral simulation in 'C:/Hung/Viettel/Stage2/ML-KEM/mul_poly/mul_matrix/mul_matrix.sim/sim_1/behav/xsim'
INFO: [SIM-utils-51] Simulation object is 'sim_1'
INFO: [USF-XSim-2] XSim::Compile design
INFO: [USF-XSim-61] Executing 'COMPILE and ANALYZE' step in 'C:/Hung/Viettel/Stage2/ML-KEM/mul_poly/mul_matrix/mul_matrix.sim/sim_1/behav/xsim'
"xvlog --incr --relax -prj tb_mul_poly_vlog.prj"
INFO: [VRFC 10-2263] Analyzing Verilog file "C:/Hung/Viettel/Stage2/ML-KEM/mul_poly/BoothDecode.v" into library xil_defaultlib
INFO: [VRFC 10-311] analyzing module BoothDecode
INFO: [VRFC 10-2263] Analyzing Verilog file "C:/Hung/Viettel/Stage2/ML-KEM/NTT/barret.v" into library xil_defaultlib
INFO: [VRFC 10-311] analyzing module barret
INFO: [VRFC 10-2263] Analyzing Verilog file "C:/Hung/Viettel/Stage2/ML-KEM/mul_poly/csa.v" into library xil_defaultlib
INFO: [VRFC 10-311] analyzing module csa
INFO: [VRFC 10-311] analyzing module fulladder
INFO: [VRFC 10-2263] Analyzing Verilog file "C:/Hung/Viettel/Stage2/ML-KEM/mul_poly/mul_12bit.v" into library xil_defaultlib
INFO: [VRFC 10-311] analyzing module mul_12bit
INFO: [VRFC 10-2263] Analyzing Verilog file "C:/Hung/Viettel/Stage2/ML-KEM/mul_poly/mul_poly.v" into library xil_defaultlib
INFO: [VRFC 10-311] analyzing module mul_poly
INFO: [VRFC 10-2263] Analyzing Verilog file "C:/Hung/Viettel/Stage2/ML-KEM/mul_poly/tb_mul_poly.v" into library xil_defaultlib
INFO: [VRFC 10-311] analyzing module tb_mul_poly
INFO: [USF-XSim-69] 'compile' step finished in '1' seconds
Command: launch_simulation -step elaborate -simset sim_1 -mode behavioral
INFO: [Vivado 12-12493] Simulation top is 'tb_mul_poly'
WARNING: [Vivado 12-13340] Unable to auto find GCC executables from simulator install path! (path not set)
WARNING: [Vivado 12-13277] Compiled library path does not exist: ''
INFO: [Vivado 12-5682] Launching behavioral simulation in 'C:/Hung/Viettel/Stage2/ML-KEM/mul_poly/mul_matrix/mul_matrix.sim/sim_1/behav/xsim'
INFO: [SIM-utils-51] Simulation object is 'sim_1'
INFO: [USF-XSim-3] XSim::Elaborate design
INFO: [USF-XSim-61] Executing 'ELABORATE' step in 'C:/Hung/Viettel/Stage2/ML-KEM/mul_poly/mul_matrix/mul_matrix.sim/sim_1/behav/xsim'
"xelab --incr --debug typical --relax --mt 2 -L xil_defaultlib -L unisims_ver -L unimacro_ver -L secureip --snapshot tb_mul_poly_behav xil_defaultlib.tb_mul_poly xil_defaultlib.glbl -log elaborate.log"
Vivado Simulator v2022.2.2
Copyright 1986-1999, 2001-2022 Xilinx, Inc. All Rights Reserved.
Running: C:/Xilinx/Vivado/2022.2/bin/unwrapped/win64.o/xelab.exe --incr --debug typical --relax --mt 2 -L xil_defaultlib -L unisims_ver -L unimacro_ver -L secureip --snapshot tb_mul_poly_behav xil_defaultlib.tb_mul_poly xil_defaultlib.glbl -log elaborate.log 
Using 2 slave threads.
Starting static elaboration
Pass Through NonSizing Optimizer
WARNING: [VRFC 10-3091] actual bit length 24 differs from formal bit length 26 for port 'R' [C:/Hung/Viettel/Stage2/ML-KEM/mul_poly/mul_poly.v:82]
WARNING: [VRFC 10-3091] actual bit length 27 differs from formal bit length 26 for port 'x' [C:/Hung/Viettel/Stage2/ML-KEM/mul_poly/mul_12bit.v:151]
WARNING: [VRFC 10-3091] actual bit length 27 differs from formal bit length 26 for port 'y' [C:/Hung/Viettel/Stage2/ML-KEM/mul_poly/mul_12bit.v:152]
WARNING: [VRFC 10-3091] actual bit length 27 differs from formal bit length 26 for port 'z' [C:/Hung/Viettel/Stage2/ML-KEM/mul_poly/mul_12bit.v:153]
WARNING: [VRFC 10-3091] actual bit length 27 differs from formal bit length 26 for port 'x' [C:/Hung/Viettel/Stage2/ML-KEM/mul_poly/mul_12bit.v:159]
WARNING: [VRFC 10-3091] actual bit length 27 differs from formal bit length 26 for port 'y' [C:/Hung/Viettel/Stage2/ML-KEM/mul_poly/mul_12bit.v:160]
WARNING: [VRFC 10-3091] actual bit length 27 differs from formal bit length 26 for port 'z' [C:/Hung/Viettel/Stage2/ML-KEM/mul_poly/mul_12bit.v:161]
WARNING: [VRFC 10-3091] actual bit length 24 differs from formal bit length 26 for port 'R' [C:/Hung/Viettel/Stage2/ML-KEM/mul_poly/mul_poly.v:90]
WARNING: [VRFC 10-3091] actual bit length 24 differs from formal bit length 26 for port 'R' [C:/Hung/Viettel/Stage2/ML-KEM/mul_poly/mul_poly.v:98]
WARNING: [VRFC 10-3091] actual bit length 24 differs from formal bit length 26 for port 'R' [C:/Hung/Viettel/Stage2/ML-KEM/mul_poly/mul_poly.v:106]
WARNING: [VRFC 10-3091] actual bit length 24 differs from formal bit length 26 for port 'R' [C:/Hung/Viettel/Stage2/ML-KEM/mul_poly/mul_poly.v:114]
WARNING: [VRFC 10-3705] select index 129 into 'reg_zeta' is out of bounds [C:/Hung/Viettel/Stage2/ML-KEM/mul_poly/mul_poly.v:37]
Completed static elaboration
Starting simulation data flow analysis
Completed simulation data flow analysis
Time Resolution for simulation is 1ps
Compiling module xil_defaultlib.barret
Compiling module xil_defaultlib.fulladder
Compiling module xil_defaultlib.csa(WIDTH=26)
Compiling module xil_defaultlib.BoothDecode
Compiling module xil_defaultlib.mul_12bit
Compiling module xil_defaultlib.mul_poly
Compiling module xil_defaultlib.tb_mul_poly
Compiling module xil_defaultlib.glbl
Built simulation snapshot tb_mul_poly_behav
INFO: [USF-XSim-69] 'elaborate' step finished in '2' seconds
Time resolution is 1 ps
Start Barrett Testbench
Finished
$finish called at time : 530 ns : File "C:/Hung/Viettel/Stage2/ML-KEM/mul_poly/tb_mul_poly.v" Line 56
relaunch_sim: Time (s): cpu = 00:00:00 ; elapsed = 00:00:05 . Memory (MB): peak = 2087.770 ; gain = 0.000
relaunch_sim
Command: launch_simulation -step compile -simset sim_1 -mode behavioral
INFO: [Vivado 12-12493] Simulation top is 'tb_mul_poly'
WARNING: [Vivado 12-13340] Unable to auto find GCC executables from simulator install path! (path not set)
WARNING: [Vivado 12-13277] Compiled library path does not exist: ''
INFO: [Vivado 12-5682] Launching behavioral simulation in 'C:/Hung/Viettel/Stage2/ML-KEM/mul_poly/mul_matrix/mul_matrix.sim/sim_1/behav/xsim'
INFO: [SIM-utils-51] Simulation object is 'sim_1'
INFO: [USF-XSim-2] XSim::Compile design
INFO: [USF-XSim-61] Executing 'COMPILE and ANALYZE' step in 'C:/Hung/Viettel/Stage2/ML-KEM/mul_poly/mul_matrix/mul_matrix.sim/sim_1/behav/xsim'
"xvlog --incr --relax -prj tb_mul_poly_vlog.prj"
INFO: [VRFC 10-2263] Analyzing Verilog file "C:/Hung/Viettel/Stage2/ML-KEM/mul_poly/BoothDecode.v" into library xil_defaultlib
INFO: [VRFC 10-311] analyzing module BoothDecode
INFO: [VRFC 10-2263] Analyzing Verilog file "C:/Hung/Viettel/Stage2/ML-KEM/NTT/barret.v" into library xil_defaultlib
INFO: [VRFC 10-311] analyzing module barret
INFO: [VRFC 10-2263] Analyzing Verilog file "C:/Hung/Viettel/Stage2/ML-KEM/mul_poly/csa.v" into library xil_defaultlib
INFO: [VRFC 10-311] analyzing module csa
INFO: [VRFC 10-311] analyzing module fulladder
INFO: [VRFC 10-2263] Analyzing Verilog file "C:/Hung/Viettel/Stage2/ML-KEM/mul_poly/mul_12bit.v" into library xil_defaultlib
INFO: [VRFC 10-311] analyzing module mul_12bit
INFO: [VRFC 10-2263] Analyzing Verilog file "C:/Hung/Viettel/Stage2/ML-KEM/mul_poly/mul_poly.v" into library xil_defaultlib
INFO: [VRFC 10-311] analyzing module mul_poly
INFO: [VRFC 10-2263] Analyzing Verilog file "C:/Hung/Viettel/Stage2/ML-KEM/mul_poly/tb_mul_poly.v" into library xil_defaultlib
INFO: [VRFC 10-311] analyzing module tb_mul_poly
INFO: [USF-XSim-69] 'compile' step finished in '1' seconds
Command: launch_simulation -step elaborate -simset sim_1 -mode behavioral
INFO: [Vivado 12-12493] Simulation top is 'tb_mul_poly'
WARNING: [Vivado 12-13340] Unable to auto find GCC executables from simulator install path! (path not set)
WARNING: [Vivado 12-13277] Compiled library path does not exist: ''
INFO: [Vivado 12-5682] Launching behavioral simulation in 'C:/Hung/Viettel/Stage2/ML-KEM/mul_poly/mul_matrix/mul_matrix.sim/sim_1/behav/xsim'
INFO: [SIM-utils-51] Simulation object is 'sim_1'
INFO: [USF-XSim-3] XSim::Elaborate design
INFO: [USF-XSim-61] Executing 'ELABORATE' step in 'C:/Hung/Viettel/Stage2/ML-KEM/mul_poly/mul_matrix/mul_matrix.sim/sim_1/behav/xsim'
"xelab --incr --debug typical --relax --mt 2 -L xil_defaultlib -L unisims_ver -L unimacro_ver -L secureip --snapshot tb_mul_poly_behav xil_defaultlib.tb_mul_poly xil_defaultlib.glbl -log elaborate.log"
Vivado Simulator v2022.2.2
Copyright 1986-1999, 2001-2022 Xilinx, Inc. All Rights Reserved.
Running: C:/Xilinx/Vivado/2022.2/bin/unwrapped/win64.o/xelab.exe --incr --debug typical --relax --mt 2 -L xil_defaultlib -L unisims_ver -L unimacro_ver -L secureip --snapshot tb_mul_poly_behav xil_defaultlib.tb_mul_poly xil_defaultlib.glbl -log elaborate.log 
Using 2 slave threads.
Starting static elaboration
Pass Through NonSizing Optimizer
WARNING: [VRFC 10-3091] actual bit length 24 differs from formal bit length 26 for port 'R' [C:/Hung/Viettel/Stage2/ML-KEM/mul_poly/mul_poly.v:82]
WARNING: [VRFC 10-3091] actual bit length 27 differs from formal bit length 26 for port 'x' [C:/Hung/Viettel/Stage2/ML-KEM/mul_poly/mul_12bit.v:151]
WARNING: [VRFC 10-3091] actual bit length 27 differs from formal bit length 26 for port 'y' [C:/Hung/Viettel/Stage2/ML-KEM/mul_poly/mul_12bit.v:152]
WARNING: [VRFC 10-3091] actual bit length 27 differs from formal bit length 26 for port 'z' [C:/Hung/Viettel/Stage2/ML-KEM/mul_poly/mul_12bit.v:153]
WARNING: [VRFC 10-3091] actual bit length 27 differs from formal bit length 26 for port 'x' [C:/Hung/Viettel/Stage2/ML-KEM/mul_poly/mul_12bit.v:159]
WARNING: [VRFC 10-3091] actual bit length 27 differs from formal bit length 26 for port 'y' [C:/Hung/Viettel/Stage2/ML-KEM/mul_poly/mul_12bit.v:160]
WARNING: [VRFC 10-3091] actual bit length 27 differs from formal bit length 26 for port 'z' [C:/Hung/Viettel/Stage2/ML-KEM/mul_poly/mul_12bit.v:161]
WARNING: [VRFC 10-3091] actual bit length 24 differs from formal bit length 26 for port 'R' [C:/Hung/Viettel/Stage2/ML-KEM/mul_poly/mul_poly.v:90]
WARNING: [VRFC 10-3091] actual bit length 24 differs from formal bit length 26 for port 'R' [C:/Hung/Viettel/Stage2/ML-KEM/mul_poly/mul_poly.v:98]
WARNING: [VRFC 10-3091] actual bit length 24 differs from formal bit length 26 for port 'R' [C:/Hung/Viettel/Stage2/ML-KEM/mul_poly/mul_poly.v:106]
WARNING: [VRFC 10-3091] actual bit length 24 differs from formal bit length 26 for port 'R' [C:/Hung/Viettel/Stage2/ML-KEM/mul_poly/mul_poly.v:114]
WARNING: [VRFC 10-3705] select index 129 into 'reg_zeta' is out of bounds [C:/Hung/Viettel/Stage2/ML-KEM/mul_poly/mul_poly.v:37]
Completed static elaboration
Starting simulation data flow analysis
Completed simulation data flow analysis
Time Resolution for simulation is 1ps
Compiling module xil_defaultlib.barret
Compiling module xil_defaultlib.fulladder
Compiling module xil_defaultlib.csa(WIDTH=26)
Compiling module xil_defaultlib.BoothDecode
Compiling module xil_defaultlib.mul_12bit
Compiling module xil_defaultlib.mul_poly
Compiling module xil_defaultlib.tb_mul_poly
Compiling module xil_defaultlib.glbl
Built simulation snapshot tb_mul_poly_behav
INFO: [USF-XSim-69] 'elaborate' step finished in '1' seconds
Time resolution is 1 ps
Start Barrett Testbench
Finished
$finish called at time : 530 ns : File "C:/Hung/Viettel/Stage2/ML-KEM/mul_poly/tb_mul_poly.v" Line 56
relaunch_sim: Time (s): cpu = 00:00:01 ; elapsed = 00:00:06 . Memory (MB): peak = 2087.770 ; gain = 0.000
save_wave_config {C:/Hung/Viettel/Stage2/ML-KEM/mul_poly/mul_matrix/tb_mul_12bit_behav.wcfg}
relaunch_sim
Command: launch_simulation -step compile -simset sim_1 -mode behavioral
INFO: [Vivado 12-12493] Simulation top is 'tb_mul_poly'
WARNING: [Vivado 12-13340] Unable to auto find GCC executables from simulator install path! (path not set)
WARNING: [Vivado 12-13277] Compiled library path does not exist: ''
INFO: [Vivado 12-5682] Launching behavioral simulation in 'C:/Hung/Viettel/Stage2/ML-KEM/mul_poly/mul_matrix/mul_matrix.sim/sim_1/behav/xsim'
INFO: [SIM-utils-51] Simulation object is 'sim_1'
INFO: [USF-XSim-2] XSim::Compile design
INFO: [USF-XSim-61] Executing 'COMPILE and ANALYZE' step in 'C:/Hung/Viettel/Stage2/ML-KEM/mul_poly/mul_matrix/mul_matrix.sim/sim_1/behav/xsim'
"xvlog --incr --relax -prj tb_mul_poly_vlog.prj"
INFO: [VRFC 10-2263] Analyzing Verilog file "C:/Hung/Viettel/Stage2/ML-KEM/mul_poly/BoothDecode.v" into library xil_defaultlib
INFO: [VRFC 10-311] analyzing module BoothDecode
INFO: [VRFC 10-2263] Analyzing Verilog file "C:/Hung/Viettel/Stage2/ML-KEM/NTT/barret.v" into library xil_defaultlib
INFO: [VRFC 10-311] analyzing module barret
INFO: [VRFC 10-2263] Analyzing Verilog file "C:/Hung/Viettel/Stage2/ML-KEM/mul_poly/csa.v" into library xil_defaultlib
INFO: [VRFC 10-311] analyzing module csa
INFO: [VRFC 10-311] analyzing module fulladder
INFO: [VRFC 10-2263] Analyzing Verilog file "C:/Hung/Viettel/Stage2/ML-KEM/mul_poly/mul_12bit.v" into library xil_defaultlib
INFO: [VRFC 10-311] analyzing module mul_12bit
INFO: [VRFC 10-2263] Analyzing Verilog file "C:/Hung/Viettel/Stage2/ML-KEM/mul_poly/mul_poly.v" into library xil_defaultlib
INFO: [VRFC 10-311] analyzing module mul_poly
INFO: [VRFC 10-2263] Analyzing Verilog file "C:/Hung/Viettel/Stage2/ML-KEM/mul_poly/tb_mul_poly.v" into library xil_defaultlib
INFO: [VRFC 10-311] analyzing module tb_mul_poly
INFO: [USF-XSim-69] 'compile' step finished in '1' seconds
Command: launch_simulation -step elaborate -simset sim_1 -mode behavioral
INFO: [Vivado 12-12493] Simulation top is 'tb_mul_poly'
WARNING: [Vivado 12-13340] Unable to auto find GCC executables from simulator install path! (path not set)
WARNING: [Vivado 12-13277] Compiled library path does not exist: ''
INFO: [Vivado 12-5682] Launching behavioral simulation in 'C:/Hung/Viettel/Stage2/ML-KEM/mul_poly/mul_matrix/mul_matrix.sim/sim_1/behav/xsim'
INFO: [SIM-utils-51] Simulation object is 'sim_1'
INFO: [USF-XSim-3] XSim::Elaborate design
INFO: [USF-XSim-61] Executing 'ELABORATE' step in 'C:/Hung/Viettel/Stage2/ML-KEM/mul_poly/mul_matrix/mul_matrix.sim/sim_1/behav/xsim'
"xelab --incr --debug typical --relax --mt 2 -L xil_defaultlib -L unisims_ver -L unimacro_ver -L secureip --snapshot tb_mul_poly_behav xil_defaultlib.tb_mul_poly xil_defaultlib.glbl -log elaborate.log"
Vivado Simulator v2022.2.2
Copyright 1986-1999, 2001-2022 Xilinx, Inc. All Rights Reserved.
Running: C:/Xilinx/Vivado/2022.2/bin/unwrapped/win64.o/xelab.exe --incr --debug typical --relax --mt 2 -L xil_defaultlib -L unisims_ver -L unimacro_ver -L secureip --snapshot tb_mul_poly_behav xil_defaultlib.tb_mul_poly xil_defaultlib.glbl -log elaborate.log 
Using 2 slave threads.
Starting static elaboration
Pass Through NonSizing Optimizer
WARNING: [VRFC 10-3091] actual bit length 24 differs from formal bit length 26 for port 'R' [C:/Hung/Viettel/Stage2/ML-KEM/mul_poly/mul_poly.v:79]
WARNING: [VRFC 10-3091] actual bit length 27 differs from formal bit length 26 for port 'x' [C:/Hung/Viettel/Stage2/ML-KEM/mul_poly/mul_12bit.v:151]
WARNING: [VRFC 10-3091] actual bit length 27 differs from formal bit length 26 for port 'y' [C:/Hung/Viettel/Stage2/ML-KEM/mul_poly/mul_12bit.v:152]
WARNING: [VRFC 10-3091] actual bit length 27 differs from formal bit length 26 for port 'z' [C:/Hung/Viettel/Stage2/ML-KEM/mul_poly/mul_12bit.v:153]
WARNING: [VRFC 10-3091] actual bit length 27 differs from formal bit length 26 for port 'x' [C:/Hung/Viettel/Stage2/ML-KEM/mul_poly/mul_12bit.v:159]
WARNING: [VRFC 10-3091] actual bit length 27 differs from formal bit length 26 for port 'y' [C:/Hung/Viettel/Stage2/ML-KEM/mul_poly/mul_12bit.v:160]
WARNING: [VRFC 10-3091] actual bit length 27 differs from formal bit length 26 for port 'z' [C:/Hung/Viettel/Stage2/ML-KEM/mul_poly/mul_12bit.v:161]
WARNING: [VRFC 10-3091] actual bit length 24 differs from formal bit length 26 for port 'R' [C:/Hung/Viettel/Stage2/ML-KEM/mul_poly/mul_poly.v:87]
WARNING: [VRFC 10-3091] actual bit length 24 differs from formal bit length 26 for port 'R' [C:/Hung/Viettel/Stage2/ML-KEM/mul_poly/mul_poly.v:95]
WARNING: [VRFC 10-3091] actual bit length 24 differs from formal bit length 26 for port 'R' [C:/Hung/Viettel/Stage2/ML-KEM/mul_poly/mul_poly.v:103]
WARNING: [VRFC 10-3091] actual bit length 24 differs from formal bit length 26 for port 'R' [C:/Hung/Viettel/Stage2/ML-KEM/mul_poly/mul_poly.v:111]
WARNING: [VRFC 10-3705] select index 129 into 'reg_zeta' is out of bounds [C:/Hung/Viettel/Stage2/ML-KEM/mul_poly/mul_poly.v:35]
Completed static elaboration
Starting simulation data flow analysis
Completed simulation data flow analysis
Time Resolution for simulation is 1ps
Compiling module xil_defaultlib.barret
Compiling module xil_defaultlib.fulladder
Compiling module xil_defaultlib.csa(WIDTH=26)
Compiling module xil_defaultlib.BoothDecode
Compiling module xil_defaultlib.mul_12bit
Compiling module xil_defaultlib.mul_poly
Compiling module xil_defaultlib.tb_mul_poly
Compiling module xil_defaultlib.glbl
Built simulation snapshot tb_mul_poly_behav
INFO: [USF-XSim-69] 'elaborate' step finished in '2' seconds
Time resolution is 1 ps
Start Barrett Testbench
Finished
$finish called at time : 530 ns : File "C:/Hung/Viettel/Stage2/ML-KEM/mul_poly/tb_mul_poly.v" Line 56
relaunch_sim: Time (s): cpu = 00:00:01 ; elapsed = 00:00:05 . Memory (MB): peak = 2087.770 ; gain = 0.000
save_wave_config {C:/Hung/Viettel/Stage2/ML-KEM/mul_poly/mul_matrix/tb_mul_12bit_behav.wcfg}
relaunch_sim
Command: launch_simulation -step compile -simset sim_1 -mode behavioral
INFO: [Vivado 12-12493] Simulation top is 'tb_mul_poly'
WARNING: [Vivado 12-13340] Unable to auto find GCC executables from simulator install path! (path not set)
WARNING: [Vivado 12-13277] Compiled library path does not exist: ''
INFO: [Vivado 12-5682] Launching behavioral simulation in 'C:/Hung/Viettel/Stage2/ML-KEM/mul_poly/mul_matrix/mul_matrix.sim/sim_1/behav/xsim'
INFO: [SIM-utils-51] Simulation object is 'sim_1'
INFO: [USF-XSim-2] XSim::Compile design
INFO: [USF-XSim-61] Executing 'COMPILE and ANALYZE' step in 'C:/Hung/Viettel/Stage2/ML-KEM/mul_poly/mul_matrix/mul_matrix.sim/sim_1/behav/xsim'
"xvlog --incr --relax -prj tb_mul_poly_vlog.prj"
INFO: [VRFC 10-2263] Analyzing Verilog file "C:/Hung/Viettel/Stage2/ML-KEM/mul_poly/BoothDecode.v" into library xil_defaultlib
INFO: [VRFC 10-311] analyzing module BoothDecode
INFO: [VRFC 10-2263] Analyzing Verilog file "C:/Hung/Viettel/Stage2/ML-KEM/NTT/barret.v" into library xil_defaultlib
INFO: [VRFC 10-311] analyzing module barret
INFO: [VRFC 10-2263] Analyzing Verilog file "C:/Hung/Viettel/Stage2/ML-KEM/mul_poly/csa.v" into library xil_defaultlib
INFO: [VRFC 10-311] analyzing module csa
INFO: [VRFC 10-311] analyzing module fulladder
INFO: [VRFC 10-2263] Analyzing Verilog file "C:/Hung/Viettel/Stage2/ML-KEM/mul_poly/mul_12bit.v" into library xil_defaultlib
INFO: [VRFC 10-311] analyzing module mul_12bit
INFO: [VRFC 10-2263] Analyzing Verilog file "C:/Hung/Viettel/Stage2/ML-KEM/mul_poly/mul_poly.v" into library xil_defaultlib
INFO: [VRFC 10-311] analyzing module mul_poly
INFO: [VRFC 10-2263] Analyzing Verilog file "C:/Hung/Viettel/Stage2/ML-KEM/mul_poly/tb_mul_poly.v" into library xil_defaultlib
INFO: [VRFC 10-311] analyzing module tb_mul_poly
INFO: [USF-XSim-69] 'compile' step finished in '1' seconds
Command: launch_simulation -step elaborate -simset sim_1 -mode behavioral
INFO: [Vivado 12-12493] Simulation top is 'tb_mul_poly'
WARNING: [Vivado 12-13340] Unable to auto find GCC executables from simulator install path! (path not set)
WARNING: [Vivado 12-13277] Compiled library path does not exist: ''
INFO: [Vivado 12-5682] Launching behavioral simulation in 'C:/Hung/Viettel/Stage2/ML-KEM/mul_poly/mul_matrix/mul_matrix.sim/sim_1/behav/xsim'
INFO: [SIM-utils-51] Simulation object is 'sim_1'
INFO: [USF-XSim-3] XSim::Elaborate design
INFO: [USF-XSim-61] Executing 'ELABORATE' step in 'C:/Hung/Viettel/Stage2/ML-KEM/mul_poly/mul_matrix/mul_matrix.sim/sim_1/behav/xsim'
"xelab --incr --debug typical --relax --mt 2 -L xil_defaultlib -L unisims_ver -L unimacro_ver -L secureip --snapshot tb_mul_poly_behav xil_defaultlib.tb_mul_poly xil_defaultlib.glbl -log elaborate.log"
Vivado Simulator v2022.2.2
Copyright 1986-1999, 2001-2022 Xilinx, Inc. All Rights Reserved.
Running: C:/Xilinx/Vivado/2022.2/bin/unwrapped/win64.o/xelab.exe --incr --debug typical --relax --mt 2 -L xil_defaultlib -L unisims_ver -L unimacro_ver -L secureip --snapshot tb_mul_poly_behav xil_defaultlib.tb_mul_poly xil_defaultlib.glbl -log elaborate.log 
Using 2 slave threads.
Starting static elaboration
Pass Through NonSizing Optimizer
WARNING: [VRFC 10-3091] actual bit length 24 differs from formal bit length 26 for port 'R' [C:/Hung/Viettel/Stage2/ML-KEM/mul_poly/mul_poly.v:79]
WARNING: [VRFC 10-3091] actual bit length 27 differs from formal bit length 26 for port 'x' [C:/Hung/Viettel/Stage2/ML-KEM/mul_poly/mul_12bit.v:151]
WARNING: [VRFC 10-3091] actual bit length 27 differs from formal bit length 26 for port 'y' [C:/Hung/Viettel/Stage2/ML-KEM/mul_poly/mul_12bit.v:152]
WARNING: [VRFC 10-3091] actual bit length 27 differs from formal bit length 26 for port 'z' [C:/Hung/Viettel/Stage2/ML-KEM/mul_poly/mul_12bit.v:153]
WARNING: [VRFC 10-3091] actual bit length 27 differs from formal bit length 26 for port 'x' [C:/Hung/Viettel/Stage2/ML-KEM/mul_poly/mul_12bit.v:159]
WARNING: [VRFC 10-3091] actual bit length 27 differs from formal bit length 26 for port 'y' [C:/Hung/Viettel/Stage2/ML-KEM/mul_poly/mul_12bit.v:160]
WARNING: [VRFC 10-3091] actual bit length 27 differs from formal bit length 26 for port 'z' [C:/Hung/Viettel/Stage2/ML-KEM/mul_poly/mul_12bit.v:161]
WARNING: [VRFC 10-3091] actual bit length 24 differs from formal bit length 26 for port 'R' [C:/Hung/Viettel/Stage2/ML-KEM/mul_poly/mul_poly.v:87]
WARNING: [VRFC 10-3091] actual bit length 24 differs from formal bit length 26 for port 'R' [C:/Hung/Viettel/Stage2/ML-KEM/mul_poly/mul_poly.v:95]
WARNING: [VRFC 10-3091] actual bit length 24 differs from formal bit length 26 for port 'R' [C:/Hung/Viettel/Stage2/ML-KEM/mul_poly/mul_poly.v:103]
WARNING: [VRFC 10-3091] actual bit length 24 differs from formal bit length 26 for port 'R' [C:/Hung/Viettel/Stage2/ML-KEM/mul_poly/mul_poly.v:111]
Completed static elaboration
Starting simulation data flow analysis
Completed simulation data flow analysis
Time Resolution for simulation is 1ps
Compiling module xil_defaultlib.barret
Compiling module xil_defaultlib.fulladder
Compiling module xil_defaultlib.csa(WIDTH=26)
Compiling module xil_defaultlib.BoothDecode
Compiling module xil_defaultlib.mul_12bit
Compiling module xil_defaultlib.mul_poly
Compiling module xil_defaultlib.tb_mul_poly
Compiling module xil_defaultlib.glbl
Built simulation snapshot tb_mul_poly_behav
INFO: [USF-XSim-69] 'elaborate' step finished in '2' seconds
Time resolution is 1 ps
Start Barrett Testbench
Finished
$finish called at time : 530 ns : File "C:/Hung/Viettel/Stage2/ML-KEM/mul_poly/tb_mul_poly.v" Line 56
relaunch_sim: Time (s): cpu = 00:00:01 ; elapsed = 00:00:05 . Memory (MB): peak = 2087.770 ; gain = 0.000
save_wave_config {C:/Hung/Viettel/Stage2/ML-KEM/mul_poly/mul_matrix/tb_mul_12bit_behav.wcfg}
relaunch_sim
Command: launch_simulation -step compile -simset sim_1 -mode behavioral
INFO: [Vivado 12-12493] Simulation top is 'tb_mul_poly'
WARNING: [Vivado 12-13340] Unable to auto find GCC executables from simulator install path! (path not set)
WARNING: [Vivado 12-13277] Compiled library path does not exist: ''
INFO: [Vivado 12-5682] Launching behavioral simulation in 'C:/Hung/Viettel/Stage2/ML-KEM/mul_poly/mul_matrix/mul_matrix.sim/sim_1/behav/xsim'
INFO: [SIM-utils-51] Simulation object is 'sim_1'
INFO: [USF-XSim-2] XSim::Compile design
INFO: [USF-XSim-61] Executing 'COMPILE and ANALYZE' step in 'C:/Hung/Viettel/Stage2/ML-KEM/mul_poly/mul_matrix/mul_matrix.sim/sim_1/behav/xsim'
"xvlog --incr --relax -prj tb_mul_poly_vlog.prj"
INFO: [VRFC 10-2263] Analyzing Verilog file "C:/Hung/Viettel/Stage2/ML-KEM/mul_poly/BoothDecode.v" into library xil_defaultlib
INFO: [VRFC 10-311] analyzing module BoothDecode
INFO: [VRFC 10-2263] Analyzing Verilog file "C:/Hung/Viettel/Stage2/ML-KEM/NTT/barret.v" into library xil_defaultlib
INFO: [VRFC 10-311] analyzing module barret
INFO: [VRFC 10-2263] Analyzing Verilog file "C:/Hung/Viettel/Stage2/ML-KEM/mul_poly/csa.v" into library xil_defaultlib
INFO: [VRFC 10-311] analyzing module csa
INFO: [VRFC 10-311] analyzing module fulladder
INFO: [VRFC 10-2263] Analyzing Verilog file "C:/Hung/Viettel/Stage2/ML-KEM/mul_poly/mul_12bit.v" into library xil_defaultlib
INFO: [VRFC 10-311] analyzing module mul_12bit
INFO: [VRFC 10-2263] Analyzing Verilog file "C:/Hung/Viettel/Stage2/ML-KEM/mul_poly/mul_poly.v" into library xil_defaultlib
INFO: [VRFC 10-311] analyzing module mul_poly
INFO: [VRFC 10-2263] Analyzing Verilog file "C:/Hung/Viettel/Stage2/ML-KEM/mul_poly/tb_mul_poly.v" into library xil_defaultlib
INFO: [VRFC 10-311] analyzing module tb_mul_poly
INFO: [USF-XSim-69] 'compile' step finished in '1' seconds
Command: launch_simulation -step elaborate -simset sim_1 -mode behavioral
INFO: [Vivado 12-12493] Simulation top is 'tb_mul_poly'
WARNING: [Vivado 12-13340] Unable to auto find GCC executables from simulator install path! (path not set)
WARNING: [Vivado 12-13277] Compiled library path does not exist: ''
INFO: [Vivado 12-5682] Launching behavioral simulation in 'C:/Hung/Viettel/Stage2/ML-KEM/mul_poly/mul_matrix/mul_matrix.sim/sim_1/behav/xsim'
INFO: [SIM-utils-51] Simulation object is 'sim_1'
INFO: [USF-XSim-3] XSim::Elaborate design
INFO: [USF-XSim-61] Executing 'ELABORATE' step in 'C:/Hung/Viettel/Stage2/ML-KEM/mul_poly/mul_matrix/mul_matrix.sim/sim_1/behav/xsim'
"xelab --incr --debug typical --relax --mt 2 -L xil_defaultlib -L unisims_ver -L unimacro_ver -L secureip --snapshot tb_mul_poly_behav xil_defaultlib.tb_mul_poly xil_defaultlib.glbl -log elaborate.log"
Vivado Simulator v2022.2.2
Copyright 1986-1999, 2001-2022 Xilinx, Inc. All Rights Reserved.
Running: C:/Xilinx/Vivado/2022.2/bin/unwrapped/win64.o/xelab.exe --incr --debug typical --relax --mt 2 -L xil_defaultlib -L unisims_ver -L unimacro_ver -L secureip --snapshot tb_mul_poly_behav xil_defaultlib.tb_mul_poly xil_defaultlib.glbl -log elaborate.log 
Using 2 slave threads.
Starting static elaboration
Pass Through NonSizing Optimizer
WARNING: [VRFC 10-3091] actual bit length 24 differs from formal bit length 26 for port 'R' [C:/Hung/Viettel/Stage2/ML-KEM/mul_poly/mul_poly.v:80]
WARNING: [VRFC 10-3091] actual bit length 27 differs from formal bit length 26 for port 'x' [C:/Hung/Viettel/Stage2/ML-KEM/mul_poly/mul_12bit.v:151]
WARNING: [VRFC 10-3091] actual bit length 27 differs from formal bit length 26 for port 'y' [C:/Hung/Viettel/Stage2/ML-KEM/mul_poly/mul_12bit.v:152]
WARNING: [VRFC 10-3091] actual bit length 27 differs from formal bit length 26 for port 'z' [C:/Hung/Viettel/Stage2/ML-KEM/mul_poly/mul_12bit.v:153]
WARNING: [VRFC 10-3091] actual bit length 27 differs from formal bit length 26 for port 'x' [C:/Hung/Viettel/Stage2/ML-KEM/mul_poly/mul_12bit.v:159]
WARNING: [VRFC 10-3091] actual bit length 27 differs from formal bit length 26 for port 'y' [C:/Hung/Viettel/Stage2/ML-KEM/mul_poly/mul_12bit.v:160]
WARNING: [VRFC 10-3091] actual bit length 27 differs from formal bit length 26 for port 'z' [C:/Hung/Viettel/Stage2/ML-KEM/mul_poly/mul_12bit.v:161]
WARNING: [VRFC 10-3091] actual bit length 24 differs from formal bit length 26 for port 'R' [C:/Hung/Viettel/Stage2/ML-KEM/mul_poly/mul_poly.v:88]
WARNING: [VRFC 10-3091] actual bit length 24 differs from formal bit length 26 for port 'R' [C:/Hung/Viettel/Stage2/ML-KEM/mul_poly/mul_poly.v:96]
WARNING: [VRFC 10-3091] actual bit length 24 differs from formal bit length 26 for port 'R' [C:/Hung/Viettel/Stage2/ML-KEM/mul_poly/mul_poly.v:104]
WARNING: [VRFC 10-3091] actual bit length 24 differs from formal bit length 26 for port 'R' [C:/Hung/Viettel/Stage2/ML-KEM/mul_poly/mul_poly.v:112]
Completed static elaboration
Starting simulation data flow analysis
Completed simulation data flow analysis
Time Resolution for simulation is 1ps
Compiling module xil_defaultlib.barret
Compiling module xil_defaultlib.fulladder
Compiling module xil_defaultlib.csa(WIDTH=26)
Compiling module xil_defaultlib.BoothDecode
Compiling module xil_defaultlib.mul_12bit
Compiling module xil_defaultlib.mul_poly
Compiling module xil_defaultlib.tb_mul_poly
Compiling module xil_defaultlib.glbl
Built simulation snapshot tb_mul_poly_behav
INFO: [USF-XSim-69] 'elaborate' step finished in '2' seconds
Time resolution is 1 ps
Start Barrett Testbench
Finished
$finish called at time : 530 ns : File "C:/Hung/Viettel/Stage2/ML-KEM/mul_poly/tb_mul_poly.v" Line 56
relaunch_sim: Time (s): cpu = 00:00:00 ; elapsed = 00:00:05 . Memory (MB): peak = 2087.770 ; gain = 0.000
current_wave_config {tb_mul_12bit_behav.wcfg}
C:/Hung/Viettel/Stage2/ML-KEM/mul_poly/mul_matrix/tb_mul_12bit_behav.wcfg
add_wave {{/tb_mul_poly/uut/tmp_add}} 
relaunch_sim
Command: launch_simulation -step compile -simset sim_1 -mode behavioral
INFO: [Vivado 12-12493] Simulation top is 'tb_mul_poly'
WARNING: [Vivado 12-13340] Unable to auto find GCC executables from simulator install path! (path not set)
WARNING: [Vivado 12-13277] Compiled library path does not exist: ''
INFO: [Vivado 12-5682] Launching behavioral simulation in 'C:/Hung/Viettel/Stage2/ML-KEM/mul_poly/mul_matrix/mul_matrix.sim/sim_1/behav/xsim'
INFO: [SIM-utils-51] Simulation object is 'sim_1'
INFO: [USF-XSim-2] XSim::Compile design
INFO: [USF-XSim-61] Executing 'COMPILE and ANALYZE' step in 'C:/Hung/Viettel/Stage2/ML-KEM/mul_poly/mul_matrix/mul_matrix.sim/sim_1/behav/xsim'
"xvlog --incr --relax -prj tb_mul_poly_vlog.prj"
INFO: [USF-XSim-69] 'compile' step finished in '1' seconds
Command: launch_simulation -step elaborate -simset sim_1 -mode behavioral
INFO: [Vivado 12-12493] Simulation top is 'tb_mul_poly'
WARNING: [Vivado 12-13340] Unable to auto find GCC executables from simulator install path! (path not set)
WARNING: [Vivado 12-13277] Compiled library path does not exist: ''
INFO: [Vivado 12-5682] Launching behavioral simulation in 'C:/Hung/Viettel/Stage2/ML-KEM/mul_poly/mul_matrix/mul_matrix.sim/sim_1/behav/xsim'
INFO: [SIM-utils-51] Simulation object is 'sim_1'
INFO: [USF-XSim-3] XSim::Elaborate design
INFO: [USF-XSim-61] Executing 'ELABORATE' step in 'C:/Hung/Viettel/Stage2/ML-KEM/mul_poly/mul_matrix/mul_matrix.sim/sim_1/behav/xsim'
"xelab --incr --debug typical --relax --mt 2 -L xil_defaultlib -L unisims_ver -L unimacro_ver -L secureip --snapshot tb_mul_poly_behav xil_defaultlib.tb_mul_poly xil_defaultlib.glbl -log elaborate.log"
Vivado Simulator v2022.2.2
Copyright 1986-1999, 2001-2022 Xilinx, Inc. All Rights Reserved.
Running: C:/Xilinx/Vivado/2022.2/bin/unwrapped/win64.o/xelab.exe --incr --debug typical --relax --mt 2 -L xil_defaultlib -L unisims_ver -L unimacro_ver -L secureip --snapshot tb_mul_poly_behav xil_defaultlib.tb_mul_poly xil_defaultlib.glbl -log elaborate.log 
Using 2 slave threads.
Starting static elaboration
Pass Through NonSizing Optimizer
WARNING: [VRFC 10-3091] actual bit length 24 differs from formal bit length 26 for port 'R' [C:/Hung/Viettel/Stage2/ML-KEM/mul_poly/mul_poly.v:80]
WARNING: [VRFC 10-3091] actual bit length 27 differs from formal bit length 26 for port 'x' [C:/Hung/Viettel/Stage2/ML-KEM/mul_poly/mul_12bit.v:151]
WARNING: [VRFC 10-3091] actual bit length 27 differs from formal bit length 26 for port 'y' [C:/Hung/Viettel/Stage2/ML-KEM/mul_poly/mul_12bit.v:152]
WARNING: [VRFC 10-3091] actual bit length 27 differs from formal bit length 26 for port 'z' [C:/Hung/Viettel/Stage2/ML-KEM/mul_poly/mul_12bit.v:153]
WARNING: [VRFC 10-3091] actual bit length 27 differs from formal bit length 26 for port 'x' [C:/Hung/Viettel/Stage2/ML-KEM/mul_poly/mul_12bit.v:159]
WARNING: [VRFC 10-3091] actual bit length 27 differs from formal bit length 26 for port 'y' [C:/Hung/Viettel/Stage2/ML-KEM/mul_poly/mul_12bit.v:160]
WARNING: [VRFC 10-3091] actual bit length 27 differs from formal bit length 26 for port 'z' [C:/Hung/Viettel/Stage2/ML-KEM/mul_poly/mul_12bit.v:161]
WARNING: [VRFC 10-3091] actual bit length 24 differs from formal bit length 26 for port 'R' [C:/Hung/Viettel/Stage2/ML-KEM/mul_poly/mul_poly.v:88]
WARNING: [VRFC 10-3091] actual bit length 24 differs from formal bit length 26 for port 'R' [C:/Hung/Viettel/Stage2/ML-KEM/mul_poly/mul_poly.v:96]
WARNING: [VRFC 10-3091] actual bit length 24 differs from formal bit length 26 for port 'R' [C:/Hung/Viettel/Stage2/ML-KEM/mul_poly/mul_poly.v:104]
WARNING: [VRFC 10-3091] actual bit length 24 differs from formal bit length 26 for port 'R' [C:/Hung/Viettel/Stage2/ML-KEM/mul_poly/mul_poly.v:112]
Completed static elaboration
INFO: [XSIM 43-4323] No Change in HDL. Linking previously generated obj files to create kernel
INFO: [USF-XSim-69] 'elaborate' step finished in '1' seconds
Time resolution is 1 ps
Start Barrett Testbench
Finished
$finish called at time : 530 ns : File "C:/Hung/Viettel/Stage2/ML-KEM/mul_poly/tb_mul_poly.v" Line 56
save_wave_config {C:/Hung/Viettel/Stage2/ML-KEM/mul_poly/mul_matrix/tb_mul_12bit_behav.wcfg}
relaunch_sim
Command: launch_simulation -step compile -simset sim_1 -mode behavioral
INFO: [Vivado 12-12493] Simulation top is 'tb_mul_poly'
WARNING: [Vivado 12-13340] Unable to auto find GCC executables from simulator install path! (path not set)
WARNING: [Vivado 12-13277] Compiled library path does not exist: ''
INFO: [Vivado 12-5682] Launching behavioral simulation in 'C:/Hung/Viettel/Stage2/ML-KEM/mul_poly/mul_matrix/mul_matrix.sim/sim_1/behav/xsim'
INFO: [SIM-utils-51] Simulation object is 'sim_1'
INFO: [USF-XSim-2] XSim::Compile design
INFO: [USF-XSim-61] Executing 'COMPILE and ANALYZE' step in 'C:/Hung/Viettel/Stage2/ML-KEM/mul_poly/mul_matrix/mul_matrix.sim/sim_1/behav/xsim'
"xvlog --incr --relax -prj tb_mul_poly_vlog.prj"
INFO: [VRFC 10-2263] Analyzing Verilog file "C:/Hung/Viettel/Stage2/ML-KEM/mul_poly/BoothDecode.v" into library xil_defaultlib
INFO: [VRFC 10-311] analyzing module BoothDecode
INFO: [VRFC 10-2263] Analyzing Verilog file "C:/Hung/Viettel/Stage2/ML-KEM/NTT/barret.v" into library xil_defaultlib
INFO: [VRFC 10-311] analyzing module barret
INFO: [VRFC 10-2263] Analyzing Verilog file "C:/Hung/Viettel/Stage2/ML-KEM/mul_poly/csa.v" into library xil_defaultlib
INFO: [VRFC 10-311] analyzing module csa
INFO: [VRFC 10-311] analyzing module fulladder
INFO: [VRFC 10-2263] Analyzing Verilog file "C:/Hung/Viettel/Stage2/ML-KEM/mul_poly/mul_12bit.v" into library xil_defaultlib
INFO: [VRFC 10-311] analyzing module mul_12bit
INFO: [VRFC 10-2263] Analyzing Verilog file "C:/Hung/Viettel/Stage2/ML-KEM/mul_poly/mul_poly.v" into library xil_defaultlib
INFO: [VRFC 10-311] analyzing module mul_poly
INFO: [VRFC 10-2263] Analyzing Verilog file "C:/Hung/Viettel/Stage2/ML-KEM/mul_poly/tb_mul_poly.v" into library xil_defaultlib
INFO: [VRFC 10-311] analyzing module tb_mul_poly
INFO: [USF-XSim-69] 'compile' step finished in '1' seconds
Command: launch_simulation -step elaborate -simset sim_1 -mode behavioral
INFO: [Vivado 12-12493] Simulation top is 'tb_mul_poly'
WARNING: [Vivado 12-13340] Unable to auto find GCC executables from simulator install path! (path not set)
WARNING: [Vivado 12-13277] Compiled library path does not exist: ''
INFO: [Vivado 12-5682] Launching behavioral simulation in 'C:/Hung/Viettel/Stage2/ML-KEM/mul_poly/mul_matrix/mul_matrix.sim/sim_1/behav/xsim'
INFO: [SIM-utils-51] Simulation object is 'sim_1'
INFO: [USF-XSim-3] XSim::Elaborate design
INFO: [USF-XSim-61] Executing 'ELABORATE' step in 'C:/Hung/Viettel/Stage2/ML-KEM/mul_poly/mul_matrix/mul_matrix.sim/sim_1/behav/xsim'
"xelab --incr --debug typical --relax --mt 2 -L xil_defaultlib -L unisims_ver -L unimacro_ver -L secureip --snapshot tb_mul_poly_behav xil_defaultlib.tb_mul_poly xil_defaultlib.glbl -log elaborate.log"
Vivado Simulator v2022.2.2
Copyright 1986-1999, 2001-2022 Xilinx, Inc. All Rights Reserved.
Running: C:/Xilinx/Vivado/2022.2/bin/unwrapped/win64.o/xelab.exe --incr --debug typical --relax --mt 2 -L xil_defaultlib -L unisims_ver -L unimacro_ver -L secureip --snapshot tb_mul_poly_behav xil_defaultlib.tb_mul_poly xil_defaultlib.glbl -log elaborate.log 
Using 2 slave threads.
Starting static elaboration
Pass Through NonSizing Optimizer
WARNING: [VRFC 10-3091] actual bit length 24 differs from formal bit length 26 for port 'R' [C:/Hung/Viettel/Stage2/ML-KEM/mul_poly/mul_poly.v:81]
WARNING: [VRFC 10-3091] actual bit length 27 differs from formal bit length 26 for port 'x' [C:/Hung/Viettel/Stage2/ML-KEM/mul_poly/mul_12bit.v:151]
WARNING: [VRFC 10-3091] actual bit length 27 differs from formal bit length 26 for port 'y' [C:/Hung/Viettel/Stage2/ML-KEM/mul_poly/mul_12bit.v:152]
WARNING: [VRFC 10-3091] actual bit length 27 differs from formal bit length 26 for port 'z' [C:/Hung/Viettel/Stage2/ML-KEM/mul_poly/mul_12bit.v:153]
WARNING: [VRFC 10-3091] actual bit length 27 differs from formal bit length 26 for port 'x' [C:/Hung/Viettel/Stage2/ML-KEM/mul_poly/mul_12bit.v:159]
WARNING: [VRFC 10-3091] actual bit length 27 differs from formal bit length 26 for port 'y' [C:/Hung/Viettel/Stage2/ML-KEM/mul_poly/mul_12bit.v:160]
WARNING: [VRFC 10-3091] actual bit length 27 differs from formal bit length 26 for port 'z' [C:/Hung/Viettel/Stage2/ML-KEM/mul_poly/mul_12bit.v:161]
WARNING: [VRFC 10-3091] actual bit length 24 differs from formal bit length 26 for port 'R' [C:/Hung/Viettel/Stage2/ML-KEM/mul_poly/mul_poly.v:89]
WARNING: [VRFC 10-3091] actual bit length 24 differs from formal bit length 26 for port 'R' [C:/Hung/Viettel/Stage2/ML-KEM/mul_poly/mul_poly.v:97]
WARNING: [VRFC 10-3091] actual bit length 24 differs from formal bit length 26 for port 'R' [C:/Hung/Viettel/Stage2/ML-KEM/mul_poly/mul_poly.v:105]
WARNING: [VRFC 10-3091] actual bit length 24 differs from formal bit length 26 for port 'R' [C:/Hung/Viettel/Stage2/ML-KEM/mul_poly/mul_poly.v:113]
Completed static elaboration
Starting simulation data flow analysis
Completed simulation data flow analysis
Time Resolution for simulation is 1ps
Compiling module xil_defaultlib.barret
Compiling module xil_defaultlib.fulladder
Compiling module xil_defaultlib.csa(WIDTH=26)
Compiling module xil_defaultlib.BoothDecode
Compiling module xil_defaultlib.mul_12bit
Compiling module xil_defaultlib.mul_poly
Compiling module xil_defaultlib.tb_mul_poly
Compiling module xil_defaultlib.glbl
Built simulation snapshot tb_mul_poly_behav
INFO: [USF-XSim-69] 'elaborate' step finished in '2' seconds
Time resolution is 1 ps
Start Barrett Testbench
Finished
$finish called at time : 530 ns : File "C:/Hung/Viettel/Stage2/ML-KEM/mul_poly/tb_mul_poly.v" Line 56
relaunch_sim: Time (s): cpu = 00:00:01 ; elapsed = 00:00:05 . Memory (MB): peak = 2087.770 ; gain = 0.000
save_wave_config {C:/Hung/Viettel/Stage2/ML-KEM/mul_poly/mul_matrix/tb_mul_12bit_behav.wcfg}
relaunch_sim
Command: launch_simulation -step compile -simset sim_1 -mode behavioral
INFO: [Vivado 12-12493] Simulation top is 'tb_mul_poly'
WARNING: [Vivado 12-13340] Unable to auto find GCC executables from simulator install path! (path not set)
WARNING: [Vivado 12-13277] Compiled library path does not exist: ''
INFO: [Vivado 12-5682] Launching behavioral simulation in 'C:/Hung/Viettel/Stage2/ML-KEM/mul_poly/mul_matrix/mul_matrix.sim/sim_1/behav/xsim'
INFO: [SIM-utils-51] Simulation object is 'sim_1'
INFO: [USF-XSim-2] XSim::Compile design
INFO: [USF-XSim-61] Executing 'COMPILE and ANALYZE' step in 'C:/Hung/Viettel/Stage2/ML-KEM/mul_poly/mul_matrix/mul_matrix.sim/sim_1/behav/xsim'
"xvlog --incr --relax -prj tb_mul_poly_vlog.prj"
INFO: [VRFC 10-2263] Analyzing Verilog file "C:/Hung/Viettel/Stage2/ML-KEM/mul_poly/BoothDecode.v" into library xil_defaultlib
INFO: [VRFC 10-311] analyzing module BoothDecode
INFO: [VRFC 10-2263] Analyzing Verilog file "C:/Hung/Viettel/Stage2/ML-KEM/NTT/barret.v" into library xil_defaultlib
INFO: [VRFC 10-311] analyzing module barret
INFO: [VRFC 10-2263] Analyzing Verilog file "C:/Hung/Viettel/Stage2/ML-KEM/mul_poly/csa.v" into library xil_defaultlib
INFO: [VRFC 10-311] analyzing module csa
INFO: [VRFC 10-311] analyzing module fulladder
INFO: [VRFC 10-2263] Analyzing Verilog file "C:/Hung/Viettel/Stage2/ML-KEM/mul_poly/mul_12bit.v" into library xil_defaultlib
INFO: [VRFC 10-311] analyzing module mul_12bit
INFO: [VRFC 10-2263] Analyzing Verilog file "C:/Hung/Viettel/Stage2/ML-KEM/mul_poly/mul_poly.v" into library xil_defaultlib
INFO: [VRFC 10-311] analyzing module mul_poly
INFO: [VRFC 10-2263] Analyzing Verilog file "C:/Hung/Viettel/Stage2/ML-KEM/mul_poly/tb_mul_poly.v" into library xil_defaultlib
INFO: [VRFC 10-311] analyzing module tb_mul_poly
INFO: [USF-XSim-69] 'compile' step finished in '1' seconds
Command: launch_simulation -step elaborate -simset sim_1 -mode behavioral
INFO: [Vivado 12-12493] Simulation top is 'tb_mul_poly'
WARNING: [Vivado 12-13340] Unable to auto find GCC executables from simulator install path! (path not set)
WARNING: [Vivado 12-13277] Compiled library path does not exist: ''
INFO: [Vivado 12-5682] Launching behavioral simulation in 'C:/Hung/Viettel/Stage2/ML-KEM/mul_poly/mul_matrix/mul_matrix.sim/sim_1/behav/xsim'
INFO: [SIM-utils-51] Simulation object is 'sim_1'
INFO: [USF-XSim-3] XSim::Elaborate design
INFO: [USF-XSim-61] Executing 'ELABORATE' step in 'C:/Hung/Viettel/Stage2/ML-KEM/mul_poly/mul_matrix/mul_matrix.sim/sim_1/behav/xsim'
"xelab --incr --debug typical --relax --mt 2 -L xil_defaultlib -L unisims_ver -L unimacro_ver -L secureip --snapshot tb_mul_poly_behav xil_defaultlib.tb_mul_poly xil_defaultlib.glbl -log elaborate.log"
Vivado Simulator v2022.2.2
Copyright 1986-1999, 2001-2022 Xilinx, Inc. All Rights Reserved.
Running: C:/Xilinx/Vivado/2022.2/bin/unwrapped/win64.o/xelab.exe --incr --debug typical --relax --mt 2 -L xil_defaultlib -L unisims_ver -L unimacro_ver -L secureip --snapshot tb_mul_poly_behav xil_defaultlib.tb_mul_poly xil_defaultlib.glbl -log elaborate.log 
Using 2 slave threads.
Starting static elaboration
Pass Through NonSizing Optimizer
WARNING: [VRFC 10-3091] actual bit length 31 differs from formal bit length 32 for port 'C' [C:/Hung/Viettel/Stage2/ML-KEM/mul_poly/mul_poly.v:65]
WARNING: [VRFC 10-3091] actual bit length 31 differs from formal bit length 32 for port 'C' [C:/Hung/Viettel/Stage2/ML-KEM/mul_poly/mul_poly.v:72]
WARNING: [VRFC 10-3091] actual bit length 24 differs from formal bit length 26 for port 'R' [C:/Hung/Viettel/Stage2/ML-KEM/mul_poly/mul_poly.v:81]
WARNING: [VRFC 10-3091] actual bit length 27 differs from formal bit length 26 for port 'x' [C:/Hung/Viettel/Stage2/ML-KEM/mul_poly/mul_12bit.v:151]
WARNING: [VRFC 10-3091] actual bit length 27 differs from formal bit length 26 for port 'y' [C:/Hung/Viettel/Stage2/ML-KEM/mul_poly/mul_12bit.v:152]
WARNING: [VRFC 10-3091] actual bit length 27 differs from formal bit length 26 for port 'z' [C:/Hung/Viettel/Stage2/ML-KEM/mul_poly/mul_12bit.v:153]
WARNING: [VRFC 10-3091] actual bit length 27 differs from formal bit length 26 for port 'x' [C:/Hung/Viettel/Stage2/ML-KEM/mul_poly/mul_12bit.v:159]
WARNING: [VRFC 10-3091] actual bit length 27 differs from formal bit length 26 for port 'y' [C:/Hung/Viettel/Stage2/ML-KEM/mul_poly/mul_12bit.v:160]
WARNING: [VRFC 10-3091] actual bit length 27 differs from formal bit length 26 for port 'z' [C:/Hung/Viettel/Stage2/ML-KEM/mul_poly/mul_12bit.v:161]
WARNING: [VRFC 10-3091] actual bit length 24 differs from formal bit length 26 for port 'R' [C:/Hung/Viettel/Stage2/ML-KEM/mul_poly/mul_poly.v:89]
WARNING: [VRFC 10-3091] actual bit length 24 differs from formal bit length 26 for port 'R' [C:/Hung/Viettel/Stage2/ML-KEM/mul_poly/mul_poly.v:97]
WARNING: [VRFC 10-3091] actual bit length 24 differs from formal bit length 26 for port 'R' [C:/Hung/Viettel/Stage2/ML-KEM/mul_poly/mul_poly.v:105]
WARNING: [VRFC 10-3091] actual bit length 24 differs from formal bit length 26 for port 'R' [C:/Hung/Viettel/Stage2/ML-KEM/mul_poly/mul_poly.v:113]
WARNING: [VRFC 10-3705] select index 24 into 'add1' is out of bounds [C:/Hung/Viettel/Stage2/ML-KEM/mul_poly/mul_poly.v:65]
Completed static elaboration
Starting simulation data flow analysis
Completed simulation data flow analysis
Time Resolution for simulation is 1ps
Compiling module xil_defaultlib.barret
Compiling module xil_defaultlib.fulladder
Compiling module xil_defaultlib.csa(WIDTH=26)
Compiling module xil_defaultlib.BoothDecode
Compiling module xil_defaultlib.mul_12bit
Compiling module xil_defaultlib.mul_poly
Compiling module xil_defaultlib.tb_mul_poly
Compiling module xil_defaultlib.glbl
Built simulation snapshot tb_mul_poly_behav
INFO: [USF-XSim-69] 'elaborate' step finished in '2' seconds
Time resolution is 1 ps
Start Barrett Testbench
Finished
$finish called at time : 530 ns : File "C:/Hung/Viettel/Stage2/ML-KEM/mul_poly/tb_mul_poly.v" Line 56
relaunch_sim: Time (s): cpu = 00:00:01 ; elapsed = 00:00:05 . Memory (MB): peak = 2087.770 ; gain = 0.000
save_wave_config {C:/Hung/Viettel/Stage2/ML-KEM/mul_poly/mul_matrix/tb_mul_12bit_behav.wcfg}
relaunch_sim
Command: launch_simulation -step compile -simset sim_1 -mode behavioral
INFO: [Vivado 12-12493] Simulation top is 'tb_mul_poly'
WARNING: [Vivado 12-13340] Unable to auto find GCC executables from simulator install path! (path not set)
WARNING: [Vivado 12-13277] Compiled library path does not exist: ''
INFO: [Vivado 12-5682] Launching behavioral simulation in 'C:/Hung/Viettel/Stage2/ML-KEM/mul_poly/mul_matrix/mul_matrix.sim/sim_1/behav/xsim'
INFO: [SIM-utils-51] Simulation object is 'sim_1'
INFO: [USF-XSim-2] XSim::Compile design
INFO: [USF-XSim-61] Executing 'COMPILE and ANALYZE' step in 'C:/Hung/Viettel/Stage2/ML-KEM/mul_poly/mul_matrix/mul_matrix.sim/sim_1/behav/xsim'
"xvlog --incr --relax -prj tb_mul_poly_vlog.prj"
INFO: [VRFC 10-2263] Analyzing Verilog file "C:/Hung/Viettel/Stage2/ML-KEM/mul_poly/BoothDecode.v" into library xil_defaultlib
INFO: [VRFC 10-311] analyzing module BoothDecode
INFO: [VRFC 10-2263] Analyzing Verilog file "C:/Hung/Viettel/Stage2/ML-KEM/NTT/barret.v" into library xil_defaultlib
INFO: [VRFC 10-311] analyzing module barret
INFO: [VRFC 10-2263] Analyzing Verilog file "C:/Hung/Viettel/Stage2/ML-KEM/mul_poly/csa.v" into library xil_defaultlib
INFO: [VRFC 10-311] analyzing module csa
INFO: [VRFC 10-311] analyzing module fulladder
INFO: [VRFC 10-2263] Analyzing Verilog file "C:/Hung/Viettel/Stage2/ML-KEM/mul_poly/mul_12bit.v" into library xil_defaultlib
INFO: [VRFC 10-311] analyzing module mul_12bit
INFO: [VRFC 10-2263] Analyzing Verilog file "C:/Hung/Viettel/Stage2/ML-KEM/mul_poly/mul_poly.v" into library xil_defaultlib
INFO: [VRFC 10-311] analyzing module mul_poly
INFO: [VRFC 10-2263] Analyzing Verilog file "C:/Hung/Viettel/Stage2/ML-KEM/mul_poly/tb_mul_poly.v" into library xil_defaultlib
INFO: [VRFC 10-311] analyzing module tb_mul_poly
INFO: [USF-XSim-69] 'compile' step finished in '1' seconds
Command: launch_simulation -step elaborate -simset sim_1 -mode behavioral
INFO: [Vivado 12-12493] Simulation top is 'tb_mul_poly'
WARNING: [Vivado 12-13340] Unable to auto find GCC executables from simulator install path! (path not set)
WARNING: [Vivado 12-13277] Compiled library path does not exist: ''
INFO: [Vivado 12-5682] Launching behavioral simulation in 'C:/Hung/Viettel/Stage2/ML-KEM/mul_poly/mul_matrix/mul_matrix.sim/sim_1/behav/xsim'
INFO: [SIM-utils-51] Simulation object is 'sim_1'
INFO: [USF-XSim-3] XSim::Elaborate design
INFO: [USF-XSim-61] Executing 'ELABORATE' step in 'C:/Hung/Viettel/Stage2/ML-KEM/mul_poly/mul_matrix/mul_matrix.sim/sim_1/behav/xsim'
"xelab --incr --debug typical --relax --mt 2 -L xil_defaultlib -L unisims_ver -L unimacro_ver -L secureip --snapshot tb_mul_poly_behav xil_defaultlib.tb_mul_poly xil_defaultlib.glbl -log elaborate.log"
Vivado Simulator v2022.2.2
Copyright 1986-1999, 2001-2022 Xilinx, Inc. All Rights Reserved.
Running: C:/Xilinx/Vivado/2022.2/bin/unwrapped/win64.o/xelab.exe --incr --debug typical --relax --mt 2 -L xil_defaultlib -L unisims_ver -L unimacro_ver -L secureip --snapshot tb_mul_poly_behav xil_defaultlib.tb_mul_poly xil_defaultlib.glbl -log elaborate.log 
Using 2 slave threads.
Starting static elaboration
Pass Through NonSizing Optimizer
WARNING: [VRFC 10-3091] actual bit length 31 differs from formal bit length 32 for port 'C' [C:/Hung/Viettel/Stage2/ML-KEM/mul_poly/mul_poly.v:72]
WARNING: [VRFC 10-3091] actual bit length 24 differs from formal bit length 26 for port 'R' [C:/Hung/Viettel/Stage2/ML-KEM/mul_poly/mul_poly.v:81]
WARNING: [VRFC 10-3091] actual bit length 27 differs from formal bit length 26 for port 'x' [C:/Hung/Viettel/Stage2/ML-KEM/mul_poly/mul_12bit.v:151]
WARNING: [VRFC 10-3091] actual bit length 27 differs from formal bit length 26 for port 'y' [C:/Hung/Viettel/Stage2/ML-KEM/mul_poly/mul_12bit.v:152]
WARNING: [VRFC 10-3091] actual bit length 27 differs from formal bit length 26 for port 'z' [C:/Hung/Viettel/Stage2/ML-KEM/mul_poly/mul_12bit.v:153]
WARNING: [VRFC 10-3091] actual bit length 27 differs from formal bit length 26 for port 'x' [C:/Hung/Viettel/Stage2/ML-KEM/mul_poly/mul_12bit.v:159]
WARNING: [VRFC 10-3091] actual bit length 27 differs from formal bit length 26 for port 'y' [C:/Hung/Viettel/Stage2/ML-KEM/mul_poly/mul_12bit.v:160]
WARNING: [VRFC 10-3091] actual bit length 27 differs from formal bit length 26 for port 'z' [C:/Hung/Viettel/Stage2/ML-KEM/mul_poly/mul_12bit.v:161]
WARNING: [VRFC 10-3091] actual bit length 24 differs from formal bit length 26 for port 'R' [C:/Hung/Viettel/Stage2/ML-KEM/mul_poly/mul_poly.v:89]
WARNING: [VRFC 10-3091] actual bit length 24 differs from formal bit length 26 for port 'R' [C:/Hung/Viettel/Stage2/ML-KEM/mul_poly/mul_poly.v:97]
WARNING: [VRFC 10-3091] actual bit length 24 differs from formal bit length 26 for port 'R' [C:/Hung/Viettel/Stage2/ML-KEM/mul_poly/mul_poly.v:105]
WARNING: [VRFC 10-3091] actual bit length 24 differs from formal bit length 26 for port 'R' [C:/Hung/Viettel/Stage2/ML-KEM/mul_poly/mul_poly.v:113]
WARNING: [VRFC 10-3705] select index 24 into 'add1' is out of bounds [C:/Hung/Viettel/Stage2/ML-KEM/mul_poly/mul_poly.v:65]
Completed static elaboration
Starting simulation data flow analysis
Completed simulation data flow analysis
Time Resolution for simulation is 1ps
Compiling module xil_defaultlib.barret
Compiling module xil_defaultlib.fulladder
Compiling module xil_defaultlib.csa(WIDTH=26)
Compiling module xil_defaultlib.BoothDecode
Compiling module xil_defaultlib.mul_12bit
Compiling module xil_defaultlib.mul_poly
Compiling module xil_defaultlib.tb_mul_poly
Compiling module xil_defaultlib.glbl
Built simulation snapshot tb_mul_poly_behav
INFO: [USF-XSim-69] 'elaborate' step finished in '2' seconds
Time resolution is 1 ps
Start Barrett Testbench
Finished
$finish called at time : 530 ns : File "C:/Hung/Viettel/Stage2/ML-KEM/mul_poly/tb_mul_poly.v" Line 56
relaunch_sim: Time (s): cpu = 00:00:01 ; elapsed = 00:00:05 . Memory (MB): peak = 2087.770 ; gain = 0.000
relaunch_sim
Command: launch_simulation -step compile -simset sim_1 -mode behavioral
INFO: [Vivado 12-12493] Simulation top is 'tb_mul_poly'
WARNING: [Vivado 12-13340] Unable to auto find GCC executables from simulator install path! (path not set)
WARNING: [Vivado 12-13277] Compiled library path does not exist: ''
INFO: [Vivado 12-5682] Launching behavioral simulation in 'C:/Hung/Viettel/Stage2/ML-KEM/mul_poly/mul_matrix/mul_matrix.sim/sim_1/behav/xsim'
INFO: [SIM-utils-51] Simulation object is 'sim_1'
INFO: [USF-XSim-2] XSim::Compile design
INFO: [USF-XSim-61] Executing 'COMPILE and ANALYZE' step in 'C:/Hung/Viettel/Stage2/ML-KEM/mul_poly/mul_matrix/mul_matrix.sim/sim_1/behav/xsim'
"xvlog --incr --relax -prj tb_mul_poly_vlog.prj"
INFO: [VRFC 10-2263] Analyzing Verilog file "C:/Hung/Viettel/Stage2/ML-KEM/mul_poly/BoothDecode.v" into library xil_defaultlib
INFO: [VRFC 10-311] analyzing module BoothDecode
INFO: [VRFC 10-2263] Analyzing Verilog file "C:/Hung/Viettel/Stage2/ML-KEM/NTT/barret.v" into library xil_defaultlib
INFO: [VRFC 10-311] analyzing module barret
INFO: [VRFC 10-2263] Analyzing Verilog file "C:/Hung/Viettel/Stage2/ML-KEM/mul_poly/csa.v" into library xil_defaultlib
INFO: [VRFC 10-311] analyzing module csa
INFO: [VRFC 10-311] analyzing module fulladder
INFO: [VRFC 10-2263] Analyzing Verilog file "C:/Hung/Viettel/Stage2/ML-KEM/mul_poly/mul_12bit.v" into library xil_defaultlib
INFO: [VRFC 10-311] analyzing module mul_12bit
INFO: [VRFC 10-2263] Analyzing Verilog file "C:/Hung/Viettel/Stage2/ML-KEM/mul_poly/mul_poly.v" into library xil_defaultlib
INFO: [VRFC 10-311] analyzing module mul_poly
INFO: [VRFC 10-2263] Analyzing Verilog file "C:/Hung/Viettel/Stage2/ML-KEM/mul_poly/tb_mul_poly.v" into library xil_defaultlib
INFO: [VRFC 10-311] analyzing module tb_mul_poly
INFO: [USF-XSim-69] 'compile' step finished in '2' seconds
Command: launch_simulation -step elaborate -simset sim_1 -mode behavioral
INFO: [Vivado 12-12493] Simulation top is 'tb_mul_poly'
WARNING: [Vivado 12-13340] Unable to auto find GCC executables from simulator install path! (path not set)
WARNING: [Vivado 12-13277] Compiled library path does not exist: ''
INFO: [Vivado 12-5682] Launching behavioral simulation in 'C:/Hung/Viettel/Stage2/ML-KEM/mul_poly/mul_matrix/mul_matrix.sim/sim_1/behav/xsim'
INFO: [SIM-utils-51] Simulation object is 'sim_1'
INFO: [USF-XSim-3] XSim::Elaborate design
INFO: [USF-XSim-61] Executing 'ELABORATE' step in 'C:/Hung/Viettel/Stage2/ML-KEM/mul_poly/mul_matrix/mul_matrix.sim/sim_1/behav/xsim'
"xelab --incr --debug typical --relax --mt 2 -L xil_defaultlib -L unisims_ver -L unimacro_ver -L secureip --snapshot tb_mul_poly_behav xil_defaultlib.tb_mul_poly xil_defaultlib.glbl -log elaborate.log"
Vivado Simulator v2022.2.2
Copyright 1986-1999, 2001-2022 Xilinx, Inc. All Rights Reserved.
Running: C:/Xilinx/Vivado/2022.2/bin/unwrapped/win64.o/xelab.exe --incr --debug typical --relax --mt 2 -L xil_defaultlib -L unisims_ver -L unimacro_ver -L secureip --snapshot tb_mul_poly_behav xil_defaultlib.tb_mul_poly xil_defaultlib.glbl -log elaborate.log 
Using 2 slave threads.
Starting static elaboration
Pass Through NonSizing Optimizer
WARNING: [VRFC 10-3091] actual bit length 31 differs from formal bit length 32 for port 'C' [C:/Hung/Viettel/Stage2/ML-KEM/mul_poly/mul_poly.v:72]
WARNING: [VRFC 10-3091] actual bit length 24 differs from formal bit length 26 for port 'R' [C:/Hung/Viettel/Stage2/ML-KEM/mul_poly/mul_poly.v:81]
WARNING: [VRFC 10-3091] actual bit length 27 differs from formal bit length 26 for port 'x' [C:/Hung/Viettel/Stage2/ML-KEM/mul_poly/mul_12bit.v:151]
WARNING: [VRFC 10-3091] actual bit length 27 differs from formal bit length 26 for port 'y' [C:/Hung/Viettel/Stage2/ML-KEM/mul_poly/mul_12bit.v:152]
WARNING: [VRFC 10-3091] actual bit length 27 differs from formal bit length 26 for port 'z' [C:/Hung/Viettel/Stage2/ML-KEM/mul_poly/mul_12bit.v:153]
WARNING: [VRFC 10-3091] actual bit length 27 differs from formal bit length 26 for port 'x' [C:/Hung/Viettel/Stage2/ML-KEM/mul_poly/mul_12bit.v:159]
WARNING: [VRFC 10-3091] actual bit length 27 differs from formal bit length 26 for port 'y' [C:/Hung/Viettel/Stage2/ML-KEM/mul_poly/mul_12bit.v:160]
WARNING: [VRFC 10-3091] actual bit length 27 differs from formal bit length 26 for port 'z' [C:/Hung/Viettel/Stage2/ML-KEM/mul_poly/mul_12bit.v:161]
WARNING: [VRFC 10-3091] actual bit length 24 differs from formal bit length 26 for port 'R' [C:/Hung/Viettel/Stage2/ML-KEM/mul_poly/mul_poly.v:89]
WARNING: [VRFC 10-3091] actual bit length 24 differs from formal bit length 26 for port 'R' [C:/Hung/Viettel/Stage2/ML-KEM/mul_poly/mul_poly.v:97]
WARNING: [VRFC 10-3091] actual bit length 24 differs from formal bit length 26 for port 'R' [C:/Hung/Viettel/Stage2/ML-KEM/mul_poly/mul_poly.v:105]
WARNING: [VRFC 10-3091] actual bit length 24 differs from formal bit length 26 for port 'R' [C:/Hung/Viettel/Stage2/ML-KEM/mul_poly/mul_poly.v:113]
WARNING: [VRFC 10-3705] select index 24 into 'add1' is out of bounds [C:/Hung/Viettel/Stage2/ML-KEM/mul_poly/mul_poly.v:65]
Completed static elaboration
Starting simulation data flow analysis
Completed simulation data flow analysis
Time Resolution for simulation is 1ps
Compiling module xil_defaultlib.barret
Compiling module xil_defaultlib.fulladder
Compiling module xil_defaultlib.csa(WIDTH=26)
Compiling module xil_defaultlib.BoothDecode
Compiling module xil_defaultlib.mul_12bit
Compiling module xil_defaultlib.mul_poly
Compiling module xil_defaultlib.tb_mul_poly
Compiling module xil_defaultlib.glbl
Built simulation snapshot tb_mul_poly_behav
INFO: [USF-XSim-69] 'elaborate' step finished in '2' seconds
Time resolution is 1 ps
Start Barrett Testbench
Finished
$finish called at time : 530 ns : File "C:/Hung/Viettel/Stage2/ML-KEM/mul_poly/tb_mul_poly.v" Line 56
relaunch_sim: Time (s): cpu = 00:00:01 ; elapsed = 00:00:06 . Memory (MB): peak = 2087.770 ; gain = 0.000
relaunch_sim
Command: launch_simulation -step compile -simset sim_1 -mode behavioral
INFO: [Vivado 12-12493] Simulation top is 'tb_mul_poly'
WARNING: [Vivado 12-13340] Unable to auto find GCC executables from simulator install path! (path not set)
WARNING: [Vivado 12-13277] Compiled library path does not exist: ''
INFO: [Vivado 12-5682] Launching behavioral simulation in 'C:/Hung/Viettel/Stage2/ML-KEM/mul_poly/mul_matrix/mul_matrix.sim/sim_1/behav/xsim'
INFO: [SIM-utils-51] Simulation object is 'sim_1'
INFO: [USF-XSim-2] XSim::Compile design
INFO: [USF-XSim-61] Executing 'COMPILE and ANALYZE' step in 'C:/Hung/Viettel/Stage2/ML-KEM/mul_poly/mul_matrix/mul_matrix.sim/sim_1/behav/xsim'
"xvlog --incr --relax -prj tb_mul_poly_vlog.prj"
INFO: [VRFC 10-2263] Analyzing Verilog file "C:/Hung/Viettel/Stage2/ML-KEM/mul_poly/BoothDecode.v" into library xil_defaultlib
INFO: [VRFC 10-311] analyzing module BoothDecode
INFO: [VRFC 10-2263] Analyzing Verilog file "C:/Hung/Viettel/Stage2/ML-KEM/NTT/barret.v" into library xil_defaultlib
INFO: [VRFC 10-311] analyzing module barret
INFO: [VRFC 10-2263] Analyzing Verilog file "C:/Hung/Viettel/Stage2/ML-KEM/mul_poly/csa.v" into library xil_defaultlib
INFO: [VRFC 10-311] analyzing module csa
INFO: [VRFC 10-311] analyzing module fulladder
INFO: [VRFC 10-2263] Analyzing Verilog file "C:/Hung/Viettel/Stage2/ML-KEM/mul_poly/mul_12bit.v" into library xil_defaultlib
INFO: [VRFC 10-311] analyzing module mul_12bit
INFO: [VRFC 10-2263] Analyzing Verilog file "C:/Hung/Viettel/Stage2/ML-KEM/mul_poly/mul_poly.v" into library xil_defaultlib
INFO: [VRFC 10-311] analyzing module mul_poly
INFO: [VRFC 10-2263] Analyzing Verilog file "C:/Hung/Viettel/Stage2/ML-KEM/mul_poly/tb_mul_poly.v" into library xil_defaultlib
INFO: [VRFC 10-311] analyzing module tb_mul_poly
INFO: [USF-XSim-69] 'compile' step finished in '2' seconds
Command: launch_simulation -step elaborate -simset sim_1 -mode behavioral
INFO: [Vivado 12-12493] Simulation top is 'tb_mul_poly'
WARNING: [Vivado 12-13340] Unable to auto find GCC executables from simulator install path! (path not set)
WARNING: [Vivado 12-13277] Compiled library path does not exist: ''
INFO: [Vivado 12-5682] Launching behavioral simulation in 'C:/Hung/Viettel/Stage2/ML-KEM/mul_poly/mul_matrix/mul_matrix.sim/sim_1/behav/xsim'
INFO: [SIM-utils-51] Simulation object is 'sim_1'
INFO: [USF-XSim-3] XSim::Elaborate design
INFO: [USF-XSim-61] Executing 'ELABORATE' step in 'C:/Hung/Viettel/Stage2/ML-KEM/mul_poly/mul_matrix/mul_matrix.sim/sim_1/behav/xsim'
"xelab --incr --debug typical --relax --mt 2 -L xil_defaultlib -L unisims_ver -L unimacro_ver -L secureip --snapshot tb_mul_poly_behav xil_defaultlib.tb_mul_poly xil_defaultlib.glbl -log elaborate.log"
Vivado Simulator v2022.2.2
Copyright 1986-1999, 2001-2022 Xilinx, Inc. All Rights Reserved.
Running: C:/Xilinx/Vivado/2022.2/bin/unwrapped/win64.o/xelab.exe --incr --debug typical --relax --mt 2 -L xil_defaultlib -L unisims_ver -L unimacro_ver -L secureip --snapshot tb_mul_poly_behav xil_defaultlib.tb_mul_poly xil_defaultlib.glbl -log elaborate.log 
Using 2 slave threads.
Starting static elaboration
Pass Through NonSizing Optimizer
WARNING: [VRFC 10-3091] actual bit length 31 differs from formal bit length 32 for port 'C' [C:/Hung/Viettel/Stage2/ML-KEM/mul_poly/mul_poly.v:72]
WARNING: [VRFC 10-3091] actual bit length 24 differs from formal bit length 26 for port 'R' [C:/Hung/Viettel/Stage2/ML-KEM/mul_poly/mul_poly.v:81]
WARNING: [VRFC 10-3091] actual bit length 27 differs from formal bit length 26 for port 'x' [C:/Hung/Viettel/Stage2/ML-KEM/mul_poly/mul_12bit.v:151]
WARNING: [VRFC 10-3091] actual bit length 27 differs from formal bit length 26 for port 'y' [C:/Hung/Viettel/Stage2/ML-KEM/mul_poly/mul_12bit.v:152]
WARNING: [VRFC 10-3091] actual bit length 27 differs from formal bit length 26 for port 'z' [C:/Hung/Viettel/Stage2/ML-KEM/mul_poly/mul_12bit.v:153]
WARNING: [VRFC 10-3091] actual bit length 27 differs from formal bit length 26 for port 'x' [C:/Hung/Viettel/Stage2/ML-KEM/mul_poly/mul_12bit.v:159]
WARNING: [VRFC 10-3091] actual bit length 27 differs from formal bit length 26 for port 'y' [C:/Hung/Viettel/Stage2/ML-KEM/mul_poly/mul_12bit.v:160]
WARNING: [VRFC 10-3091] actual bit length 27 differs from formal bit length 26 for port 'z' [C:/Hung/Viettel/Stage2/ML-KEM/mul_poly/mul_12bit.v:161]
WARNING: [VRFC 10-3091] actual bit length 24 differs from formal bit length 26 for port 'R' [C:/Hung/Viettel/Stage2/ML-KEM/mul_poly/mul_poly.v:89]
WARNING: [VRFC 10-3091] actual bit length 24 differs from formal bit length 26 for port 'R' [C:/Hung/Viettel/Stage2/ML-KEM/mul_poly/mul_poly.v:97]
WARNING: [VRFC 10-3091] actual bit length 24 differs from formal bit length 26 for port 'R' [C:/Hung/Viettel/Stage2/ML-KEM/mul_poly/mul_poly.v:105]
WARNING: [VRFC 10-3091] actual bit length 24 differs from formal bit length 26 for port 'R' [C:/Hung/Viettel/Stage2/ML-KEM/mul_poly/mul_poly.v:113]
Completed static elaboration
Starting simulation data flow analysis
Completed simulation data flow analysis
Time Resolution for simulation is 1ps
Compiling module xil_defaultlib.barret
Compiling module xil_defaultlib.fulladder
Compiling module xil_defaultlib.csa(WIDTH=26)
Compiling module xil_defaultlib.BoothDecode
Compiling module xil_defaultlib.mul_12bit
Compiling module xil_defaultlib.mul_poly
Compiling module xil_defaultlib.tb_mul_poly
Compiling module xil_defaultlib.glbl
Built simulation snapshot tb_mul_poly_behav
INFO: [USF-XSim-69] 'elaborate' step finished in '3' seconds
Time resolution is 1 ps
Start Barrett Testbench
Finished
$finish called at time : 530 ns : File "C:/Hung/Viettel/Stage2/ML-KEM/mul_poly/tb_mul_poly.v" Line 56
relaunch_sim: Time (s): cpu = 00:00:01 ; elapsed = 00:00:07 . Memory (MB): peak = 2087.770 ; gain = 0.000
current_wave_config {tb_mul_12bit_behav.wcfg}
C:/Hung/Viettel/Stage2/ML-KEM/mul_poly/mul_matrix/tb_mul_12bit_behav.wcfg
add_wave {{/tb_mul_poly/uut/barret_inst1/C}} {{/tb_mul_poly/uut/barret_inst1/R}} 
relaunch_sim
Command: launch_simulation -step compile -simset sim_1 -mode behavioral
INFO: [Vivado 12-12493] Simulation top is 'tb_mul_poly'
WARNING: [Vivado 12-13340] Unable to auto find GCC executables from simulator install path! (path not set)
WARNING: [Vivado 12-13277] Compiled library path does not exist: ''
INFO: [Vivado 12-5682] Launching behavioral simulation in 'C:/Hung/Viettel/Stage2/ML-KEM/mul_poly/mul_matrix/mul_matrix.sim/sim_1/behav/xsim'
INFO: [SIM-utils-51] Simulation object is 'sim_1'
INFO: [USF-XSim-2] XSim::Compile design
INFO: [USF-XSim-61] Executing 'COMPILE and ANALYZE' step in 'C:/Hung/Viettel/Stage2/ML-KEM/mul_poly/mul_matrix/mul_matrix.sim/sim_1/behav/xsim'
"xvlog --incr --relax -prj tb_mul_poly_vlog.prj"
INFO: [USF-XSim-69] 'compile' step finished in '1' seconds
Command: launch_simulation -step elaborate -simset sim_1 -mode behavioral
INFO: [Vivado 12-12493] Simulation top is 'tb_mul_poly'
WARNING: [Vivado 12-13340] Unable to auto find GCC executables from simulator install path! (path not set)
WARNING: [Vivado 12-13277] Compiled library path does not exist: ''
INFO: [Vivado 12-5682] Launching behavioral simulation in 'C:/Hung/Viettel/Stage2/ML-KEM/mul_poly/mul_matrix/mul_matrix.sim/sim_1/behav/xsim'
INFO: [SIM-utils-51] Simulation object is 'sim_1'
INFO: [USF-XSim-3] XSim::Elaborate design
INFO: [USF-XSim-61] Executing 'ELABORATE' step in 'C:/Hung/Viettel/Stage2/ML-KEM/mul_poly/mul_matrix/mul_matrix.sim/sim_1/behav/xsim'
"xelab --incr --debug typical --relax --mt 2 -L xil_defaultlib -L unisims_ver -L unimacro_ver -L secureip --snapshot tb_mul_poly_behav xil_defaultlib.tb_mul_poly xil_defaultlib.glbl -log elaborate.log"
Vivado Simulator v2022.2.2
Copyright 1986-1999, 2001-2022 Xilinx, Inc. All Rights Reserved.
Running: C:/Xilinx/Vivado/2022.2/bin/unwrapped/win64.o/xelab.exe --incr --debug typical --relax --mt 2 -L xil_defaultlib -L unisims_ver -L unimacro_ver -L secureip --snapshot tb_mul_poly_behav xil_defaultlib.tb_mul_poly xil_defaultlib.glbl -log elaborate.log 
Using 2 slave threads.
Starting static elaboration
Pass Through NonSizing Optimizer
WARNING: [VRFC 10-3091] actual bit length 31 differs from formal bit length 32 for port 'C' [C:/Hung/Viettel/Stage2/ML-KEM/mul_poly/mul_poly.v:72]
WARNING: [VRFC 10-3091] actual bit length 24 differs from formal bit length 26 for port 'R' [C:/Hung/Viettel/Stage2/ML-KEM/mul_poly/mul_poly.v:81]
WARNING: [VRFC 10-3091] actual bit length 27 differs from formal bit length 26 for port 'x' [C:/Hung/Viettel/Stage2/ML-KEM/mul_poly/mul_12bit.v:151]
WARNING: [VRFC 10-3091] actual bit length 27 differs from formal bit length 26 for port 'y' [C:/Hung/Viettel/Stage2/ML-KEM/mul_poly/mul_12bit.v:152]
WARNING: [VRFC 10-3091] actual bit length 27 differs from formal bit length 26 for port 'z' [C:/Hung/Viettel/Stage2/ML-KEM/mul_poly/mul_12bit.v:153]
WARNING: [VRFC 10-3091] actual bit length 27 differs from formal bit length 26 for port 'x' [C:/Hung/Viettel/Stage2/ML-KEM/mul_poly/mul_12bit.v:159]
WARNING: [VRFC 10-3091] actual bit length 27 differs from formal bit length 26 for port 'y' [C:/Hung/Viettel/Stage2/ML-KEM/mul_poly/mul_12bit.v:160]
WARNING: [VRFC 10-3091] actual bit length 27 differs from formal bit length 26 for port 'z' [C:/Hung/Viettel/Stage2/ML-KEM/mul_poly/mul_12bit.v:161]
WARNING: [VRFC 10-3091] actual bit length 24 differs from formal bit length 26 for port 'R' [C:/Hung/Viettel/Stage2/ML-KEM/mul_poly/mul_poly.v:89]
WARNING: [VRFC 10-3091] actual bit length 24 differs from formal bit length 26 for port 'R' [C:/Hung/Viettel/Stage2/ML-KEM/mul_poly/mul_poly.v:97]
WARNING: [VRFC 10-3091] actual bit length 24 differs from formal bit length 26 for port 'R' [C:/Hung/Viettel/Stage2/ML-KEM/mul_poly/mul_poly.v:105]
WARNING: [VRFC 10-3091] actual bit length 24 differs from formal bit length 26 for port 'R' [C:/Hung/Viettel/Stage2/ML-KEM/mul_poly/mul_poly.v:113]
Completed static elaboration
INFO: [XSIM 43-4323] No Change in HDL. Linking previously generated obj files to create kernel
INFO: [USF-XSim-69] 'elaborate' step finished in '2' seconds
Time resolution is 1 ps
Start Barrett Testbench
Finished
$finish called at time : 530 ns : File "C:/Hung/Viettel/Stage2/ML-KEM/mul_poly/tb_mul_poly.v" Line 56
relaunch_sim
Command: launch_simulation -step compile -simset sim_1 -mode behavioral
INFO: [Vivado 12-12493] Simulation top is 'tb_mul_poly'
WARNING: [Vivado 12-13340] Unable to auto find GCC executables from simulator install path! (path not set)
WARNING: [Vivado 12-13277] Compiled library path does not exist: ''
INFO: [Vivado 12-5682] Launching behavioral simulation in 'C:/Hung/Viettel/Stage2/ML-KEM/mul_poly/mul_matrix/mul_matrix.sim/sim_1/behav/xsim'
INFO: [SIM-utils-51] Simulation object is 'sim_1'
INFO: [USF-XSim-2] XSim::Compile design
INFO: [USF-XSim-61] Executing 'COMPILE and ANALYZE' step in 'C:/Hung/Viettel/Stage2/ML-KEM/mul_poly/mul_matrix/mul_matrix.sim/sim_1/behav/xsim'
"xvlog --incr --relax -prj tb_mul_poly_vlog.prj"
INFO: [VRFC 10-2263] Analyzing Verilog file "C:/Hung/Viettel/Stage2/ML-KEM/mul_poly/BoothDecode.v" into library xil_defaultlib
INFO: [VRFC 10-311] analyzing module BoothDecode
INFO: [VRFC 10-2263] Analyzing Verilog file "C:/Hung/Viettel/Stage2/ML-KEM/NTT/barret.v" into library xil_defaultlib
INFO: [VRFC 10-311] analyzing module barret
INFO: [VRFC 10-2263] Analyzing Verilog file "C:/Hung/Viettel/Stage2/ML-KEM/mul_poly/csa.v" into library xil_defaultlib
INFO: [VRFC 10-311] analyzing module csa
INFO: [VRFC 10-311] analyzing module fulladder
INFO: [VRFC 10-2263] Analyzing Verilog file "C:/Hung/Viettel/Stage2/ML-KEM/mul_poly/mul_12bit.v" into library xil_defaultlib
INFO: [VRFC 10-311] analyzing module mul_12bit
INFO: [VRFC 10-2263] Analyzing Verilog file "C:/Hung/Viettel/Stage2/ML-KEM/mul_poly/mul_poly.v" into library xil_defaultlib
INFO: [VRFC 10-311] analyzing module mul_poly
INFO: [VRFC 10-2263] Analyzing Verilog file "C:/Hung/Viettel/Stage2/ML-KEM/mul_poly/tb_mul_poly.v" into library xil_defaultlib
INFO: [VRFC 10-311] analyzing module tb_mul_poly
INFO: [USF-XSim-69] 'compile' step finished in '1' seconds
Command: launch_simulation -step elaborate -simset sim_1 -mode behavioral
INFO: [Vivado 12-12493] Simulation top is 'tb_mul_poly'
WARNING: [Vivado 12-13340] Unable to auto find GCC executables from simulator install path! (path not set)
WARNING: [Vivado 12-13277] Compiled library path does not exist: ''
INFO: [Vivado 12-5682] Launching behavioral simulation in 'C:/Hung/Viettel/Stage2/ML-KEM/mul_poly/mul_matrix/mul_matrix.sim/sim_1/behav/xsim'
INFO: [SIM-utils-51] Simulation object is 'sim_1'
INFO: [USF-XSim-3] XSim::Elaborate design
INFO: [USF-XSim-61] Executing 'ELABORATE' step in 'C:/Hung/Viettel/Stage2/ML-KEM/mul_poly/mul_matrix/mul_matrix.sim/sim_1/behav/xsim'
"xelab --incr --debug typical --relax --mt 2 -L xil_defaultlib -L unisims_ver -L unimacro_ver -L secureip --snapshot tb_mul_poly_behav xil_defaultlib.tb_mul_poly xil_defaultlib.glbl -log elaborate.log"
Vivado Simulator v2022.2.2
Copyright 1986-1999, 2001-2022 Xilinx, Inc. All Rights Reserved.
Running: C:/Xilinx/Vivado/2022.2/bin/unwrapped/win64.o/xelab.exe --incr --debug typical --relax --mt 2 -L xil_defaultlib -L unisims_ver -L unimacro_ver -L secureip --snapshot tb_mul_poly_behav xil_defaultlib.tb_mul_poly xil_defaultlib.glbl -log elaborate.log 
Using 2 slave threads.
Starting static elaboration
Pass Through NonSizing Optimizer
WARNING: [VRFC 10-3091] actual bit length 24 differs from formal bit length 26 for port 'R' [C:/Hung/Viettel/Stage2/ML-KEM/mul_poly/mul_poly.v:81]
WARNING: [VRFC 10-3091] actual bit length 27 differs from formal bit length 26 for port 'x' [C:/Hung/Viettel/Stage2/ML-KEM/mul_poly/mul_12bit.v:151]
WARNING: [VRFC 10-3091] actual bit length 27 differs from formal bit length 26 for port 'y' [C:/Hung/Viettel/Stage2/ML-KEM/mul_poly/mul_12bit.v:152]
WARNING: [VRFC 10-3091] actual bit length 27 differs from formal bit length 26 for port 'z' [C:/Hung/Viettel/Stage2/ML-KEM/mul_poly/mul_12bit.v:153]
WARNING: [VRFC 10-3091] actual bit length 27 differs from formal bit length 26 for port 'x' [C:/Hung/Viettel/Stage2/ML-KEM/mul_poly/mul_12bit.v:159]
WARNING: [VRFC 10-3091] actual bit length 27 differs from formal bit length 26 for port 'y' [C:/Hung/Viettel/Stage2/ML-KEM/mul_poly/mul_12bit.v:160]
WARNING: [VRFC 10-3091] actual bit length 27 differs from formal bit length 26 for port 'z' [C:/Hung/Viettel/Stage2/ML-KEM/mul_poly/mul_12bit.v:161]
WARNING: [VRFC 10-3091] actual bit length 24 differs from formal bit length 26 for port 'R' [C:/Hung/Viettel/Stage2/ML-KEM/mul_poly/mul_poly.v:89]
WARNING: [VRFC 10-3091] actual bit length 24 differs from formal bit length 26 for port 'R' [C:/Hung/Viettel/Stage2/ML-KEM/mul_poly/mul_poly.v:97]
WARNING: [VRFC 10-3091] actual bit length 24 differs from formal bit length 26 for port 'R' [C:/Hung/Viettel/Stage2/ML-KEM/mul_poly/mul_poly.v:105]
WARNING: [VRFC 10-3091] actual bit length 24 differs from formal bit length 26 for port 'R' [C:/Hung/Viettel/Stage2/ML-KEM/mul_poly/mul_poly.v:113]
Completed static elaboration
Starting simulation data flow analysis
Completed simulation data flow analysis
Time Resolution for simulation is 1ps
Compiling module xil_defaultlib.barret
Compiling module xil_defaultlib.fulladder
Compiling module xil_defaultlib.csa(WIDTH=26)
Compiling module xil_defaultlib.BoothDecode
Compiling module xil_defaultlib.mul_12bit
Compiling module xil_defaultlib.mul_poly
Compiling module xil_defaultlib.tb_mul_poly
Compiling module xil_defaultlib.glbl
Built simulation snapshot tb_mul_poly_behav
INFO: [USF-XSim-69] 'elaborate' step finished in '2' seconds
Time resolution is 1 ps
Start Barrett Testbench
Finished
$finish called at time : 530 ns : File "C:/Hung/Viettel/Stage2/ML-KEM/mul_poly/tb_mul_poly.v" Line 56
relaunch_sim: Time (s): cpu = 00:00:00 ; elapsed = 00:00:05 . Memory (MB): peak = 2087.770 ; gain = 0.000
save_wave_config {C:/Hung/Viettel/Stage2/ML-KEM/mul_poly/mul_matrix/tb_mul_12bit_behav.wcfg}
relaunch_sim
Command: launch_simulation -step compile -simset sim_1 -mode behavioral
INFO: [Vivado 12-12493] Simulation top is 'tb_mul_poly'
WARNING: [Vivado 12-13340] Unable to auto find GCC executables from simulator install path! (path not set)
WARNING: [Vivado 12-13277] Compiled library path does not exist: ''
INFO: [Vivado 12-5682] Launching behavioral simulation in 'C:/Hung/Viettel/Stage2/ML-KEM/mul_poly/mul_matrix/mul_matrix.sim/sim_1/behav/xsim'
INFO: [SIM-utils-51] Simulation object is 'sim_1'
INFO: [USF-XSim-2] XSim::Compile design
INFO: [USF-XSim-61] Executing 'COMPILE and ANALYZE' step in 'C:/Hung/Viettel/Stage2/ML-KEM/mul_poly/mul_matrix/mul_matrix.sim/sim_1/behav/xsim'
"xvlog --incr --relax -prj tb_mul_poly_vlog.prj"
INFO: [VRFC 10-2263] Analyzing Verilog file "C:/Hung/Viettel/Stage2/ML-KEM/mul_poly/BoothDecode.v" into library xil_defaultlib
INFO: [VRFC 10-311] analyzing module BoothDecode
INFO: [VRFC 10-2263] Analyzing Verilog file "C:/Hung/Viettel/Stage2/ML-KEM/NTT/barret.v" into library xil_defaultlib
INFO: [VRFC 10-311] analyzing module barret
INFO: [VRFC 10-2263] Analyzing Verilog file "C:/Hung/Viettel/Stage2/ML-KEM/mul_poly/csa.v" into library xil_defaultlib
INFO: [VRFC 10-311] analyzing module csa
INFO: [VRFC 10-311] analyzing module fulladder
INFO: [VRFC 10-2263] Analyzing Verilog file "C:/Hung/Viettel/Stage2/ML-KEM/mul_poly/mul_12bit.v" into library xil_defaultlib
INFO: [VRFC 10-311] analyzing module mul_12bit
INFO: [VRFC 10-2263] Analyzing Verilog file "C:/Hung/Viettel/Stage2/ML-KEM/mul_poly/mul_poly.v" into library xil_defaultlib
INFO: [VRFC 10-311] analyzing module mul_poly
INFO: [VRFC 10-2263] Analyzing Verilog file "C:/Hung/Viettel/Stage2/ML-KEM/mul_poly/tb_mul_poly.v" into library xil_defaultlib
INFO: [VRFC 10-311] analyzing module tb_mul_poly
INFO: [USF-XSim-69] 'compile' step finished in '2' seconds
Command: launch_simulation -step elaborate -simset sim_1 -mode behavioral
INFO: [Vivado 12-12493] Simulation top is 'tb_mul_poly'
WARNING: [Vivado 12-13340] Unable to auto find GCC executables from simulator install path! (path not set)
WARNING: [Vivado 12-13277] Compiled library path does not exist: ''
INFO: [Vivado 12-5682] Launching behavioral simulation in 'C:/Hung/Viettel/Stage2/ML-KEM/mul_poly/mul_matrix/mul_matrix.sim/sim_1/behav/xsim'
INFO: [SIM-utils-51] Simulation object is 'sim_1'
INFO: [USF-XSim-3] XSim::Elaborate design
INFO: [USF-XSim-61] Executing 'ELABORATE' step in 'C:/Hung/Viettel/Stage2/ML-KEM/mul_poly/mul_matrix/mul_matrix.sim/sim_1/behav/xsim'
"xelab --incr --debug typical --relax --mt 2 -L xil_defaultlib -L unisims_ver -L unimacro_ver -L secureip --snapshot tb_mul_poly_behav xil_defaultlib.tb_mul_poly xil_defaultlib.glbl -log elaborate.log"
Vivado Simulator v2022.2.2
Copyright 1986-1999, 2001-2022 Xilinx, Inc. All Rights Reserved.
Running: C:/Xilinx/Vivado/2022.2/bin/unwrapped/win64.o/xelab.exe --incr --debug typical --relax --mt 2 -L xil_defaultlib -L unisims_ver -L unimacro_ver -L secureip --snapshot tb_mul_poly_behav xil_defaultlib.tb_mul_poly xil_defaultlib.glbl -log elaborate.log 
Using 2 slave threads.
Starting static elaboration
Pass Through NonSizing Optimizer
WARNING: [VRFC 10-3091] actual bit length 24 differs from formal bit length 26 for port 'R' [C:/Hung/Viettel/Stage2/ML-KEM/mul_poly/mul_poly.v:80]
WARNING: [VRFC 10-3091] actual bit length 27 differs from formal bit length 26 for port 'x' [C:/Hung/Viettel/Stage2/ML-KEM/mul_poly/mul_12bit.v:151]
WARNING: [VRFC 10-3091] actual bit length 27 differs from formal bit length 26 for port 'y' [C:/Hung/Viettel/Stage2/ML-KEM/mul_poly/mul_12bit.v:152]
WARNING: [VRFC 10-3091] actual bit length 27 differs from formal bit length 26 for port 'z' [C:/Hung/Viettel/Stage2/ML-KEM/mul_poly/mul_12bit.v:153]
WARNING: [VRFC 10-3091] actual bit length 27 differs from formal bit length 26 for port 'x' [C:/Hung/Viettel/Stage2/ML-KEM/mul_poly/mul_12bit.v:159]
WARNING: [VRFC 10-3091] actual bit length 27 differs from formal bit length 26 for port 'y' [C:/Hung/Viettel/Stage2/ML-KEM/mul_poly/mul_12bit.v:160]
WARNING: [VRFC 10-3091] actual bit length 27 differs from formal bit length 26 for port 'z' [C:/Hung/Viettel/Stage2/ML-KEM/mul_poly/mul_12bit.v:161]
WARNING: [VRFC 10-3091] actual bit length 24 differs from formal bit length 26 for port 'R' [C:/Hung/Viettel/Stage2/ML-KEM/mul_poly/mul_poly.v:88]
WARNING: [VRFC 10-3091] actual bit length 24 differs from formal bit length 26 for port 'R' [C:/Hung/Viettel/Stage2/ML-KEM/mul_poly/mul_poly.v:96]
WARNING: [VRFC 10-3091] actual bit length 24 differs from formal bit length 26 for port 'R' [C:/Hung/Viettel/Stage2/ML-KEM/mul_poly/mul_poly.v:104]
WARNING: [VRFC 10-3091] actual bit length 24 differs from formal bit length 26 for port 'R' [C:/Hung/Viettel/Stage2/ML-KEM/mul_poly/mul_poly.v:112]
Completed static elaboration
Starting simulation data flow analysis
Completed simulation data flow analysis
Time Resolution for simulation is 1ps
Compiling module xil_defaultlib.barret
Compiling module xil_defaultlib.fulladder
Compiling module xil_defaultlib.csa(WIDTH=26)
Compiling module xil_defaultlib.BoothDecode
Compiling module xil_defaultlib.mul_12bit
Compiling module xil_defaultlib.mul_poly
Compiling module xil_defaultlib.tb_mul_poly
Compiling module xil_defaultlib.glbl
Built simulation snapshot tb_mul_poly_behav
INFO: [USF-XSim-69] 'elaborate' step finished in '1' seconds
Time resolution is 1 ps
Start Barrett Testbench
Finished
$finish called at time : 530 ns : File "C:/Hung/Viettel/Stage2/ML-KEM/mul_poly/tb_mul_poly.v" Line 56
relaunch_sim: Time (s): cpu = 00:00:01 ; elapsed = 00:00:06 . Memory (MB): peak = 2087.770 ; gain = 0.000
relaunch_sim
Command: launch_simulation -step compile -simset sim_1 -mode behavioral
INFO: [Vivado 12-12493] Simulation top is 'tb_mul_poly'
WARNING: [Vivado 12-13340] Unable to auto find GCC executables from simulator install path! (path not set)
WARNING: [Vivado 12-13277] Compiled library path does not exist: ''
INFO: [Vivado 12-5682] Launching behavioral simulation in 'C:/Hung/Viettel/Stage2/ML-KEM/mul_poly/mul_matrix/mul_matrix.sim/sim_1/behav/xsim'
INFO: [SIM-utils-51] Simulation object is 'sim_1'
INFO: [USF-XSim-2] XSim::Compile design
INFO: [USF-XSim-61] Executing 'COMPILE and ANALYZE' step in 'C:/Hung/Viettel/Stage2/ML-KEM/mul_poly/mul_matrix/mul_matrix.sim/sim_1/behav/xsim'
"xvlog --incr --relax -prj tb_mul_poly_vlog.prj"
INFO: [VRFC 10-2263] Analyzing Verilog file "C:/Hung/Viettel/Stage2/ML-KEM/mul_poly/BoothDecode.v" into library xil_defaultlib
INFO: [VRFC 10-311] analyzing module BoothDecode
INFO: [VRFC 10-2263] Analyzing Verilog file "C:/Hung/Viettel/Stage2/ML-KEM/NTT/barret.v" into library xil_defaultlib
INFO: [VRFC 10-311] analyzing module barret
INFO: [VRFC 10-2263] Analyzing Verilog file "C:/Hung/Viettel/Stage2/ML-KEM/mul_poly/csa.v" into library xil_defaultlib
INFO: [VRFC 10-311] analyzing module csa
INFO: [VRFC 10-311] analyzing module fulladder
INFO: [VRFC 10-2263] Analyzing Verilog file "C:/Hung/Viettel/Stage2/ML-KEM/mul_poly/mul_12bit.v" into library xil_defaultlib
INFO: [VRFC 10-311] analyzing module mul_12bit
INFO: [VRFC 10-2263] Analyzing Verilog file "C:/Hung/Viettel/Stage2/ML-KEM/mul_poly/mul_poly.v" into library xil_defaultlib
INFO: [VRFC 10-311] analyzing module mul_poly
INFO: [VRFC 10-2263] Analyzing Verilog file "C:/Hung/Viettel/Stage2/ML-KEM/mul_poly/tb_mul_poly.v" into library xil_defaultlib
INFO: [VRFC 10-311] analyzing module tb_mul_poly
INFO: [USF-XSim-69] 'compile' step finished in '1' seconds
Command: launch_simulation -step elaborate -simset sim_1 -mode behavioral
INFO: [Vivado 12-12493] Simulation top is 'tb_mul_poly'
WARNING: [Vivado 12-13340] Unable to auto find GCC executables from simulator install path! (path not set)
WARNING: [Vivado 12-13277] Compiled library path does not exist: ''
INFO: [Vivado 12-5682] Launching behavioral simulation in 'C:/Hung/Viettel/Stage2/ML-KEM/mul_poly/mul_matrix/mul_matrix.sim/sim_1/behav/xsim'
INFO: [SIM-utils-51] Simulation object is 'sim_1'
INFO: [USF-XSim-3] XSim::Elaborate design
INFO: [USF-XSim-61] Executing 'ELABORATE' step in 'C:/Hung/Viettel/Stage2/ML-KEM/mul_poly/mul_matrix/mul_matrix.sim/sim_1/behav/xsim'
"xelab --incr --debug typical --relax --mt 2 -L xil_defaultlib -L unisims_ver -L unimacro_ver -L secureip --snapshot tb_mul_poly_behav xil_defaultlib.tb_mul_poly xil_defaultlib.glbl -log elaborate.log"
Vivado Simulator v2022.2.2
Copyright 1986-1999, 2001-2022 Xilinx, Inc. All Rights Reserved.
Running: C:/Xilinx/Vivado/2022.2/bin/unwrapped/win64.o/xelab.exe --incr --debug typical --relax --mt 2 -L xil_defaultlib -L unisims_ver -L unimacro_ver -L secureip --snapshot tb_mul_poly_behav xil_defaultlib.tb_mul_poly xil_defaultlib.glbl -log elaborate.log 
Using 2 slave threads.
Starting static elaboration
Pass Through NonSizing Optimizer
WARNING: [VRFC 10-3091] actual bit length 24 differs from formal bit length 26 for port 'R' [C:/Hung/Viettel/Stage2/ML-KEM/mul_poly/mul_poly.v:79]
WARNING: [VRFC 10-3091] actual bit length 27 differs from formal bit length 26 for port 'x' [C:/Hung/Viettel/Stage2/ML-KEM/mul_poly/mul_12bit.v:151]
WARNING: [VRFC 10-3091] actual bit length 27 differs from formal bit length 26 for port 'y' [C:/Hung/Viettel/Stage2/ML-KEM/mul_poly/mul_12bit.v:152]
WARNING: [VRFC 10-3091] actual bit length 27 differs from formal bit length 26 for port 'z' [C:/Hung/Viettel/Stage2/ML-KEM/mul_poly/mul_12bit.v:153]
WARNING: [VRFC 10-3091] actual bit length 27 differs from formal bit length 26 for port 'x' [C:/Hung/Viettel/Stage2/ML-KEM/mul_poly/mul_12bit.v:159]
WARNING: [VRFC 10-3091] actual bit length 27 differs from formal bit length 26 for port 'y' [C:/Hung/Viettel/Stage2/ML-KEM/mul_poly/mul_12bit.v:160]
WARNING: [VRFC 10-3091] actual bit length 27 differs from formal bit length 26 for port 'z' [C:/Hung/Viettel/Stage2/ML-KEM/mul_poly/mul_12bit.v:161]
WARNING: [VRFC 10-3091] actual bit length 24 differs from formal bit length 26 for port 'R' [C:/Hung/Viettel/Stage2/ML-KEM/mul_poly/mul_poly.v:87]
WARNING: [VRFC 10-3091] actual bit length 24 differs from formal bit length 26 for port 'R' [C:/Hung/Viettel/Stage2/ML-KEM/mul_poly/mul_poly.v:95]
WARNING: [VRFC 10-3091] actual bit length 24 differs from formal bit length 26 for port 'R' [C:/Hung/Viettel/Stage2/ML-KEM/mul_poly/mul_poly.v:103]
WARNING: [VRFC 10-3091] actual bit length 24 differs from formal bit length 26 for port 'R' [C:/Hung/Viettel/Stage2/ML-KEM/mul_poly/mul_poly.v:111]
Completed static elaboration
Starting simulation data flow analysis
Completed simulation data flow analysis
Time Resolution for simulation is 1ps
Compiling module xil_defaultlib.barret
Compiling module xil_defaultlib.fulladder
Compiling module xil_defaultlib.csa(WIDTH=26)
Compiling module xil_defaultlib.BoothDecode
Compiling module xil_defaultlib.mul_12bit
Compiling module xil_defaultlib.mul_poly
Compiling module xil_defaultlib.tb_mul_poly
Compiling module xil_defaultlib.glbl
Built simulation snapshot tb_mul_poly_behav
INFO: [USF-XSim-69] 'elaborate' step finished in '2' seconds
Time resolution is 1 ps
Start Barrett Testbench
Finished
$finish called at time : 530 ns : File "C:/Hung/Viettel/Stage2/ML-KEM/mul_poly/tb_mul_poly.v" Line 56
relaunch_sim: Time (s): cpu = 00:00:00 ; elapsed = 00:00:05 . Memory (MB): peak = 2087.770 ; gain = 0.000
save_wave_config {C:/Hung/Viettel/Stage2/ML-KEM/mul_poly/mul_matrix/tb_mul_12bit_behav.wcfg}
save_wave_config {C:/Hung/Viettel/Stage2/ML-KEM/mul_poly/mul_matrix/tb_mul_12bit_behav.wcfg}
relaunch_sim
Command: launch_simulation -step compile -simset sim_1 -mode behavioral
INFO: [Vivado 12-12493] Simulation top is 'tb_mul_poly'
WARNING: [Vivado 12-13340] Unable to auto find GCC executables from simulator install path! (path not set)
WARNING: [Vivado 12-13277] Compiled library path does not exist: ''
INFO: [Vivado 12-5682] Launching behavioral simulation in 'C:/Hung/Viettel/Stage2/ML-KEM/mul_poly/mul_matrix/mul_matrix.sim/sim_1/behav/xsim'
INFO: [SIM-utils-51] Simulation object is 'sim_1'
INFO: [USF-XSim-2] XSim::Compile design
INFO: [USF-XSim-61] Executing 'COMPILE and ANALYZE' step in 'C:/Hung/Viettel/Stage2/ML-KEM/mul_poly/mul_matrix/mul_matrix.sim/sim_1/behav/xsim'
"xvlog --incr --relax -prj tb_mul_poly_vlog.prj"
INFO: [VRFC 10-2263] Analyzing Verilog file "C:/Hung/Viettel/Stage2/ML-KEM/mul_poly/BoothDecode.v" into library xil_defaultlib
INFO: [VRFC 10-311] analyzing module BoothDecode
INFO: [VRFC 10-2263] Analyzing Verilog file "C:/Hung/Viettel/Stage2/ML-KEM/NTT/barret.v" into library xil_defaultlib
INFO: [VRFC 10-311] analyzing module barret
INFO: [VRFC 10-2263] Analyzing Verilog file "C:/Hung/Viettel/Stage2/ML-KEM/mul_poly/csa.v" into library xil_defaultlib
INFO: [VRFC 10-311] analyzing module csa
INFO: [VRFC 10-311] analyzing module fulladder
INFO: [VRFC 10-2263] Analyzing Verilog file "C:/Hung/Viettel/Stage2/ML-KEM/mul_poly/mul_12bit.v" into library xil_defaultlib
INFO: [VRFC 10-311] analyzing module mul_12bit
INFO: [VRFC 10-2263] Analyzing Verilog file "C:/Hung/Viettel/Stage2/ML-KEM/mul_poly/mul_poly.v" into library xil_defaultlib
INFO: [VRFC 10-311] analyzing module mul_poly
INFO: [VRFC 10-2263] Analyzing Verilog file "C:/Hung/Viettel/Stage2/ML-KEM/mul_poly/tb_mul_poly.v" into library xil_defaultlib
INFO: [VRFC 10-311] analyzing module tb_mul_poly
INFO: [USF-XSim-69] 'compile' step finished in '2' seconds
Command: launch_simulation -step elaborate -simset sim_1 -mode behavioral
INFO: [Vivado 12-12493] Simulation top is 'tb_mul_poly'
WARNING: [Vivado 12-13340] Unable to auto find GCC executables from simulator install path! (path not set)
WARNING: [Vivado 12-13277] Compiled library path does not exist: ''
INFO: [Vivado 12-5682] Launching behavioral simulation in 'C:/Hung/Viettel/Stage2/ML-KEM/mul_poly/mul_matrix/mul_matrix.sim/sim_1/behav/xsim'
INFO: [SIM-utils-51] Simulation object is 'sim_1'
INFO: [USF-XSim-3] XSim::Elaborate design
INFO: [USF-XSim-61] Executing 'ELABORATE' step in 'C:/Hung/Viettel/Stage2/ML-KEM/mul_poly/mul_matrix/mul_matrix.sim/sim_1/behav/xsim'
"xelab --incr --debug typical --relax --mt 2 -L xil_defaultlib -L unisims_ver -L unimacro_ver -L secureip --snapshot tb_mul_poly_behav xil_defaultlib.tb_mul_poly xil_defaultlib.glbl -log elaborate.log"
Vivado Simulator v2022.2.2
Copyright 1986-1999, 2001-2022 Xilinx, Inc. All Rights Reserved.
Running: C:/Xilinx/Vivado/2022.2/bin/unwrapped/win64.o/xelab.exe --incr --debug typical --relax --mt 2 -L xil_defaultlib -L unisims_ver -L unimacro_ver -L secureip --snapshot tb_mul_poly_behav xil_defaultlib.tb_mul_poly xil_defaultlib.glbl -log elaborate.log 
Using 2 slave threads.
Starting static elaboration
Pass Through NonSizing Optimizer
WARNING: [VRFC 10-3091] actual bit length 24 differs from formal bit length 26 for port 'R' [C:/Hung/Viettel/Stage2/ML-KEM/mul_poly/mul_poly.v:79]
WARNING: [VRFC 10-3091] actual bit length 27 differs from formal bit length 26 for port 'x' [C:/Hung/Viettel/Stage2/ML-KEM/mul_poly/mul_12bit.v:151]
WARNING: [VRFC 10-3091] actual bit length 27 differs from formal bit length 26 for port 'y' [C:/Hung/Viettel/Stage2/ML-KEM/mul_poly/mul_12bit.v:152]
WARNING: [VRFC 10-3091] actual bit length 27 differs from formal bit length 26 for port 'z' [C:/Hung/Viettel/Stage2/ML-KEM/mul_poly/mul_12bit.v:153]
WARNING: [VRFC 10-3091] actual bit length 27 differs from formal bit length 26 for port 'x' [C:/Hung/Viettel/Stage2/ML-KEM/mul_poly/mul_12bit.v:159]
WARNING: [VRFC 10-3091] actual bit length 27 differs from formal bit length 26 for port 'y' [C:/Hung/Viettel/Stage2/ML-KEM/mul_poly/mul_12bit.v:160]
WARNING: [VRFC 10-3091] actual bit length 27 differs from formal bit length 26 for port 'z' [C:/Hung/Viettel/Stage2/ML-KEM/mul_poly/mul_12bit.v:161]
WARNING: [VRFC 10-3091] actual bit length 24 differs from formal bit length 26 for port 'R' [C:/Hung/Viettel/Stage2/ML-KEM/mul_poly/mul_poly.v:87]
WARNING: [VRFC 10-3091] actual bit length 24 differs from formal bit length 26 for port 'R' [C:/Hung/Viettel/Stage2/ML-KEM/mul_poly/mul_poly.v:95]
WARNING: [VRFC 10-3091] actual bit length 24 differs from formal bit length 26 for port 'R' [C:/Hung/Viettel/Stage2/ML-KEM/mul_poly/mul_poly.v:103]
WARNING: [VRFC 10-3091] actual bit length 24 differs from formal bit length 26 for port 'R' [C:/Hung/Viettel/Stage2/ML-KEM/mul_poly/mul_poly.v:111]
Completed static elaboration
Starting simulation data flow analysis
Completed simulation data flow analysis
Time Resolution for simulation is 1ps
Compiling module xil_defaultlib.barret
Compiling module xil_defaultlib.fulladder
Compiling module xil_defaultlib.csa(WIDTH=26)
Compiling module xil_defaultlib.BoothDecode
Compiling module xil_defaultlib.mul_12bit
Compiling module xil_defaultlib.mul_poly
Compiling module xil_defaultlib.tb_mul_poly
Compiling module xil_defaultlib.glbl
Built simulation snapshot tb_mul_poly_behav
INFO: [USF-XSim-69] 'elaborate' step finished in '2' seconds
Time resolution is 1 ps
Start Barrett Testbench
Finished
$finish called at time : 530 ns : File "C:/Hung/Viettel/Stage2/ML-KEM/mul_poly/tb_mul_poly.v" Line 56
relaunch_sim: Time (s): cpu = 00:00:01 ; elapsed = 00:00:05 . Memory (MB): peak = 2087.770 ; gain = 0.000
close_sim
INFO: [Simtcl 6-16] Simulation closed
set_property top tb_mul_poly_matrix [get_filesets sim_1]
set_property top_lib xil_defaultlib [get_filesets sim_1]
update_compile_order -fileset sim_1
launch_simulation
Command: launch_simulation 
INFO: [Vivado 12-12493] Simulation top is 'tb_mul_poly_matrix'
WARNING: [Vivado 12-13340] Unable to auto find GCC executables from simulator install path! (path not set)
WARNING: [Vivado 12-13277] Compiled library path does not exist: ''
INFO: [Vivado 12-5682] Launching behavioral simulation in 'C:/Hung/Viettel/Stage2/ML-KEM/mul_poly/mul_matrix/mul_matrix.sim/sim_1/behav/xsim'
INFO: [SIM-utils-51] Simulation object is 'sim_1'
INFO: [SIM-utils-72] Using boost library from 'C:/Xilinx/Vivado/2022.2/tps/boost_1_72_0'
INFO: [SIM-utils-54] Inspecting design source files for 'tb_mul_poly_matrix' in fileset 'sim_1'...
INFO: [USF-XSim-97] Finding global include files...
INFO: [USF-XSim-98] Fetching design files from 'sim_1'...
INFO: [USF-XSim-2] XSim::Compile design
INFO: [USF-XSim-61] Executing 'COMPILE and ANALYZE' step in 'C:/Hung/Viettel/Stage2/ML-KEM/mul_poly/mul_matrix/mul_matrix.sim/sim_1/behav/xsim'
"xvlog --incr --relax -prj tb_mul_poly_matrix_vlog.prj"
INFO: [VRFC 10-2263] Analyzing Verilog file "C:/Hung/Viettel/Stage2/ML-KEM/mul_poly/BoothDecode.v" into library xil_defaultlib
INFO: [VRFC 10-311] analyzing module BoothDecode
INFO: [VRFC 10-2263] Analyzing Verilog file "C:/Hung/Viettel/Stage2/ML-KEM/mul_poly/Rom_mul.v" into library xil_defaultlib
INFO: [VRFC 10-311] analyzing module Rom_mul
INFO: [VRFC 10-2263] Analyzing Verilog file "C:/Hung/Viettel/Stage2/ML-KEM/mul_poly/add_cell.v" into library xil_defaultlib
INFO: [VRFC 10-311] analyzing module add_cell
INFO: [VRFC 10-2263] Analyzing Verilog file "C:/Hung/Viettel/Stage2/ML-KEM/NTT/barret.v" into library xil_defaultlib
INFO: [VRFC 10-311] analyzing module barret
INFO: [VRFC 10-2263] Analyzing Verilog file "C:/Hung/Viettel/Stage2/ML-KEM/mul_poly/csa.v" into library xil_defaultlib
INFO: [VRFC 10-311] analyzing module csa
INFO: [VRFC 10-311] analyzing module fulladder
INFO: [VRFC 10-2263] Analyzing Verilog file "C:/Hung/Viettel/Stage2/ML-KEM/mul_poly/mul_12bit.v" into library xil_defaultlib
INFO: [VRFC 10-311] analyzing module mul_12bit
INFO: [VRFC 10-2263] Analyzing Verilog file "C:/Hung/Viettel/Stage2/ML-KEM/mul_poly/mul_cell.v" into library xil_defaultlib
INFO: [VRFC 10-311] analyzing module mul_cel
INFO: [VRFC 10-2263] Analyzing Verilog file "C:/Hung/Viettel/Stage2/ML-KEM/mul_poly/mul_poly.v" into library xil_defaultlib
INFO: [VRFC 10-311] analyzing module mul_poly
INFO: [VRFC 10-2263] Analyzing Verilog file "C:/Hung/Viettel/Stage2/ML-KEM/mul_poly/mul_poly_matrix.v" into library xil_defaultlib
INFO: [VRFC 10-311] analyzing module mul_poly_matrix
INFO: [VRFC 10-2263] Analyzing Verilog file "C:/Hung/Viettel/Stage2/ML-KEM/mul_poly/tb_mul_poly_matrix.v" into library xil_defaultlib
INFO: [VRFC 10-311] analyzing module tb_mul_poly_matrix
INFO: [USF-XSim-69] 'compile' step finished in '1' seconds
INFO: [USF-XSim-3] XSim::Elaborate design
INFO: [USF-XSim-61] Executing 'ELABORATE' step in 'C:/Hung/Viettel/Stage2/ML-KEM/mul_poly/mul_matrix/mul_matrix.sim/sim_1/behav/xsim'
"xelab --incr --debug typical --relax --mt 2 -L xil_defaultlib -L unisims_ver -L unimacro_ver -L secureip --snapshot tb_mul_poly_matrix_behav xil_defaultlib.tb_mul_poly_matrix xil_defaultlib.glbl -log elaborate.log"
Vivado Simulator v2022.2.2
Copyright 1986-1999, 2001-2022 Xilinx, Inc. All Rights Reserved.
Running: C:/Xilinx/Vivado/2022.2/bin/unwrapped/win64.o/xelab.exe --incr --debug typical --relax --mt 2 -L xil_defaultlib -L unisims_ver -L unimacro_ver -L secureip --snapshot tb_mul_poly_matrix_behav xil_defaultlib.tb_mul_poly_matrix xil_defaultlib.glbl -log elaborate.log 
Using 2 slave threads.
Starting static elaboration
Pass Through NonSizing Optimizer
WARNING: [VRFC 10-3091] actual bit length 12 differs from formal bit length 13 for port 'zetas' [C:/Hung/Viettel/Stage2/ML-KEM/mul_poly/mul_poly_matrix.v:31]
WARNING: [VRFC 10-3091] actual bit length 24 differs from formal bit length 26 for port 'R' [C:/Hung/Viettel/Stage2/ML-KEM/mul_poly/mul_poly.v:74]
WARNING: [VRFC 10-3091] actual bit length 27 differs from formal bit length 26 for port 'x' [C:/Hung/Viettel/Stage2/ML-KEM/mul_poly/mul_12bit.v:151]
WARNING: [VRFC 10-3091] actual bit length 27 differs from formal bit length 26 for port 'y' [C:/Hung/Viettel/Stage2/ML-KEM/mul_poly/mul_12bit.v:152]
WARNING: [VRFC 10-3091] actual bit length 27 differs from formal bit length 26 for port 'z' [C:/Hung/Viettel/Stage2/ML-KEM/mul_poly/mul_12bit.v:153]
WARNING: [VRFC 10-3091] actual bit length 27 differs from formal bit length 26 for port 'x' [C:/Hung/Viettel/Stage2/ML-KEM/mul_poly/mul_12bit.v:159]
WARNING: [VRFC 10-3091] actual bit length 27 differs from formal bit length 26 for port 'y' [C:/Hung/Viettel/Stage2/ML-KEM/mul_poly/mul_12bit.v:160]
WARNING: [VRFC 10-3091] actual bit length 27 differs from formal bit length 26 for port 'z' [C:/Hung/Viettel/Stage2/ML-KEM/mul_poly/mul_12bit.v:161]
WARNING: [VRFC 10-3091] actual bit length 24 differs from formal bit length 26 for port 'R' [C:/Hung/Viettel/Stage2/ML-KEM/mul_poly/mul_poly.v:82]
WARNING: [VRFC 10-3091] actual bit length 24 differs from formal bit length 26 for port 'R' [C:/Hung/Viettel/Stage2/ML-KEM/mul_poly/mul_poly.v:90]
WARNING: [VRFC 10-3091] actual bit length 24 differs from formal bit length 26 for port 'R' [C:/Hung/Viettel/Stage2/ML-KEM/mul_poly/mul_poly.v:98]
WARNING: [VRFC 10-3091] actual bit length 24 differs from formal bit length 26 for port 'R' [C:/Hung/Viettel/Stage2/ML-KEM/mul_poly/mul_poly.v:106]
WARNING: [VRFC 10-3091] actual bit length 12 differs from formal bit length 13 for port 'zetas' [C:/Hung/Viettel/Stage2/ML-KEM/mul_poly/mul_poly_matrix.v:44]
WARNING: [VRFC 10-3091] actual bit length 12 differs from formal bit length 13 for port 'zetas' [C:/Hung/Viettel/Stage2/ML-KEM/mul_poly/mul_poly_matrix.v:57]
WARNING: [VRFC 10-3091] actual bit length 12 differs from formal bit length 13 for port 'zetas' [C:/Hung/Viettel/Stage2/ML-KEM/mul_poly/mul_poly_matrix.v:70]
WARNING: [VRFC 10-3091] actual bit length 12 differs from formal bit length 13 for port 'zetas' [C:/Hung/Viettel/Stage2/ML-KEM/mul_poly/mul_poly_matrix.v:83]
WARNING: [VRFC 10-3091] actual bit length 12 differs from formal bit length 13 for port 'zetas' [C:/Hung/Viettel/Stage2/ML-KEM/mul_poly/mul_poly_matrix.v:96]
WARNING: [VRFC 10-3091] actual bit length 12 differs from formal bit length 13 for port 'zetas' [C:/Hung/Viettel/Stage2/ML-KEM/mul_poly/mul_poly_matrix.v:109]
WARNING: [VRFC 10-3091] actual bit length 12 differs from formal bit length 13 for port 'zetas' [C:/Hung/Viettel/Stage2/ML-KEM/mul_poly/mul_poly_matrix.v:122]
Completed static elaboration
Starting simulation data flow analysis
Completed simulation data flow analysis
Time Resolution for simulation is 1ps
Compiling module xil_defaultlib.add_cell_default
Compiling module xil_defaultlib.barret
Compiling module xil_defaultlib.Rom_mul
Compiling module xil_defaultlib.fulladder
Compiling module xil_defaultlib.csa(WIDTH=26)
Compiling module xil_defaultlib.BoothDecode
Compiling module xil_defaultlib.mul_12bit
Compiling module xil_defaultlib.mul_poly
Compiling module xil_defaultlib.mul_poly_matrix
Compiling module xil_defaultlib.mul_cel_default
Compiling module xil_defaultlib.tb_mul_poly_matrix
Compiling module xil_defaultlib.glbl
Built simulation snapshot tb_mul_poly_matrix_behav
INFO: [USF-XSim-69] 'elaborate' step finished in '3' seconds
INFO: [USF-XSim-4] XSim::Simulate design
INFO: [USF-XSim-61] Executing 'SIMULATE' step in 'C:/Hung/Viettel/Stage2/ML-KEM/mul_poly/mul_matrix/mul_matrix.sim/sim_1/behav/xsim'
INFO: [USF-XSim-98] *** Running xsim
   with args "tb_mul_poly_matrix_behav -key {Behavioral:sim_1:Functional:tb_mul_poly_matrix} -tclbatch {tb_mul_poly_matrix.tcl} -view {C:/Hung/Viettel/Stage2/ML-KEM/mul_poly/mul_matrix/tb_mul_12bit_behav.wcfg} -log {simulate.log}"
INFO: [USF-XSim-8] Loading simulator feature
Time resolution is 1 ps
open_wave_config C:/Hung/Viettel/Stage2/ML-KEM/mul_poly/mul_matrix/tb_mul_12bit_behav.wcfg
WARNING: Simulation object /tb_mul_poly/uut/clk was not found in the design.
WARNING: Simulation object /tb_mul_poly/uut/rst_n was not found in the design.
WARNING: Simulation object /tb_mul_poly/uut/a0 was not found in the design.
WARNING: Simulation object /tb_mul_poly/uut/a1 was not found in the design.
WARNING: Simulation object /tb_mul_poly/uut/b0 was not found in the design.
WARNING: Simulation object /tb_mul_poly/uut/b1 was not found in the design.
WARNING: Simulation object /tb_mul_poly/uut/zetas was not found in the design.
WARNING: Simulation object /tb_mul_poly/uut/res0 was not found in the design.
WARNING: Simulation object /tb_mul_poly/uut/res1 was not found in the design.
WARNING: Simulation object /tb_mul_poly/uut/a0_b0 was not found in the design.
WARNING: Simulation object /tb_mul_poly/uut/a1_b1 was not found in the design.
WARNING: Simulation object /tb_mul_poly/uut/a1_b0 was not found in the design.
WARNING: Simulation object /tb_mul_poly/uut/a0_b1 was not found in the design.
WARNING: Simulation object /tb_mul_poly/uut/a1_b1_zetas was not found in the design.
WARNING: Simulation object /tb_mul_poly/uut/obarret1 was not found in the design.
WARNING: Simulation object /tb_mul_poly/uut/obarret2 was not found in the design.
WARNING: Simulation object /tb_mul_poly/uut/obarret3 was not found in the design.
WARNING: Simulation object /tb_mul_poly/uut/add1 was not found in the design.
WARNING: Simulation object /tb_mul_poly/uut/add2 was not found in the design.
source tb_mul_poly_matrix.tcl
# set curr_wave [current_wave_config]
# if { [string length $curr_wave] == 0 } {
#   if { [llength [get_objects]] > 0} {
#     add_wave /
#     set_property needs_save false [current_wave_config]
#   } else {
#      send_msg_id Add_Wave-1 WARNING "No top level signals found. Simulator will start without a wave window. If you want to open a wave window go to 'File->New Waveform Configuration' or type 'create_wave_config' in the TCL console."
#   }
# }
# run 100000ns
               a: 000 000 000 000 000 000 000 000 000 000 000 000 000 000 000 000
               b: 000 000 000 000 000 000 000 000 000 000 000 000 000 000 000 000
             res: 000 000 000 000 000 000 000 000 000 000 000 000 000 000 000 000
expect r12..r15 = {b65, 967, c71, 6a7}
got    r12..r15 = {000, 000, 000, 000}
FAIL
$finish called at time : 262500 ps : File "C:/Hung/Viettel/Stage2/ML-KEM/mul_poly/tb_mul_poly_matrix.v" Line 116
INFO: [USF-XSim-96] XSim completed. Design snapshot 'tb_mul_poly_matrix_behav' loaded.
INFO: [USF-XSim-97] XSim simulation ran for 100000ns
launch_simulation: Time (s): cpu = 00:00:02 ; elapsed = 00:00:06 . Memory (MB): peak = 2087.770 ; gain = 0.000
close_sim
INFO: [Simtcl 6-16] Simulation closed
launch_simulation
Command: launch_simulation 
INFO: [Vivado 12-12493] Simulation top is 'tb_mul_poly_matrix'
WARNING: [Vivado 12-13340] Unable to auto find GCC executables from simulator install path! (path not set)
WARNING: [Vivado 12-13277] Compiled library path does not exist: ''
INFO: [Vivado 12-5682] Launching behavioral simulation in 'C:/Hung/Viettel/Stage2/ML-KEM/mul_poly/mul_matrix/mul_matrix.sim/sim_1/behav/xsim'
INFO: [SIM-utils-51] Simulation object is 'sim_1'
INFO: [SIM-utils-72] Using boost library from 'C:/Xilinx/Vivado/2022.2/tps/boost_1_72_0'
INFO: [SIM-utils-54] Inspecting design source files for 'tb_mul_poly_matrix' in fileset 'sim_1'...
INFO: [USF-XSim-97] Finding global include files...
INFO: [USF-XSim-98] Fetching design files from 'sim_1'...
INFO: [USF-XSim-2] XSim::Compile design
INFO: [USF-XSim-61] Executing 'COMPILE and ANALYZE' step in 'C:/Hung/Viettel/Stage2/ML-KEM/mul_poly/mul_matrix/mul_matrix.sim/sim_1/behav/xsim'
"xvlog --incr --relax -prj tb_mul_poly_matrix_vlog.prj"
INFO: [VRFC 10-2263] Analyzing Verilog file "C:/Hung/Viettel/Stage2/ML-KEM/mul_poly/BoothDecode.v" into library xil_defaultlib
INFO: [VRFC 10-311] analyzing module BoothDecode
INFO: [VRFC 10-2263] Analyzing Verilog file "C:/Hung/Viettel/Stage2/ML-KEM/mul_poly/Rom_mul.v" into library xil_defaultlib
INFO: [VRFC 10-311] analyzing module Rom_mul
INFO: [VRFC 10-2263] Analyzing Verilog file "C:/Hung/Viettel/Stage2/ML-KEM/mul_poly/add_cell.v" into library xil_defaultlib
INFO: [VRFC 10-311] analyzing module add_cell
INFO: [VRFC 10-2263] Analyzing Verilog file "C:/Hung/Viettel/Stage2/ML-KEM/NTT/barret.v" into library xil_defaultlib
INFO: [VRFC 10-311] analyzing module barret
INFO: [VRFC 10-2263] Analyzing Verilog file "C:/Hung/Viettel/Stage2/ML-KEM/mul_poly/csa.v" into library xil_defaultlib
INFO: [VRFC 10-311] analyzing module csa
INFO: [VRFC 10-311] analyzing module fulladder
INFO: [VRFC 10-2263] Analyzing Verilog file "C:/Hung/Viettel/Stage2/ML-KEM/mul_poly/mul_12bit.v" into library xil_defaultlib
INFO: [VRFC 10-311] analyzing module mul_12bit
INFO: [VRFC 10-2263] Analyzing Verilog file "C:/Hung/Viettel/Stage2/ML-KEM/mul_poly/mul_cell.v" into library xil_defaultlib
INFO: [VRFC 10-311] analyzing module mul_cel
INFO: [VRFC 10-2263] Analyzing Verilog file "C:/Hung/Viettel/Stage2/ML-KEM/mul_poly/mul_poly.v" into library xil_defaultlib
INFO: [VRFC 10-311] analyzing module mul_poly
INFO: [VRFC 10-2263] Analyzing Verilog file "C:/Hung/Viettel/Stage2/ML-KEM/mul_poly/mul_poly_matrix.v" into library xil_defaultlib
INFO: [VRFC 10-311] analyzing module mul_poly_matrix
INFO: [VRFC 10-2263] Analyzing Verilog file "C:/Hung/Viettel/Stage2/ML-KEM/mul_poly/tb_mul_poly_matrix.v" into library xil_defaultlib
INFO: [VRFC 10-311] analyzing module tb_mul_poly_matrix
INFO: [USF-XSim-69] 'compile' step finished in '1' seconds
INFO: [USF-XSim-3] XSim::Elaborate design
INFO: [USF-XSim-61] Executing 'ELABORATE' step in 'C:/Hung/Viettel/Stage2/ML-KEM/mul_poly/mul_matrix/mul_matrix.sim/sim_1/behav/xsim'
"xelab --incr --debug typical --relax --mt 2 -L xil_defaultlib -L unisims_ver -L unimacro_ver -L secureip --snapshot tb_mul_poly_matrix_behav xil_defaultlib.tb_mul_poly_matrix xil_defaultlib.glbl -log elaborate.log"
Vivado Simulator v2022.2.2
Copyright 1986-1999, 2001-2022 Xilinx, Inc. All Rights Reserved.
Running: C:/Xilinx/Vivado/2022.2/bin/unwrapped/win64.o/xelab.exe --incr --debug typical --relax --mt 2 -L xil_defaultlib -L unisims_ver -L unimacro_ver -L secureip --snapshot tb_mul_poly_matrix_behav xil_defaultlib.tb_mul_poly_matrix xil_defaultlib.glbl -log elaborate.log 
Using 2 slave threads.
Starting static elaboration
Pass Through NonSizing Optimizer
WARNING: [VRFC 10-3091] actual bit length 24 differs from formal bit length 26 for port 'R' [C:/Hung/Viettel/Stage2/ML-KEM/mul_poly/mul_poly.v:74]
WARNING: [VRFC 10-3091] actual bit length 27 differs from formal bit length 26 for port 'x' [C:/Hung/Viettel/Stage2/ML-KEM/mul_poly/mul_12bit.v:151]
WARNING: [VRFC 10-3091] actual bit length 27 differs from formal bit length 26 for port 'y' [C:/Hung/Viettel/Stage2/ML-KEM/mul_poly/mul_12bit.v:152]
WARNING: [VRFC 10-3091] actual bit length 27 differs from formal bit length 26 for port 'z' [C:/Hung/Viettel/Stage2/ML-KEM/mul_poly/mul_12bit.v:153]
WARNING: [VRFC 10-3091] actual bit length 27 differs from formal bit length 26 for port 'x' [C:/Hung/Viettel/Stage2/ML-KEM/mul_poly/mul_12bit.v:159]
WARNING: [VRFC 10-3091] actual bit length 27 differs from formal bit length 26 for port 'y' [C:/Hung/Viettel/Stage2/ML-KEM/mul_poly/mul_12bit.v:160]
WARNING: [VRFC 10-3091] actual bit length 27 differs from formal bit length 26 for port 'z' [C:/Hung/Viettel/Stage2/ML-KEM/mul_poly/mul_12bit.v:161]
WARNING: [VRFC 10-3091] actual bit length 24 differs from formal bit length 26 for port 'R' [C:/Hung/Viettel/Stage2/ML-KEM/mul_poly/mul_poly.v:82]
WARNING: [VRFC 10-3091] actual bit length 24 differs from formal bit length 26 for port 'R' [C:/Hung/Viettel/Stage2/ML-KEM/mul_poly/mul_poly.v:90]
WARNING: [VRFC 10-3091] actual bit length 24 differs from formal bit length 26 for port 'R' [C:/Hung/Viettel/Stage2/ML-KEM/mul_poly/mul_poly.v:98]
WARNING: [VRFC 10-3091] actual bit length 24 differs from formal bit length 26 for port 'R' [C:/Hung/Viettel/Stage2/ML-KEM/mul_poly/mul_poly.v:106]
Completed static elaboration
Starting simulation data flow analysis
Completed simulation data flow analysis
Time Resolution for simulation is 1ps
Compiling module xil_defaultlib.add_cell_default
Compiling module xil_defaultlib.barret
Compiling module xil_defaultlib.Rom_mul
Compiling module xil_defaultlib.fulladder
Compiling module xil_defaultlib.csa(WIDTH=26)
Compiling module xil_defaultlib.BoothDecode
Compiling module xil_defaultlib.mul_12bit
Compiling module xil_defaultlib.mul_poly
Compiling module xil_defaultlib.mul_poly_matrix
Compiling module xil_defaultlib.mul_cel_default
Compiling module xil_defaultlib.tb_mul_poly_matrix
Compiling module xil_defaultlib.glbl
Built simulation snapshot tb_mul_poly_matrix_behav
INFO: [USF-XSim-69] 'elaborate' step finished in '3' seconds
INFO: [USF-XSim-4] XSim::Simulate design
INFO: [USF-XSim-61] Executing 'SIMULATE' step in 'C:/Hung/Viettel/Stage2/ML-KEM/mul_poly/mul_matrix/mul_matrix.sim/sim_1/behav/xsim'
INFO: [USF-XSim-98] *** Running xsim
   with args "tb_mul_poly_matrix_behav -key {Behavioral:sim_1:Functional:tb_mul_poly_matrix} -tclbatch {tb_mul_poly_matrix.tcl} -view {C:/Hung/Viettel/Stage2/ML-KEM/mul_poly/mul_matrix/tb_mul_12bit_behav.wcfg} -log {simulate.log}"
INFO: [USF-XSim-8] Loading simulator feature
Time resolution is 1 ps
open_wave_config C:/Hung/Viettel/Stage2/ML-KEM/mul_poly/mul_matrix/tb_mul_12bit_behav.wcfg
WARNING: Simulation object /tb_mul_poly/uut/clk was not found in the design.
WARNING: Simulation object /tb_mul_poly/uut/rst_n was not found in the design.
WARNING: Simulation object /tb_mul_poly/uut/a0 was not found in the design.
WARNING: Simulation object /tb_mul_poly/uut/a1 was not found in the design.
WARNING: Simulation object /tb_mul_poly/uut/b0 was not found in the design.
WARNING: Simulation object /tb_mul_poly/uut/b1 was not found in the design.
WARNING: Simulation object /tb_mul_poly/uut/zetas was not found in the design.
WARNING: Simulation object /tb_mul_poly/uut/res0 was not found in the design.
WARNING: Simulation object /tb_mul_poly/uut/res1 was not found in the design.
WARNING: Simulation object /tb_mul_poly/uut/a0_b0 was not found in the design.
WARNING: Simulation object /tb_mul_poly/uut/a1_b1 was not found in the design.
WARNING: Simulation object /tb_mul_poly/uut/a1_b0 was not found in the design.
WARNING: Simulation object /tb_mul_poly/uut/a0_b1 was not found in the design.
WARNING: Simulation object /tb_mul_poly/uut/a1_b1_zetas was not found in the design.
WARNING: Simulation object /tb_mul_poly/uut/obarret1 was not found in the design.
WARNING: Simulation object /tb_mul_poly/uut/obarret2 was not found in the design.
WARNING: Simulation object /tb_mul_poly/uut/obarret3 was not found in the design.
WARNING: Simulation object /tb_mul_poly/uut/add1 was not found in the design.
WARNING: Simulation object /tb_mul_poly/uut/add2 was not found in the design.
source tb_mul_poly_matrix.tcl
# set curr_wave [current_wave_config]
# if { [string length $curr_wave] == 0 } {
#   if { [llength [get_objects]] > 0} {
#     add_wave /
#     set_property needs_save false [current_wave_config]
#   } else {
#      send_msg_id Add_Wave-1 WARNING "No top level signals found. Simulator will start without a wave window. If you want to open a wave window go to 'File->New Waveform Configuration' or type 'create_wave_config' in the TCL console."
#   }
# }
# run 100000ns
               a: 000 000 000 000 000 000 000 000 000 000 000 000 000 000 000 000
               b: 000 000 000 000 000 000 000 000 000 000 000 000 000 000 000 000
             res: 000 000 000 000 000 000 000 000 000 000 000 000 000 000 000 000
expect r12..r15 = {b65, 967, c71, 6a7}
got    r12..r15 = {000, 000, 000, 000}
FAIL
$finish called at time : 262500 ps : File "C:/Hung/Viettel/Stage2/ML-KEM/mul_poly/tb_mul_poly_matrix.v" Line 116
INFO: [USF-XSim-96] XSim completed. Design snapshot 'tb_mul_poly_matrix_behav' loaded.
INFO: [USF-XSim-97] XSim simulation ran for 100000ns
launch_simulation: Time (s): cpu = 00:00:02 ; elapsed = 00:00:06 . Memory (MB): peak = 2087.770 ; gain = 0.000
close_sim
INFO: [Simtcl 6-16] Simulation closed
set_property top tb_mul_poly [get_filesets sim_1]
set_property top_lib xil_defaultlib [get_filesets sim_1]
update_compile_order -fileset sim_1
launch_simulation
Command: launch_simulation 
INFO: [Vivado 12-12493] Simulation top is 'tb_mul_poly'
WARNING: [Vivado 12-13340] Unable to auto find GCC executables from simulator install path! (path not set)
WARNING: [Vivado 12-13277] Compiled library path does not exist: ''
INFO: [Vivado 12-5682] Launching behavioral simulation in 'C:/Hung/Viettel/Stage2/ML-KEM/mul_poly/mul_matrix/mul_matrix.sim/sim_1/behav/xsim'
INFO: [SIM-utils-51] Simulation object is 'sim_1'
INFO: [SIM-utils-72] Using boost library from 'C:/Xilinx/Vivado/2022.2/tps/boost_1_72_0'
INFO: [SIM-utils-54] Inspecting design source files for 'tb_mul_poly' in fileset 'sim_1'...
INFO: [USF-XSim-97] Finding global include files...
INFO: [USF-XSim-98] Fetching design files from 'sim_1'...
INFO: [USF-XSim-2] XSim::Compile design
INFO: [USF-XSim-61] Executing 'COMPILE and ANALYZE' step in 'C:/Hung/Viettel/Stage2/ML-KEM/mul_poly/mul_matrix/mul_matrix.sim/sim_1/behav/xsim'
"xvlog --incr --relax -prj tb_mul_poly_vlog.prj"
INFO: [VRFC 10-2263] Analyzing Verilog file "C:/Hung/Viettel/Stage2/ML-KEM/mul_poly/BoothDecode.v" into library xil_defaultlib
INFO: [VRFC 10-311] analyzing module BoothDecode
INFO: [VRFC 10-2263] Analyzing Verilog file "C:/Hung/Viettel/Stage2/ML-KEM/NTT/barret.v" into library xil_defaultlib
INFO: [VRFC 10-311] analyzing module barret
INFO: [VRFC 10-2263] Analyzing Verilog file "C:/Hung/Viettel/Stage2/ML-KEM/mul_poly/csa.v" into library xil_defaultlib
INFO: [VRFC 10-311] analyzing module csa
INFO: [VRFC 10-311] analyzing module fulladder
INFO: [VRFC 10-2263] Analyzing Verilog file "C:/Hung/Viettel/Stage2/ML-KEM/mul_poly/mul_12bit.v" into library xil_defaultlib
INFO: [VRFC 10-311] analyzing module mul_12bit
INFO: [VRFC 10-2263] Analyzing Verilog file "C:/Hung/Viettel/Stage2/ML-KEM/mul_poly/mul_poly.v" into library xil_defaultlib
INFO: [VRFC 10-311] analyzing module mul_poly
INFO: [VRFC 10-2263] Analyzing Verilog file "C:/Hung/Viettel/Stage2/ML-KEM/mul_poly/tb_mul_poly.v" into library xil_defaultlib
INFO: [VRFC 10-311] analyzing module tb_mul_poly
INFO: [USF-XSim-69] 'compile' step finished in '1' seconds
INFO: [USF-XSim-3] XSim::Elaborate design
INFO: [USF-XSim-61] Executing 'ELABORATE' step in 'C:/Hung/Viettel/Stage2/ML-KEM/mul_poly/mul_matrix/mul_matrix.sim/sim_1/behav/xsim'
"xelab --incr --debug typical --relax --mt 2 -L xil_defaultlib -L unisims_ver -L unimacro_ver -L secureip --snapshot tb_mul_poly_behav xil_defaultlib.tb_mul_poly xil_defaultlib.glbl -log elaborate.log"
Vivado Simulator v2022.2.2
Copyright 1986-1999, 2001-2022 Xilinx, Inc. All Rights Reserved.
Running: C:/Xilinx/Vivado/2022.2/bin/unwrapped/win64.o/xelab.exe --incr --debug typical --relax --mt 2 -L xil_defaultlib -L unisims_ver -L unimacro_ver -L secureip --snapshot tb_mul_poly_behav xil_defaultlib.tb_mul_poly xil_defaultlib.glbl -log elaborate.log 
Using 2 slave threads.
Starting static elaboration
Pass Through NonSizing Optimizer
WARNING: [VRFC 10-3091] actual bit length 34 differs from formal bit length 32 for port 'C' [C:/Hung/Viettel/Stage2/ML-KEM/mul_poly/mul_poly.v:51]
WARNING: [VRFC 10-3091] actual bit length 34 differs from formal bit length 32 for port 'C' [C:/Hung/Viettel/Stage2/ML-KEM/mul_poly/mul_poly.v:58]
WARNING: [VRFC 10-3091] actual bit length 34 differs from formal bit length 32 for port 'C' [C:/Hung/Viettel/Stage2/ML-KEM/mul_poly/mul_poly.v:65]
WARNING: [VRFC 10-3091] actual bit length 27 differs from formal bit length 26 for port 'x' [C:/Hung/Viettel/Stage2/ML-KEM/mul_poly/mul_12bit.v:151]
WARNING: [VRFC 10-3091] actual bit length 27 differs from formal bit length 26 for port 'y' [C:/Hung/Viettel/Stage2/ML-KEM/mul_poly/mul_12bit.v:152]
WARNING: [VRFC 10-3091] actual bit length 27 differs from formal bit length 26 for port 'z' [C:/Hung/Viettel/Stage2/ML-KEM/mul_poly/mul_12bit.v:153]
WARNING: [VRFC 10-3091] actual bit length 27 differs from formal bit length 26 for port 'x' [C:/Hung/Viettel/Stage2/ML-KEM/mul_poly/mul_12bit.v:159]
WARNING: [VRFC 10-3091] actual bit length 27 differs from formal bit length 26 for port 'y' [C:/Hung/Viettel/Stage2/ML-KEM/mul_poly/mul_12bit.v:160]
WARNING: [VRFC 10-3091] actual bit length 27 differs from formal bit length 26 for port 'z' [C:/Hung/Viettel/Stage2/ML-KEM/mul_poly/mul_12bit.v:161]
Completed static elaboration
Starting simulation data flow analysis
Completed simulation data flow analysis
Time Resolution for simulation is 1ps
Compiling module xil_defaultlib.barret
Compiling module xil_defaultlib.fulladder
Compiling module xil_defaultlib.csa(WIDTH=26)
Compiling module xil_defaultlib.BoothDecode
Compiling module xil_defaultlib.mul_12bit
Compiling module xil_defaultlib.mul_poly
Compiling module xil_defaultlib.tb_mul_poly
Compiling module xil_defaultlib.glbl
Built simulation snapshot tb_mul_poly_behav
INFO: [USF-XSim-69] 'elaborate' step finished in '2' seconds
INFO: [USF-XSim-4] XSim::Simulate design
INFO: [USF-XSim-61] Executing 'SIMULATE' step in 'C:/Hung/Viettel/Stage2/ML-KEM/mul_poly/mul_matrix/mul_matrix.sim/sim_1/behav/xsim'
INFO: [USF-XSim-98] *** Running xsim
   with args "tb_mul_poly_behav -key {Behavioral:sim_1:Functional:tb_mul_poly} -tclbatch {tb_mul_poly.tcl} -view {C:/Hung/Viettel/Stage2/ML-KEM/mul_poly/mul_matrix/tb_mul_12bit_behav.wcfg} -log {simulate.log}"
INFO: [USF-XSim-8] Loading simulator feature
Time resolution is 1 ps
open_wave_config C:/Hung/Viettel/Stage2/ML-KEM/mul_poly/mul_matrix/tb_mul_12bit_behav.wcfg
source tb_mul_poly.tcl
# set curr_wave [current_wave_config]
# if { [string length $curr_wave] == 0 } {
#   if { [llength [get_objects]] > 0} {
#     add_wave /
#     set_property needs_save false [current_wave_config]
#   } else {
#      send_msg_id Add_Wave-1 WARNING "No top level signals found. Simulator will start without a wave window. If you want to open a wave window go to 'File->New Waveform Configuration' or type 'create_wave_config' in the TCL console."
#   }
# }
# run 100000ns
Start Barrett Testbench
Finished
$finish called at time : 530 ns : File "C:/Hung/Viettel/Stage2/ML-KEM/mul_poly/tb_mul_poly.v" Line 56
INFO: [USF-XSim-96] XSim completed. Design snapshot 'tb_mul_poly_behav' loaded.
INFO: [USF-XSim-97] XSim simulation ran for 100000ns
launch_simulation: Time (s): cpu = 00:00:02 ; elapsed = 00:00:05 . Memory (MB): peak = 2087.770 ; gain = 0.000
save_wave_config {C:/Hung/Viettel/Stage2/ML-KEM/mul_poly/mul_matrix/tb_mul_12bit_behav.wcfg}
save_wave_config {C:/Hung/Viettel/Stage2/ML-KEM/mul_poly/mul_matrix/tb_mul_12bit_behav.wcfg}
relaunch_sim
Command: launch_simulation -step compile -simset sim_1 -mode behavioral
INFO: [Vivado 12-12493] Simulation top is 'tb_mul_poly'
WARNING: [Vivado 12-13340] Unable to auto find GCC executables from simulator install path! (path not set)
WARNING: [Vivado 12-13277] Compiled library path does not exist: ''
INFO: [Vivado 12-5682] Launching behavioral simulation in 'C:/Hung/Viettel/Stage2/ML-KEM/mul_poly/mul_matrix/mul_matrix.sim/sim_1/behav/xsim'
INFO: [SIM-utils-51] Simulation object is 'sim_1'
INFO: [USF-XSim-2] XSim::Compile design
INFO: [USF-XSim-61] Executing 'COMPILE and ANALYZE' step in 'C:/Hung/Viettel/Stage2/ML-KEM/mul_poly/mul_matrix/mul_matrix.sim/sim_1/behav/xsim'
"xvlog --incr --relax -prj tb_mul_poly_vlog.prj"
INFO: [VRFC 10-2263] Analyzing Verilog file "C:/Hung/Viettel/Stage2/ML-KEM/mul_poly/BoothDecode.v" into library xil_defaultlib
INFO: [VRFC 10-311] analyzing module BoothDecode
INFO: [VRFC 10-2263] Analyzing Verilog file "C:/Hung/Viettel/Stage2/ML-KEM/NTT/barret.v" into library xil_defaultlib
INFO: [VRFC 10-311] analyzing module barret
INFO: [VRFC 10-2263] Analyzing Verilog file "C:/Hung/Viettel/Stage2/ML-KEM/mul_poly/csa.v" into library xil_defaultlib
INFO: [VRFC 10-311] analyzing module csa
INFO: [VRFC 10-311] analyzing module fulladder
INFO: [VRFC 10-2263] Analyzing Verilog file "C:/Hung/Viettel/Stage2/ML-KEM/mul_poly/mul_12bit.v" into library xil_defaultlib
INFO: [VRFC 10-311] analyzing module mul_12bit
INFO: [VRFC 10-2263] Analyzing Verilog file "C:/Hung/Viettel/Stage2/ML-KEM/mul_poly/mul_poly.v" into library xil_defaultlib
INFO: [VRFC 10-311] analyzing module mul_poly
INFO: [VRFC 10-2263] Analyzing Verilog file "C:/Hung/Viettel/Stage2/ML-KEM/mul_poly/tb_mul_poly.v" into library xil_defaultlib
INFO: [VRFC 10-311] analyzing module tb_mul_poly
INFO: [USF-XSim-69] 'compile' step finished in '1' seconds
Command: launch_simulation -step elaborate -simset sim_1 -mode behavioral
INFO: [Vivado 12-12493] Simulation top is 'tb_mul_poly'
WARNING: [Vivado 12-13340] Unable to auto find GCC executables from simulator install path! (path not set)
WARNING: [Vivado 12-13277] Compiled library path does not exist: ''
INFO: [Vivado 12-5682] Launching behavioral simulation in 'C:/Hung/Viettel/Stage2/ML-KEM/mul_poly/mul_matrix/mul_matrix.sim/sim_1/behav/xsim'
INFO: [SIM-utils-51] Simulation object is 'sim_1'
INFO: [USF-XSim-3] XSim::Elaborate design
INFO: [USF-XSim-61] Executing 'ELABORATE' step in 'C:/Hung/Viettel/Stage2/ML-KEM/mul_poly/mul_matrix/mul_matrix.sim/sim_1/behav/xsim'
"xelab --incr --debug typical --relax --mt 2 -L xil_defaultlib -L unisims_ver -L unimacro_ver -L secureip --snapshot tb_mul_poly_behav xil_defaultlib.tb_mul_poly xil_defaultlib.glbl -log elaborate.log"
Vivado Simulator v2022.2.2
Copyright 1986-1999, 2001-2022 Xilinx, Inc. All Rights Reserved.
Running: C:/Xilinx/Vivado/2022.2/bin/unwrapped/win64.o/xelab.exe --incr --debug typical --relax --mt 2 -L xil_defaultlib -L unisims_ver -L unimacro_ver -L secureip --snapshot tb_mul_poly_behav xil_defaultlib.tb_mul_poly xil_defaultlib.glbl -log elaborate.log 
Using 2 slave threads.
Starting static elaboration
Pass Through NonSizing Optimizer
WARNING: [VRFC 10-3091] actual bit length 34 differs from formal bit length 32 for port 'C' [C:/Hung/Viettel/Stage2/ML-KEM/mul_poly/mul_poly.v:51]
WARNING: [VRFC 10-3091] actual bit length 34 differs from formal bit length 32 for port 'C' [C:/Hung/Viettel/Stage2/ML-KEM/mul_poly/mul_poly.v:58]
WARNING: [VRFC 10-3091] actual bit length 34 differs from formal bit length 32 for port 'C' [C:/Hung/Viettel/Stage2/ML-KEM/mul_poly/mul_poly.v:65]
WARNING: [VRFC 10-3091] actual bit length 27 differs from formal bit length 26 for port 'x' [C:/Hung/Viettel/Stage2/ML-KEM/mul_poly/mul_12bit.v:151]
WARNING: [VRFC 10-3091] actual bit length 27 differs from formal bit length 26 for port 'y' [C:/Hung/Viettel/Stage2/ML-KEM/mul_poly/mul_12bit.v:152]
WARNING: [VRFC 10-3091] actual bit length 27 differs from formal bit length 26 for port 'z' [C:/Hung/Viettel/Stage2/ML-KEM/mul_poly/mul_12bit.v:153]
WARNING: [VRFC 10-3091] actual bit length 27 differs from formal bit length 26 for port 'x' [C:/Hung/Viettel/Stage2/ML-KEM/mul_poly/mul_12bit.v:159]
WARNING: [VRFC 10-3091] actual bit length 27 differs from formal bit length 26 for port 'y' [C:/Hung/Viettel/Stage2/ML-KEM/mul_poly/mul_12bit.v:160]
WARNING: [VRFC 10-3091] actual bit length 27 differs from formal bit length 26 for port 'z' [C:/Hung/Viettel/Stage2/ML-KEM/mul_poly/mul_12bit.v:161]
Completed static elaboration
Starting simulation data flow analysis
Completed simulation data flow analysis
Time Resolution for simulation is 1ps
Compiling module xil_defaultlib.barret
Compiling module xil_defaultlib.fulladder
Compiling module xil_defaultlib.csa(WIDTH=26)
Compiling module xil_defaultlib.BoothDecode
Compiling module xil_defaultlib.mul_12bit
Compiling module xil_defaultlib.mul_poly
Compiling module xil_defaultlib.tb_mul_poly
Compiling module xil_defaultlib.glbl
Built simulation snapshot tb_mul_poly_behav
INFO: [USF-XSim-69] 'elaborate' step finished in '2' seconds
Time resolution is 1 ps
Start Barrett Testbench
Finished
$finish called at time : 530 ns : File "C:/Hung/Viettel/Stage2/ML-KEM/mul_poly/tb_mul_poly.v" Line 56
relaunch_sim: Time (s): cpu = 00:00:01 ; elapsed = 00:00:05 . Memory (MB): peak = 2087.770 ; gain = 0.000
relaunch_sim
Command: launch_simulation -step compile -simset sim_1 -mode behavioral
INFO: [Vivado 12-12493] Simulation top is 'tb_mul_poly'
WARNING: [Vivado 12-13340] Unable to auto find GCC executables from simulator install path! (path not set)
WARNING: [Vivado 12-13277] Compiled library path does not exist: ''
INFO: [Vivado 12-5682] Launching behavioral simulation in 'C:/Hung/Viettel/Stage2/ML-KEM/mul_poly/mul_matrix/mul_matrix.sim/sim_1/behav/xsim'
INFO: [SIM-utils-51] Simulation object is 'sim_1'
INFO: [USF-XSim-2] XSim::Compile design
INFO: [USF-XSim-61] Executing 'COMPILE and ANALYZE' step in 'C:/Hung/Viettel/Stage2/ML-KEM/mul_poly/mul_matrix/mul_matrix.sim/sim_1/behav/xsim'
"xvlog --incr --relax -prj tb_mul_poly_vlog.prj"
INFO: [VRFC 10-2263] Analyzing Verilog file "C:/Hung/Viettel/Stage2/ML-KEM/mul_poly/BoothDecode.v" into library xil_defaultlib
INFO: [VRFC 10-311] analyzing module BoothDecode
INFO: [VRFC 10-2263] Analyzing Verilog file "C:/Hung/Viettel/Stage2/ML-KEM/NTT/barret.v" into library xil_defaultlib
INFO: [VRFC 10-311] analyzing module barret
INFO: [VRFC 10-2263] Analyzing Verilog file "C:/Hung/Viettel/Stage2/ML-KEM/mul_poly/csa.v" into library xil_defaultlib
INFO: [VRFC 10-311] analyzing module csa
INFO: [VRFC 10-311] analyzing module fulladder
INFO: [VRFC 10-2263] Analyzing Verilog file "C:/Hung/Viettel/Stage2/ML-KEM/mul_poly/mul_12bit.v" into library xil_defaultlib
INFO: [VRFC 10-311] analyzing module mul_12bit
INFO: [VRFC 10-2263] Analyzing Verilog file "C:/Hung/Viettel/Stage2/ML-KEM/mul_poly/mul_poly.v" into library xil_defaultlib
INFO: [VRFC 10-311] analyzing module mul_poly
INFO: [VRFC 10-2263] Analyzing Verilog file "C:/Hung/Viettel/Stage2/ML-KEM/mul_poly/tb_mul_poly.v" into library xil_defaultlib
INFO: [VRFC 10-311] analyzing module tb_mul_poly
INFO: [USF-XSim-69] 'compile' step finished in '1' seconds
Command: launch_simulation -step elaborate -simset sim_1 -mode behavioral
INFO: [Vivado 12-12493] Simulation top is 'tb_mul_poly'
WARNING: [Vivado 12-13340] Unable to auto find GCC executables from simulator install path! (path not set)
WARNING: [Vivado 12-13277] Compiled library path does not exist: ''
INFO: [Vivado 12-5682] Launching behavioral simulation in 'C:/Hung/Viettel/Stage2/ML-KEM/mul_poly/mul_matrix/mul_matrix.sim/sim_1/behav/xsim'
INFO: [SIM-utils-51] Simulation object is 'sim_1'
INFO: [USF-XSim-3] XSim::Elaborate design
INFO: [USF-XSim-61] Executing 'ELABORATE' step in 'C:/Hung/Viettel/Stage2/ML-KEM/mul_poly/mul_matrix/mul_matrix.sim/sim_1/behav/xsim'
"xelab --incr --debug typical --relax --mt 2 -L xil_defaultlib -L unisims_ver -L unimacro_ver -L secureip --snapshot tb_mul_poly_behav xil_defaultlib.tb_mul_poly xil_defaultlib.glbl -log elaborate.log"
Vivado Simulator v2022.2.2
Copyright 1986-1999, 2001-2022 Xilinx, Inc. All Rights Reserved.
Running: C:/Xilinx/Vivado/2022.2/bin/unwrapped/win64.o/xelab.exe --incr --debug typical --relax --mt 2 -L xil_defaultlib -L unisims_ver -L unimacro_ver -L secureip --snapshot tb_mul_poly_behav xil_defaultlib.tb_mul_poly xil_defaultlib.glbl -log elaborate.log 
Using 2 slave threads.
Starting static elaboration
Pass Through NonSizing Optimizer
WARNING: [VRFC 10-3091] actual bit length 34 differs from formal bit length 32 for port 'C' [C:/Hung/Viettel/Stage2/ML-KEM/mul_poly/mul_poly.v:53]
WARNING: [VRFC 10-3091] actual bit length 34 differs from formal bit length 32 for port 'C' [C:/Hung/Viettel/Stage2/ML-KEM/mul_poly/mul_poly.v:60]
WARNING: [VRFC 10-3091] actual bit length 34 differs from formal bit length 32 for port 'C' [C:/Hung/Viettel/Stage2/ML-KEM/mul_poly/mul_poly.v:67]
WARNING: [VRFC 10-3091] actual bit length 27 differs from formal bit length 26 for port 'x' [C:/Hung/Viettel/Stage2/ML-KEM/mul_poly/mul_12bit.v:151]
WARNING: [VRFC 10-3091] actual bit length 27 differs from formal bit length 26 for port 'y' [C:/Hung/Viettel/Stage2/ML-KEM/mul_poly/mul_12bit.v:152]
WARNING: [VRFC 10-3091] actual bit length 27 differs from formal bit length 26 for port 'z' [C:/Hung/Viettel/Stage2/ML-KEM/mul_poly/mul_12bit.v:153]
WARNING: [VRFC 10-3091] actual bit length 27 differs from formal bit length 26 for port 'x' [C:/Hung/Viettel/Stage2/ML-KEM/mul_poly/mul_12bit.v:159]
WARNING: [VRFC 10-3091] actual bit length 27 differs from formal bit length 26 for port 'y' [C:/Hung/Viettel/Stage2/ML-KEM/mul_poly/mul_12bit.v:160]
WARNING: [VRFC 10-3091] actual bit length 27 differs from formal bit length 26 for port 'z' [C:/Hung/Viettel/Stage2/ML-KEM/mul_poly/mul_12bit.v:161]
Completed static elaboration
Starting simulation data flow analysis
Completed simulation data flow analysis
Time Resolution for simulation is 1ps
Compiling module xil_defaultlib.barret
Compiling module xil_defaultlib.fulladder
Compiling module xil_defaultlib.csa(WIDTH=26)
Compiling module xil_defaultlib.BoothDecode
Compiling module xil_defaultlib.mul_12bit
Compiling module xil_defaultlib.mul_poly
Compiling module xil_defaultlib.tb_mul_poly
Compiling module xil_defaultlib.glbl
Built simulation snapshot tb_mul_poly_behav
INFO: [USF-XSim-69] 'elaborate' step finished in '2' seconds
Time resolution is 1 ps
Start Barrett Testbench
Finished
$finish called at time : 530 ns : File "C:/Hung/Viettel/Stage2/ML-KEM/mul_poly/tb_mul_poly.v" Line 56
relaunch_sim: Time (s): cpu = 00:00:00 ; elapsed = 00:00:06 . Memory (MB): peak = 2087.770 ; gain = 0.000
current_wave_config {tb_mul_12bit_behav.wcfg}
tb_mul_12bit_behav.wcfg
add_wave {{/tb_mul_poly/uut/tmp}} 
relaunch_sim
Command: launch_simulation -step compile -simset sim_1 -mode behavioral
INFO: [Vivado 12-12493] Simulation top is 'tb_mul_poly'
WARNING: [Vivado 12-13340] Unable to auto find GCC executables from simulator install path! (path not set)
WARNING: [Vivado 12-13277] Compiled library path does not exist: ''
INFO: [Vivado 12-5682] Launching behavioral simulation in 'C:/Hung/Viettel/Stage2/ML-KEM/mul_poly/mul_matrix/mul_matrix.sim/sim_1/behav/xsim'
INFO: [SIM-utils-51] Simulation object is 'sim_1'
INFO: [USF-XSim-2] XSim::Compile design
INFO: [USF-XSim-61] Executing 'COMPILE and ANALYZE' step in 'C:/Hung/Viettel/Stage2/ML-KEM/mul_poly/mul_matrix/mul_matrix.sim/sim_1/behav/xsim'
"xvlog --incr --relax -prj tb_mul_poly_vlog.prj"
INFO: [VRFC 10-2263] Analyzing Verilog file "C:/Hung/Viettel/Stage2/ML-KEM/mul_poly/BoothDecode.v" into library xil_defaultlib
INFO: [VRFC 10-311] analyzing module BoothDecode
INFO: [VRFC 10-2263] Analyzing Verilog file "C:/Hung/Viettel/Stage2/ML-KEM/NTT/barret.v" into library xil_defaultlib
INFO: [VRFC 10-311] analyzing module barret
INFO: [VRFC 10-2263] Analyzing Verilog file "C:/Hung/Viettel/Stage2/ML-KEM/mul_poly/csa.v" into library xil_defaultlib
INFO: [VRFC 10-311] analyzing module csa
INFO: [VRFC 10-311] analyzing module fulladder
INFO: [VRFC 10-2263] Analyzing Verilog file "C:/Hung/Viettel/Stage2/ML-KEM/mul_poly/mul_12bit.v" into library xil_defaultlib
INFO: [VRFC 10-311] analyzing module mul_12bit
INFO: [VRFC 10-2263] Analyzing Verilog file "C:/Hung/Viettel/Stage2/ML-KEM/mul_poly/mul_poly.v" into library xil_defaultlib
INFO: [VRFC 10-311] analyzing module mul_poly
INFO: [VRFC 10-2263] Analyzing Verilog file "C:/Hung/Viettel/Stage2/ML-KEM/mul_poly/tb_mul_poly.v" into library xil_defaultlib
INFO: [VRFC 10-311] analyzing module tb_mul_poly
INFO: [USF-XSim-69] 'compile' step finished in '2' seconds
Command: launch_simulation -step elaborate -simset sim_1 -mode behavioral
INFO: [Vivado 12-12493] Simulation top is 'tb_mul_poly'
WARNING: [Vivado 12-13340] Unable to auto find GCC executables from simulator install path! (path not set)
WARNING: [Vivado 12-13277] Compiled library path does not exist: ''
INFO: [Vivado 12-5682] Launching behavioral simulation in 'C:/Hung/Viettel/Stage2/ML-KEM/mul_poly/mul_matrix/mul_matrix.sim/sim_1/behav/xsim'
INFO: [SIM-utils-51] Simulation object is 'sim_1'
INFO: [USF-XSim-3] XSim::Elaborate design
INFO: [USF-XSim-61] Executing 'ELABORATE' step in 'C:/Hung/Viettel/Stage2/ML-KEM/mul_poly/mul_matrix/mul_matrix.sim/sim_1/behav/xsim'
"xelab --incr --debug typical --relax --mt 2 -L xil_defaultlib -L unisims_ver -L unimacro_ver -L secureip --snapshot tb_mul_poly_behav xil_defaultlib.tb_mul_poly xil_defaultlib.glbl -log elaborate.log"
Vivado Simulator v2022.2.2
Copyright 1986-1999, 2001-2022 Xilinx, Inc. All Rights Reserved.
Running: C:/Xilinx/Vivado/2022.2/bin/unwrapped/win64.o/xelab.exe --incr --debug typical --relax --mt 2 -L xil_defaultlib -L unisims_ver -L unimacro_ver -L secureip --snapshot tb_mul_poly_behav xil_defaultlib.tb_mul_poly xil_defaultlib.glbl -log elaborate.log 
Using 2 slave threads.
Starting static elaboration
Pass Through NonSizing Optimizer
WARNING: [VRFC 10-3091] actual bit length 34 differs from formal bit length 32 for port 'C' [C:/Hung/Viettel/Stage2/ML-KEM/mul_poly/mul_poly.v:53]
WARNING: [VRFC 10-3091] actual bit length 34 differs from formal bit length 32 for port 'C' [C:/Hung/Viettel/Stage2/ML-KEM/mul_poly/mul_poly.v:60]
WARNING: [VRFC 10-3091] actual bit length 34 differs from formal bit length 32 for port 'C' [C:/Hung/Viettel/Stage2/ML-KEM/mul_poly/mul_poly.v:67]
WARNING: [VRFC 10-3091] actual bit length 27 differs from formal bit length 26 for port 'x' [C:/Hung/Viettel/Stage2/ML-KEM/mul_poly/mul_12bit.v:151]
WARNING: [VRFC 10-3091] actual bit length 27 differs from formal bit length 26 for port 'y' [C:/Hung/Viettel/Stage2/ML-KEM/mul_poly/mul_12bit.v:152]
WARNING: [VRFC 10-3091] actual bit length 27 differs from formal bit length 26 for port 'z' [C:/Hung/Viettel/Stage2/ML-KEM/mul_poly/mul_12bit.v:153]
WARNING: [VRFC 10-3091] actual bit length 27 differs from formal bit length 26 for port 'x' [C:/Hung/Viettel/Stage2/ML-KEM/mul_poly/mul_12bit.v:159]
WARNING: [VRFC 10-3091] actual bit length 27 differs from formal bit length 26 for port 'y' [C:/Hung/Viettel/Stage2/ML-KEM/mul_poly/mul_12bit.v:160]
WARNING: [VRFC 10-3091] actual bit length 27 differs from formal bit length 26 for port 'z' [C:/Hung/Viettel/Stage2/ML-KEM/mul_poly/mul_12bit.v:161]
Completed static elaboration
Starting simulation data flow analysis
Completed simulation data flow analysis
Time Resolution for simulation is 1ps
Compiling module xil_defaultlib.barret
Compiling module xil_defaultlib.fulladder
Compiling module xil_defaultlib.csa(WIDTH=26)
Compiling module xil_defaultlib.BoothDecode
Compiling module xil_defaultlib.mul_12bit
Compiling module xil_defaultlib.mul_poly
Compiling module xil_defaultlib.tb_mul_poly
Compiling module xil_defaultlib.glbl
Built simulation snapshot tb_mul_poly_behav
INFO: [USF-XSim-69] 'elaborate' step finished in '1' seconds
Time resolution is 1 ps
Start Barrett Testbench
Finished
$finish called at time : 530 ns : File "C:/Hung/Viettel/Stage2/ML-KEM/mul_poly/tb_mul_poly.v" Line 56
relaunch_sim: Time (s): cpu = 00:00:01 ; elapsed = 00:00:05 . Memory (MB): peak = 2087.770 ; gain = 0.000
relaunch_sim
Command: launch_simulation -step compile -simset sim_1 -mode behavioral
INFO: [Vivado 12-12493] Simulation top is 'tb_mul_poly'
WARNING: [Vivado 12-13340] Unable to auto find GCC executables from simulator install path! (path not set)
WARNING: [Vivado 12-13277] Compiled library path does not exist: ''
INFO: [Vivado 12-5682] Launching behavioral simulation in 'C:/Hung/Viettel/Stage2/ML-KEM/mul_poly/mul_matrix/mul_matrix.sim/sim_1/behav/xsim'
INFO: [SIM-utils-51] Simulation object is 'sim_1'
INFO: [USF-XSim-2] XSim::Compile design
INFO: [USF-XSim-61] Executing 'COMPILE and ANALYZE' step in 'C:/Hung/Viettel/Stage2/ML-KEM/mul_poly/mul_matrix/mul_matrix.sim/sim_1/behav/xsim'
"xvlog --incr --relax -prj tb_mul_poly_vlog.prj"
INFO: [VRFC 10-2263] Analyzing Verilog file "C:/Hung/Viettel/Stage2/ML-KEM/mul_poly/BoothDecode.v" into library xil_defaultlib
INFO: [VRFC 10-311] analyzing module BoothDecode
INFO: [VRFC 10-2263] Analyzing Verilog file "C:/Hung/Viettel/Stage2/ML-KEM/NTT/barret.v" into library xil_defaultlib
INFO: [VRFC 10-311] analyzing module barret
INFO: [VRFC 10-2263] Analyzing Verilog file "C:/Hung/Viettel/Stage2/ML-KEM/mul_poly/csa.v" into library xil_defaultlib
INFO: [VRFC 10-311] analyzing module csa
INFO: [VRFC 10-311] analyzing module fulladder
INFO: [VRFC 10-2263] Analyzing Verilog file "C:/Hung/Viettel/Stage2/ML-KEM/mul_poly/mul_12bit.v" into library xil_defaultlib
INFO: [VRFC 10-311] analyzing module mul_12bit
INFO: [VRFC 10-2263] Analyzing Verilog file "C:/Hung/Viettel/Stage2/ML-KEM/mul_poly/mul_poly.v" into library xil_defaultlib
INFO: [VRFC 10-311] analyzing module mul_poly
INFO: [VRFC 10-2263] Analyzing Verilog file "C:/Hung/Viettel/Stage2/ML-KEM/mul_poly/tb_mul_poly.v" into library xil_defaultlib
INFO: [VRFC 10-311] analyzing module tb_mul_poly
INFO: [USF-XSim-69] 'compile' step finished in '2' seconds
Command: launch_simulation -step elaborate -simset sim_1 -mode behavioral
INFO: [Vivado 12-12493] Simulation top is 'tb_mul_poly'
WARNING: [Vivado 12-13340] Unable to auto find GCC executables from simulator install path! (path not set)
WARNING: [Vivado 12-13277] Compiled library path does not exist: ''
INFO: [Vivado 12-5682] Launching behavioral simulation in 'C:/Hung/Viettel/Stage2/ML-KEM/mul_poly/mul_matrix/mul_matrix.sim/sim_1/behav/xsim'
INFO: [SIM-utils-51] Simulation object is 'sim_1'
INFO: [USF-XSim-3] XSim::Elaborate design
INFO: [USF-XSim-61] Executing 'ELABORATE' step in 'C:/Hung/Viettel/Stage2/ML-KEM/mul_poly/mul_matrix/mul_matrix.sim/sim_1/behav/xsim'
"xelab --incr --debug typical --relax --mt 2 -L xil_defaultlib -L unisims_ver -L unimacro_ver -L secureip --snapshot tb_mul_poly_behav xil_defaultlib.tb_mul_poly xil_defaultlib.glbl -log elaborate.log"
Vivado Simulator v2022.2.2
Copyright 1986-1999, 2001-2022 Xilinx, Inc. All Rights Reserved.
Running: C:/Xilinx/Vivado/2022.2/bin/unwrapped/win64.o/xelab.exe --incr --debug typical --relax --mt 2 -L xil_defaultlib -L unisims_ver -L unimacro_ver -L secureip --snapshot tb_mul_poly_behav xil_defaultlib.tb_mul_poly xil_defaultlib.glbl -log elaborate.log 
Using 2 slave threads.
Starting static elaboration
Pass Through NonSizing Optimizer
WARNING: [VRFC 10-3091] actual bit length 34 differs from formal bit length 32 for port 'C' [C:/Hung/Viettel/Stage2/ML-KEM/mul_poly/mul_poly.v:53]
WARNING: [VRFC 10-3091] actual bit length 34 differs from formal bit length 32 for port 'C' [C:/Hung/Viettel/Stage2/ML-KEM/mul_poly/mul_poly.v:60]
WARNING: [VRFC 10-3091] actual bit length 34 differs from formal bit length 32 for port 'C' [C:/Hung/Viettel/Stage2/ML-KEM/mul_poly/mul_poly.v:67]
WARNING: [VRFC 10-3091] actual bit length 27 differs from formal bit length 26 for port 'x' [C:/Hung/Viettel/Stage2/ML-KEM/mul_poly/mul_12bit.v:151]
WARNING: [VRFC 10-3091] actual bit length 27 differs from formal bit length 26 for port 'y' [C:/Hung/Viettel/Stage2/ML-KEM/mul_poly/mul_12bit.v:152]
WARNING: [VRFC 10-3091] actual bit length 27 differs from formal bit length 26 for port 'z' [C:/Hung/Viettel/Stage2/ML-KEM/mul_poly/mul_12bit.v:153]
WARNING: [VRFC 10-3091] actual bit length 27 differs from formal bit length 26 for port 'x' [C:/Hung/Viettel/Stage2/ML-KEM/mul_poly/mul_12bit.v:159]
WARNING: [VRFC 10-3091] actual bit length 27 differs from formal bit length 26 for port 'y' [C:/Hung/Viettel/Stage2/ML-KEM/mul_poly/mul_12bit.v:160]
WARNING: [VRFC 10-3091] actual bit length 27 differs from formal bit length 26 for port 'z' [C:/Hung/Viettel/Stage2/ML-KEM/mul_poly/mul_12bit.v:161]
Completed static elaboration
Starting simulation data flow analysis
Completed simulation data flow analysis
Time Resolution for simulation is 1ps
Compiling module xil_defaultlib.barret
Compiling module xil_defaultlib.fulladder
Compiling module xil_defaultlib.csa(WIDTH=26)
Compiling module xil_defaultlib.BoothDecode
Compiling module xil_defaultlib.mul_12bit
Compiling module xil_defaultlib.mul_poly
Compiling module xil_defaultlib.tb_mul_poly
Compiling module xil_defaultlib.glbl
Built simulation snapshot tb_mul_poly_behav
INFO: [USF-XSim-69] 'elaborate' step finished in '2' seconds
Time resolution is 1 ps
Start Barrett Testbench
Finished
$finish called at time : 530 ns : File "C:/Hung/Viettel/Stage2/ML-KEM/mul_poly/tb_mul_poly.v" Line 56
relaunch_sim: Time (s): cpu = 00:00:01 ; elapsed = 00:00:05 . Memory (MB): peak = 2087.770 ; gain = 0.000
relaunch_sim
Command: launch_simulation -step compile -simset sim_1 -mode behavioral
INFO: [Vivado 12-12493] Simulation top is 'tb_mul_poly'
WARNING: [Vivado 12-13340] Unable to auto find GCC executables from simulator install path! (path not set)
WARNING: [Vivado 12-13277] Compiled library path does not exist: ''
INFO: [Vivado 12-5682] Launching behavioral simulation in 'C:/Hung/Viettel/Stage2/ML-KEM/mul_poly/mul_matrix/mul_matrix.sim/sim_1/behav/xsim'
INFO: [SIM-utils-51] Simulation object is 'sim_1'
INFO: [USF-XSim-2] XSim::Compile design
INFO: [USF-XSim-61] Executing 'COMPILE and ANALYZE' step in 'C:/Hung/Viettel/Stage2/ML-KEM/mul_poly/mul_matrix/mul_matrix.sim/sim_1/behav/xsim'
"xvlog --incr --relax -prj tb_mul_poly_vlog.prj"
INFO: [VRFC 10-2263] Analyzing Verilog file "C:/Hung/Viettel/Stage2/ML-KEM/mul_poly/BoothDecode.v" into library xil_defaultlib
INFO: [VRFC 10-311] analyzing module BoothDecode
INFO: [VRFC 10-2263] Analyzing Verilog file "C:/Hung/Viettel/Stage2/ML-KEM/NTT/barret.v" into library xil_defaultlib
INFO: [VRFC 10-311] analyzing module barret
INFO: [VRFC 10-2263] Analyzing Verilog file "C:/Hung/Viettel/Stage2/ML-KEM/mul_poly/csa.v" into library xil_defaultlib
INFO: [VRFC 10-311] analyzing module csa
INFO: [VRFC 10-311] analyzing module fulladder
INFO: [VRFC 10-2263] Analyzing Verilog file "C:/Hung/Viettel/Stage2/ML-KEM/mul_poly/mul_12bit.v" into library xil_defaultlib
INFO: [VRFC 10-311] analyzing module mul_12bit
INFO: [VRFC 10-2263] Analyzing Verilog file "C:/Hung/Viettel/Stage2/ML-KEM/mul_poly/mul_poly.v" into library xil_defaultlib
INFO: [VRFC 10-311] analyzing module mul_poly
INFO: [VRFC 10-2263] Analyzing Verilog file "C:/Hung/Viettel/Stage2/ML-KEM/mul_poly/tb_mul_poly.v" into library xil_defaultlib
INFO: [VRFC 10-311] analyzing module tb_mul_poly
INFO: [USF-XSim-69] 'compile' step finished in '1' seconds
Command: launch_simulation -step elaborate -simset sim_1 -mode behavioral
INFO: [Vivado 12-12493] Simulation top is 'tb_mul_poly'
WARNING: [Vivado 12-13340] Unable to auto find GCC executables from simulator install path! (path not set)
WARNING: [Vivado 12-13277] Compiled library path does not exist: ''
INFO: [Vivado 12-5682] Launching behavioral simulation in 'C:/Hung/Viettel/Stage2/ML-KEM/mul_poly/mul_matrix/mul_matrix.sim/sim_1/behav/xsim'
INFO: [SIM-utils-51] Simulation object is 'sim_1'
INFO: [USF-XSim-3] XSim::Elaborate design
INFO: [USF-XSim-61] Executing 'ELABORATE' step in 'C:/Hung/Viettel/Stage2/ML-KEM/mul_poly/mul_matrix/mul_matrix.sim/sim_1/behav/xsim'
"xelab --incr --debug typical --relax --mt 2 -L xil_defaultlib -L unisims_ver -L unimacro_ver -L secureip --snapshot tb_mul_poly_behav xil_defaultlib.tb_mul_poly xil_defaultlib.glbl -log elaborate.log"
Vivado Simulator v2022.2.2
Copyright 1986-1999, 2001-2022 Xilinx, Inc. All Rights Reserved.
Running: C:/Xilinx/Vivado/2022.2/bin/unwrapped/win64.o/xelab.exe --incr --debug typical --relax --mt 2 -L xil_defaultlib -L unisims_ver -L unimacro_ver -L secureip --snapshot tb_mul_poly_behav xil_defaultlib.tb_mul_poly xil_defaultlib.glbl -log elaborate.log 
Using 2 slave threads.
Starting static elaboration
Pass Through NonSizing Optimizer
WARNING: [VRFC 10-3091] actual bit length 34 differs from formal bit length 32 for port 'C' [C:/Hung/Viettel/Stage2/ML-KEM/mul_poly/mul_poly.v:51]
WARNING: [VRFC 10-3091] actual bit length 34 differs from formal bit length 32 for port 'C' [C:/Hung/Viettel/Stage2/ML-KEM/mul_poly/mul_poly.v:58]
WARNING: [VRFC 10-3091] actual bit length 34 differs from formal bit length 32 for port 'C' [C:/Hung/Viettel/Stage2/ML-KEM/mul_poly/mul_poly.v:65]
WARNING: [VRFC 10-3091] actual bit length 27 differs from formal bit length 26 for port 'x' [C:/Hung/Viettel/Stage2/ML-KEM/mul_poly/mul_12bit.v:151]
WARNING: [VRFC 10-3091] actual bit length 27 differs from formal bit length 26 for port 'y' [C:/Hung/Viettel/Stage2/ML-KEM/mul_poly/mul_12bit.v:152]
WARNING: [VRFC 10-3091] actual bit length 27 differs from formal bit length 26 for port 'z' [C:/Hung/Viettel/Stage2/ML-KEM/mul_poly/mul_12bit.v:153]
WARNING: [VRFC 10-3091] actual bit length 27 differs from formal bit length 26 for port 'x' [C:/Hung/Viettel/Stage2/ML-KEM/mul_poly/mul_12bit.v:159]
WARNING: [VRFC 10-3091] actual bit length 27 differs from formal bit length 26 for port 'y' [C:/Hung/Viettel/Stage2/ML-KEM/mul_poly/mul_12bit.v:160]
WARNING: [VRFC 10-3091] actual bit length 27 differs from formal bit length 26 for port 'z' [C:/Hung/Viettel/Stage2/ML-KEM/mul_poly/mul_12bit.v:161]
Completed static elaboration
Starting simulation data flow analysis
Completed simulation data flow analysis
Time Resolution for simulation is 1ps
Compiling module xil_defaultlib.barret
Compiling module xil_defaultlib.fulladder
Compiling module xil_defaultlib.csa(WIDTH=26)
Compiling module xil_defaultlib.BoothDecode
Compiling module xil_defaultlib.mul_12bit
Compiling module xil_defaultlib.mul_poly
Compiling module xil_defaultlib.tb_mul_poly
Compiling module xil_defaultlib.glbl
Built simulation snapshot tb_mul_poly_behav
INFO: [USF-XSim-69] 'elaborate' step finished in '2' seconds
Time resolution is 1 ps
Start Barrett Testbench
Finished
$finish called at time : 530 ns : File "C:/Hung/Viettel/Stage2/ML-KEM/mul_poly/tb_mul_poly.v" Line 56
relaunch_sim: Time (s): cpu = 00:00:01 ; elapsed = 00:00:05 . Memory (MB): peak = 2087.770 ; gain = 0.000
relaunch_sim
Command: launch_simulation -step compile -simset sim_1 -mode behavioral
INFO: [Vivado 12-12493] Simulation top is 'tb_mul_poly'
WARNING: [Vivado 12-13340] Unable to auto find GCC executables from simulator install path! (path not set)
WARNING: [Vivado 12-13277] Compiled library path does not exist: ''
INFO: [Vivado 12-5682] Launching behavioral simulation in 'C:/Hung/Viettel/Stage2/ML-KEM/mul_poly/mul_matrix/mul_matrix.sim/sim_1/behav/xsim'
INFO: [SIM-utils-51] Simulation object is 'sim_1'
INFO: [USF-XSim-2] XSim::Compile design
INFO: [USF-XSim-61] Executing 'COMPILE and ANALYZE' step in 'C:/Hung/Viettel/Stage2/ML-KEM/mul_poly/mul_matrix/mul_matrix.sim/sim_1/behav/xsim'
"xvlog --incr --relax -prj tb_mul_poly_vlog.prj"
INFO: [VRFC 10-2263] Analyzing Verilog file "C:/Hung/Viettel/Stage2/ML-KEM/mul_poly/BoothDecode.v" into library xil_defaultlib
INFO: [VRFC 10-311] analyzing module BoothDecode
INFO: [VRFC 10-2263] Analyzing Verilog file "C:/Hung/Viettel/Stage2/ML-KEM/NTT/barret.v" into library xil_defaultlib
INFO: [VRFC 10-311] analyzing module barret
INFO: [VRFC 10-2263] Analyzing Verilog file "C:/Hung/Viettel/Stage2/ML-KEM/mul_poly/csa.v" into library xil_defaultlib
INFO: [VRFC 10-311] analyzing module csa
INFO: [VRFC 10-311] analyzing module fulladder
INFO: [VRFC 10-2263] Analyzing Verilog file "C:/Hung/Viettel/Stage2/ML-KEM/mul_poly/mul_12bit.v" into library xil_defaultlib
INFO: [VRFC 10-311] analyzing module mul_12bit
INFO: [VRFC 10-2263] Analyzing Verilog file "C:/Hung/Viettel/Stage2/ML-KEM/mul_poly/mul_poly.v" into library xil_defaultlib
INFO: [VRFC 10-311] analyzing module mul_poly
INFO: [VRFC 10-2263] Analyzing Verilog file "C:/Hung/Viettel/Stage2/ML-KEM/mul_poly/tb_mul_poly.v" into library xil_defaultlib
INFO: [VRFC 10-311] analyzing module tb_mul_poly
INFO: [USF-XSim-69] 'compile' step finished in '1' seconds
Command: launch_simulation -step elaborate -simset sim_1 -mode behavioral
INFO: [Vivado 12-12493] Simulation top is 'tb_mul_poly'
WARNING: [Vivado 12-13340] Unable to auto find GCC executables from simulator install path! (path not set)
WARNING: [Vivado 12-13277] Compiled library path does not exist: ''
INFO: [Vivado 12-5682] Launching behavioral simulation in 'C:/Hung/Viettel/Stage2/ML-KEM/mul_poly/mul_matrix/mul_matrix.sim/sim_1/behav/xsim'
INFO: [SIM-utils-51] Simulation object is 'sim_1'
INFO: [USF-XSim-3] XSim::Elaborate design
INFO: [USF-XSim-61] Executing 'ELABORATE' step in 'C:/Hung/Viettel/Stage2/ML-KEM/mul_poly/mul_matrix/mul_matrix.sim/sim_1/behav/xsim'
"xelab --incr --debug typical --relax --mt 2 -L xil_defaultlib -L unisims_ver -L unimacro_ver -L secureip --snapshot tb_mul_poly_behav xil_defaultlib.tb_mul_poly xil_defaultlib.glbl -log elaborate.log"
Vivado Simulator v2022.2.2
Copyright 1986-1999, 2001-2022 Xilinx, Inc. All Rights Reserved.
Running: C:/Xilinx/Vivado/2022.2/bin/unwrapped/win64.o/xelab.exe --incr --debug typical --relax --mt 2 -L xil_defaultlib -L unisims_ver -L unimacro_ver -L secureip --snapshot tb_mul_poly_behav xil_defaultlib.tb_mul_poly xil_defaultlib.glbl -log elaborate.log 
Using 2 slave threads.
Starting static elaboration
Pass Through NonSizing Optimizer
WARNING: [VRFC 10-3091] actual bit length 34 differs from formal bit length 32 for port 'C' [C:/Hung/Viettel/Stage2/ML-KEM/mul_poly/mul_poly.v:58]
WARNING: [VRFC 10-3091] actual bit length 34 differs from formal bit length 32 for port 'C' [C:/Hung/Viettel/Stage2/ML-KEM/mul_poly/mul_poly.v:65]
WARNING: [VRFC 10-3091] actual bit length 27 differs from formal bit length 26 for port 'x' [C:/Hung/Viettel/Stage2/ML-KEM/mul_poly/mul_12bit.v:151]
WARNING: [VRFC 10-3091] actual bit length 27 differs from formal bit length 26 for port 'y' [C:/Hung/Viettel/Stage2/ML-KEM/mul_poly/mul_12bit.v:152]
WARNING: [VRFC 10-3091] actual bit length 27 differs from formal bit length 26 for port 'z' [C:/Hung/Viettel/Stage2/ML-KEM/mul_poly/mul_12bit.v:153]
WARNING: [VRFC 10-3091] actual bit length 27 differs from formal bit length 26 for port 'x' [C:/Hung/Viettel/Stage2/ML-KEM/mul_poly/mul_12bit.v:159]
WARNING: [VRFC 10-3091] actual bit length 27 differs from formal bit length 26 for port 'y' [C:/Hung/Viettel/Stage2/ML-KEM/mul_poly/mul_12bit.v:160]
WARNING: [VRFC 10-3091] actual bit length 27 differs from formal bit length 26 for port 'z' [C:/Hung/Viettel/Stage2/ML-KEM/mul_poly/mul_12bit.v:161]
Completed static elaboration
Starting simulation data flow analysis
Completed simulation data flow analysis
Time Resolution for simulation is 1ps
Compiling module xil_defaultlib.barret
Compiling module xil_defaultlib.fulladder
Compiling module xil_defaultlib.csa(WIDTH=26)
Compiling module xil_defaultlib.BoothDecode
Compiling module xil_defaultlib.mul_12bit
Compiling module xil_defaultlib.mul_poly
Compiling module xil_defaultlib.tb_mul_poly
Compiling module xil_defaultlib.glbl
Built simulation snapshot tb_mul_poly_behav
INFO: [USF-XSim-69] 'elaborate' step finished in '2' seconds
Time resolution is 1 ps
Start Barrett Testbench
Finished
$finish called at time : 530 ns : File "C:/Hung/Viettel/Stage2/ML-KEM/mul_poly/tb_mul_poly.v" Line 56
close_sim
INFO: [Simtcl 6-16] Simulation closed
launch_simulation
Command: launch_simulation 
INFO: [Vivado 12-12493] Simulation top is 'tb_mul_poly'
WARNING: [Vivado 12-13340] Unable to auto find GCC executables from simulator install path! (path not set)
WARNING: [Vivado 12-13277] Compiled library path does not exist: ''
INFO: [Vivado 12-5682] Launching behavioral simulation in 'C:/Hung/Viettel/Stage2/ML-KEM/mul_poly/mul_matrix/mul_matrix.sim/sim_1/behav/xsim'
INFO: [SIM-utils-51] Simulation object is 'sim_1'
INFO: [SIM-utils-72] Using boost library from 'C:/Xilinx/Vivado/2022.2/tps/boost_1_72_0'
INFO: [SIM-utils-54] Inspecting design source files for 'tb_mul_poly' in fileset 'sim_1'...
INFO: [USF-XSim-97] Finding global include files...
INFO: [USF-XSim-98] Fetching design files from 'sim_1'...
INFO: [USF-XSim-2] XSim::Compile design
INFO: [USF-XSim-61] Executing 'COMPILE and ANALYZE' step in 'C:/Hung/Viettel/Stage2/ML-KEM/mul_poly/mul_matrix/mul_matrix.sim/sim_1/behav/xsim'
"xvlog --incr --relax -prj tb_mul_poly_vlog.prj"
INFO: [VRFC 10-2263] Analyzing Verilog file "C:/Hung/Viettel/Stage2/ML-KEM/mul_poly/BoothDecode.v" into library xil_defaultlib
INFO: [VRFC 10-311] analyzing module BoothDecode
INFO: [VRFC 10-2263] Analyzing Verilog file "C:/Hung/Viettel/Stage2/ML-KEM/NTT/barret.v" into library xil_defaultlib
INFO: [VRFC 10-311] analyzing module barret
INFO: [VRFC 10-2263] Analyzing Verilog file "C:/Hung/Viettel/Stage2/ML-KEM/mul_poly/csa.v" into library xil_defaultlib
INFO: [VRFC 10-311] analyzing module csa
INFO: [VRFC 10-311] analyzing module fulladder
INFO: [VRFC 10-2263] Analyzing Verilog file "C:/Hung/Viettel/Stage2/ML-KEM/mul_poly/mul_12bit.v" into library xil_defaultlib
INFO: [VRFC 10-311] analyzing module mul_12bit
INFO: [VRFC 10-2263] Analyzing Verilog file "C:/Hung/Viettel/Stage2/ML-KEM/mul_poly/mul_poly.v" into library xil_defaultlib
INFO: [VRFC 10-311] analyzing module mul_poly
INFO: [VRFC 10-2263] Analyzing Verilog file "C:/Hung/Viettel/Stage2/ML-KEM/mul_poly/tb_mul_poly.v" into library xil_defaultlib
INFO: [VRFC 10-311] analyzing module tb_mul_poly
INFO: [USF-XSim-69] 'compile' step finished in '2' seconds
INFO: [USF-XSim-3] XSim::Elaborate design
INFO: [USF-XSim-61] Executing 'ELABORATE' step in 'C:/Hung/Viettel/Stage2/ML-KEM/mul_poly/mul_matrix/mul_matrix.sim/sim_1/behav/xsim'
"xelab --incr --debug typical --relax --mt 2 -L xil_defaultlib -L unisims_ver -L unimacro_ver -L secureip --snapshot tb_mul_poly_behav xil_defaultlib.tb_mul_poly xil_defaultlib.glbl -log elaborate.log"
Vivado Simulator v2022.2.2
Copyright 1986-1999, 2001-2022 Xilinx, Inc. All Rights Reserved.
Running: C:/Xilinx/Vivado/2022.2/bin/unwrapped/win64.o/xelab.exe --incr --debug typical --relax --mt 2 -L xil_defaultlib -L unisims_ver -L unimacro_ver -L secureip --snapshot tb_mul_poly_behav xil_defaultlib.tb_mul_poly xil_defaultlib.glbl -log elaborate.log 
Using 2 slave threads.
Starting static elaboration
Pass Through NonSizing Optimizer
WARNING: [VRFC 10-3091] actual bit length 34 differs from formal bit length 32 for port 'C' [C:/Hung/Viettel/Stage2/ML-KEM/mul_poly/mul_poly.v:58]
WARNING: [VRFC 10-3091] actual bit length 34 differs from formal bit length 32 for port 'C' [C:/Hung/Viettel/Stage2/ML-KEM/mul_poly/mul_poly.v:65]
Completed static elaboration
Starting simulation data flow analysis
Completed simulation data flow analysis
Time Resolution for simulation is 1ps
Compiling module xil_defaultlib.barret
Compiling module xil_defaultlib.fulladder
Compiling module xil_defaultlib.csa(WIDTH=26)
Compiling module xil_defaultlib.BoothDecode
Compiling module xil_defaultlib.mul_12bit
Compiling module xil_defaultlib.mul_poly
Compiling module xil_defaultlib.tb_mul_poly
Compiling module xil_defaultlib.glbl
Built simulation snapshot tb_mul_poly_behav
INFO: [USF-XSim-69] 'elaborate' step finished in '1' seconds
INFO: [USF-XSim-4] XSim::Simulate design
INFO: [USF-XSim-61] Executing 'SIMULATE' step in 'C:/Hung/Viettel/Stage2/ML-KEM/mul_poly/mul_matrix/mul_matrix.sim/sim_1/behav/xsim'
INFO: [USF-XSim-98] *** Running xsim
   with args "tb_mul_poly_behav -key {Behavioral:sim_1:Functional:tb_mul_poly} -tclbatch {tb_mul_poly.tcl} -view {C:/Hung/Viettel/Stage2/ML-KEM/mul_poly/mul_matrix/tb_mul_12bit_behav.wcfg} -log {simulate.log}"
INFO: [USF-XSim-8] Loading simulator feature
Time resolution is 1 ps
open_wave_config C:/Hung/Viettel/Stage2/ML-KEM/mul_poly/mul_matrix/tb_mul_12bit_behav.wcfg
source tb_mul_poly.tcl
# set curr_wave [current_wave_config]
# if { [string length $curr_wave] == 0 } {
#   if { [llength [get_objects]] > 0} {
#     add_wave /
#     set_property needs_save false [current_wave_config]
#   } else {
#      send_msg_id Add_Wave-1 WARNING "No top level signals found. Simulator will start without a wave window. If you want to open a wave window go to 'File->New Waveform Configuration' or type 'create_wave_config' in the TCL console."
#   }
# }
# run 100000ns
Start Barrett Testbench
Finished
$finish called at time : 530 ns : File "C:/Hung/Viettel/Stage2/ML-KEM/mul_poly/tb_mul_poly.v" Line 56
INFO: [USF-XSim-96] XSim completed. Design snapshot 'tb_mul_poly_behav' loaded.
INFO: [USF-XSim-97] XSim simulation ran for 100000ns
close_sim
INFO: [Simtcl 6-16] Simulation closed
launch_simulation
Command: launch_simulation 
INFO: [Vivado 12-12493] Simulation top is 'tb_mul_poly'
WARNING: [Vivado 12-13340] Unable to auto find GCC executables from simulator install path! (path not set)
WARNING: [Vivado 12-13277] Compiled library path does not exist: ''
INFO: [Vivado 12-5682] Launching behavioral simulation in 'C:/Hung/Viettel/Stage2/ML-KEM/mul_poly/mul_matrix/mul_matrix.sim/sim_1/behav/xsim'
INFO: [SIM-utils-51] Simulation object is 'sim_1'
INFO: [SIM-utils-72] Using boost library from 'C:/Xilinx/Vivado/2022.2/tps/boost_1_72_0'
INFO: [SIM-utils-54] Inspecting design source files for 'tb_mul_poly' in fileset 'sim_1'...
INFO: [USF-XSim-97] Finding global include files...
INFO: [USF-XSim-98] Fetching design files from 'sim_1'...
INFO: [USF-XSim-2] XSim::Compile design
INFO: [USF-XSim-61] Executing 'COMPILE and ANALYZE' step in 'C:/Hung/Viettel/Stage2/ML-KEM/mul_poly/mul_matrix/mul_matrix.sim/sim_1/behav/xsim'
"xvlog --incr --relax -prj tb_mul_poly_vlog.prj"
INFO: [VRFC 10-2263] Analyzing Verilog file "C:/Hung/Viettel/Stage2/ML-KEM/mul_poly/BoothDecode.v" into library xil_defaultlib
INFO: [VRFC 10-311] analyzing module BoothDecode
INFO: [VRFC 10-2263] Analyzing Verilog file "C:/Hung/Viettel/Stage2/ML-KEM/NTT/barret.v" into library xil_defaultlib
INFO: [VRFC 10-311] analyzing module barret
INFO: [VRFC 10-2263] Analyzing Verilog file "C:/Hung/Viettel/Stage2/ML-KEM/mul_poly/csa.v" into library xil_defaultlib
INFO: [VRFC 10-311] analyzing module csa
INFO: [VRFC 10-311] analyzing module fulladder
INFO: [VRFC 10-2263] Analyzing Verilog file "C:/Hung/Viettel/Stage2/ML-KEM/mul_poly/mul_12bit.v" into library xil_defaultlib
INFO: [VRFC 10-311] analyzing module mul_12bit
INFO: [VRFC 10-2263] Analyzing Verilog file "C:/Hung/Viettel/Stage2/ML-KEM/mul_poly/mul_poly.v" into library xil_defaultlib
INFO: [VRFC 10-311] analyzing module mul_poly
INFO: [VRFC 10-2263] Analyzing Verilog file "C:/Hung/Viettel/Stage2/ML-KEM/mul_poly/tb_mul_poly.v" into library xil_defaultlib
INFO: [VRFC 10-311] analyzing module tb_mul_poly
INFO: [USF-XSim-69] 'compile' step finished in '1' seconds
INFO: [USF-XSim-3] XSim::Elaborate design
INFO: [USF-XSim-61] Executing 'ELABORATE' step in 'C:/Hung/Viettel/Stage2/ML-KEM/mul_poly/mul_matrix/mul_matrix.sim/sim_1/behav/xsim'
"xelab --incr --debug typical --relax --mt 2 -L xil_defaultlib -L unisims_ver -L unimacro_ver -L secureip --snapshot tb_mul_poly_behav xil_defaultlib.tb_mul_poly xil_defaultlib.glbl -log elaborate.log"
Vivado Simulator v2022.2.2
Copyright 1986-1999, 2001-2022 Xilinx, Inc. All Rights Reserved.
Running: C:/Xilinx/Vivado/2022.2/bin/unwrapped/win64.o/xelab.exe --incr --debug typical --relax --mt 2 -L xil_defaultlib -L unisims_ver -L unimacro_ver -L secureip --snapshot tb_mul_poly_behav xil_defaultlib.tb_mul_poly xil_defaultlib.glbl -log elaborate.log 
Using 2 slave threads.
Starting static elaboration
Pass Through NonSizing Optimizer
WARNING: [VRFC 10-3091] actual bit length 34 differs from formal bit length 32 for port 'C' [C:/Hung/Viettel/Stage2/ML-KEM/mul_poly/mul_poly.v:65]
Completed static elaboration
Starting simulation data flow analysis
Completed simulation data flow analysis
Time Resolution for simulation is 1ps
Compiling module xil_defaultlib.barret
Compiling module xil_defaultlib.fulladder
Compiling module xil_defaultlib.csa(WIDTH=26)
Compiling module xil_defaultlib.BoothDecode
Compiling module xil_defaultlib.mul_12bit
Compiling module xil_defaultlib.mul_poly
Compiling module xil_defaultlib.tb_mul_poly
Compiling module xil_defaultlib.glbl
Built simulation snapshot tb_mul_poly_behav
INFO: [USF-XSim-69] 'elaborate' step finished in '2' seconds
INFO: [USF-XSim-4] XSim::Simulate design
INFO: [USF-XSim-61] Executing 'SIMULATE' step in 'C:/Hung/Viettel/Stage2/ML-KEM/mul_poly/mul_matrix/mul_matrix.sim/sim_1/behav/xsim'
INFO: [USF-XSim-98] *** Running xsim
   with args "tb_mul_poly_behav -key {Behavioral:sim_1:Functional:tb_mul_poly} -tclbatch {tb_mul_poly.tcl} -view {C:/Hung/Viettel/Stage2/ML-KEM/mul_poly/mul_matrix/tb_mul_12bit_behav.wcfg} -log {simulate.log}"
INFO: [USF-XSim-8] Loading simulator feature
Time resolution is 1 ps
open_wave_config C:/Hung/Viettel/Stage2/ML-KEM/mul_poly/mul_matrix/tb_mul_12bit_behav.wcfg
source tb_mul_poly.tcl
# set curr_wave [current_wave_config]
# if { [string length $curr_wave] == 0 } {
#   if { [llength [get_objects]] > 0} {
#     add_wave /
#     set_property needs_save false [current_wave_config]
#   } else {
#      send_msg_id Add_Wave-1 WARNING "No top level signals found. Simulator will start without a wave window. If you want to open a wave window go to 'File->New Waveform Configuration' or type 'create_wave_config' in the TCL console."
#   }
# }
# run 100000ns
Start Barrett Testbench
Finished
$finish called at time : 530 ns : File "C:/Hung/Viettel/Stage2/ML-KEM/mul_poly/tb_mul_poly.v" Line 56
INFO: [USF-XSim-96] XSim completed. Design snapshot 'tb_mul_poly_behav' loaded.
INFO: [USF-XSim-97] XSim simulation ran for 100000ns
save_wave_config {C:/Hung/Viettel/Stage2/ML-KEM/mul_poly/mul_matrix/tb_mul_12bit_behav.wcfg}
current_wave_config {tb_mul_12bit_behav.wcfg}
C:/Hung/Viettel/Stage2/ML-KEM/mul_poly/mul_matrix/tb_mul_12bit_behav.wcfg
add_wave {{/tb_mul_poly/uut/a0_b0}} {{/tb_mul_poly/uut/a1_b1}} {{/tb_mul_poly/uut/a1_b0}} {{/tb_mul_poly/uut/a0_b1}} {{/tb_mul_poly/uut/a1_b1_zetas}} 
relaunch_sim
Command: launch_simulation -step compile -simset sim_1 -mode behavioral
INFO: [Vivado 12-12493] Simulation top is 'tb_mul_poly'
WARNING: [Vivado 12-13340] Unable to auto find GCC executables from simulator install path! (path not set)
WARNING: [Vivado 12-13277] Compiled library path does not exist: ''
INFO: [Vivado 12-5682] Launching behavioral simulation in 'C:/Hung/Viettel/Stage2/ML-KEM/mul_poly/mul_matrix/mul_matrix.sim/sim_1/behav/xsim'
INFO: [SIM-utils-51] Simulation object is 'sim_1'
INFO: [USF-XSim-2] XSim::Compile design
INFO: [USF-XSim-61] Executing 'COMPILE and ANALYZE' step in 'C:/Hung/Viettel/Stage2/ML-KEM/mul_poly/mul_matrix/mul_matrix.sim/sim_1/behav/xsim'
"xvlog --incr --relax -prj tb_mul_poly_vlog.prj"
INFO: [USF-XSim-69] 'compile' step finished in '1' seconds
Command: launch_simulation -step elaborate -simset sim_1 -mode behavioral
INFO: [Vivado 12-12493] Simulation top is 'tb_mul_poly'
WARNING: [Vivado 12-13340] Unable to auto find GCC executables from simulator install path! (path not set)
WARNING: [Vivado 12-13277] Compiled library path does not exist: ''
INFO: [Vivado 12-5682] Launching behavioral simulation in 'C:/Hung/Viettel/Stage2/ML-KEM/mul_poly/mul_matrix/mul_matrix.sim/sim_1/behav/xsim'
INFO: [SIM-utils-51] Simulation object is 'sim_1'
INFO: [USF-XSim-3] XSim::Elaborate design
INFO: [USF-XSim-61] Executing 'ELABORATE' step in 'C:/Hung/Viettel/Stage2/ML-KEM/mul_poly/mul_matrix/mul_matrix.sim/sim_1/behav/xsim'
"xelab --incr --debug typical --relax --mt 2 -L xil_defaultlib -L unisims_ver -L unimacro_ver -L secureip --snapshot tb_mul_poly_behav xil_defaultlib.tb_mul_poly xil_defaultlib.glbl -log elaborate.log"
Vivado Simulator v2022.2.2
Copyright 1986-1999, 2001-2022 Xilinx, Inc. All Rights Reserved.
Running: C:/Xilinx/Vivado/2022.2/bin/unwrapped/win64.o/xelab.exe --incr --debug typical --relax --mt 2 -L xil_defaultlib -L unisims_ver -L unimacro_ver -L secureip --snapshot tb_mul_poly_behav xil_defaultlib.tb_mul_poly xil_defaultlib.glbl -log elaborate.log 
Using 2 slave threads.
Starting static elaboration
Pass Through NonSizing Optimizer
WARNING: [VRFC 10-3091] actual bit length 34 differs from formal bit length 32 for port 'C' [C:/Hung/Viettel/Stage2/ML-KEM/mul_poly/mul_poly.v:65]
Completed static elaboration
INFO: [XSIM 43-4323] No Change in HDL. Linking previously generated obj files to create kernel
INFO: [USF-XSim-69] 'elaborate' step finished in '1' seconds
Time resolution is 1 ps
Start Barrett Testbench
Finished
$finish called at time : 530 ns : File "C:/Hung/Viettel/Stage2/ML-KEM/mul_poly/tb_mul_poly.v" Line 56
current_wave_config {tb_mul_12bit_behav.wcfg}
C:/Hung/Viettel/Stage2/ML-KEM/mul_poly/mul_matrix/tb_mul_12bit_behav.wcfg
add_wave {{/tb_mul_poly/uut/obarret2}} {{/tb_mul_poly/uut/add1}} 
relaunch_sim
Command: launch_simulation -step compile -simset sim_1 -mode behavioral
INFO: [Vivado 12-12493] Simulation top is 'tb_mul_poly'
WARNING: [Vivado 12-13340] Unable to auto find GCC executables from simulator install path! (path not set)
WARNING: [Vivado 12-13277] Compiled library path does not exist: ''
INFO: [Vivado 12-5682] Launching behavioral simulation in 'C:/Hung/Viettel/Stage2/ML-KEM/mul_poly/mul_matrix/mul_matrix.sim/sim_1/behav/xsim'
INFO: [SIM-utils-51] Simulation object is 'sim_1'
INFO: [USF-XSim-2] XSim::Compile design
INFO: [USF-XSim-61] Executing 'COMPILE and ANALYZE' step in 'C:/Hung/Viettel/Stage2/ML-KEM/mul_poly/mul_matrix/mul_matrix.sim/sim_1/behav/xsim'
"xvlog --incr --relax -prj tb_mul_poly_vlog.prj"
INFO: [USF-XSim-69] 'compile' step finished in '1' seconds
Command: launch_simulation -step elaborate -simset sim_1 -mode behavioral
INFO: [Vivado 12-12493] Simulation top is 'tb_mul_poly'
WARNING: [Vivado 12-13340] Unable to auto find GCC executables from simulator install path! (path not set)
WARNING: [Vivado 12-13277] Compiled library path does not exist: ''
INFO: [Vivado 12-5682] Launching behavioral simulation in 'C:/Hung/Viettel/Stage2/ML-KEM/mul_poly/mul_matrix/mul_matrix.sim/sim_1/behav/xsim'
INFO: [SIM-utils-51] Simulation object is 'sim_1'
INFO: [USF-XSim-3] XSim::Elaborate design
INFO: [USF-XSim-61] Executing 'ELABORATE' step in 'C:/Hung/Viettel/Stage2/ML-KEM/mul_poly/mul_matrix/mul_matrix.sim/sim_1/behav/xsim'
"xelab --incr --debug typical --relax --mt 2 -L xil_defaultlib -L unisims_ver -L unimacro_ver -L secureip --snapshot tb_mul_poly_behav xil_defaultlib.tb_mul_poly xil_defaultlib.glbl -log elaborate.log"
Vivado Simulator v2022.2.2
Copyright 1986-1999, 2001-2022 Xilinx, Inc. All Rights Reserved.
Running: C:/Xilinx/Vivado/2022.2/bin/unwrapped/win64.o/xelab.exe --incr --debug typical --relax --mt 2 -L xil_defaultlib -L unisims_ver -L unimacro_ver -L secureip --snapshot tb_mul_poly_behav xil_defaultlib.tb_mul_poly xil_defaultlib.glbl -log elaborate.log 
Using 2 slave threads.
Starting static elaboration
Pass Through NonSizing Optimizer
WARNING: [VRFC 10-3091] actual bit length 34 differs from formal bit length 32 for port 'C' [C:/Hung/Viettel/Stage2/ML-KEM/mul_poly/mul_poly.v:65]
Completed static elaboration
INFO: [XSIM 43-4323] No Change in HDL. Linking previously generated obj files to create kernel
INFO: [USF-XSim-69] 'elaborate' step finished in '2' seconds
Time resolution is 1 ps
Start Barrett Testbench
Finished
$finish called at time : 530 ns : File "C:/Hung/Viettel/Stage2/ML-KEM/mul_poly/tb_mul_poly.v" Line 56
save_wave_config {C:/Hung/Viettel/Stage2/ML-KEM/mul_poly/mul_matrix/tb_mul_12bit_behav.wcfg}
current_wave_config {tb_mul_12bit_behav.wcfg}
C:/Hung/Viettel/Stage2/ML-KEM/mul_poly/mul_matrix/tb_mul_12bit_behav.wcfg
add_wave {{/tb_mul_poly/uut/barret_inst2/C}} {{/tb_mul_poly/uut/barret_inst2/R}} 
relaunch_sim
Command: launch_simulation -step compile -simset sim_1 -mode behavioral
INFO: [Vivado 12-12493] Simulation top is 'tb_mul_poly'
WARNING: [Vivado 12-13340] Unable to auto find GCC executables from simulator install path! (path not set)
WARNING: [Vivado 12-13277] Compiled library path does not exist: ''
INFO: [Vivado 12-5682] Launching behavioral simulation in 'C:/Hung/Viettel/Stage2/ML-KEM/mul_poly/mul_matrix/mul_matrix.sim/sim_1/behav/xsim'
INFO: [SIM-utils-51] Simulation object is 'sim_1'
INFO: [USF-XSim-2] XSim::Compile design
INFO: [USF-XSim-61] Executing 'COMPILE and ANALYZE' step in 'C:/Hung/Viettel/Stage2/ML-KEM/mul_poly/mul_matrix/mul_matrix.sim/sim_1/behav/xsim'
"xvlog --incr --relax -prj tb_mul_poly_vlog.prj"
INFO: [USF-XSim-69] 'compile' step finished in '1' seconds
Command: launch_simulation -step elaborate -simset sim_1 -mode behavioral
INFO: [Vivado 12-12493] Simulation top is 'tb_mul_poly'
WARNING: [Vivado 12-13340] Unable to auto find GCC executables from simulator install path! (path not set)
WARNING: [Vivado 12-13277] Compiled library path does not exist: ''
INFO: [Vivado 12-5682] Launching behavioral simulation in 'C:/Hung/Viettel/Stage2/ML-KEM/mul_poly/mul_matrix/mul_matrix.sim/sim_1/behav/xsim'
INFO: [SIM-utils-51] Simulation object is 'sim_1'
INFO: [USF-XSim-3] XSim::Elaborate design
INFO: [USF-XSim-61] Executing 'ELABORATE' step in 'C:/Hung/Viettel/Stage2/ML-KEM/mul_poly/mul_matrix/mul_matrix.sim/sim_1/behav/xsim'
"xelab --incr --debug typical --relax --mt 2 -L xil_defaultlib -L unisims_ver -L unimacro_ver -L secureip --snapshot tb_mul_poly_behav xil_defaultlib.tb_mul_poly xil_defaultlib.glbl -log elaborate.log"
Vivado Simulator v2022.2.2
Copyright 1986-1999, 2001-2022 Xilinx, Inc. All Rights Reserved.
Running: C:/Xilinx/Vivado/2022.2/bin/unwrapped/win64.o/xelab.exe --incr --debug typical --relax --mt 2 -L xil_defaultlib -L unisims_ver -L unimacro_ver -L secureip --snapshot tb_mul_poly_behav xil_defaultlib.tb_mul_poly xil_defaultlib.glbl -log elaborate.log 
Using 2 slave threads.
Starting static elaboration
Pass Through NonSizing Optimizer
WARNING: [VRFC 10-3091] actual bit length 34 differs from formal bit length 32 for port 'C' [C:/Hung/Viettel/Stage2/ML-KEM/mul_poly/mul_poly.v:65]
Completed static elaboration
INFO: [XSIM 43-4323] No Change in HDL. Linking previously generated obj files to create kernel
INFO: [USF-XSim-69] 'elaborate' step finished in '2' seconds
Time resolution is 1 ps
Start Barrett Testbench
Finished
$finish called at time : 530 ns : File "C:/Hung/Viettel/Stage2/ML-KEM/mul_poly/tb_mul_poly.v" Line 56
save_wave_config {C:/Hung/Viettel/Stage2/ML-KEM/mul_poly/mul_matrix/tb_mul_12bit_behav.wcfg}
current_wave_config {tb_mul_12bit_behav.wcfg}
C:/Hung/Viettel/Stage2/ML-KEM/mul_poly/mul_matrix/tb_mul_12bit_behav.wcfg
add_wave {{/tb_mul_poly/uut/add1}} 
relaunch_sim
Command: launch_simulation -step compile -simset sim_1 -mode behavioral
INFO: [Vivado 12-12493] Simulation top is 'tb_mul_poly'
WARNING: [Vivado 12-13340] Unable to auto find GCC executables from simulator install path! (path not set)
WARNING: [Vivado 12-13277] Compiled library path does not exist: ''
INFO: [Vivado 12-5682] Launching behavioral simulation in 'C:/Hung/Viettel/Stage2/ML-KEM/mul_poly/mul_matrix/mul_matrix.sim/sim_1/behav/xsim'
INFO: [SIM-utils-51] Simulation object is 'sim_1'
INFO: [USF-XSim-2] XSim::Compile design
INFO: [USF-XSim-61] Executing 'COMPILE and ANALYZE' step in 'C:/Hung/Viettel/Stage2/ML-KEM/mul_poly/mul_matrix/mul_matrix.sim/sim_1/behav/xsim'
"xvlog --incr --relax -prj tb_mul_poly_vlog.prj"
INFO: [USF-XSim-69] 'compile' step finished in '1' seconds
Command: launch_simulation -step elaborate -simset sim_1 -mode behavioral
INFO: [Vivado 12-12493] Simulation top is 'tb_mul_poly'
WARNING: [Vivado 12-13340] Unable to auto find GCC executables from simulator install path! (path not set)
WARNING: [Vivado 12-13277] Compiled library path does not exist: ''
INFO: [Vivado 12-5682] Launching behavioral simulation in 'C:/Hung/Viettel/Stage2/ML-KEM/mul_poly/mul_matrix/mul_matrix.sim/sim_1/behav/xsim'
INFO: [SIM-utils-51] Simulation object is 'sim_1'
INFO: [USF-XSim-3] XSim::Elaborate design
INFO: [USF-XSim-61] Executing 'ELABORATE' step in 'C:/Hung/Viettel/Stage2/ML-KEM/mul_poly/mul_matrix/mul_matrix.sim/sim_1/behav/xsim'
"xelab --incr --debug typical --relax --mt 2 -L xil_defaultlib -L unisims_ver -L unimacro_ver -L secureip --snapshot tb_mul_poly_behav xil_defaultlib.tb_mul_poly xil_defaultlib.glbl -log elaborate.log"
Vivado Simulator v2022.2.2
Copyright 1986-1999, 2001-2022 Xilinx, Inc. All Rights Reserved.
Running: C:/Xilinx/Vivado/2022.2/bin/unwrapped/win64.o/xelab.exe --incr --debug typical --relax --mt 2 -L xil_defaultlib -L unisims_ver -L unimacro_ver -L secureip --snapshot tb_mul_poly_behav xil_defaultlib.tb_mul_poly xil_defaultlib.glbl -log elaborate.log 
Using 2 slave threads.
Starting static elaboration
Pass Through NonSizing Optimizer
WARNING: [VRFC 10-3091] actual bit length 34 differs from formal bit length 32 for port 'C' [C:/Hung/Viettel/Stage2/ML-KEM/mul_poly/mul_poly.v:65]
Completed static elaboration
INFO: [XSIM 43-4323] No Change in HDL. Linking previously generated obj files to create kernel
INFO: [USF-XSim-69] 'elaborate' step finished in '2' seconds
Time resolution is 1 ps
Start Barrett Testbench
Finished
$finish called at time : 530 ns : File "C:/Hung/Viettel/Stage2/ML-KEM/mul_poly/tb_mul_poly.v" Line 56
relaunch_sim
Command: launch_simulation -step compile -simset sim_1 -mode behavioral
INFO: [Vivado 12-12493] Simulation top is 'tb_mul_poly'
WARNING: [Vivado 12-13340] Unable to auto find GCC executables from simulator install path! (path not set)
WARNING: [Vivado 12-13277] Compiled library path does not exist: ''
INFO: [Vivado 12-5682] Launching behavioral simulation in 'C:/Hung/Viettel/Stage2/ML-KEM/mul_poly/mul_matrix/mul_matrix.sim/sim_1/behav/xsim'
INFO: [SIM-utils-51] Simulation object is 'sim_1'
INFO: [USF-XSim-2] XSim::Compile design
INFO: [USF-XSim-61] Executing 'COMPILE and ANALYZE' step in 'C:/Hung/Viettel/Stage2/ML-KEM/mul_poly/mul_matrix/mul_matrix.sim/sim_1/behav/xsim'
"xvlog --incr --relax -prj tb_mul_poly_vlog.prj"
INFO: [USF-XSim-69] 'compile' step finished in '1' seconds
Command: launch_simulation -step elaborate -simset sim_1 -mode behavioral
INFO: [Vivado 12-12493] Simulation top is 'tb_mul_poly'
WARNING: [Vivado 12-13340] Unable to auto find GCC executables from simulator install path! (path not set)
WARNING: [Vivado 12-13277] Compiled library path does not exist: ''
INFO: [Vivado 12-5682] Launching behavioral simulation in 'C:/Hung/Viettel/Stage2/ML-KEM/mul_poly/mul_matrix/mul_matrix.sim/sim_1/behav/xsim'
INFO: [SIM-utils-51] Simulation object is 'sim_1'
INFO: [USF-XSim-3] XSim::Elaborate design
INFO: [USF-XSim-61] Executing 'ELABORATE' step in 'C:/Hung/Viettel/Stage2/ML-KEM/mul_poly/mul_matrix/mul_matrix.sim/sim_1/behav/xsim'
"xelab --incr --debug typical --relax --mt 2 -L xil_defaultlib -L unisims_ver -L unimacro_ver -L secureip --snapshot tb_mul_poly_behav xil_defaultlib.tb_mul_poly xil_defaultlib.glbl -log elaborate.log"
Vivado Simulator v2022.2.2
Copyright 1986-1999, 2001-2022 Xilinx, Inc. All Rights Reserved.
Running: C:/Xilinx/Vivado/2022.2/bin/unwrapped/win64.o/xelab.exe --incr --debug typical --relax --mt 2 -L xil_defaultlib -L unisims_ver -L unimacro_ver -L secureip --snapshot tb_mul_poly_behav xil_defaultlib.tb_mul_poly xil_defaultlib.glbl -log elaborate.log 
Using 2 slave threads.
Starting static elaboration
Pass Through NonSizing Optimizer
WARNING: [VRFC 10-3091] actual bit length 34 differs from formal bit length 32 for port 'C' [C:/Hung/Viettel/Stage2/ML-KEM/mul_poly/mul_poly.v:65]
Completed static elaboration
INFO: [XSIM 43-4323] No Change in HDL. Linking previously generated obj files to create kernel
INFO: [USF-XSim-69] 'elaborate' step finished in '1' seconds
Time resolution is 1 ps
Start Barrett Testbench
Finished
$finish called at time : 530 ns : File "C:/Hung/Viettel/Stage2/ML-KEM/mul_poly/tb_mul_poly.v" Line 56
save_wave_config {C:/Hung/Viettel/Stage2/ML-KEM/mul_poly/mul_matrix/tb_mul_12bit_behav.wcfg}
relaunch_sim
Command: launch_simulation -step compile -simset sim_1 -mode behavioral
INFO: [Vivado 12-12493] Simulation top is 'tb_mul_poly'
WARNING: [Vivado 12-13340] Unable to auto find GCC executables from simulator install path! (path not set)
WARNING: [Vivado 12-13277] Compiled library path does not exist: ''
INFO: [Vivado 12-5682] Launching behavioral simulation in 'C:/Hung/Viettel/Stage2/ML-KEM/mul_poly/mul_matrix/mul_matrix.sim/sim_1/behav/xsim'
INFO: [SIM-utils-51] Simulation object is 'sim_1'
INFO: [USF-XSim-2] XSim::Compile design
INFO: [USF-XSim-61] Executing 'COMPILE and ANALYZE' step in 'C:/Hung/Viettel/Stage2/ML-KEM/mul_poly/mul_matrix/mul_matrix.sim/sim_1/behav/xsim'
"xvlog --incr --relax -prj tb_mul_poly_vlog.prj"
INFO: [VRFC 10-2263] Analyzing Verilog file "C:/Hung/Viettel/Stage2/ML-KEM/mul_poly/BoothDecode.v" into library xil_defaultlib
INFO: [VRFC 10-311] analyzing module BoothDecode
INFO: [VRFC 10-2263] Analyzing Verilog file "C:/Hung/Viettel/Stage2/ML-KEM/NTT/barret.v" into library xil_defaultlib
INFO: [VRFC 10-311] analyzing module barret
INFO: [VRFC 10-2263] Analyzing Verilog file "C:/Hung/Viettel/Stage2/ML-KEM/mul_poly/csa.v" into library xil_defaultlib
INFO: [VRFC 10-311] analyzing module csa
INFO: [VRFC 10-311] analyzing module fulladder
INFO: [VRFC 10-2263] Analyzing Verilog file "C:/Hung/Viettel/Stage2/ML-KEM/mul_poly/mul_12bit.v" into library xil_defaultlib
INFO: [VRFC 10-311] analyzing module mul_12bit
INFO: [VRFC 10-2263] Analyzing Verilog file "C:/Hung/Viettel/Stage2/ML-KEM/mul_poly/mul_poly.v" into library xil_defaultlib
INFO: [VRFC 10-311] analyzing module mul_poly
INFO: [VRFC 10-2263] Analyzing Verilog file "C:/Hung/Viettel/Stage2/ML-KEM/mul_poly/tb_mul_poly.v" into library xil_defaultlib
INFO: [VRFC 10-311] analyzing module tb_mul_poly
INFO: [USF-XSim-69] 'compile' step finished in '1' seconds
Command: launch_simulation -step elaborate -simset sim_1 -mode behavioral
INFO: [Vivado 12-12493] Simulation top is 'tb_mul_poly'
WARNING: [Vivado 12-13340] Unable to auto find GCC executables from simulator install path! (path not set)
WARNING: [Vivado 12-13277] Compiled library path does not exist: ''
INFO: [Vivado 12-5682] Launching behavioral simulation in 'C:/Hung/Viettel/Stage2/ML-KEM/mul_poly/mul_matrix/mul_matrix.sim/sim_1/behav/xsim'
INFO: [SIM-utils-51] Simulation object is 'sim_1'
INFO: [USF-XSim-3] XSim::Elaborate design
INFO: [USF-XSim-61] Executing 'ELABORATE' step in 'C:/Hung/Viettel/Stage2/ML-KEM/mul_poly/mul_matrix/mul_matrix.sim/sim_1/behav/xsim'
"xelab --incr --debug typical --relax --mt 2 -L xil_defaultlib -L unisims_ver -L unimacro_ver -L secureip --snapshot tb_mul_poly_behav xil_defaultlib.tb_mul_poly xil_defaultlib.glbl -log elaborate.log"
Vivado Simulator v2022.2.2
Copyright 1986-1999, 2001-2022 Xilinx, Inc. All Rights Reserved.
Running: C:/Xilinx/Vivado/2022.2/bin/unwrapped/win64.o/xelab.exe --incr --debug typical --relax --mt 2 -L xil_defaultlib -L unisims_ver -L unimacro_ver -L secureip --snapshot tb_mul_poly_behav xil_defaultlib.tb_mul_poly xil_defaultlib.glbl -log elaborate.log 
Using 2 slave threads.
Starting static elaboration
Pass Through NonSizing Optimizer
WARNING: [VRFC 10-3091] actual bit length 34 differs from formal bit length 32 for port 'C' [C:/Hung/Viettel/Stage2/ML-KEM/mul_poly/mul_poly.v:65]
Completed static elaboration
Starting simulation data flow analysis
Completed simulation data flow analysis
Time Resolution for simulation is 1ps
Compiling module xil_defaultlib.barret
Compiling module xil_defaultlib.fulladder
Compiling module xil_defaultlib.csa(WIDTH=26)
Compiling module xil_defaultlib.BoothDecode
Compiling module xil_defaultlib.mul_12bit
Compiling module xil_defaultlib.mul_poly
Compiling module xil_defaultlib.tb_mul_poly
Compiling module xil_defaultlib.glbl
Built simulation snapshot tb_mul_poly_behav
INFO: [USF-XSim-69] 'elaborate' step finished in '2' seconds
Time resolution is 1 ps
Start Barrett Testbench
Finished
$finish called at time : 530 ns : File "C:/Hung/Viettel/Stage2/ML-KEM/mul_poly/tb_mul_poly.v" Line 56
relaunch_sim: Time (s): cpu = 00:00:00 ; elapsed = 00:00:05 . Memory (MB): peak = 2087.770 ; gain = 0.000
save_wave_config {C:/Hung/Viettel/Stage2/ML-KEM/mul_poly/mul_matrix/tb_mul_12bit_behav.wcfg}
relaunch_sim
Command: launch_simulation -step compile -simset sim_1 -mode behavioral
INFO: [Vivado 12-12493] Simulation top is 'tb_mul_poly'
WARNING: [Vivado 12-13340] Unable to auto find GCC executables from simulator install path! (path not set)
WARNING: [Vivado 12-13277] Compiled library path does not exist: ''
INFO: [Vivado 12-5682] Launching behavioral simulation in 'C:/Hung/Viettel/Stage2/ML-KEM/mul_poly/mul_matrix/mul_matrix.sim/sim_1/behav/xsim'
INFO: [SIM-utils-51] Simulation object is 'sim_1'
INFO: [USF-XSim-2] XSim::Compile design
INFO: [USF-XSim-61] Executing 'COMPILE and ANALYZE' step in 'C:/Hung/Viettel/Stage2/ML-KEM/mul_poly/mul_matrix/mul_matrix.sim/sim_1/behav/xsim'
"xvlog --incr --relax -prj tb_mul_poly_vlog.prj"
INFO: [VRFC 10-2263] Analyzing Verilog file "C:/Hung/Viettel/Stage2/ML-KEM/mul_poly/BoothDecode.v" into library xil_defaultlib
INFO: [VRFC 10-311] analyzing module BoothDecode
INFO: [VRFC 10-2263] Analyzing Verilog file "C:/Hung/Viettel/Stage2/ML-KEM/NTT/barret.v" into library xil_defaultlib
INFO: [VRFC 10-311] analyzing module barret
INFO: [VRFC 10-2263] Analyzing Verilog file "C:/Hung/Viettel/Stage2/ML-KEM/mul_poly/csa.v" into library xil_defaultlib
INFO: [VRFC 10-311] analyzing module csa
INFO: [VRFC 10-311] analyzing module fulladder
INFO: [VRFC 10-2263] Analyzing Verilog file "C:/Hung/Viettel/Stage2/ML-KEM/mul_poly/mul_12bit.v" into library xil_defaultlib
INFO: [VRFC 10-311] analyzing module mul_12bit
INFO: [VRFC 10-2263] Analyzing Verilog file "C:/Hung/Viettel/Stage2/ML-KEM/mul_poly/mul_poly.v" into library xil_defaultlib
INFO: [VRFC 10-311] analyzing module mul_poly
INFO: [VRFC 10-2263] Analyzing Verilog file "C:/Hung/Viettel/Stage2/ML-KEM/mul_poly/tb_mul_poly.v" into library xil_defaultlib
INFO: [VRFC 10-311] analyzing module tb_mul_poly
INFO: [USF-XSim-69] 'compile' step finished in '2' seconds
Command: launch_simulation -step elaborate -simset sim_1 -mode behavioral
INFO: [Vivado 12-12493] Simulation top is 'tb_mul_poly'
WARNING: [Vivado 12-13340] Unable to auto find GCC executables from simulator install path! (path not set)
WARNING: [Vivado 12-13277] Compiled library path does not exist: ''
INFO: [Vivado 12-5682] Launching behavioral simulation in 'C:/Hung/Viettel/Stage2/ML-KEM/mul_poly/mul_matrix/mul_matrix.sim/sim_1/behav/xsim'
INFO: [SIM-utils-51] Simulation object is 'sim_1'
INFO: [USF-XSim-3] XSim::Elaborate design
INFO: [USF-XSim-61] Executing 'ELABORATE' step in 'C:/Hung/Viettel/Stage2/ML-KEM/mul_poly/mul_matrix/mul_matrix.sim/sim_1/behav/xsim'
"xelab --incr --debug typical --relax --mt 2 -L xil_defaultlib -L unisims_ver -L unimacro_ver -L secureip --snapshot tb_mul_poly_behav xil_defaultlib.tb_mul_poly xil_defaultlib.glbl -log elaborate.log"
Vivado Simulator v2022.2.2
Copyright 1986-1999, 2001-2022 Xilinx, Inc. All Rights Reserved.
Running: C:/Xilinx/Vivado/2022.2/bin/unwrapped/win64.o/xelab.exe --incr --debug typical --relax --mt 2 -L xil_defaultlib -L unisims_ver -L unimacro_ver -L secureip --snapshot tb_mul_poly_behav xil_defaultlib.tb_mul_poly xil_defaultlib.glbl -log elaborate.log 
Using 2 slave threads.
Starting static elaboration
Pass Through NonSizing Optimizer
Completed static elaboration
Starting simulation data flow analysis
Completed simulation data flow analysis
Time Resolution for simulation is 1ps
Compiling module xil_defaultlib.barret
Compiling module xil_defaultlib.fulladder
Compiling module xil_defaultlib.csa(WIDTH=26)
Compiling module xil_defaultlib.BoothDecode
Compiling module xil_defaultlib.mul_12bit
Compiling module xil_defaultlib.mul_poly
Compiling module xil_defaultlib.tb_mul_poly
Compiling module xil_defaultlib.glbl
Built simulation snapshot tb_mul_poly_behav
INFO: [USF-XSim-69] 'elaborate' step finished in '1' seconds
Time resolution is 1 ps
Start Barrett Testbench
Finished
$finish called at time : 530 ns : File "C:/Hung/Viettel/Stage2/ML-KEM/mul_poly/tb_mul_poly.v" Line 56
close_sim
INFO: [Simtcl 6-16] Simulation closed
launch_simulation
Command: launch_simulation 
INFO: [Vivado 12-12493] Simulation top is 'tb_mul_poly'
WARNING: [Vivado 12-13340] Unable to auto find GCC executables from simulator install path! (path not set)
WARNING: [Vivado 12-13277] Compiled library path does not exist: ''
INFO: [Vivado 12-5682] Launching behavioral simulation in 'C:/Hung/Viettel/Stage2/ML-KEM/mul_poly/mul_matrix/mul_matrix.sim/sim_1/behav/xsim'
INFO: [SIM-utils-51] Simulation object is 'sim_1'
INFO: [SIM-utils-72] Using boost library from 'C:/Xilinx/Vivado/2022.2/tps/boost_1_72_0'
INFO: [SIM-utils-54] Inspecting design source files for 'tb_mul_poly' in fileset 'sim_1'...
INFO: [USF-XSim-97] Finding global include files...
INFO: [USF-XSim-98] Fetching design files from 'sim_1'...
INFO: [USF-XSim-2] XSim::Compile design
INFO: [USF-XSim-61] Executing 'COMPILE and ANALYZE' step in 'C:/Hung/Viettel/Stage2/ML-KEM/mul_poly/mul_matrix/mul_matrix.sim/sim_1/behav/xsim'
"xvlog --incr --relax -prj tb_mul_poly_vlog.prj"
INFO: [USF-XSim-69] 'compile' step finished in '1' seconds
INFO: [USF-XSim-3] XSim::Elaborate design
INFO: [USF-XSim-61] Executing 'ELABORATE' step in 'C:/Hung/Viettel/Stage2/ML-KEM/mul_poly/mul_matrix/mul_matrix.sim/sim_1/behav/xsim'
"xelab --incr --debug typical --relax --mt 2 -L xil_defaultlib -L unisims_ver -L unimacro_ver -L secureip --snapshot tb_mul_poly_behav xil_defaultlib.tb_mul_poly xil_defaultlib.glbl -log elaborate.log"
Vivado Simulator v2022.2.2
Copyright 1986-1999, 2001-2022 Xilinx, Inc. All Rights Reserved.
Running: C:/Xilinx/Vivado/2022.2/bin/unwrapped/win64.o/xelab.exe --incr --debug typical --relax --mt 2 -L xil_defaultlib -L unisims_ver -L unimacro_ver -L secureip --snapshot tb_mul_poly_behav xil_defaultlib.tb_mul_poly xil_defaultlib.glbl -log elaborate.log 
Using 2 slave threads.
Starting static elaboration
Pass Through NonSizing Optimizer
Completed static elaboration
INFO: [XSIM 43-4323] No Change in HDL. Linking previously generated obj files to create kernel
INFO: [USF-XSim-69] 'elaborate' step finished in '1' seconds
INFO: [USF-XSim-4] XSim::Simulate design
INFO: [USF-XSim-61] Executing 'SIMULATE' step in 'C:/Hung/Viettel/Stage2/ML-KEM/mul_poly/mul_matrix/mul_matrix.sim/sim_1/behav/xsim'
INFO: [USF-XSim-98] *** Running xsim
   with args "tb_mul_poly_behav -key {Behavioral:sim_1:Functional:tb_mul_poly} -tclbatch {tb_mul_poly.tcl} -view {C:/Hung/Viettel/Stage2/ML-KEM/mul_poly/mul_matrix/tb_mul_12bit_behav.wcfg} -log {simulate.log}"
INFO: [USF-XSim-8] Loading simulator feature
Time resolution is 1 ps
open_wave_config C:/Hung/Viettel/Stage2/ML-KEM/mul_poly/mul_matrix/tb_mul_12bit_behav.wcfg
source tb_mul_poly.tcl
# set curr_wave [current_wave_config]
# if { [string length $curr_wave] == 0 } {
#   if { [llength [get_objects]] > 0} {
#     add_wave /
#     set_property needs_save false [current_wave_config]
#   } else {
#      send_msg_id Add_Wave-1 WARNING "No top level signals found. Simulator will start without a wave window. If you want to open a wave window go to 'File->New Waveform Configuration' or type 'create_wave_config' in the TCL console."
#   }
# }
# run 100000ns
Start Barrett Testbench
Finished
$finish called at time : 530 ns : File "C:/Hung/Viettel/Stage2/ML-KEM/mul_poly/tb_mul_poly.v" Line 56
INFO: [USF-XSim-96] XSim completed. Design snapshot 'tb_mul_poly_behav' loaded.
INFO: [USF-XSim-97] XSim simulation ran for 100000ns
close_sim
INFO: [Simtcl 6-16] Simulation closed
set_property top tb_mul_poly_matrix [get_filesets sim_1]
set_property top_lib xil_defaultlib [get_filesets sim_1]
launch_simulation
Command: launch_simulation 
INFO: [Vivado 12-12493] Simulation top is 'tb_mul_poly_matrix'
WARNING: [Vivado 12-13340] Unable to auto find GCC executables from simulator install path! (path not set)
WARNING: [Vivado 12-13277] Compiled library path does not exist: ''
INFO: [Vivado 12-5682] Launching behavioral simulation in 'C:/Hung/Viettel/Stage2/ML-KEM/mul_poly/mul_matrix/mul_matrix.sim/sim_1/behav/xsim'
INFO: [SIM-utils-51] Simulation object is 'sim_1'
INFO: [SIM-utils-72] Using boost library from 'C:/Xilinx/Vivado/2022.2/tps/boost_1_72_0'
INFO: [SIM-utils-54] Inspecting design source files for 'tb_mul_poly_matrix' in fileset 'sim_1'...
INFO: [USF-XSim-97] Finding global include files...
INFO: [USF-XSim-98] Fetching design files from 'sim_1'...
INFO: [USF-XSim-2] XSim::Compile design
INFO: [USF-XSim-61] Executing 'COMPILE and ANALYZE' step in 'C:/Hung/Viettel/Stage2/ML-KEM/mul_poly/mul_matrix/mul_matrix.sim/sim_1/behav/xsim'
"xvlog --incr --relax -prj tb_mul_poly_matrix_vlog.prj"
INFO: [USF-XSim-69] 'compile' step finished in '1' seconds
INFO: [USF-XSim-3] XSim::Elaborate design
INFO: [USF-XSim-61] Executing 'ELABORATE' step in 'C:/Hung/Viettel/Stage2/ML-KEM/mul_poly/mul_matrix/mul_matrix.sim/sim_1/behav/xsim'
"xelab --incr --debug typical --relax --mt 2 -L xil_defaultlib -L unisims_ver -L unimacro_ver -L secureip --snapshot tb_mul_poly_matrix_behav xil_defaultlib.tb_mul_poly_matrix xil_defaultlib.glbl -log elaborate.log"
Vivado Simulator v2022.2.2
Copyright 1986-1999, 2001-2022 Xilinx, Inc. All Rights Reserved.
Running: C:/Xilinx/Vivado/2022.2/bin/unwrapped/win64.o/xelab.exe --incr --debug typical --relax --mt 2 -L xil_defaultlib -L unisims_ver -L unimacro_ver -L secureip --snapshot tb_mul_poly_matrix_behav xil_defaultlib.tb_mul_poly_matrix xil_defaultlib.glbl -log elaborate.log 
Using 2 slave threads.
Starting static elaboration
Pass Through NonSizing Optimizer
Completed static elaboration
Starting simulation data flow analysis
Completed simulation data flow analysis
Time Resolution for simulation is 1ps
Compiling module xil_defaultlib.add_cell_default
Compiling module xil_defaultlib.barret
Compiling module xil_defaultlib.Rom_mul
Compiling module xil_defaultlib.fulladder
Compiling module xil_defaultlib.csa(WIDTH=26)
Compiling module xil_defaultlib.BoothDecode
Compiling module xil_defaultlib.mul_12bit
Compiling module xil_defaultlib.mul_poly
Compiling module xil_defaultlib.mul_poly_matrix
Compiling module xil_defaultlib.mul_cel_default
Compiling module xil_defaultlib.tb_mul_poly_matrix
Compiling module xil_defaultlib.glbl
Built simulation snapshot tb_mul_poly_matrix_behav
INFO: [USF-XSim-69] 'elaborate' step finished in '3' seconds
INFO: [USF-XSim-4] XSim::Simulate design
INFO: [USF-XSim-61] Executing 'SIMULATE' step in 'C:/Hung/Viettel/Stage2/ML-KEM/mul_poly/mul_matrix/mul_matrix.sim/sim_1/behav/xsim'
INFO: [USF-XSim-98] *** Running xsim
   with args "tb_mul_poly_matrix_behav -key {Behavioral:sim_1:Functional:tb_mul_poly_matrix} -tclbatch {tb_mul_poly_matrix.tcl} -view {C:/Hung/Viettel/Stage2/ML-KEM/mul_poly/mul_matrix/tb_mul_12bit_behav.wcfg} -log {simulate.log}"
INFO: [USF-XSim-8] Loading simulator feature
Time resolution is 1 ps
open_wave_config C:/Hung/Viettel/Stage2/ML-KEM/mul_poly/mul_matrix/tb_mul_12bit_behav.wcfg
WARNING: Simulation object /tb_mul_poly/uut/clk was not found in the design.
WARNING: Simulation object /tb_mul_poly/uut/rst_n was not found in the design.
WARNING: Simulation object /tb_mul_poly/uut/a0 was not found in the design.
WARNING: Simulation object /tb_mul_poly/uut/a1 was not found in the design.
WARNING: Simulation object /tb_mul_poly/uut/b0 was not found in the design.
WARNING: Simulation object /tb_mul_poly/uut/b1 was not found in the design.
WARNING: Simulation object /tb_mul_poly/uut/zetas was not found in the design.
WARNING: Simulation object /tb_mul_poly/uut/res0 was not found in the design.
WARNING: Simulation object /tb_mul_poly/uut/res1 was not found in the design.
WARNING: Simulation object /tb_mul_poly/uut/a0_b0 was not found in the design.
WARNING: Simulation object /tb_mul_poly/uut/a1_b1 was not found in the design.
WARNING: Simulation object /tb_mul_poly/uut/a1_b0 was not found in the design.
WARNING: Simulation object /tb_mul_poly/uut/a0_b1 was not found in the design.
WARNING: Simulation object /tb_mul_poly/uut/a1_b1_zetas was not found in the design.
WARNING: Simulation object /tb_mul_poly/uut/add1 was not found in the design.
source tb_mul_poly_matrix.tcl
# set curr_wave [current_wave_config]
# if { [string length $curr_wave] == 0 } {
#   if { [llength [get_objects]] > 0} {
#     add_wave /
#     set_property needs_save false [current_wave_config]
#   } else {
#      send_msg_id Add_Wave-1 WARNING "No top level signals found. Simulator will start without a wave window. If you want to open a wave window go to 'File->New Waveform Configuration' or type 'create_wave_config' in the TCL console."
#   }
# }
# run 100000ns
               a: 000 000 000 000 000 000 000 000 000 000 000 000 000 000 000 000
               b: 000 000 000 000 000 000 000 000 000 000 000 000 000 000 000 000
             res: 000 000 000 000 000 000 000 000 000 000 000 000 000 000 000 000
expect r12..r15 = {b65, 967, c71, 6a7}
got    r12..r15 = {000, 000, 000, 000}
FAIL
$finish called at time : 262500 ps : File "C:/Hung/Viettel/Stage2/ML-KEM/mul_poly/tb_mul_poly_matrix.v" Line 116
INFO: [USF-XSim-96] XSim completed. Design snapshot 'tb_mul_poly_matrix_behav' loaded.
INFO: [USF-XSim-97] XSim simulation ran for 100000ns
launch_simulation: Time (s): cpu = 00:00:02 ; elapsed = 00:00:06 . Memory (MB): peak = 2087.770 ; gain = 0.000
update_compile_order -fileset sim_1
current_wave_config {tb_mul_12bit_behav.wcfg}
tb_mul_12bit_behav.wcfg
add_wave {{/tb_mul_poly_matrix/clk}} {{/tb_mul_poly_matrix/rst_n}} {{/tb_mul_poly_matrix/k}} {{/tb_mul_poly_matrix/valid_data}} {{/tb_mul_poly_matrix/a}} {{/tb_mul_poly_matrix/b}} {{/tb_mul_poly_matrix/r12}} {{/tb_mul_poly_matrix/r13}} {{/tb_mul_poly_matrix/r14}} {{/tb_mul_poly_matrix/r15}} {{/tb_mul_poly_matrix/res}} {{/tb_mul_poly_matrix/valid_output}} {{/tb_mul_poly_matrix/WIDTH}} {{/tb_mul_poly_matrix/NUM}} 
relaunch_sim
Command: launch_simulation -step compile -simset sim_1 -mode behavioral
INFO: [Vivado 12-12493] Simulation top is 'tb_mul_poly_matrix'
WARNING: [Vivado 12-13340] Unable to auto find GCC executables from simulator install path! (path not set)
WARNING: [Vivado 12-13277] Compiled library path does not exist: ''
INFO: [Vivado 12-5682] Launching behavioral simulation in 'C:/Hung/Viettel/Stage2/ML-KEM/mul_poly/mul_matrix/mul_matrix.sim/sim_1/behav/xsim'
INFO: [SIM-utils-51] Simulation object is 'sim_1'
INFO: [USF-XSim-2] XSim::Compile design
INFO: [USF-XSim-61] Executing 'COMPILE and ANALYZE' step in 'C:/Hung/Viettel/Stage2/ML-KEM/mul_poly/mul_matrix/mul_matrix.sim/sim_1/behav/xsim'
"xvlog --incr --relax -prj tb_mul_poly_matrix_vlog.prj"
INFO: [USF-XSim-69] 'compile' step finished in '1' seconds
Command: launch_simulation -step elaborate -simset sim_1 -mode behavioral
INFO: [Vivado 12-12493] Simulation top is 'tb_mul_poly_matrix'
WARNING: [Vivado 12-13340] Unable to auto find GCC executables from simulator install path! (path not set)
WARNING: [Vivado 12-13277] Compiled library path does not exist: ''
INFO: [Vivado 12-5682] Launching behavioral simulation in 'C:/Hung/Viettel/Stage2/ML-KEM/mul_poly/mul_matrix/mul_matrix.sim/sim_1/behav/xsim'
INFO: [SIM-utils-51] Simulation object is 'sim_1'
INFO: [USF-XSim-3] XSim::Elaborate design
INFO: [USF-XSim-61] Executing 'ELABORATE' step in 'C:/Hung/Viettel/Stage2/ML-KEM/mul_poly/mul_matrix/mul_matrix.sim/sim_1/behav/xsim'
"xelab --incr --debug typical --relax --mt 2 -L xil_defaultlib -L unisims_ver -L unimacro_ver -L secureip --snapshot tb_mul_poly_matrix_behav xil_defaultlib.tb_mul_poly_matrix xil_defaultlib.glbl -log elaborate.log"
Vivado Simulator v2022.2.2
Copyright 1986-1999, 2001-2022 Xilinx, Inc. All Rights Reserved.
Running: C:/Xilinx/Vivado/2022.2/bin/unwrapped/win64.o/xelab.exe --incr --debug typical --relax --mt 2 -L xil_defaultlib -L unisims_ver -L unimacro_ver -L secureip --snapshot tb_mul_poly_matrix_behav xil_defaultlib.tb_mul_poly_matrix xil_defaultlib.glbl -log elaborate.log 
Using 2 slave threads.
Starting static elaboration
Pass Through NonSizing Optimizer
Completed static elaboration
INFO: [XSIM 43-4323] No Change in HDL. Linking previously generated obj files to create kernel
INFO: [USF-XSim-69] 'elaborate' step finished in '1' seconds
Time resolution is 1 ps
               a: 000 000 000 000 000 000 000 000 000 000 000 000 000 000 000 000
               b: 000 000 000 000 000 000 000 000 000 000 000 000 000 000 000 000
             res: 000 000 000 000 000 000 000 000 000 000 000 000 000 000 000 000
expect r12..r15 = {b65, 967, c71, 6a7}
got    r12..r15 = {000, 000, 000, 000}
FAIL
$finish called at time : 262500 ps : File "C:/Hung/Viettel/Stage2/ML-KEM/mul_poly/tb_mul_poly_matrix.v" Line 116
save_wave_config {C:/Hung/Viettel/Stage2/ML-KEM/mul_poly/mul_matrix/tb_mul_12bit_behav.wcfg}
current_wave_config {tb_mul_12bit_behav.wcfg}
C:/Hung/Viettel/Stage2/ML-KEM/mul_poly/mul_matrix/tb_mul_12bit_behav.wcfg
add_wave {{/tb_mul_poly_matrix/dut/test_a}} {{/tb_mul_poly_matrix/dut/test_b}} {{/tb_mul_poly_matrix/dut/test_tmp}} 
relaunch_sim
Command: launch_simulation -step compile -simset sim_1 -mode behavioral
INFO: [Vivado 12-12493] Simulation top is 'tb_mul_poly_matrix'
WARNING: [Vivado 12-13340] Unable to auto find GCC executables from simulator install path! (path not set)
WARNING: [Vivado 12-13277] Compiled library path does not exist: ''
INFO: [Vivado 12-5682] Launching behavioral simulation in 'C:/Hung/Viettel/Stage2/ML-KEM/mul_poly/mul_matrix/mul_matrix.sim/sim_1/behav/xsim'
INFO: [SIM-utils-51] Simulation object is 'sim_1'
INFO: [USF-XSim-2] XSim::Compile design
INFO: [USF-XSim-61] Executing 'COMPILE and ANALYZE' step in 'C:/Hung/Viettel/Stage2/ML-KEM/mul_poly/mul_matrix/mul_matrix.sim/sim_1/behav/xsim'
"xvlog --incr --relax -prj tb_mul_poly_matrix_vlog.prj"
INFO: [USF-XSim-69] 'compile' step finished in '1' seconds
Command: launch_simulation -step elaborate -simset sim_1 -mode behavioral
INFO: [Vivado 12-12493] Simulation top is 'tb_mul_poly_matrix'
WARNING: [Vivado 12-13340] Unable to auto find GCC executables from simulator install path! (path not set)
WARNING: [Vivado 12-13277] Compiled library path does not exist: ''
INFO: [Vivado 12-5682] Launching behavioral simulation in 'C:/Hung/Viettel/Stage2/ML-KEM/mul_poly/mul_matrix/mul_matrix.sim/sim_1/behav/xsim'
INFO: [SIM-utils-51] Simulation object is 'sim_1'
INFO: [USF-XSim-3] XSim::Elaborate design
INFO: [USF-XSim-61] Executing 'ELABORATE' step in 'C:/Hung/Viettel/Stage2/ML-KEM/mul_poly/mul_matrix/mul_matrix.sim/sim_1/behav/xsim'
"xelab --incr --debug typical --relax --mt 2 -L xil_defaultlib -L unisims_ver -L unimacro_ver -L secureip --snapshot tb_mul_poly_matrix_behav xil_defaultlib.tb_mul_poly_matrix xil_defaultlib.glbl -log elaborate.log"
Vivado Simulator v2022.2.2
Copyright 1986-1999, 2001-2022 Xilinx, Inc. All Rights Reserved.
Running: C:/Xilinx/Vivado/2022.2/bin/unwrapped/win64.o/xelab.exe --incr --debug typical --relax --mt 2 -L xil_defaultlib -L unisims_ver -L unimacro_ver -L secureip --snapshot tb_mul_poly_matrix_behav xil_defaultlib.tb_mul_poly_matrix xil_defaultlib.glbl -log elaborate.log 
Using 2 slave threads.
Starting static elaboration
Pass Through NonSizing Optimizer
Completed static elaboration
INFO: [XSIM 43-4323] No Change in HDL. Linking previously generated obj files to create kernel
INFO: [USF-XSim-69] 'elaborate' step finished in '1' seconds
Time resolution is 1 ps
               a: 000 000 000 000 000 000 000 000 000 000 000 000 000 000 000 000
               b: 000 000 000 000 000 000 000 000 000 000 000 000 000 000 000 000
             res: 000 000 000 000 000 000 000 000 000 000 000 000 000 000 000 000
expect r12..r15 = {b65, 967, c71, 6a7}
got    r12..r15 = {000, 000, 000, 000}
FAIL
$finish called at time : 262500 ps : File "C:/Hung/Viettel/Stage2/ML-KEM/mul_poly/tb_mul_poly_matrix.v" Line 116
save_wave_config {C:/Hung/Viettel/Stage2/ML-KEM/mul_poly/mul_matrix/tb_mul_12bit_behav.wcfg}
relaunch_sim
Command: launch_simulation -step compile -simset sim_1 -mode behavioral
INFO: [Vivado 12-12493] Simulation top is 'tb_mul_poly_matrix'
WARNING: [Vivado 12-13340] Unable to auto find GCC executables from simulator install path! (path not set)
WARNING: [Vivado 12-13277] Compiled library path does not exist: ''
INFO: [Vivado 12-5682] Launching behavioral simulation in 'C:/Hung/Viettel/Stage2/ML-KEM/mul_poly/mul_matrix/mul_matrix.sim/sim_1/behav/xsim'
INFO: [SIM-utils-51] Simulation object is 'sim_1'
INFO: [USF-XSim-2] XSim::Compile design
INFO: [USF-XSim-61] Executing 'COMPILE and ANALYZE' step in 'C:/Hung/Viettel/Stage2/ML-KEM/mul_poly/mul_matrix/mul_matrix.sim/sim_1/behav/xsim'
"xvlog --incr --relax -prj tb_mul_poly_matrix_vlog.prj"
INFO: [VRFC 10-2263] Analyzing Verilog file "C:/Hung/Viettel/Stage2/ML-KEM/mul_poly/BoothDecode.v" into library xil_defaultlib
INFO: [VRFC 10-311] analyzing module BoothDecode
INFO: [VRFC 10-2263] Analyzing Verilog file "C:/Hung/Viettel/Stage2/ML-KEM/mul_poly/Rom_mul.v" into library xil_defaultlib
INFO: [VRFC 10-311] analyzing module Rom_mul
INFO: [VRFC 10-2263] Analyzing Verilog file "C:/Hung/Viettel/Stage2/ML-KEM/mul_poly/add_cell.v" into library xil_defaultlib
INFO: [VRFC 10-311] analyzing module add_cell
INFO: [VRFC 10-2263] Analyzing Verilog file "C:/Hung/Viettel/Stage2/ML-KEM/NTT/barret.v" into library xil_defaultlib
INFO: [VRFC 10-311] analyzing module barret
INFO: [VRFC 10-2263] Analyzing Verilog file "C:/Hung/Viettel/Stage2/ML-KEM/mul_poly/csa.v" into library xil_defaultlib
INFO: [VRFC 10-311] analyzing module csa
INFO: [VRFC 10-311] analyzing module fulladder
INFO: [VRFC 10-2263] Analyzing Verilog file "C:/Hung/Viettel/Stage2/ML-KEM/mul_poly/mul_12bit.v" into library xil_defaultlib
INFO: [VRFC 10-311] analyzing module mul_12bit
INFO: [VRFC 10-2263] Analyzing Verilog file "C:/Hung/Viettel/Stage2/ML-KEM/mul_poly/mul_cell.v" into library xil_defaultlib
INFO: [VRFC 10-311] analyzing module mul_cel
INFO: [VRFC 10-2263] Analyzing Verilog file "C:/Hung/Viettel/Stage2/ML-KEM/mul_poly/mul_poly.v" into library xil_defaultlib
INFO: [VRFC 10-311] analyzing module mul_poly
INFO: [VRFC 10-2263] Analyzing Verilog file "C:/Hung/Viettel/Stage2/ML-KEM/mul_poly/mul_poly_matrix.v" into library xil_defaultlib
INFO: [VRFC 10-311] analyzing module mul_poly_matrix
INFO: [VRFC 10-2263] Analyzing Verilog file "C:/Hung/Viettel/Stage2/ML-KEM/mul_poly/tb_mul_poly_matrix.v" into library xil_defaultlib
INFO: [VRFC 10-311] analyzing module tb_mul_poly_matrix
INFO: [USF-XSim-69] 'compile' step finished in '2' seconds
Command: launch_simulation -step elaborate -simset sim_1 -mode behavioral
INFO: [Vivado 12-12493] Simulation top is 'tb_mul_poly_matrix'
WARNING: [Vivado 12-13340] Unable to auto find GCC executables from simulator install path! (path not set)
WARNING: [Vivado 12-13277] Compiled library path does not exist: ''
INFO: [Vivado 12-5682] Launching behavioral simulation in 'C:/Hung/Viettel/Stage2/ML-KEM/mul_poly/mul_matrix/mul_matrix.sim/sim_1/behav/xsim'
INFO: [SIM-utils-51] Simulation object is 'sim_1'
INFO: [USF-XSim-3] XSim::Elaborate design
INFO: [USF-XSim-61] Executing 'ELABORATE' step in 'C:/Hung/Viettel/Stage2/ML-KEM/mul_poly/mul_matrix/mul_matrix.sim/sim_1/behav/xsim'
"xelab --incr --debug typical --relax --mt 2 -L xil_defaultlib -L unisims_ver -L unimacro_ver -L secureip --snapshot tb_mul_poly_matrix_behav xil_defaultlib.tb_mul_poly_matrix xil_defaultlib.glbl -log elaborate.log"
Vivado Simulator v2022.2.2
Copyright 1986-1999, 2001-2022 Xilinx, Inc. All Rights Reserved.
Running: C:/Xilinx/Vivado/2022.2/bin/unwrapped/win64.o/xelab.exe --incr --debug typical --relax --mt 2 -L xil_defaultlib -L unisims_ver -L unimacro_ver -L secureip --snapshot tb_mul_poly_matrix_behav xil_defaultlib.tb_mul_poly_matrix xil_defaultlib.glbl -log elaborate.log 
Using 2 slave threads.
Starting static elaboration
Pass Through NonSizing Optimizer
Completed static elaboration
Starting simulation data flow analysis
Completed simulation data flow analysis
Time Resolution for simulation is 1ps
Compiling module xil_defaultlib.add_cell_default
Compiling module xil_defaultlib.barret
Compiling module xil_defaultlib.Rom_mul
Compiling module xil_defaultlib.fulladder
Compiling module xil_defaultlib.csa(WIDTH=26)
Compiling module xil_defaultlib.BoothDecode
Compiling module xil_defaultlib.mul_12bit
Compiling module xil_defaultlib.mul_poly
Compiling module xil_defaultlib.mul_poly_matrix
Compiling module xil_defaultlib.mul_cel_default
Compiling module xil_defaultlib.tb_mul_poly_matrix
Compiling module xil_defaultlib.glbl
Built simulation snapshot tb_mul_poly_matrix_behav
INFO: [USF-XSim-69] 'elaborate' step finished in '2' seconds
Time resolution is 1 ps
               a: 000 000 000 000 000 000 000 000 000 000 000 000 000 000 000 000
               b: 000 000 000 000 000 000 000 000 000 000 000 000 000 000 000 000
             res: 000 000 000 000 000 000 000 000 000 000 000 000 000 000 000 000
expect r12..r15 = {b65, 967, c71, 6a7}
got    r12..r15 = {000, 000, 000, 000}
FAIL
$finish called at time : 252500 ps : File "C:/Hung/Viettel/Stage2/ML-KEM/mul_poly/tb_mul_poly_matrix.v" Line 116
relaunch_sim: Time (s): cpu = 00:00:00 ; elapsed = 00:00:07 . Memory (MB): peak = 2087.770 ; gain = 0.000
current_wave_config {tb_mul_12bit_behav.wcfg}
C:/Hung/Viettel/Stage2/ML-KEM/mul_poly/mul_matrix/tb_mul_12bit_behav.wcfg
add_wave {{/tb_mul_poly_matrix/dut/add_tmp}} {{/tb_mul_poly_matrix/dut/tmp}} 
relaunch_sim
Command: launch_simulation -step compile -simset sim_1 -mode behavioral
INFO: [Vivado 12-12493] Simulation top is 'tb_mul_poly_matrix'
WARNING: [Vivado 12-13340] Unable to auto find GCC executables from simulator install path! (path not set)
WARNING: [Vivado 12-13277] Compiled library path does not exist: ''
INFO: [Vivado 12-5682] Launching behavioral simulation in 'C:/Hung/Viettel/Stage2/ML-KEM/mul_poly/mul_matrix/mul_matrix.sim/sim_1/behav/xsim'
INFO: [SIM-utils-51] Simulation object is 'sim_1'
INFO: [USF-XSim-2] XSim::Compile design
INFO: [USF-XSim-61] Executing 'COMPILE and ANALYZE' step in 'C:/Hung/Viettel/Stage2/ML-KEM/mul_poly/mul_matrix/mul_matrix.sim/sim_1/behav/xsim'
"xvlog --incr --relax -prj tb_mul_poly_matrix_vlog.prj"
INFO: [VRFC 10-2263] Analyzing Verilog file "C:/Hung/Viettel/Stage2/ML-KEM/mul_poly/BoothDecode.v" into library xil_defaultlib
INFO: [VRFC 10-311] analyzing module BoothDecode
INFO: [VRFC 10-2263] Analyzing Verilog file "C:/Hung/Viettel/Stage2/ML-KEM/mul_poly/Rom_mul.v" into library xil_defaultlib
INFO: [VRFC 10-311] analyzing module Rom_mul
INFO: [VRFC 10-2263] Analyzing Verilog file "C:/Hung/Viettel/Stage2/ML-KEM/mul_poly/add_cell.v" into library xil_defaultlib
INFO: [VRFC 10-311] analyzing module add_cell
INFO: [VRFC 10-2263] Analyzing Verilog file "C:/Hung/Viettel/Stage2/ML-KEM/NTT/barret.v" into library xil_defaultlib
INFO: [VRFC 10-311] analyzing module barret
INFO: [VRFC 10-2263] Analyzing Verilog file "C:/Hung/Viettel/Stage2/ML-KEM/mul_poly/csa.v" into library xil_defaultlib
INFO: [VRFC 10-311] analyzing module csa
INFO: [VRFC 10-311] analyzing module fulladder
INFO: [VRFC 10-2263] Analyzing Verilog file "C:/Hung/Viettel/Stage2/ML-KEM/mul_poly/mul_12bit.v" into library xil_defaultlib
INFO: [VRFC 10-311] analyzing module mul_12bit
INFO: [VRFC 10-2263] Analyzing Verilog file "C:/Hung/Viettel/Stage2/ML-KEM/mul_poly/mul_cell.v" into library xil_defaultlib
INFO: [VRFC 10-311] analyzing module mul_cel
INFO: [VRFC 10-2263] Analyzing Verilog file "C:/Hung/Viettel/Stage2/ML-KEM/mul_poly/mul_poly.v" into library xil_defaultlib
INFO: [VRFC 10-311] analyzing module mul_poly
INFO: [VRFC 10-2263] Analyzing Verilog file "C:/Hung/Viettel/Stage2/ML-KEM/mul_poly/mul_poly_matrix.v" into library xil_defaultlib
INFO: [VRFC 10-311] analyzing module mul_poly_matrix
INFO: [VRFC 10-2263] Analyzing Verilog file "C:/Hung/Viettel/Stage2/ML-KEM/mul_poly/tb_mul_poly_matrix.v" into library xil_defaultlib
INFO: [VRFC 10-311] analyzing module tb_mul_poly_matrix
INFO: [USF-XSim-69] 'compile' step finished in '2' seconds
Command: launch_simulation -step elaborate -simset sim_1 -mode behavioral
INFO: [Vivado 12-12493] Simulation top is 'tb_mul_poly_matrix'
WARNING: [Vivado 12-13340] Unable to auto find GCC executables from simulator install path! (path not set)
WARNING: [Vivado 12-13277] Compiled library path does not exist: ''
INFO: [Vivado 12-5682] Launching behavioral simulation in 'C:/Hung/Viettel/Stage2/ML-KEM/mul_poly/mul_matrix/mul_matrix.sim/sim_1/behav/xsim'
INFO: [SIM-utils-51] Simulation object is 'sim_1'
INFO: [USF-XSim-3] XSim::Elaborate design
INFO: [USF-XSim-61] Executing 'ELABORATE' step in 'C:/Hung/Viettel/Stage2/ML-KEM/mul_poly/mul_matrix/mul_matrix.sim/sim_1/behav/xsim'
"xelab --incr --debug typical --relax --mt 2 -L xil_defaultlib -L unisims_ver -L unimacro_ver -L secureip --snapshot tb_mul_poly_matrix_behav xil_defaultlib.tb_mul_poly_matrix xil_defaultlib.glbl -log elaborate.log"
Vivado Simulator v2022.2.2
Copyright 1986-1999, 2001-2022 Xilinx, Inc. All Rights Reserved.
Running: C:/Xilinx/Vivado/2022.2/bin/unwrapped/win64.o/xelab.exe --incr --debug typical --relax --mt 2 -L xil_defaultlib -L unisims_ver -L unimacro_ver -L secureip --snapshot tb_mul_poly_matrix_behav xil_defaultlib.tb_mul_poly_matrix xil_defaultlib.glbl -log elaborate.log 
Using 2 slave threads.
Starting static elaboration
Pass Through NonSizing Optimizer
Completed static elaboration
Starting simulation data flow analysis
Completed simulation data flow analysis
Time Resolution for simulation is 1ps
Compiling module xil_defaultlib.add_cell_default
Compiling module xil_defaultlib.barret
Compiling module xil_defaultlib.Rom_mul
Compiling module xil_defaultlib.fulladder
Compiling module xil_defaultlib.csa(WIDTH=26)
Compiling module xil_defaultlib.BoothDecode
Compiling module xil_defaultlib.mul_12bit
Compiling module xil_defaultlib.mul_poly
Compiling module xil_defaultlib.mul_poly_matrix
Compiling module xil_defaultlib.mul_cel_default
Compiling module xil_defaultlib.tb_mul_poly_matrix
Compiling module xil_defaultlib.glbl
Built simulation snapshot tb_mul_poly_matrix_behav
INFO: [USF-XSim-69] 'elaborate' step finished in '2' seconds
Time resolution is 1 ps
               a: 000 000 000 000 000 000 000 000 000 000 000 000 000 000 000 000
               b: 000 000 000 000 000 000 000 000 000 000 000 000 000 000 000 000
             res: 000 000 000 000 000 000 000 000 000 000 000 000 000 000 000 000
expect r12..r15 = {b65, 967, c71, 6a7}
got    r12..r15 = {000, 000, 000, 000}
FAIL
$finish called at time : 252500 ps : File "C:/Hung/Viettel/Stage2/ML-KEM/mul_poly/tb_mul_poly_matrix.v" Line 116
relaunch_sim: Time (s): cpu = 00:00:01 ; elapsed = 00:00:06 . Memory (MB): peak = 2087.770 ; gain = 0.000
save_wave_config {C:/Hung/Viettel/Stage2/ML-KEM/mul_poly/mul_matrix/tb_mul_12bit_behav.wcfg}
current_wave_config {tb_mul_12bit_behav.wcfg}
C:/Hung/Viettel/Stage2/ML-KEM/mul_poly/mul_matrix/tb_mul_12bit_behav.wcfg
add_wave {{/tb_mul_poly_matrix/dut/tmp_res}} 
relaunch_sim
Command: launch_simulation -step compile -simset sim_1 -mode behavioral
INFO: [Vivado 12-12493] Simulation top is 'tb_mul_poly_matrix'
WARNING: [Vivado 12-13340] Unable to auto find GCC executables from simulator install path! (path not set)
WARNING: [Vivado 12-13277] Compiled library path does not exist: ''
INFO: [Vivado 12-5682] Launching behavioral simulation in 'C:/Hung/Viettel/Stage2/ML-KEM/mul_poly/mul_matrix/mul_matrix.sim/sim_1/behav/xsim'
INFO: [SIM-utils-51] Simulation object is 'sim_1'
INFO: [USF-XSim-2] XSim::Compile design
INFO: [USF-XSim-61] Executing 'COMPILE and ANALYZE' step in 'C:/Hung/Viettel/Stage2/ML-KEM/mul_poly/mul_matrix/mul_matrix.sim/sim_1/behav/xsim'
"xvlog --incr --relax -prj tb_mul_poly_matrix_vlog.prj"
INFO: [USF-XSim-69] 'compile' step finished in '1' seconds
Command: launch_simulation -step elaborate -simset sim_1 -mode behavioral
INFO: [Vivado 12-12493] Simulation top is 'tb_mul_poly_matrix'
WARNING: [Vivado 12-13340] Unable to auto find GCC executables from simulator install path! (path not set)
WARNING: [Vivado 12-13277] Compiled library path does not exist: ''
INFO: [Vivado 12-5682] Launching behavioral simulation in 'C:/Hung/Viettel/Stage2/ML-KEM/mul_poly/mul_matrix/mul_matrix.sim/sim_1/behav/xsim'
INFO: [SIM-utils-51] Simulation object is 'sim_1'
INFO: [USF-XSim-3] XSim::Elaborate design
INFO: [USF-XSim-61] Executing 'ELABORATE' step in 'C:/Hung/Viettel/Stage2/ML-KEM/mul_poly/mul_matrix/mul_matrix.sim/sim_1/behav/xsim'
"xelab --incr --debug typical --relax --mt 2 -L xil_defaultlib -L unisims_ver -L unimacro_ver -L secureip --snapshot tb_mul_poly_matrix_behav xil_defaultlib.tb_mul_poly_matrix xil_defaultlib.glbl -log elaborate.log"
Vivado Simulator v2022.2.2
Copyright 1986-1999, 2001-2022 Xilinx, Inc. All Rights Reserved.
Running: C:/Xilinx/Vivado/2022.2/bin/unwrapped/win64.o/xelab.exe --incr --debug typical --relax --mt 2 -L xil_defaultlib -L unisims_ver -L unimacro_ver -L secureip --snapshot tb_mul_poly_matrix_behav xil_defaultlib.tb_mul_poly_matrix xil_defaultlib.glbl -log elaborate.log 
Using 2 slave threads.
Starting static elaboration
Pass Through NonSizing Optimizer
Completed static elaboration
INFO: [XSIM 43-4323] No Change in HDL. Linking previously generated obj files to create kernel
INFO: [USF-XSim-69] 'elaborate' step finished in '2' seconds
Time resolution is 1 ps
               a: 000 000 000 000 000 000 000 000 000 000 000 000 000 000 000 000
               b: 000 000 000 000 000 000 000 000 000 000 000 000 000 000 000 000
             res: 000 000 000 000 000 000 000 000 000 000 000 000 000 000 000 000
expect r12..r15 = {b65, 967, c71, 6a7}
got    r12..r15 = {000, 000, 000, 000}
FAIL
$finish called at time : 252500 ps : File "C:/Hung/Viettel/Stage2/ML-KEM/mul_poly/tb_mul_poly_matrix.v" Line 116
save_wave_config {C:/Hung/Viettel/Stage2/ML-KEM/mul_poly/mul_matrix/tb_mul_12bit_behav.wcfg}
relaunch_sim
Command: launch_simulation -step compile -simset sim_1 -mode behavioral
INFO: [Vivado 12-12493] Simulation top is 'tb_mul_poly_matrix'
WARNING: [Vivado 12-13340] Unable to auto find GCC executables from simulator install path! (path not set)
WARNING: [Vivado 12-13277] Compiled library path does not exist: ''
INFO: [Vivado 12-5682] Launching behavioral simulation in 'C:/Hung/Viettel/Stage2/ML-KEM/mul_poly/mul_matrix/mul_matrix.sim/sim_1/behav/xsim'
INFO: [SIM-utils-51] Simulation object is 'sim_1'
INFO: [USF-XSim-2] XSim::Compile design
INFO: [USF-XSim-61] Executing 'COMPILE and ANALYZE' step in 'C:/Hung/Viettel/Stage2/ML-KEM/mul_poly/mul_matrix/mul_matrix.sim/sim_1/behav/xsim'
"xvlog --incr --relax -prj tb_mul_poly_matrix_vlog.prj"
INFO: [VRFC 10-2263] Analyzing Verilog file "C:/Hung/Viettel/Stage2/ML-KEM/mul_poly/BoothDecode.v" into library xil_defaultlib
INFO: [VRFC 10-311] analyzing module BoothDecode
INFO: [VRFC 10-2263] Analyzing Verilog file "C:/Hung/Viettel/Stage2/ML-KEM/mul_poly/Rom_mul.v" into library xil_defaultlib
INFO: [VRFC 10-311] analyzing module Rom_mul
INFO: [VRFC 10-2263] Analyzing Verilog file "C:/Hung/Viettel/Stage2/ML-KEM/mul_poly/add_cell.v" into library xil_defaultlib
INFO: [VRFC 10-311] analyzing module add_cell
INFO: [VRFC 10-2263] Analyzing Verilog file "C:/Hung/Viettel/Stage2/ML-KEM/NTT/barret.v" into library xil_defaultlib
INFO: [VRFC 10-311] analyzing module barret
INFO: [VRFC 10-2263] Analyzing Verilog file "C:/Hung/Viettel/Stage2/ML-KEM/mul_poly/csa.v" into library xil_defaultlib
INFO: [VRFC 10-311] analyzing module csa
INFO: [VRFC 10-311] analyzing module fulladder
INFO: [VRFC 10-2263] Analyzing Verilog file "C:/Hung/Viettel/Stage2/ML-KEM/mul_poly/mul_12bit.v" into library xil_defaultlib
INFO: [VRFC 10-311] analyzing module mul_12bit
INFO: [VRFC 10-2263] Analyzing Verilog file "C:/Hung/Viettel/Stage2/ML-KEM/mul_poly/mul_cell.v" into library xil_defaultlib
INFO: [VRFC 10-311] analyzing module mul_cel
INFO: [VRFC 10-2263] Analyzing Verilog file "C:/Hung/Viettel/Stage2/ML-KEM/mul_poly/mul_poly.v" into library xil_defaultlib
INFO: [VRFC 10-311] analyzing module mul_poly
INFO: [VRFC 10-2263] Analyzing Verilog file "C:/Hung/Viettel/Stage2/ML-KEM/mul_poly/mul_poly_matrix.v" into library xil_defaultlib
INFO: [VRFC 10-311] analyzing module mul_poly_matrix
INFO: [VRFC 10-2263] Analyzing Verilog file "C:/Hung/Viettel/Stage2/ML-KEM/mul_poly/tb_mul_poly_matrix.v" into library xil_defaultlib
INFO: [VRFC 10-311] analyzing module tb_mul_poly_matrix
INFO: [USF-XSim-69] 'compile' step finished in '1' seconds
Command: launch_simulation -step elaborate -simset sim_1 -mode behavioral
INFO: [Vivado 12-12493] Simulation top is 'tb_mul_poly_matrix'
WARNING: [Vivado 12-13340] Unable to auto find GCC executables from simulator install path! (path not set)
WARNING: [Vivado 12-13277] Compiled library path does not exist: ''
INFO: [Vivado 12-5682] Launching behavioral simulation in 'C:/Hung/Viettel/Stage2/ML-KEM/mul_poly/mul_matrix/mul_matrix.sim/sim_1/behav/xsim'
INFO: [SIM-utils-51] Simulation object is 'sim_1'
INFO: [USF-XSim-3] XSim::Elaborate design
INFO: [USF-XSim-61] Executing 'ELABORATE' step in 'C:/Hung/Viettel/Stage2/ML-KEM/mul_poly/mul_matrix/mul_matrix.sim/sim_1/behav/xsim'
"xelab --incr --debug typical --relax --mt 2 -L xil_defaultlib -L unisims_ver -L unimacro_ver -L secureip --snapshot tb_mul_poly_matrix_behav xil_defaultlib.tb_mul_poly_matrix xil_defaultlib.glbl -log elaborate.log"
Vivado Simulator v2022.2.2
Copyright 1986-1999, 2001-2022 Xilinx, Inc. All Rights Reserved.
Running: C:/Xilinx/Vivado/2022.2/bin/unwrapped/win64.o/xelab.exe --incr --debug typical --relax --mt 2 -L xil_defaultlib -L unisims_ver -L unimacro_ver -L secureip --snapshot tb_mul_poly_matrix_behav xil_defaultlib.tb_mul_poly_matrix xil_defaultlib.glbl -log elaborate.log 
Using 2 slave threads.
Starting static elaboration
Pass Through NonSizing Optimizer
Completed static elaboration
Starting simulation data flow analysis
Completed simulation data flow analysis
Time Resolution for simulation is 1ps
Compiling module xil_defaultlib.add_cell_default
Compiling module xil_defaultlib.barret
Compiling module xil_defaultlib.Rom_mul
Compiling module xil_defaultlib.fulladder
Compiling module xil_defaultlib.csa(WIDTH=26)
Compiling module xil_defaultlib.BoothDecode
Compiling module xil_defaultlib.mul_12bit
Compiling module xil_defaultlib.mul_poly
Compiling module xil_defaultlib.mul_poly_matrix
Compiling module xil_defaultlib.mul_cel_default
Compiling module xil_defaultlib.tb_mul_poly_matrix
Compiling module xil_defaultlib.glbl
Built simulation snapshot tb_mul_poly_matrix_behav
INFO: [USF-XSim-69] 'elaborate' step finished in '2' seconds
Time resolution is 1 ps
               a: 000 000 000 000 000 000 000 000 000 000 000 000 000 000 000 000
               b: 000 000 000 000 000 000 000 000 000 000 000 000 000 000 000 000
             res: 000 000 000 000 000 000 000 000 000 000 000 000 000 000 000 000
expect r12..r15 = {b65, 967, c71, 6a7}
got    r12..r15 = {000, 000, 000, 000}
FAIL
$finish called at time : 252500 ps : File "C:/Hung/Viettel/Stage2/ML-KEM/mul_poly/tb_mul_poly_matrix.v" Line 116
relaunch_sim: Time (s): cpu = 00:00:01 ; elapsed = 00:00:06 . Memory (MB): peak = 2087.770 ; gain = 0.000
relaunch_sim
Command: launch_simulation -step compile -simset sim_1 -mode behavioral
INFO: [Vivado 12-12493] Simulation top is 'tb_mul_poly_matrix'
WARNING: [Vivado 12-13340] Unable to auto find GCC executables from simulator install path! (path not set)
WARNING: [Vivado 12-13277] Compiled library path does not exist: ''
INFO: [Vivado 12-5682] Launching behavioral simulation in 'C:/Hung/Viettel/Stage2/ML-KEM/mul_poly/mul_matrix/mul_matrix.sim/sim_1/behav/xsim'
INFO: [SIM-utils-51] Simulation object is 'sim_1'
INFO: [USF-XSim-2] XSim::Compile design
INFO: [USF-XSim-61] Executing 'COMPILE and ANALYZE' step in 'C:/Hung/Viettel/Stage2/ML-KEM/mul_poly/mul_matrix/mul_matrix.sim/sim_1/behav/xsim'
"xvlog --incr --relax -prj tb_mul_poly_matrix_vlog.prj"
INFO: [VRFC 10-2263] Analyzing Verilog file "C:/Hung/Viettel/Stage2/ML-KEM/mul_poly/BoothDecode.v" into library xil_defaultlib
INFO: [VRFC 10-311] analyzing module BoothDecode
INFO: [VRFC 10-2263] Analyzing Verilog file "C:/Hung/Viettel/Stage2/ML-KEM/mul_poly/Rom_mul.v" into library xil_defaultlib
INFO: [VRFC 10-311] analyzing module Rom_mul
INFO: [VRFC 10-2263] Analyzing Verilog file "C:/Hung/Viettel/Stage2/ML-KEM/mul_poly/add_cell.v" into library xil_defaultlib
INFO: [VRFC 10-311] analyzing module add_cell
INFO: [VRFC 10-2263] Analyzing Verilog file "C:/Hung/Viettel/Stage2/ML-KEM/NTT/barret.v" into library xil_defaultlib
INFO: [VRFC 10-311] analyzing module barret
INFO: [VRFC 10-2263] Analyzing Verilog file "C:/Hung/Viettel/Stage2/ML-KEM/mul_poly/csa.v" into library xil_defaultlib
INFO: [VRFC 10-311] analyzing module csa
INFO: [VRFC 10-311] analyzing module fulladder
INFO: [VRFC 10-2263] Analyzing Verilog file "C:/Hung/Viettel/Stage2/ML-KEM/mul_poly/mul_12bit.v" into library xil_defaultlib
INFO: [VRFC 10-311] analyzing module mul_12bit
INFO: [VRFC 10-2263] Analyzing Verilog file "C:/Hung/Viettel/Stage2/ML-KEM/mul_poly/mul_cell.v" into library xil_defaultlib
INFO: [VRFC 10-311] analyzing module mul_cel
INFO: [VRFC 10-2263] Analyzing Verilog file "C:/Hung/Viettel/Stage2/ML-KEM/mul_poly/mul_poly.v" into library xil_defaultlib
INFO: [VRFC 10-311] analyzing module mul_poly
INFO: [VRFC 10-2263] Analyzing Verilog file "C:/Hung/Viettel/Stage2/ML-KEM/mul_poly/mul_poly_matrix.v" into library xil_defaultlib
INFO: [VRFC 10-311] analyzing module mul_poly_matrix
INFO: [VRFC 10-2263] Analyzing Verilog file "C:/Hung/Viettel/Stage2/ML-KEM/mul_poly/tb_mul_poly_matrix.v" into library xil_defaultlib
INFO: [VRFC 10-311] analyzing module tb_mul_poly_matrix
INFO: [USF-XSim-69] 'compile' step finished in '1' seconds
Command: launch_simulation -step elaborate -simset sim_1 -mode behavioral
INFO: [Vivado 12-12493] Simulation top is 'tb_mul_poly_matrix'
WARNING: [Vivado 12-13340] Unable to auto find GCC executables from simulator install path! (path not set)
WARNING: [Vivado 12-13277] Compiled library path does not exist: ''
INFO: [Vivado 12-5682] Launching behavioral simulation in 'C:/Hung/Viettel/Stage2/ML-KEM/mul_poly/mul_matrix/mul_matrix.sim/sim_1/behav/xsim'
INFO: [SIM-utils-51] Simulation object is 'sim_1'
INFO: [USF-XSim-3] XSim::Elaborate design
INFO: [USF-XSim-61] Executing 'ELABORATE' step in 'C:/Hung/Viettel/Stage2/ML-KEM/mul_poly/mul_matrix/mul_matrix.sim/sim_1/behav/xsim'
"xelab --incr --debug typical --relax --mt 2 -L xil_defaultlib -L unisims_ver -L unimacro_ver -L secureip --snapshot tb_mul_poly_matrix_behav xil_defaultlib.tb_mul_poly_matrix xil_defaultlib.glbl -log elaborate.log"
Vivado Simulator v2022.2.2
Copyright 1986-1999, 2001-2022 Xilinx, Inc. All Rights Reserved.
Running: C:/Xilinx/Vivado/2022.2/bin/unwrapped/win64.o/xelab.exe --incr --debug typical --relax --mt 2 -L xil_defaultlib -L unisims_ver -L unimacro_ver -L secureip --snapshot tb_mul_poly_matrix_behav xil_defaultlib.tb_mul_poly_matrix xil_defaultlib.glbl -log elaborate.log 
Using 2 slave threads.
Starting static elaboration
Pass Through NonSizing Optimizer
Completed static elaboration
Starting simulation data flow analysis
Completed simulation data flow analysis
Time Resolution for simulation is 1ps
Compiling module xil_defaultlib.add_cell_default
Compiling module xil_defaultlib.barret
Compiling module xil_defaultlib.Rom_mul
Compiling module xil_defaultlib.fulladder
Compiling module xil_defaultlib.csa(WIDTH=26)
Compiling module xil_defaultlib.BoothDecode
Compiling module xil_defaultlib.mul_12bit
Compiling module xil_defaultlib.mul_poly
Compiling module xil_defaultlib.mul_poly_matrix
Compiling module xil_defaultlib.mul_cel_default
Compiling module xil_defaultlib.tb_mul_poly_matrix
Compiling module xil_defaultlib.glbl
Built simulation snapshot tb_mul_poly_matrix_behav
INFO: [USF-XSim-69] 'elaborate' step finished in '3' seconds
Time resolution is 1 ps
               a: 000 000 000 000 000 000 000 000 000 000 000 000 000 000 000 000
               b: 000 000 000 000 000 000 000 000 000 000 000 000 000 000 000 000
             res: 000 000 000 000 000 000 000 000 000 000 000 000 000 000 000 000
expect r12..r15 = {b65, 967, c71, 6a7}
got    r12..r15 = {000, 000, 000, 000}
FAIL
$finish called at time : 252500 ps : File "C:/Hung/Viettel/Stage2/ML-KEM/mul_poly/tb_mul_poly_matrix.v" Line 116
relaunch_sim: Time (s): cpu = 00:00:01 ; elapsed = 00:00:06 . Memory (MB): peak = 2087.770 ; gain = 0.000
save_wave_config {C:/Hung/Viettel/Stage2/ML-KEM/mul_poly/mul_matrix/tb_mul_12bit_behav.wcfg}
relaunch_sim
Command: launch_simulation -step compile -simset sim_1 -mode behavioral
INFO: [Vivado 12-12493] Simulation top is 'tb_mul_poly_matrix'
WARNING: [Vivado 12-13340] Unable to auto find GCC executables from simulator install path! (path not set)
WARNING: [Vivado 12-13277] Compiled library path does not exist: ''
INFO: [Vivado 12-5682] Launching behavioral simulation in 'C:/Hung/Viettel/Stage2/ML-KEM/mul_poly/mul_matrix/mul_matrix.sim/sim_1/behav/xsim'
INFO: [SIM-utils-51] Simulation object is 'sim_1'
INFO: [USF-XSim-2] XSim::Compile design
INFO: [USF-XSim-61] Executing 'COMPILE and ANALYZE' step in 'C:/Hung/Viettel/Stage2/ML-KEM/mul_poly/mul_matrix/mul_matrix.sim/sim_1/behav/xsim'
"xvlog --incr --relax -prj tb_mul_poly_matrix_vlog.prj"
INFO: [VRFC 10-2263] Analyzing Verilog file "C:/Hung/Viettel/Stage2/ML-KEM/mul_poly/BoothDecode.v" into library xil_defaultlib
INFO: [VRFC 10-311] analyzing module BoothDecode
INFO: [VRFC 10-2263] Analyzing Verilog file "C:/Hung/Viettel/Stage2/ML-KEM/mul_poly/Rom_mul.v" into library xil_defaultlib
INFO: [VRFC 10-311] analyzing module Rom_mul
INFO: [VRFC 10-2263] Analyzing Verilog file "C:/Hung/Viettel/Stage2/ML-KEM/mul_poly/add_cell.v" into library xil_defaultlib
INFO: [VRFC 10-311] analyzing module add_cell
INFO: [VRFC 10-2263] Analyzing Verilog file "C:/Hung/Viettel/Stage2/ML-KEM/NTT/barret.v" into library xil_defaultlib
INFO: [VRFC 10-311] analyzing module barret
INFO: [VRFC 10-2263] Analyzing Verilog file "C:/Hung/Viettel/Stage2/ML-KEM/mul_poly/csa.v" into library xil_defaultlib
INFO: [VRFC 10-311] analyzing module csa
INFO: [VRFC 10-311] analyzing module fulladder
INFO: [VRFC 10-2263] Analyzing Verilog file "C:/Hung/Viettel/Stage2/ML-KEM/mul_poly/mul_12bit.v" into library xil_defaultlib
INFO: [VRFC 10-311] analyzing module mul_12bit
INFO: [VRFC 10-2263] Analyzing Verilog file "C:/Hung/Viettel/Stage2/ML-KEM/mul_poly/mul_cell.v" into library xil_defaultlib
INFO: [VRFC 10-311] analyzing module mul_cel
ERROR: [VRFC 10-4982] syntax error near 'genvar' [C:/Hung/Viettel/Stage2/ML-KEM/mul_poly/mul_cell.v:112]
ERROR: [VRFC 10-8549] Verilog 2000 keyword 'genvar' used in incorrect context [C:/Hung/Viettel/Stage2/ML-KEM/mul_poly/mul_cell.v:112]
ERROR: [VRFC 10-3365] generate loop index 'gj' is not defined as a genvar [C:/Hung/Viettel/Stage2/ML-KEM/mul_poly/mul_cell.v:114]
ERROR: [VRFC 10-3236] concurrent assignment to a non-net 'test_add_tmp' is not permitted [C:/Hung/Viettel/Stage2/ML-KEM/mul_poly/mul_cell.v:118]
ERROR: [VRFC 10-8530] module 'mul_cel' is ignored due to previous errors [C:/Hung/Viettel/Stage2/ML-KEM/mul_poly/mul_cell.v:2]
INFO: [USF-XSim-69] 'compile' step finished in '2' seconds
INFO: [USF-XSim-99] Step results log file:'C:/Hung/Viettel/Stage2/ML-KEM/mul_poly/mul_matrix/mul_matrix.sim/sim_1/behav/xsim/xvlog.log'
ERROR: [USF-XSim-62] 'compile' step failed with error(s). Please check the Tcl console output or 'C:/Hung/Viettel/Stage2/ML-KEM/mul_poly/mul_matrix/mul_matrix.sim/sim_1/behav/xsim/xvlog.log' file for more information.
ERROR: [Vivado 12-4473] Detected error while running simulation. Please correct the issue and retry this operation.
ERROR: [Common 17-39] 'launch_simulation' failed due to earlier errors.
ERROR: [Common 17-69] Command failed: ERROR: [Common 17-39] 'launch_simulation' failed due to earlier errors.

relaunch_sim
Command: launch_simulation -step compile -simset sim_1 -mode behavioral
INFO: [Vivado 12-12493] Simulation top is 'tb_mul_poly_matrix'
WARNING: [Vivado 12-13340] Unable to auto find GCC executables from simulator install path! (path not set)
WARNING: [Vivado 12-13277] Compiled library path does not exist: ''
INFO: [Vivado 12-5682] Launching behavioral simulation in 'C:/Hung/Viettel/Stage2/ML-KEM/mul_poly/mul_matrix/mul_matrix.sim/sim_1/behav/xsim'
INFO: [SIM-utils-51] Simulation object is 'sim_1'
INFO: [USF-XSim-2] XSim::Compile design
INFO: [USF-XSim-61] Executing 'COMPILE and ANALYZE' step in 'C:/Hung/Viettel/Stage2/ML-KEM/mul_poly/mul_matrix/mul_matrix.sim/sim_1/behav/xsim'
"xvlog --incr --relax -prj tb_mul_poly_matrix_vlog.prj"
INFO: [VRFC 10-2263] Analyzing Verilog file "C:/Hung/Viettel/Stage2/ML-KEM/mul_poly/BoothDecode.v" into library xil_defaultlib
INFO: [VRFC 10-311] analyzing module BoothDecode
INFO: [VRFC 10-2263] Analyzing Verilog file "C:/Hung/Viettel/Stage2/ML-KEM/mul_poly/Rom_mul.v" into library xil_defaultlib
INFO: [VRFC 10-311] analyzing module Rom_mul
INFO: [VRFC 10-2263] Analyzing Verilog file "C:/Hung/Viettel/Stage2/ML-KEM/mul_poly/add_cell.v" into library xil_defaultlib
INFO: [VRFC 10-311] analyzing module add_cell
INFO: [VRFC 10-2263] Analyzing Verilog file "C:/Hung/Viettel/Stage2/ML-KEM/NTT/barret.v" into library xil_defaultlib
INFO: [VRFC 10-311] analyzing module barret
INFO: [VRFC 10-2263] Analyzing Verilog file "C:/Hung/Viettel/Stage2/ML-KEM/mul_poly/csa.v" into library xil_defaultlib
INFO: [VRFC 10-311] analyzing module csa
INFO: [VRFC 10-311] analyzing module fulladder
INFO: [VRFC 10-2263] Analyzing Verilog file "C:/Hung/Viettel/Stage2/ML-KEM/mul_poly/mul_12bit.v" into library xil_defaultlib
INFO: [VRFC 10-311] analyzing module mul_12bit
INFO: [VRFC 10-2263] Analyzing Verilog file "C:/Hung/Viettel/Stage2/ML-KEM/mul_poly/mul_cell.v" into library xil_defaultlib
INFO: [VRFC 10-311] analyzing module mul_cel
INFO: [VRFC 10-2263] Analyzing Verilog file "C:/Hung/Viettel/Stage2/ML-KEM/mul_poly/mul_poly.v" into library xil_defaultlib
INFO: [VRFC 10-311] analyzing module mul_poly
INFO: [VRFC 10-2263] Analyzing Verilog file "C:/Hung/Viettel/Stage2/ML-KEM/mul_poly/mul_poly_matrix.v" into library xil_defaultlib
INFO: [VRFC 10-311] analyzing module mul_poly_matrix
INFO: [VRFC 10-2263] Analyzing Verilog file "C:/Hung/Viettel/Stage2/ML-KEM/mul_poly/tb_mul_poly_matrix.v" into library xil_defaultlib
INFO: [VRFC 10-311] analyzing module tb_mul_poly_matrix
INFO: [USF-XSim-69] 'compile' step finished in '1' seconds
Command: launch_simulation -step elaborate -simset sim_1 -mode behavioral
INFO: [Vivado 12-12493] Simulation top is 'tb_mul_poly_matrix'
WARNING: [Vivado 12-13340] Unable to auto find GCC executables from simulator install path! (path not set)
WARNING: [Vivado 12-13277] Compiled library path does not exist: ''
INFO: [Vivado 12-5682] Launching behavioral simulation in 'C:/Hung/Viettel/Stage2/ML-KEM/mul_poly/mul_matrix/mul_matrix.sim/sim_1/behav/xsim'
INFO: [SIM-utils-51] Simulation object is 'sim_1'
INFO: [USF-XSim-3] XSim::Elaborate design
INFO: [USF-XSim-61] Executing 'ELABORATE' step in 'C:/Hung/Viettel/Stage2/ML-KEM/mul_poly/mul_matrix/mul_matrix.sim/sim_1/behav/xsim'
"xelab --incr --debug typical --relax --mt 2 -L xil_defaultlib -L unisims_ver -L unimacro_ver -L secureip --snapshot tb_mul_poly_matrix_behav xil_defaultlib.tb_mul_poly_matrix xil_defaultlib.glbl -log elaborate.log"
Vivado Simulator v2022.2.2
Copyright 1986-1999, 2001-2022 Xilinx, Inc. All Rights Reserved.
Running: C:/Xilinx/Vivado/2022.2/bin/unwrapped/win64.o/xelab.exe --incr --debug typical --relax --mt 2 -L xil_defaultlib -L unisims_ver -L unimacro_ver -L secureip --snapshot tb_mul_poly_matrix_behav xil_defaultlib.tb_mul_poly_matrix xil_defaultlib.glbl -log elaborate.log 
Using 2 slave threads.
Starting static elaboration
Pass Through NonSizing Optimizer
Completed static elaboration
Starting simulation data flow analysis
Completed simulation data flow analysis
Time Resolution for simulation is 1ps
Compiling module xil_defaultlib.add_cell_default
Compiling module xil_defaultlib.barret
Compiling module xil_defaultlib.Rom_mul
Compiling module xil_defaultlib.fulladder
Compiling module xil_defaultlib.csa(WIDTH=26)
Compiling module xil_defaultlib.BoothDecode
Compiling module xil_defaultlib.mul_12bit
Compiling module xil_defaultlib.mul_poly
Compiling module xil_defaultlib.mul_poly_matrix
Compiling module xil_defaultlib.mul_cel_default
Compiling module xil_defaultlib.tb_mul_poly_matrix
Compiling module xil_defaultlib.glbl
Built simulation snapshot tb_mul_poly_matrix_behav
INFO: [USF-XSim-69] 'elaborate' step finished in '3' seconds
Time resolution is 1 ps
               a: 000 000 000 000 000 000 000 000 000 000 000 000 000 000 000 000
               b: 000 000 000 000 000 000 000 000 000 000 000 000 000 000 000 000
             res: 000 000 000 000 000 000 000 000 000 000 000 000 000 000 000 000
expect r12..r15 = {b65, 967, c71, 6a7}
got    r12..r15 = {000, 000, 000, 000}
FAIL
$finish called at time : 252500 ps : File "C:/Hung/Viettel/Stage2/ML-KEM/mul_poly/tb_mul_poly_matrix.v" Line 116
relaunch_sim: Time (s): cpu = 00:00:01 ; elapsed = 00:00:06 . Memory (MB): peak = 2087.770 ; gain = 0.000
current_wave_config {tb_mul_12bit_behav.wcfg}
C:/Hung/Viettel/Stage2/ML-KEM/mul_poly/mul_matrix/tb_mul_12bit_behav.wcfg
add_wave {{/tb_mul_poly_matrix/dut/test_add_tmp}} 
relaunch_sim
Command: launch_simulation -step compile -simset sim_1 -mode behavioral
INFO: [Vivado 12-12493] Simulation top is 'tb_mul_poly_matrix'
WARNING: [Vivado 12-13340] Unable to auto find GCC executables from simulator install path! (path not set)
WARNING: [Vivado 12-13277] Compiled library path does not exist: ''
INFO: [Vivado 12-5682] Launching behavioral simulation in 'C:/Hung/Viettel/Stage2/ML-KEM/mul_poly/mul_matrix/mul_matrix.sim/sim_1/behav/xsim'
INFO: [SIM-utils-51] Simulation object is 'sim_1'
INFO: [USF-XSim-2] XSim::Compile design
INFO: [USF-XSim-61] Executing 'COMPILE and ANALYZE' step in 'C:/Hung/Viettel/Stage2/ML-KEM/mul_poly/mul_matrix/mul_matrix.sim/sim_1/behav/xsim'
"xvlog --incr --relax -prj tb_mul_poly_matrix_vlog.prj"
INFO: [USF-XSim-69] 'compile' step finished in '2' seconds
Command: launch_simulation -step elaborate -simset sim_1 -mode behavioral
INFO: [Vivado 12-12493] Simulation top is 'tb_mul_poly_matrix'
WARNING: [Vivado 12-13340] Unable to auto find GCC executables from simulator install path! (path not set)
WARNING: [Vivado 12-13277] Compiled library path does not exist: ''
INFO: [Vivado 12-5682] Launching behavioral simulation in 'C:/Hung/Viettel/Stage2/ML-KEM/mul_poly/mul_matrix/mul_matrix.sim/sim_1/behav/xsim'
INFO: [SIM-utils-51] Simulation object is 'sim_1'
INFO: [USF-XSim-3] XSim::Elaborate design
INFO: [USF-XSim-61] Executing 'ELABORATE' step in 'C:/Hung/Viettel/Stage2/ML-KEM/mul_poly/mul_matrix/mul_matrix.sim/sim_1/behav/xsim'
"xelab --incr --debug typical --relax --mt 2 -L xil_defaultlib -L unisims_ver -L unimacro_ver -L secureip --snapshot tb_mul_poly_matrix_behav xil_defaultlib.tb_mul_poly_matrix xil_defaultlib.glbl -log elaborate.log"
Vivado Simulator v2022.2.2
Copyright 1986-1999, 2001-2022 Xilinx, Inc. All Rights Reserved.
Running: C:/Xilinx/Vivado/2022.2/bin/unwrapped/win64.o/xelab.exe --incr --debug typical --relax --mt 2 -L xil_defaultlib -L unisims_ver -L unimacro_ver -L secureip --snapshot tb_mul_poly_matrix_behav xil_defaultlib.tb_mul_poly_matrix xil_defaultlib.glbl -log elaborate.log 
Using 2 slave threads.
Starting static elaboration
Pass Through NonSizing Optimizer
Completed static elaboration
INFO: [XSIM 43-4323] No Change in HDL. Linking previously generated obj files to create kernel
INFO: [USF-XSim-69] 'elaborate' step finished in '1' seconds
Time resolution is 1 ps
               a: 000 000 000 000 000 000 000 000 000 000 000 000 000 000 000 000
               b: 000 000 000 000 000 000 000 000 000 000 000 000 000 000 000 000
             res: 000 000 000 000 000 000 000 000 000 000 000 000 000 000 000 000
expect r12..r15 = {b65, 967, c71, 6a7}
got    r12..r15 = {000, 000, 000, 000}
FAIL
$finish called at time : 252500 ps : File "C:/Hung/Viettel/Stage2/ML-KEM/mul_poly/tb_mul_poly_matrix.v" Line 116
save_wave_config {C:/Hung/Viettel/Stage2/ML-KEM/mul_poly/mul_matrix/tb_mul_12bit_behav.wcfg}
current_wave_config {tb_mul_12bit_behav.wcfg}
C:/Hung/Viettel/Stage2/ML-KEM/mul_poly/mul_matrix/tb_mul_12bit_behav.wcfg
add_wave {{/tb_mul_poly_matrix/k}} 
save_wave_config {C:/Hung/Viettel/Stage2/ML-KEM/mul_poly/mul_matrix/tb_mul_12bit_behav.wcfg}
relaunch_sim
Command: launch_simulation -step compile -simset sim_1 -mode behavioral
INFO: [Vivado 12-12493] Simulation top is 'tb_mul_poly_matrix'
WARNING: [Vivado 12-13340] Unable to auto find GCC executables from simulator install path! (path not set)
WARNING: [Vivado 12-13277] Compiled library path does not exist: ''
INFO: [Vivado 12-5682] Launching behavioral simulation in 'C:/Hung/Viettel/Stage2/ML-KEM/mul_poly/mul_matrix/mul_matrix.sim/sim_1/behav/xsim'
INFO: [SIM-utils-51] Simulation object is 'sim_1'
INFO: [USF-XSim-2] XSim::Compile design
INFO: [USF-XSim-61] Executing 'COMPILE and ANALYZE' step in 'C:/Hung/Viettel/Stage2/ML-KEM/mul_poly/mul_matrix/mul_matrix.sim/sim_1/behav/xsim'
"xvlog --incr --relax -prj tb_mul_poly_matrix_vlog.prj"
INFO: [USF-XSim-69] 'compile' step finished in '1' seconds
Command: launch_simulation -step elaborate -simset sim_1 -mode behavioral
INFO: [Vivado 12-12493] Simulation top is 'tb_mul_poly_matrix'
WARNING: [Vivado 12-13340] Unable to auto find GCC executables from simulator install path! (path not set)
WARNING: [Vivado 12-13277] Compiled library path does not exist: ''
INFO: [Vivado 12-5682] Launching behavioral simulation in 'C:/Hung/Viettel/Stage2/ML-KEM/mul_poly/mul_matrix/mul_matrix.sim/sim_1/behav/xsim'
INFO: [SIM-utils-51] Simulation object is 'sim_1'
INFO: [USF-XSim-3] XSim::Elaborate design
INFO: [USF-XSim-61] Executing 'ELABORATE' step in 'C:/Hung/Viettel/Stage2/ML-KEM/mul_poly/mul_matrix/mul_matrix.sim/sim_1/behav/xsim'
"xelab --incr --debug typical --relax --mt 2 -L xil_defaultlib -L unisims_ver -L unimacro_ver -L secureip --snapshot tb_mul_poly_matrix_behav xil_defaultlib.tb_mul_poly_matrix xil_defaultlib.glbl -log elaborate.log"
Vivado Simulator v2022.2.2
Copyright 1986-1999, 2001-2022 Xilinx, Inc. All Rights Reserved.
Running: C:/Xilinx/Vivado/2022.2/bin/unwrapped/win64.o/xelab.exe --incr --debug typical --relax --mt 2 -L xil_defaultlib -L unisims_ver -L unimacro_ver -L secureip --snapshot tb_mul_poly_matrix_behav xil_defaultlib.tb_mul_poly_matrix xil_defaultlib.glbl -log elaborate.log 
Using 2 slave threads.
Starting static elaboration
Pass Through NonSizing Optimizer
Completed static elaboration
INFO: [XSIM 43-4323] No Change in HDL. Linking previously generated obj files to create kernel
INFO: [USF-XSim-69] 'elaborate' step finished in '1' seconds
Time resolution is 1 ps
               a: 000 000 000 000 000 000 000 000 000 000 000 000 000 000 000 000
               b: 000 000 000 000 000 000 000 000 000 000 000 000 000 000 000 000
             res: 000 000 000 000 000 000 000 000 000 000 000 000 000 000 000 000
expect r12..r15 = {b65, 967, c71, 6a7}
got    r12..r15 = {000, 000, 000, 000}
FAIL
$finish called at time : 252500 ps : File "C:/Hung/Viettel/Stage2/ML-KEM/mul_poly/tb_mul_poly_matrix.v" Line 116
relaunch_sim
Command: launch_simulation -step compile -simset sim_1 -mode behavioral
INFO: [Vivado 12-12493] Simulation top is 'tb_mul_poly_matrix'
WARNING: [Vivado 12-13340] Unable to auto find GCC executables from simulator install path! (path not set)
WARNING: [Vivado 12-13277] Compiled library path does not exist: ''
INFO: [Vivado 12-5682] Launching behavioral simulation in 'C:/Hung/Viettel/Stage2/ML-KEM/mul_poly/mul_matrix/mul_matrix.sim/sim_1/behav/xsim'
INFO: [SIM-utils-51] Simulation object is 'sim_1'
INFO: [USF-XSim-2] XSim::Compile design
INFO: [USF-XSim-61] Executing 'COMPILE and ANALYZE' step in 'C:/Hung/Viettel/Stage2/ML-KEM/mul_poly/mul_matrix/mul_matrix.sim/sim_1/behav/xsim'
"xvlog --incr --relax -prj tb_mul_poly_matrix_vlog.prj"
INFO: [VRFC 10-2263] Analyzing Verilog file "C:/Hung/Viettel/Stage2/ML-KEM/mul_poly/BoothDecode.v" into library xil_defaultlib
INFO: [VRFC 10-311] analyzing module BoothDecode
INFO: [VRFC 10-2263] Analyzing Verilog file "C:/Hung/Viettel/Stage2/ML-KEM/mul_poly/Rom_mul.v" into library xil_defaultlib
INFO: [VRFC 10-311] analyzing module Rom_mul
INFO: [VRFC 10-2263] Analyzing Verilog file "C:/Hung/Viettel/Stage2/ML-KEM/mul_poly/add_cell.v" into library xil_defaultlib
INFO: [VRFC 10-311] analyzing module add_cell
INFO: [VRFC 10-2263] Analyzing Verilog file "C:/Hung/Viettel/Stage2/ML-KEM/NTT/barret.v" into library xil_defaultlib
INFO: [VRFC 10-311] analyzing module barret
INFO: [VRFC 10-2263] Analyzing Verilog file "C:/Hung/Viettel/Stage2/ML-KEM/mul_poly/csa.v" into library xil_defaultlib
INFO: [VRFC 10-311] analyzing module csa
INFO: [VRFC 10-311] analyzing module fulladder
INFO: [VRFC 10-2263] Analyzing Verilog file "C:/Hung/Viettel/Stage2/ML-KEM/mul_poly/mul_12bit.v" into library xil_defaultlib
INFO: [VRFC 10-311] analyzing module mul_12bit
INFO: [VRFC 10-2263] Analyzing Verilog file "C:/Hung/Viettel/Stage2/ML-KEM/mul_poly/mul_cell.v" into library xil_defaultlib
INFO: [VRFC 10-311] analyzing module mul_cel
INFO: [VRFC 10-2263] Analyzing Verilog file "C:/Hung/Viettel/Stage2/ML-KEM/mul_poly/mul_poly.v" into library xil_defaultlib
INFO: [VRFC 10-311] analyzing module mul_poly
INFO: [VRFC 10-2263] Analyzing Verilog file "C:/Hung/Viettel/Stage2/ML-KEM/mul_poly/mul_poly_matrix.v" into library xil_defaultlib
INFO: [VRFC 10-311] analyzing module mul_poly_matrix
INFO: [VRFC 10-2263] Analyzing Verilog file "C:/Hung/Viettel/Stage2/ML-KEM/mul_poly/tb_mul_poly_matrix.v" into library xil_defaultlib
INFO: [VRFC 10-311] analyzing module tb_mul_poly_matrix
INFO: [USF-XSim-69] 'compile' step finished in '1' seconds
Command: launch_simulation -step elaborate -simset sim_1 -mode behavioral
INFO: [Vivado 12-12493] Simulation top is 'tb_mul_poly_matrix'
WARNING: [Vivado 12-13340] Unable to auto find GCC executables from simulator install path! (path not set)
WARNING: [Vivado 12-13277] Compiled library path does not exist: ''
INFO: [Vivado 12-5682] Launching behavioral simulation in 'C:/Hung/Viettel/Stage2/ML-KEM/mul_poly/mul_matrix/mul_matrix.sim/sim_1/behav/xsim'
INFO: [SIM-utils-51] Simulation object is 'sim_1'
INFO: [USF-XSim-3] XSim::Elaborate design
INFO: [USF-XSim-61] Executing 'ELABORATE' step in 'C:/Hung/Viettel/Stage2/ML-KEM/mul_poly/mul_matrix/mul_matrix.sim/sim_1/behav/xsim'
"xelab --incr --debug typical --relax --mt 2 -L xil_defaultlib -L unisims_ver -L unimacro_ver -L secureip --snapshot tb_mul_poly_matrix_behav xil_defaultlib.tb_mul_poly_matrix xil_defaultlib.glbl -log elaborate.log"
Vivado Simulator v2022.2.2
Copyright 1986-1999, 2001-2022 Xilinx, Inc. All Rights Reserved.
Running: C:/Xilinx/Vivado/2022.2/bin/unwrapped/win64.o/xelab.exe --incr --debug typical --relax --mt 2 -L xil_defaultlib -L unisims_ver -L unimacro_ver -L secureip --snapshot tb_mul_poly_matrix_behav xil_defaultlib.tb_mul_poly_matrix xil_defaultlib.glbl -log elaborate.log 
Using 2 slave threads.
Starting static elaboration
Pass Through NonSizing Optimizer
Completed static elaboration
Starting simulation data flow analysis
Completed simulation data flow analysis
Time Resolution for simulation is 1ps
Compiling module xil_defaultlib.add_cell_default
Compiling module xil_defaultlib.barret
Compiling module xil_defaultlib.Rom_mul
Compiling module xil_defaultlib.fulladder
Compiling module xil_defaultlib.csa(WIDTH=26)
Compiling module xil_defaultlib.BoothDecode
Compiling module xil_defaultlib.mul_12bit
Compiling module xil_defaultlib.mul_poly
Compiling module xil_defaultlib.mul_poly_matrix
Compiling module xil_defaultlib.mul_cel_default
Compiling module xil_defaultlib.tb_mul_poly_matrix
Compiling module xil_defaultlib.glbl
Built simulation snapshot tb_mul_poly_matrix_behav
INFO: [USF-XSim-69] 'elaborate' step finished in '3' seconds
Time resolution is 1 ps
               a: 000 000 000 000 000 000 000 000 000 000 000 000 000 000 000 000
               b: 000 000 000 000 000 000 000 000 000 000 000 000 000 000 000 000
             res: 000 000 000 000 000 000 000 000 000 000 000 000 000 000 000 000
expect r12..r15 = {b65, 967, c71, 6a7}
got    r12..r15 = {000, 000, 000, 000}
FAIL
$finish called at time : 252500 ps : File "C:/Hung/Viettel/Stage2/ML-KEM/mul_poly/tb_mul_poly_matrix.v" Line 116
relaunch_sim: Time (s): cpu = 00:00:01 ; elapsed = 00:00:07 . Memory (MB): peak = 2087.770 ; gain = 0.000
relaunch_sim
Command: launch_simulation -step compile -simset sim_1 -mode behavioral
INFO: [Vivado 12-12493] Simulation top is 'tb_mul_poly_matrix'
WARNING: [Vivado 12-13340] Unable to auto find GCC executables from simulator install path! (path not set)
WARNING: [Vivado 12-13277] Compiled library path does not exist: ''
INFO: [Vivado 12-5682] Launching behavioral simulation in 'C:/Hung/Viettel/Stage2/ML-KEM/mul_poly/mul_matrix/mul_matrix.sim/sim_1/behav/xsim'
INFO: [SIM-utils-51] Simulation object is 'sim_1'
INFO: [USF-XSim-2] XSim::Compile design
INFO: [USF-XSim-61] Executing 'COMPILE and ANALYZE' step in 'C:/Hung/Viettel/Stage2/ML-KEM/mul_poly/mul_matrix/mul_matrix.sim/sim_1/behav/xsim'
"xvlog --incr --relax -prj tb_mul_poly_matrix_vlog.prj"
INFO: [VRFC 10-2263] Analyzing Verilog file "C:/Hung/Viettel/Stage2/ML-KEM/mul_poly/BoothDecode.v" into library xil_defaultlib
INFO: [VRFC 10-311] analyzing module BoothDecode
INFO: [VRFC 10-2263] Analyzing Verilog file "C:/Hung/Viettel/Stage2/ML-KEM/mul_poly/Rom_mul.v" into library xil_defaultlib
INFO: [VRFC 10-311] analyzing module Rom_mul
INFO: [VRFC 10-2263] Analyzing Verilog file "C:/Hung/Viettel/Stage2/ML-KEM/mul_poly/add_cell.v" into library xil_defaultlib
INFO: [VRFC 10-311] analyzing module add_cell
INFO: [VRFC 10-2263] Analyzing Verilog file "C:/Hung/Viettel/Stage2/ML-KEM/NTT/barret.v" into library xil_defaultlib
INFO: [VRFC 10-311] analyzing module barret
INFO: [VRFC 10-2263] Analyzing Verilog file "C:/Hung/Viettel/Stage2/ML-KEM/mul_poly/csa.v" into library xil_defaultlib
INFO: [VRFC 10-311] analyzing module csa
INFO: [VRFC 10-311] analyzing module fulladder
INFO: [VRFC 10-2263] Analyzing Verilog file "C:/Hung/Viettel/Stage2/ML-KEM/mul_poly/mul_12bit.v" into library xil_defaultlib
INFO: [VRFC 10-311] analyzing module mul_12bit
INFO: [VRFC 10-2263] Analyzing Verilog file "C:/Hung/Viettel/Stage2/ML-KEM/mul_poly/mul_cell.v" into library xil_defaultlib
INFO: [VRFC 10-311] analyzing module mul_cel
ERROR: [VRFC 10-2989] 'tmp_add' is not declared [C:/Hung/Viettel/Stage2/ML-KEM/mul_poly/mul_cell.v:119]
ERROR: [VRFC 10-8530] module 'mul_cel' is ignored due to previous errors [C:/Hung/Viettel/Stage2/ML-KEM/mul_poly/mul_cell.v:2]
INFO: [USF-XSim-69] 'compile' step finished in '2' seconds
INFO: [USF-XSim-99] Step results log file:'C:/Hung/Viettel/Stage2/ML-KEM/mul_poly/mul_matrix/mul_matrix.sim/sim_1/behav/xsim/xvlog.log'
ERROR: [USF-XSim-62] 'compile' step failed with error(s). Please check the Tcl console output or 'C:/Hung/Viettel/Stage2/ML-KEM/mul_poly/mul_matrix/mul_matrix.sim/sim_1/behav/xsim/xvlog.log' file for more information.
ERROR: [Vivado 12-4473] Detected error while running simulation. Please correct the issue and retry this operation.
ERROR: [Common 17-39] 'launch_simulation' failed due to earlier errors.
ERROR: [Common 17-69] Command failed: ERROR: [Common 17-39] 'launch_simulation' failed due to earlier errors.

relaunch_sim
Command: launch_simulation -step compile -simset sim_1 -mode behavioral
INFO: [Vivado 12-12493] Simulation top is 'tb_mul_poly_matrix'
WARNING: [Vivado 12-13340] Unable to auto find GCC executables from simulator install path! (path not set)
WARNING: [Vivado 12-13277] Compiled library path does not exist: ''
INFO: [Vivado 12-5682] Launching behavioral simulation in 'C:/Hung/Viettel/Stage2/ML-KEM/mul_poly/mul_matrix/mul_matrix.sim/sim_1/behav/xsim'
INFO: [SIM-utils-51] Simulation object is 'sim_1'
INFO: [USF-XSim-2] XSim::Compile design
INFO: [USF-XSim-61] Executing 'COMPILE and ANALYZE' step in 'C:/Hung/Viettel/Stage2/ML-KEM/mul_poly/mul_matrix/mul_matrix.sim/sim_1/behav/xsim'
"xvlog --incr --relax -prj tb_mul_poly_matrix_vlog.prj"
INFO: [VRFC 10-2263] Analyzing Verilog file "C:/Hung/Viettel/Stage2/ML-KEM/mul_poly/BoothDecode.v" into library xil_defaultlib
INFO: [VRFC 10-311] analyzing module BoothDecode
INFO: [VRFC 10-2263] Analyzing Verilog file "C:/Hung/Viettel/Stage2/ML-KEM/mul_poly/Rom_mul.v" into library xil_defaultlib
INFO: [VRFC 10-311] analyzing module Rom_mul
INFO: [VRFC 10-2263] Analyzing Verilog file "C:/Hung/Viettel/Stage2/ML-KEM/mul_poly/add_cell.v" into library xil_defaultlib
INFO: [VRFC 10-311] analyzing module add_cell
INFO: [VRFC 10-2263] Analyzing Verilog file "C:/Hung/Viettel/Stage2/ML-KEM/NTT/barret.v" into library xil_defaultlib
INFO: [VRFC 10-311] analyzing module barret
INFO: [VRFC 10-2263] Analyzing Verilog file "C:/Hung/Viettel/Stage2/ML-KEM/mul_poly/csa.v" into library xil_defaultlib
INFO: [VRFC 10-311] analyzing module csa
INFO: [VRFC 10-311] analyzing module fulladder
INFO: [VRFC 10-2263] Analyzing Verilog file "C:/Hung/Viettel/Stage2/ML-KEM/mul_poly/mul_12bit.v" into library xil_defaultlib
INFO: [VRFC 10-311] analyzing module mul_12bit
INFO: [VRFC 10-2263] Analyzing Verilog file "C:/Hung/Viettel/Stage2/ML-KEM/mul_poly/mul_cell.v" into library xil_defaultlib
INFO: [VRFC 10-311] analyzing module mul_cel
INFO: [VRFC 10-2263] Analyzing Verilog file "C:/Hung/Viettel/Stage2/ML-KEM/mul_poly/mul_poly.v" into library xil_defaultlib
INFO: [VRFC 10-311] analyzing module mul_poly
INFO: [VRFC 10-2263] Analyzing Verilog file "C:/Hung/Viettel/Stage2/ML-KEM/mul_poly/mul_poly_matrix.v" into library xil_defaultlib
INFO: [VRFC 10-311] analyzing module mul_poly_matrix
INFO: [VRFC 10-2263] Analyzing Verilog file "C:/Hung/Viettel/Stage2/ML-KEM/mul_poly/tb_mul_poly_matrix.v" into library xil_defaultlib
INFO: [VRFC 10-311] analyzing module tb_mul_poly_matrix
INFO: [USF-XSim-69] 'compile' step finished in '1' seconds
Command: launch_simulation -step elaborate -simset sim_1 -mode behavioral
INFO: [Vivado 12-12493] Simulation top is 'tb_mul_poly_matrix'
WARNING: [Vivado 12-13340] Unable to auto find GCC executables from simulator install path! (path not set)
WARNING: [Vivado 12-13277] Compiled library path does not exist: ''
INFO: [Vivado 12-5682] Launching behavioral simulation in 'C:/Hung/Viettel/Stage2/ML-KEM/mul_poly/mul_matrix/mul_matrix.sim/sim_1/behav/xsim'
INFO: [SIM-utils-51] Simulation object is 'sim_1'
INFO: [USF-XSim-3] XSim::Elaborate design
INFO: [USF-XSim-61] Executing 'ELABORATE' step in 'C:/Hung/Viettel/Stage2/ML-KEM/mul_poly/mul_matrix/mul_matrix.sim/sim_1/behav/xsim'
"xelab --incr --debug typical --relax --mt 2 -L xil_defaultlib -L unisims_ver -L unimacro_ver -L secureip --snapshot tb_mul_poly_matrix_behav xil_defaultlib.tb_mul_poly_matrix xil_defaultlib.glbl -log elaborate.log"
Vivado Simulator v2022.2.2
Copyright 1986-1999, 2001-2022 Xilinx, Inc. All Rights Reserved.
Running: C:/Xilinx/Vivado/2022.2/bin/unwrapped/win64.o/xelab.exe --incr --debug typical --relax --mt 2 -L xil_defaultlib -L unisims_ver -L unimacro_ver -L secureip --snapshot tb_mul_poly_matrix_behav xil_defaultlib.tb_mul_poly_matrix xil_defaultlib.glbl -log elaborate.log 
Using 2 slave threads.
Starting static elaboration
Pass Through NonSizing Optimizer
Completed static elaboration
Starting simulation data flow analysis
Completed simulation data flow analysis
Time Resolution for simulation is 1ps
Compiling module xil_defaultlib.add_cell_default
Compiling module xil_defaultlib.barret
Compiling module xil_defaultlib.Rom_mul
Compiling module xil_defaultlib.fulladder
Compiling module xil_defaultlib.csa(WIDTH=26)
Compiling module xil_defaultlib.BoothDecode
Compiling module xil_defaultlib.mul_12bit
Compiling module xil_defaultlib.mul_poly
Compiling module xil_defaultlib.mul_poly_matrix
Compiling module xil_defaultlib.mul_cel_default
Compiling module xil_defaultlib.tb_mul_poly_matrix
Compiling module xil_defaultlib.glbl
Built simulation snapshot tb_mul_poly_matrix_behav
INFO: [USF-XSim-69] 'elaborate' step finished in '3' seconds
Time resolution is 1 ps
               a: 000 000 000 000 000 000 000 000 000 000 000 000 000 000 000 000
               b: 000 000 000 000 000 000 000 000 000 000 000 000 000 000 000 000
             res: 000 000 000 000 000 000 000 000 000 000 000 000 000 000 000 000
expect r12..r15 = {b65, 967, c71, 6a7}
got    r12..r15 = {000, 000, 000, 000}
FAIL
$finish called at time : 252500 ps : File "C:/Hung/Viettel/Stage2/ML-KEM/mul_poly/tb_mul_poly_matrix.v" Line 116
relaunch_sim: Time (s): cpu = 00:00:01 ; elapsed = 00:00:05 . Memory (MB): peak = 2087.770 ; gain = 0.000
current_wave_config {tb_mul_12bit_behav.wcfg}
C:/Hung/Viettel/Stage2/ML-KEM/mul_poly/mul_matrix/tb_mul_12bit_behav.wcfg
add_wave {{/tb_mul_poly_matrix/dut/test_res_tmp}} 
relaunch_sim
Command: launch_simulation -step compile -simset sim_1 -mode behavioral
INFO: [Vivado 12-12493] Simulation top is 'tb_mul_poly_matrix'
WARNING: [Vivado 12-13340] Unable to auto find GCC executables from simulator install path! (path not set)
WARNING: [Vivado 12-13277] Compiled library path does not exist: ''
INFO: [Vivado 12-5682] Launching behavioral simulation in 'C:/Hung/Viettel/Stage2/ML-KEM/mul_poly/mul_matrix/mul_matrix.sim/sim_1/behav/xsim'
INFO: [SIM-utils-51] Simulation object is 'sim_1'
INFO: [USF-XSim-2] XSim::Compile design
INFO: [USF-XSim-61] Executing 'COMPILE and ANALYZE' step in 'C:/Hung/Viettel/Stage2/ML-KEM/mul_poly/mul_matrix/mul_matrix.sim/sim_1/behav/xsim'
"xvlog --incr --relax -prj tb_mul_poly_matrix_vlog.prj"
INFO: [USF-XSim-69] 'compile' step finished in '1' seconds
Command: launch_simulation -step elaborate -simset sim_1 -mode behavioral
INFO: [Vivado 12-12493] Simulation top is 'tb_mul_poly_matrix'
WARNING: [Vivado 12-13340] Unable to auto find GCC executables from simulator install path! (path not set)
WARNING: [Vivado 12-13277] Compiled library path does not exist: ''
INFO: [Vivado 12-5682] Launching behavioral simulation in 'C:/Hung/Viettel/Stage2/ML-KEM/mul_poly/mul_matrix/mul_matrix.sim/sim_1/behav/xsim'
INFO: [SIM-utils-51] Simulation object is 'sim_1'
INFO: [USF-XSim-3] XSim::Elaborate design
INFO: [USF-XSim-61] Executing 'ELABORATE' step in 'C:/Hung/Viettel/Stage2/ML-KEM/mul_poly/mul_matrix/mul_matrix.sim/sim_1/behav/xsim'
"xelab --incr --debug typical --relax --mt 2 -L xil_defaultlib -L unisims_ver -L unimacro_ver -L secureip --snapshot tb_mul_poly_matrix_behav xil_defaultlib.tb_mul_poly_matrix xil_defaultlib.glbl -log elaborate.log"
Vivado Simulator v2022.2.2
Copyright 1986-1999, 2001-2022 Xilinx, Inc. All Rights Reserved.
Running: C:/Xilinx/Vivado/2022.2/bin/unwrapped/win64.o/xelab.exe --incr --debug typical --relax --mt 2 -L xil_defaultlib -L unisims_ver -L unimacro_ver -L secureip --snapshot tb_mul_poly_matrix_behav xil_defaultlib.tb_mul_poly_matrix xil_defaultlib.glbl -log elaborate.log 
Using 2 slave threads.
Starting static elaboration
Pass Through NonSizing Optimizer
Completed static elaboration
INFO: [XSIM 43-4323] No Change in HDL. Linking previously generated obj files to create kernel
INFO: [USF-XSim-69] 'elaborate' step finished in '1' seconds
Time resolution is 1 ps
               a: 000 000 000 000 000 000 000 000 000 000 000 000 000 000 000 000
               b: 000 000 000 000 000 000 000 000 000 000 000 000 000 000 000 000
             res: 000 000 000 000 000 000 000 000 000 000 000 000 000 000 000 000
expect r12..r15 = {b65, 967, c71, 6a7}
got    r12..r15 = {000, 000, 000, 000}
FAIL
$finish called at time : 252500 ps : File "C:/Hung/Viettel/Stage2/ML-KEM/mul_poly/tb_mul_poly_matrix.v" Line 116
save_wave_config {C:/Hung/Viettel/Stage2/ML-KEM/mul_poly/mul_matrix/tb_mul_12bit_behav.wcfg}
relaunch_sim
Command: launch_simulation -step compile -simset sim_1 -mode behavioral
INFO: [Vivado 12-12493] Simulation top is 'tb_mul_poly_matrix'
WARNING: [Vivado 12-13340] Unable to auto find GCC executables from simulator install path! (path not set)
WARNING: [Vivado 12-13277] Compiled library path does not exist: ''
INFO: [Vivado 12-5682] Launching behavioral simulation in 'C:/Hung/Viettel/Stage2/ML-KEM/mul_poly/mul_matrix/mul_matrix.sim/sim_1/behav/xsim'
INFO: [SIM-utils-51] Simulation object is 'sim_1'
INFO: [USF-XSim-2] XSim::Compile design
INFO: [USF-XSim-61] Executing 'COMPILE and ANALYZE' step in 'C:/Hung/Viettel/Stage2/ML-KEM/mul_poly/mul_matrix/mul_matrix.sim/sim_1/behav/xsim'
"xvlog --incr --relax -prj tb_mul_poly_matrix_vlog.prj"
INFO: [VRFC 10-2263] Analyzing Verilog file "C:/Hung/Viettel/Stage2/ML-KEM/mul_poly/BoothDecode.v" into library xil_defaultlib
INFO: [VRFC 10-311] analyzing module BoothDecode
INFO: [VRFC 10-2263] Analyzing Verilog file "C:/Hung/Viettel/Stage2/ML-KEM/mul_poly/Rom_mul.v" into library xil_defaultlib
INFO: [VRFC 10-311] analyzing module Rom_mul
INFO: [VRFC 10-2263] Analyzing Verilog file "C:/Hung/Viettel/Stage2/ML-KEM/mul_poly/add_cell.v" into library xil_defaultlib
INFO: [VRFC 10-311] analyzing module add_cell
INFO: [VRFC 10-2263] Analyzing Verilog file "C:/Hung/Viettel/Stage2/ML-KEM/NTT/barret.v" into library xil_defaultlib
INFO: [VRFC 10-311] analyzing module barret
INFO: [VRFC 10-2263] Analyzing Verilog file "C:/Hung/Viettel/Stage2/ML-KEM/mul_poly/csa.v" into library xil_defaultlib
INFO: [VRFC 10-311] analyzing module csa
INFO: [VRFC 10-311] analyzing module fulladder
INFO: [VRFC 10-2263] Analyzing Verilog file "C:/Hung/Viettel/Stage2/ML-KEM/mul_poly/mul_12bit.v" into library xil_defaultlib
INFO: [VRFC 10-311] analyzing module mul_12bit
INFO: [VRFC 10-2263] Analyzing Verilog file "C:/Hung/Viettel/Stage2/ML-KEM/mul_poly/mul_cell.v" into library xil_defaultlib
INFO: [VRFC 10-311] analyzing module mul_cel
INFO: [VRFC 10-2263] Analyzing Verilog file "C:/Hung/Viettel/Stage2/ML-KEM/mul_poly/mul_poly.v" into library xil_defaultlib
INFO: [VRFC 10-311] analyzing module mul_poly
INFO: [VRFC 10-2263] Analyzing Verilog file "C:/Hung/Viettel/Stage2/ML-KEM/mul_poly/mul_poly_matrix.v" into library xil_defaultlib
INFO: [VRFC 10-311] analyzing module mul_poly_matrix
INFO: [VRFC 10-2263] Analyzing Verilog file "C:/Hung/Viettel/Stage2/ML-KEM/mul_poly/tb_mul_poly_matrix.v" into library xil_defaultlib
INFO: [VRFC 10-311] analyzing module tb_mul_poly_matrix
INFO: [USF-XSim-69] 'compile' step finished in '1' seconds
Command: launch_simulation -step elaborate -simset sim_1 -mode behavioral
INFO: [Vivado 12-12493] Simulation top is 'tb_mul_poly_matrix'
WARNING: [Vivado 12-13340] Unable to auto find GCC executables from simulator install path! (path not set)
WARNING: [Vivado 12-13277] Compiled library path does not exist: ''
INFO: [Vivado 12-5682] Launching behavioral simulation in 'C:/Hung/Viettel/Stage2/ML-KEM/mul_poly/mul_matrix/mul_matrix.sim/sim_1/behav/xsim'
INFO: [SIM-utils-51] Simulation object is 'sim_1'
INFO: [USF-XSim-3] XSim::Elaborate design
INFO: [USF-XSim-61] Executing 'ELABORATE' step in 'C:/Hung/Viettel/Stage2/ML-KEM/mul_poly/mul_matrix/mul_matrix.sim/sim_1/behav/xsim'
"xelab --incr --debug typical --relax --mt 2 -L xil_defaultlib -L unisims_ver -L unimacro_ver -L secureip --snapshot tb_mul_poly_matrix_behav xil_defaultlib.tb_mul_poly_matrix xil_defaultlib.glbl -log elaborate.log"
Vivado Simulator v2022.2.2
Copyright 1986-1999, 2001-2022 Xilinx, Inc. All Rights Reserved.
Running: C:/Xilinx/Vivado/2022.2/bin/unwrapped/win64.o/xelab.exe --incr --debug typical --relax --mt 2 -L xil_defaultlib -L unisims_ver -L unimacro_ver -L secureip --snapshot tb_mul_poly_matrix_behav xil_defaultlib.tb_mul_poly_matrix xil_defaultlib.glbl -log elaborate.log 
Using 2 slave threads.
Starting static elaboration
Pass Through NonSizing Optimizer
Completed static elaboration
Starting simulation data flow analysis
Completed simulation data flow analysis
Time Resolution for simulation is 1ps
Compiling module xil_defaultlib.add_cell_default
Compiling module xil_defaultlib.barret
Compiling module xil_defaultlib.Rom_mul
Compiling module xil_defaultlib.fulladder
Compiling module xil_defaultlib.csa(WIDTH=26)
Compiling module xil_defaultlib.BoothDecode
Compiling module xil_defaultlib.mul_12bit
Compiling module xil_defaultlib.mul_poly
Compiling module xil_defaultlib.mul_poly_matrix
Compiling module xil_defaultlib.mul_cel_default
Compiling module xil_defaultlib.tb_mul_poly_matrix
Compiling module xil_defaultlib.glbl
Built simulation snapshot tb_mul_poly_matrix_behav
INFO: [USF-XSim-69] 'elaborate' step finished in '3' seconds
Time resolution is 1 ps
               a: 000 000 000 000 000 000 000 000 000 000 000 000 004 003 002 001
               b: 000 000 000 000 000 000 000 000 000 000 000 000 000 000 000 000
             res: 000 000 000 000 000 000 000 000 000 000 000 000 000 000 000 000
expect r12..r15 = {b65, 967, c71, 6a7}
got    r12..r15 = {000, 000, 000, 000}
FAIL
$finish called at time : 252500 ps : File "C:/Hung/Viettel/Stage2/ML-KEM/mul_poly/tb_mul_poly_matrix.v" Line 116
relaunch_sim: Time (s): cpu = 00:00:01 ; elapsed = 00:00:06 . Memory (MB): peak = 2087.770 ; gain = 0.000
relaunch_sim
Command: launch_simulation -step compile -simset sim_1 -mode behavioral
INFO: [Vivado 12-12493] Simulation top is 'tb_mul_poly_matrix'
WARNING: [Vivado 12-13340] Unable to auto find GCC executables from simulator install path! (path not set)
WARNING: [Vivado 12-13277] Compiled library path does not exist: ''
INFO: [Vivado 12-5682] Launching behavioral simulation in 'C:/Hung/Viettel/Stage2/ML-KEM/mul_poly/mul_matrix/mul_matrix.sim/sim_1/behav/xsim'
INFO: [SIM-utils-51] Simulation object is 'sim_1'
INFO: [USF-XSim-2] XSim::Compile design
INFO: [USF-XSim-61] Executing 'COMPILE and ANALYZE' step in 'C:/Hung/Viettel/Stage2/ML-KEM/mul_poly/mul_matrix/mul_matrix.sim/sim_1/behav/xsim'
"xvlog --incr --relax -prj tb_mul_poly_matrix_vlog.prj"
INFO: [VRFC 10-2263] Analyzing Verilog file "C:/Hung/Viettel/Stage2/ML-KEM/mul_poly/BoothDecode.v" into library xil_defaultlib
INFO: [VRFC 10-311] analyzing module BoothDecode
INFO: [VRFC 10-2263] Analyzing Verilog file "C:/Hung/Viettel/Stage2/ML-KEM/mul_poly/Rom_mul.v" into library xil_defaultlib
INFO: [VRFC 10-311] analyzing module Rom_mul
INFO: [VRFC 10-2263] Analyzing Verilog file "C:/Hung/Viettel/Stage2/ML-KEM/mul_poly/add_cell.v" into library xil_defaultlib
INFO: [VRFC 10-311] analyzing module add_cell
INFO: [VRFC 10-2263] Analyzing Verilog file "C:/Hung/Viettel/Stage2/ML-KEM/NTT/barret.v" into library xil_defaultlib
INFO: [VRFC 10-311] analyzing module barret
INFO: [VRFC 10-2263] Analyzing Verilog file "C:/Hung/Viettel/Stage2/ML-KEM/mul_poly/csa.v" into library xil_defaultlib
INFO: [VRFC 10-311] analyzing module csa
INFO: [VRFC 10-311] analyzing module fulladder
INFO: [VRFC 10-2263] Analyzing Verilog file "C:/Hung/Viettel/Stage2/ML-KEM/mul_poly/mul_12bit.v" into library xil_defaultlib
INFO: [VRFC 10-311] analyzing module mul_12bit
INFO: [VRFC 10-2263] Analyzing Verilog file "C:/Hung/Viettel/Stage2/ML-KEM/mul_poly/mul_cell.v" into library xil_defaultlib
INFO: [VRFC 10-311] analyzing module mul_cel
INFO: [VRFC 10-2263] Analyzing Verilog file "C:/Hung/Viettel/Stage2/ML-KEM/mul_poly/mul_poly.v" into library xil_defaultlib
INFO: [VRFC 10-311] analyzing module mul_poly
INFO: [VRFC 10-2263] Analyzing Verilog file "C:/Hung/Viettel/Stage2/ML-KEM/mul_poly/mul_poly_matrix.v" into library xil_defaultlib
INFO: [VRFC 10-311] analyzing module mul_poly_matrix
INFO: [VRFC 10-2263] Analyzing Verilog file "C:/Hung/Viettel/Stage2/ML-KEM/mul_poly/tb_mul_poly_matrix.v" into library xil_defaultlib
INFO: [VRFC 10-311] analyzing module tb_mul_poly_matrix
INFO: [USF-XSim-69] 'compile' step finished in '1' seconds
Command: launch_simulation -step elaborate -simset sim_1 -mode behavioral
INFO: [Vivado 12-12493] Simulation top is 'tb_mul_poly_matrix'
WARNING: [Vivado 12-13340] Unable to auto find GCC executables from simulator install path! (path not set)
WARNING: [Vivado 12-13277] Compiled library path does not exist: ''
INFO: [Vivado 12-5682] Launching behavioral simulation in 'C:/Hung/Viettel/Stage2/ML-KEM/mul_poly/mul_matrix/mul_matrix.sim/sim_1/behav/xsim'
INFO: [SIM-utils-51] Simulation object is 'sim_1'
INFO: [USF-XSim-3] XSim::Elaborate design
INFO: [USF-XSim-61] Executing 'ELABORATE' step in 'C:/Hung/Viettel/Stage2/ML-KEM/mul_poly/mul_matrix/mul_matrix.sim/sim_1/behav/xsim'
"xelab --incr --debug typical --relax --mt 2 -L xil_defaultlib -L unisims_ver -L unimacro_ver -L secureip --snapshot tb_mul_poly_matrix_behav xil_defaultlib.tb_mul_poly_matrix xil_defaultlib.glbl -log elaborate.log"
Vivado Simulator v2022.2.2
Copyright 1986-1999, 2001-2022 Xilinx, Inc. All Rights Reserved.
Running: C:/Xilinx/Vivado/2022.2/bin/unwrapped/win64.o/xelab.exe --incr --debug typical --relax --mt 2 -L xil_defaultlib -L unisims_ver -L unimacro_ver -L secureip --snapshot tb_mul_poly_matrix_behav xil_defaultlib.tb_mul_poly_matrix xil_defaultlib.glbl -log elaborate.log 
Using 2 slave threads.
Starting static elaboration
Pass Through NonSizing Optimizer
Completed static elaboration
Starting simulation data flow analysis
Completed simulation data flow analysis
Time Resolution for simulation is 1ps
Compiling module xil_defaultlib.add_cell_default
Compiling module xil_defaultlib.barret
Compiling module xil_defaultlib.Rom_mul
Compiling module xil_defaultlib.fulladder
Compiling module xil_defaultlib.csa(WIDTH=26)
Compiling module xil_defaultlib.BoothDecode
Compiling module xil_defaultlib.mul_12bit
Compiling module xil_defaultlib.mul_poly
Compiling module xil_defaultlib.mul_poly_matrix
Compiling module xil_defaultlib.mul_cel_default
Compiling module xil_defaultlib.tb_mul_poly_matrix
Compiling module xil_defaultlib.glbl
Built simulation snapshot tb_mul_poly_matrix_behav
INFO: [USF-XSim-69] 'elaborate' step finished in '3' seconds
Time resolution is 1 ps
               a: 001 002 000 000 000 000 000 000 000 000 000 000 000 000 000 000
               b: 003 004 000 000 000 000 000 000 000 000 000 000 000 000 000 000
             res: b4f 014 000 000 000 000 000 000 000 000 000 000 000 000 000 000
expect r12..r15 = {b65, 967, c71, 6a7}
got    r12..r15 = {000, 000, 000, 000}
FAIL
$finish called at time : 252500 ps : File "C:/Hung/Viettel/Stage2/ML-KEM/mul_poly/tb_mul_poly_matrix.v" Line 116
relaunch_sim: Time (s): cpu = 00:00:00 ; elapsed = 00:00:06 . Memory (MB): peak = 2087.770 ; gain = 0.000
save_wave_config {C:/Hung/Viettel/Stage2/ML-KEM/mul_poly/mul_matrix/tb_mul_12bit_behav.wcfg}
current_wave_config {tb_mul_12bit_behav.wcfg}
C:/Hung/Viettel/Stage2/ML-KEM/mul_poly/mul_matrix/tb_mul_12bit_behav.wcfg
add_wave {{/tb_mul_poly_matrix/dut/test_a}} {{/tb_mul_poly_matrix/dut/test_b}} 
relaunch_sim
Command: launch_simulation -step compile -simset sim_1 -mode behavioral
INFO: [Vivado 12-12493] Simulation top is 'tb_mul_poly_matrix'
WARNING: [Vivado 12-13340] Unable to auto find GCC executables from simulator install path! (path not set)
WARNING: [Vivado 12-13277] Compiled library path does not exist: ''
INFO: [Vivado 12-5682] Launching behavioral simulation in 'C:/Hung/Viettel/Stage2/ML-KEM/mul_poly/mul_matrix/mul_matrix.sim/sim_1/behav/xsim'
INFO: [SIM-utils-51] Simulation object is 'sim_1'
INFO: [USF-XSim-2] XSim::Compile design
INFO: [USF-XSim-61] Executing 'COMPILE and ANALYZE' step in 'C:/Hung/Viettel/Stage2/ML-KEM/mul_poly/mul_matrix/mul_matrix.sim/sim_1/behav/xsim'
"xvlog --incr --relax -prj tb_mul_poly_matrix_vlog.prj"
INFO: [USF-XSim-69] 'compile' step finished in '1' seconds
Command: launch_simulation -step elaborate -simset sim_1 -mode behavioral
INFO: [Vivado 12-12493] Simulation top is 'tb_mul_poly_matrix'
WARNING: [Vivado 12-13340] Unable to auto find GCC executables from simulator install path! (path not set)
WARNING: [Vivado 12-13277] Compiled library path does not exist: ''
INFO: [Vivado 12-5682] Launching behavioral simulation in 'C:/Hung/Viettel/Stage2/ML-KEM/mul_poly/mul_matrix/mul_matrix.sim/sim_1/behav/xsim'
INFO: [SIM-utils-51] Simulation object is 'sim_1'
INFO: [USF-XSim-3] XSim::Elaborate design
INFO: [USF-XSim-61] Executing 'ELABORATE' step in 'C:/Hung/Viettel/Stage2/ML-KEM/mul_poly/mul_matrix/mul_matrix.sim/sim_1/behav/xsim'
"xelab --incr --debug typical --relax --mt 2 -L xil_defaultlib -L unisims_ver -L unimacro_ver -L secureip --snapshot tb_mul_poly_matrix_behav xil_defaultlib.tb_mul_poly_matrix xil_defaultlib.glbl -log elaborate.log"
Vivado Simulator v2022.2.2
Copyright 1986-1999, 2001-2022 Xilinx, Inc. All Rights Reserved.
Running: C:/Xilinx/Vivado/2022.2/bin/unwrapped/win64.o/xelab.exe --incr --debug typical --relax --mt 2 -L xil_defaultlib -L unisims_ver -L unimacro_ver -L secureip --snapshot tb_mul_poly_matrix_behav xil_defaultlib.tb_mul_poly_matrix xil_defaultlib.glbl -log elaborate.log 
Using 2 slave threads.
Starting static elaboration
Pass Through NonSizing Optimizer
Completed static elaboration
INFO: [XSIM 43-4323] No Change in HDL. Linking previously generated obj files to create kernel
INFO: [USF-XSim-69] 'elaborate' step finished in '2' seconds
Time resolution is 1 ps
               a: 001 002 000 000 000 000 000 000 000 000 000 000 000 000 000 000
               b: 003 004 000 000 000 000 000 000 000 000 000 000 000 000 000 000
             res: b4f 014 000 000 000 000 000 000 000 000 000 000 000 000 000 000
expect r12..r15 = {b65, 967, c71, 6a7}
got    r12..r15 = {000, 000, 000, 000}
FAIL
$finish called at time : 252500 ps : File "C:/Hung/Viettel/Stage2/ML-KEM/mul_poly/tb_mul_poly_matrix.v" Line 116
save_wave_config {C:/Hung/Viettel/Stage2/ML-KEM/mul_poly/mul_matrix/tb_mul_12bit_behav.wcfg}
save_wave_config {C:/Hung/Viettel/Stage2/ML-KEM/mul_poly/mul_matrix/tb_mul_12bit_behav.wcfg}
relaunch_sim
Command: launch_simulation -step compile -simset sim_1 -mode behavioral
INFO: [Vivado 12-12493] Simulation top is 'tb_mul_poly_matrix'
WARNING: [Vivado 12-13340] Unable to auto find GCC executables from simulator install path! (path not set)
WARNING: [Vivado 12-13277] Compiled library path does not exist: ''
INFO: [Vivado 12-5682] Launching behavioral simulation in 'C:/Hung/Viettel/Stage2/ML-KEM/mul_poly/mul_matrix/mul_matrix.sim/sim_1/behav/xsim'
INFO: [SIM-utils-51] Simulation object is 'sim_1'
INFO: [USF-XSim-2] XSim::Compile design
INFO: [USF-XSim-61] Executing 'COMPILE and ANALYZE' step in 'C:/Hung/Viettel/Stage2/ML-KEM/mul_poly/mul_matrix/mul_matrix.sim/sim_1/behav/xsim'
"xvlog --incr --relax -prj tb_mul_poly_matrix_vlog.prj"
INFO: [VRFC 10-2263] Analyzing Verilog file "C:/Hung/Viettel/Stage2/ML-KEM/mul_poly/BoothDecode.v" into library xil_defaultlib
INFO: [VRFC 10-311] analyzing module BoothDecode
INFO: [VRFC 10-2263] Analyzing Verilog file "C:/Hung/Viettel/Stage2/ML-KEM/mul_poly/Rom_mul.v" into library xil_defaultlib
INFO: [VRFC 10-311] analyzing module Rom_mul
INFO: [VRFC 10-2263] Analyzing Verilog file "C:/Hung/Viettel/Stage2/ML-KEM/mul_poly/add_cell.v" into library xil_defaultlib
INFO: [VRFC 10-311] analyzing module add_cell
INFO: [VRFC 10-2263] Analyzing Verilog file "C:/Hung/Viettel/Stage2/ML-KEM/NTT/barret.v" into library xil_defaultlib
INFO: [VRFC 10-311] analyzing module barret
INFO: [VRFC 10-2263] Analyzing Verilog file "C:/Hung/Viettel/Stage2/ML-KEM/mul_poly/csa.v" into library xil_defaultlib
INFO: [VRFC 10-311] analyzing module csa
INFO: [VRFC 10-311] analyzing module fulladder
INFO: [VRFC 10-2263] Analyzing Verilog file "C:/Hung/Viettel/Stage2/ML-KEM/mul_poly/mul_12bit.v" into library xil_defaultlib
INFO: [VRFC 10-311] analyzing module mul_12bit
INFO: [VRFC 10-2263] Analyzing Verilog file "C:/Hung/Viettel/Stage2/ML-KEM/mul_poly/mul_cell.v" into library xil_defaultlib
INFO: [VRFC 10-311] analyzing module mul_cel
INFO: [VRFC 10-2263] Analyzing Verilog file "C:/Hung/Viettel/Stage2/ML-KEM/mul_poly/mul_poly.v" into library xil_defaultlib
INFO: [VRFC 10-311] analyzing module mul_poly
INFO: [VRFC 10-2263] Analyzing Verilog file "C:/Hung/Viettel/Stage2/ML-KEM/mul_poly/mul_poly_matrix.v" into library xil_defaultlib
INFO: [VRFC 10-311] analyzing module mul_poly_matrix
INFO: [VRFC 10-2263] Analyzing Verilog file "C:/Hung/Viettel/Stage2/ML-KEM/mul_poly/tb_mul_poly_matrix.v" into library xil_defaultlib
INFO: [VRFC 10-311] analyzing module tb_mul_poly_matrix
INFO: [USF-XSim-69] 'compile' step finished in '2' seconds
Command: launch_simulation -step elaborate -simset sim_1 -mode behavioral
INFO: [Vivado 12-12493] Simulation top is 'tb_mul_poly_matrix'
WARNING: [Vivado 12-13340] Unable to auto find GCC executables from simulator install path! (path not set)
WARNING: [Vivado 12-13277] Compiled library path does not exist: ''
INFO: [Vivado 12-5682] Launching behavioral simulation in 'C:/Hung/Viettel/Stage2/ML-KEM/mul_poly/mul_matrix/mul_matrix.sim/sim_1/behav/xsim'
INFO: [SIM-utils-51] Simulation object is 'sim_1'
INFO: [USF-XSim-3] XSim::Elaborate design
INFO: [USF-XSim-61] Executing 'ELABORATE' step in 'C:/Hung/Viettel/Stage2/ML-KEM/mul_poly/mul_matrix/mul_matrix.sim/sim_1/behav/xsim'
"xelab --incr --debug typical --relax --mt 2 -L xil_defaultlib -L unisims_ver -L unimacro_ver -L secureip --snapshot tb_mul_poly_matrix_behav xil_defaultlib.tb_mul_poly_matrix xil_defaultlib.glbl -log elaborate.log"
Vivado Simulator v2022.2.2
Copyright 1986-1999, 2001-2022 Xilinx, Inc. All Rights Reserved.
Running: C:/Xilinx/Vivado/2022.2/bin/unwrapped/win64.o/xelab.exe --incr --debug typical --relax --mt 2 -L xil_defaultlib -L unisims_ver -L unimacro_ver -L secureip --snapshot tb_mul_poly_matrix_behav xil_defaultlib.tb_mul_poly_matrix xil_defaultlib.glbl -log elaborate.log 
Using 2 slave threads.
Starting static elaboration
Pass Through NonSizing Optimizer
Completed static elaboration
Starting simulation data flow analysis
Completed simulation data flow analysis
Time Resolution for simulation is 1ps
Compiling module xil_defaultlib.add_cell_default
Compiling module xil_defaultlib.barret
Compiling module xil_defaultlib.Rom_mul
Compiling module xil_defaultlib.fulladder
Compiling module xil_defaultlib.csa(WIDTH=26)
Compiling module xil_defaultlib.BoothDecode
Compiling module xil_defaultlib.mul_12bit
Compiling module xil_defaultlib.mul_poly
Compiling module xil_defaultlib.mul_poly_matrix
Compiling module xil_defaultlib.mul_cel_default
Compiling module xil_defaultlib.tb_mul_poly_matrix
Compiling module xil_defaultlib.glbl
Built simulation snapshot tb_mul_poly_matrix_behav
INFO: [USF-XSim-69] 'elaborate' step finished in '2' seconds
Time resolution is 1 ps
               a: 000 000 000 000 000 000 000 000 000 000 000 000 004 003 002 001
               b: 000 000 000 000 000 000 000 000 000 000 000 000 008 007 006 005
             res: 000 000 000 000 000 000 000 000 000 000 000 000 bab 068 924 020
expect r12..r15 = {b65, 967, c71, 6a7}
got    r12..r15 = {bab, 068, 924, 020}
FAIL
$finish called at time : 252500 ps : File "C:/Hung/Viettel/Stage2/ML-KEM/mul_poly/tb_mul_poly_matrix.v" Line 116
relaunch_sim: Time (s): cpu = 00:00:00 ; elapsed = 00:00:06 . Memory (MB): peak = 2087.770 ; gain = 0.000
current_wave_config {tb_mul_12bit_behav.wcfg}
C:/Hung/Viettel/Stage2/ML-KEM/mul_poly/mul_matrix/tb_mul_12bit_behav.wcfg
add_wave {{/tb_mul_poly_matrix/dut/\gen_res[15].barret_inst /C}} {{/tb_mul_poly_matrix/dut/\gen_res[15].barret_inst /R}} 
relaunch_sim
Command: launch_simulation -step compile -simset sim_1 -mode behavioral
INFO: [Vivado 12-12493] Simulation top is 'tb_mul_poly_matrix'
WARNING: [Vivado 12-13340] Unable to auto find GCC executables from simulator install path! (path not set)
WARNING: [Vivado 12-13277] Compiled library path does not exist: ''
INFO: [Vivado 12-5682] Launching behavioral simulation in 'C:/Hung/Viettel/Stage2/ML-KEM/mul_poly/mul_matrix/mul_matrix.sim/sim_1/behav/xsim'
INFO: [SIM-utils-51] Simulation object is 'sim_1'
INFO: [USF-XSim-2] XSim::Compile design
INFO: [USF-XSim-61] Executing 'COMPILE and ANALYZE' step in 'C:/Hung/Viettel/Stage2/ML-KEM/mul_poly/mul_matrix/mul_matrix.sim/sim_1/behav/xsim'
"xvlog --incr --relax -prj tb_mul_poly_matrix_vlog.prj"
INFO: [USF-XSim-69] 'compile' step finished in '1' seconds
Command: launch_simulation -step elaborate -simset sim_1 -mode behavioral
INFO: [Vivado 12-12493] Simulation top is 'tb_mul_poly_matrix'
WARNING: [Vivado 12-13340] Unable to auto find GCC executables from simulator install path! (path not set)
WARNING: [Vivado 12-13277] Compiled library path does not exist: ''
INFO: [Vivado 12-5682] Launching behavioral simulation in 'C:/Hung/Viettel/Stage2/ML-KEM/mul_poly/mul_matrix/mul_matrix.sim/sim_1/behav/xsim'
INFO: [SIM-utils-51] Simulation object is 'sim_1'
INFO: [USF-XSim-3] XSim::Elaborate design
INFO: [USF-XSim-61] Executing 'ELABORATE' step in 'C:/Hung/Viettel/Stage2/ML-KEM/mul_poly/mul_matrix/mul_matrix.sim/sim_1/behav/xsim'
"xelab --incr --debug typical --relax --mt 2 -L xil_defaultlib -L unisims_ver -L unimacro_ver -L secureip --snapshot tb_mul_poly_matrix_behav xil_defaultlib.tb_mul_poly_matrix xil_defaultlib.glbl -log elaborate.log"
Vivado Simulator v2022.2.2
Copyright 1986-1999, 2001-2022 Xilinx, Inc. All Rights Reserved.
Running: C:/Xilinx/Vivado/2022.2/bin/unwrapped/win64.o/xelab.exe --incr --debug typical --relax --mt 2 -L xil_defaultlib -L unisims_ver -L unimacro_ver -L secureip --snapshot tb_mul_poly_matrix_behav xil_defaultlib.tb_mul_poly_matrix xil_defaultlib.glbl -log elaborate.log 
Using 2 slave threads.
Starting static elaboration
Pass Through NonSizing Optimizer
Completed static elaboration
INFO: [XSIM 43-4323] No Change in HDL. Linking previously generated obj files to create kernel
INFO: [USF-XSim-69] 'elaborate' step finished in '1' seconds
Time resolution is 1 ps
               a: 000 000 000 000 000 000 000 000 000 000 000 000 004 003 002 001
               b: 000 000 000 000 000 000 000 000 000 000 000 000 008 007 006 005
             res: 000 000 000 000 000 000 000 000 000 000 000 000 bab 068 924 020
expect r12..r15 = {b65, 967, c71, 6a7}
got    r12..r15 = {bab, 068, 924, 020}
FAIL
$finish called at time : 252500 ps : File "C:/Hung/Viettel/Stage2/ML-KEM/mul_poly/tb_mul_poly_matrix.v" Line 116
save_wave_config {C:/Hung/Viettel/Stage2/ML-KEM/mul_poly/mul_matrix/tb_mul_12bit_behav.wcfg}
relaunch_sim
Command: launch_simulation -step compile -simset sim_1 -mode behavioral
INFO: [Vivado 12-12493] Simulation top is 'tb_mul_poly_matrix'
WARNING: [Vivado 12-13340] Unable to auto find GCC executables from simulator install path! (path not set)
WARNING: [Vivado 12-13277] Compiled library path does not exist: ''
INFO: [Vivado 12-5682] Launching behavioral simulation in 'C:/Hung/Viettel/Stage2/ML-KEM/mul_poly/mul_matrix/mul_matrix.sim/sim_1/behav/xsim'
INFO: [SIM-utils-51] Simulation object is 'sim_1'
INFO: [USF-XSim-2] XSim::Compile design
INFO: [USF-XSim-61] Executing 'COMPILE and ANALYZE' step in 'C:/Hung/Viettel/Stage2/ML-KEM/mul_poly/mul_matrix/mul_matrix.sim/sim_1/behav/xsim'
"xvlog --incr --relax -prj tb_mul_poly_matrix_vlog.prj"
INFO: [VRFC 10-2263] Analyzing Verilog file "C:/Hung/Viettel/Stage2/ML-KEM/mul_poly/BoothDecode.v" into library xil_defaultlib
INFO: [VRFC 10-311] analyzing module BoothDecode
INFO: [VRFC 10-2263] Analyzing Verilog file "C:/Hung/Viettel/Stage2/ML-KEM/mul_poly/Rom_mul.v" into library xil_defaultlib
INFO: [VRFC 10-311] analyzing module Rom_mul
INFO: [VRFC 10-2263] Analyzing Verilog file "C:/Hung/Viettel/Stage2/ML-KEM/mul_poly/add_cell.v" into library xil_defaultlib
INFO: [VRFC 10-311] analyzing module add_cell
INFO: [VRFC 10-2263] Analyzing Verilog file "C:/Hung/Viettel/Stage2/ML-KEM/NTT/barret.v" into library xil_defaultlib
INFO: [VRFC 10-311] analyzing module barret
INFO: [VRFC 10-2263] Analyzing Verilog file "C:/Hung/Viettel/Stage2/ML-KEM/mul_poly/csa.v" into library xil_defaultlib
INFO: [VRFC 10-311] analyzing module csa
INFO: [VRFC 10-311] analyzing module fulladder
INFO: [VRFC 10-2263] Analyzing Verilog file "C:/Hung/Viettel/Stage2/ML-KEM/mul_poly/mul_12bit.v" into library xil_defaultlib
INFO: [VRFC 10-311] analyzing module mul_12bit
INFO: [VRFC 10-2263] Analyzing Verilog file "C:/Hung/Viettel/Stage2/ML-KEM/mul_poly/mul_cell.v" into library xil_defaultlib
INFO: [VRFC 10-311] analyzing module mul_cel
INFO: [VRFC 10-2263] Analyzing Verilog file "C:/Hung/Viettel/Stage2/ML-KEM/mul_poly/mul_poly.v" into library xil_defaultlib
INFO: [VRFC 10-311] analyzing module mul_poly
INFO: [VRFC 10-2263] Analyzing Verilog file "C:/Hung/Viettel/Stage2/ML-KEM/mul_poly/mul_poly_matrix.v" into library xil_defaultlib
INFO: [VRFC 10-311] analyzing module mul_poly_matrix
INFO: [VRFC 10-2263] Analyzing Verilog file "C:/Hung/Viettel/Stage2/ML-KEM/mul_poly/tb_mul_poly_matrix.v" into library xil_defaultlib
INFO: [VRFC 10-311] analyzing module tb_mul_poly_matrix
INFO: [USF-XSim-69] 'compile' step finished in '1' seconds
Command: launch_simulation -step elaborate -simset sim_1 -mode behavioral
INFO: [Vivado 12-12493] Simulation top is 'tb_mul_poly_matrix'
WARNING: [Vivado 12-13340] Unable to auto find GCC executables from simulator install path! (path not set)
WARNING: [Vivado 12-13277] Compiled library path does not exist: ''
INFO: [Vivado 12-5682] Launching behavioral simulation in 'C:/Hung/Viettel/Stage2/ML-KEM/mul_poly/mul_matrix/mul_matrix.sim/sim_1/behav/xsim'
INFO: [SIM-utils-51] Simulation object is 'sim_1'
INFO: [USF-XSim-3] XSim::Elaborate design
INFO: [USF-XSim-61] Executing 'ELABORATE' step in 'C:/Hung/Viettel/Stage2/ML-KEM/mul_poly/mul_matrix/mul_matrix.sim/sim_1/behav/xsim'
"xelab --incr --debug typical --relax --mt 2 -L xil_defaultlib -L unisims_ver -L unimacro_ver -L secureip --snapshot tb_mul_poly_matrix_behav xil_defaultlib.tb_mul_poly_matrix xil_defaultlib.glbl -log elaborate.log"
Vivado Simulator v2022.2.2
Copyright 1986-1999, 2001-2022 Xilinx, Inc. All Rights Reserved.
Running: C:/Xilinx/Vivado/2022.2/bin/unwrapped/win64.o/xelab.exe --incr --debug typical --relax --mt 2 -L xil_defaultlib -L unisims_ver -L unimacro_ver -L secureip --snapshot tb_mul_poly_matrix_behav xil_defaultlib.tb_mul_poly_matrix xil_defaultlib.glbl -log elaborate.log 
Using 2 slave threads.
Starting static elaboration
Pass Through NonSizing Optimizer
Completed static elaboration
Starting simulation data flow analysis
Completed simulation data flow analysis
Time Resolution for simulation is 1ps
Compiling module xil_defaultlib.add_cell_default
Compiling module xil_defaultlib.barret
Compiling module xil_defaultlib.Rom_mul
Compiling module xil_defaultlib.fulladder
Compiling module xil_defaultlib.csa(WIDTH=26)
Compiling module xil_defaultlib.BoothDecode
Compiling module xil_defaultlib.mul_12bit
Compiling module xil_defaultlib.mul_poly
Compiling module xil_defaultlib.mul_poly_matrix
Compiling module xil_defaultlib.mul_cel_default
Compiling module xil_defaultlib.tb_mul_poly_matrix
Compiling module xil_defaultlib.glbl
Built simulation snapshot tb_mul_poly_matrix_behav
INFO: [USF-XSim-69] 'elaborate' step finished in '3' seconds
Time resolution is 1 ps
               a: 000 000 000 000 000 000 000 000 000 000 000 000 004 003 002 001
               b: 000 000 000 000 000 000 000 000 000 000 000 000 008 007 006 005
             res: 000 000 000 000 000 000 000 000 000 000 000 000 b65 967 c71 6a7
expect r12..r15 = {b65, 967, c71, 6a7}
got    r12..r15 = {b65, 967, c71, 6a7}
PASS
$finish called at time : 227500 ps : File "C:/Hung/Viettel/Stage2/ML-KEM/mul_poly/tb_mul_poly_matrix.v" Line 116
relaunch_sim: Time (s): cpu = 00:00:01 ; elapsed = 00:00:07 . Memory (MB): peak = 2087.770 ; gain = 0.000
relaunch_sim
Command: launch_simulation -step compile -simset sim_1 -mode behavioral
INFO: [Vivado 12-12493] Simulation top is 'tb_mul_poly_matrix'
WARNING: [Vivado 12-13340] Unable to auto find GCC executables from simulator install path! (path not set)
WARNING: [Vivado 12-13277] Compiled library path does not exist: ''
INFO: [Vivado 12-5682] Launching behavioral simulation in 'C:/Hung/Viettel/Stage2/ML-KEM/mul_poly/mul_matrix/mul_matrix.sim/sim_1/behav/xsim'
INFO: [SIM-utils-51] Simulation object is 'sim_1'
INFO: [USF-XSim-2] XSim::Compile design
INFO: [USF-XSim-61] Executing 'COMPILE and ANALYZE' step in 'C:/Hung/Viettel/Stage2/ML-KEM/mul_poly/mul_matrix/mul_matrix.sim/sim_1/behav/xsim'
"xvlog --incr --relax -prj tb_mul_poly_matrix_vlog.prj"
INFO: [VRFC 10-2263] Analyzing Verilog file "C:/Hung/Viettel/Stage2/ML-KEM/mul_poly/BoothDecode.v" into library xil_defaultlib
INFO: [VRFC 10-311] analyzing module BoothDecode
INFO: [VRFC 10-2263] Analyzing Verilog file "C:/Hung/Viettel/Stage2/ML-KEM/mul_poly/Rom_mul.v" into library xil_defaultlib
INFO: [VRFC 10-311] analyzing module Rom_mul
INFO: [VRFC 10-2263] Analyzing Verilog file "C:/Hung/Viettel/Stage2/ML-KEM/mul_poly/add_cell.v" into library xil_defaultlib
INFO: [VRFC 10-311] analyzing module add_cell
INFO: [VRFC 10-2263] Analyzing Verilog file "C:/Hung/Viettel/Stage2/ML-KEM/NTT/barret.v" into library xil_defaultlib
INFO: [VRFC 10-311] analyzing module barret
INFO: [VRFC 10-2263] Analyzing Verilog file "C:/Hung/Viettel/Stage2/ML-KEM/mul_poly/csa.v" into library xil_defaultlib
INFO: [VRFC 10-311] analyzing module csa
INFO: [VRFC 10-311] analyzing module fulladder
INFO: [VRFC 10-2263] Analyzing Verilog file "C:/Hung/Viettel/Stage2/ML-KEM/mul_poly/mul_12bit.v" into library xil_defaultlib
INFO: [VRFC 10-311] analyzing module mul_12bit
INFO: [VRFC 10-2263] Analyzing Verilog file "C:/Hung/Viettel/Stage2/ML-KEM/mul_poly/mul_cell.v" into library xil_defaultlib
INFO: [VRFC 10-311] analyzing module mul_cel
INFO: [VRFC 10-2263] Analyzing Verilog file "C:/Hung/Viettel/Stage2/ML-KEM/mul_poly/mul_poly.v" into library xil_defaultlib
INFO: [VRFC 10-311] analyzing module mul_poly
INFO: [VRFC 10-2263] Analyzing Verilog file "C:/Hung/Viettel/Stage2/ML-KEM/mul_poly/mul_poly_matrix.v" into library xil_defaultlib
INFO: [VRFC 10-311] analyzing module mul_poly_matrix
INFO: [VRFC 10-2263] Analyzing Verilog file "C:/Hung/Viettel/Stage2/ML-KEM/mul_poly/tb_mul_poly_matrix.v" into library xil_defaultlib
INFO: [VRFC 10-311] analyzing module tb_mul_poly_matrix
INFO: [USF-XSim-69] 'compile' step finished in '2' seconds
Command: launch_simulation -step elaborate -simset sim_1 -mode behavioral
INFO: [Vivado 12-12493] Simulation top is 'tb_mul_poly_matrix'
WARNING: [Vivado 12-13340] Unable to auto find GCC executables from simulator install path! (path not set)
WARNING: [Vivado 12-13277] Compiled library path does not exist: ''
INFO: [Vivado 12-5682] Launching behavioral simulation in 'C:/Hung/Viettel/Stage2/ML-KEM/mul_poly/mul_matrix/mul_matrix.sim/sim_1/behav/xsim'
INFO: [SIM-utils-51] Simulation object is 'sim_1'
INFO: [USF-XSim-3] XSim::Elaborate design
INFO: [USF-XSim-61] Executing 'ELABORATE' step in 'C:/Hung/Viettel/Stage2/ML-KEM/mul_poly/mul_matrix/mul_matrix.sim/sim_1/behav/xsim'
"xelab --incr --debug typical --relax --mt 2 -L xil_defaultlib -L unisims_ver -L unimacro_ver -L secureip --snapshot tb_mul_poly_matrix_behav xil_defaultlib.tb_mul_poly_matrix xil_defaultlib.glbl -log elaborate.log"
Vivado Simulator v2022.2.2
Copyright 1986-1999, 2001-2022 Xilinx, Inc. All Rights Reserved.
Running: C:/Xilinx/Vivado/2022.2/bin/unwrapped/win64.o/xelab.exe --incr --debug typical --relax --mt 2 -L xil_defaultlib -L unisims_ver -L unimacro_ver -L secureip --snapshot tb_mul_poly_matrix_behav xil_defaultlib.tb_mul_poly_matrix xil_defaultlib.glbl -log elaborate.log 
Using 2 slave threads.
Starting static elaboration
Pass Through NonSizing Optimizer
Completed static elaboration
Starting simulation data flow analysis
Completed simulation data flow analysis
Time Resolution for simulation is 1ps
Compiling module xil_defaultlib.add_cell_default
Compiling module xil_defaultlib.barret
Compiling module xil_defaultlib.Rom_mul
Compiling module xil_defaultlib.fulladder
Compiling module xil_defaultlib.csa(WIDTH=26)
Compiling module xil_defaultlib.BoothDecode
Compiling module xil_defaultlib.mul_12bit
Compiling module xil_defaultlib.mul_poly
Compiling module xil_defaultlib.mul_poly_matrix
Compiling module xil_defaultlib.mul_cel_default
Compiling module xil_defaultlib.tb_mul_poly_matrix
Compiling module xil_defaultlib.glbl
Built simulation snapshot tb_mul_poly_matrix_behav
INFO: [USF-XSim-69] 'elaborate' step finished in '2' seconds
Time resolution is 1 ps
               a: 000 000 000 000 000 000 000 000 000 000 000 000 004 003 002 001
               b: 000 000 000 000 000 000 000 000 000 000 000 000 008 007 006 005
             res: 000 000 000 000 000 000 000 000 000 000 000 000 7c1 99b cc4 6b7
expect r12..r15 = {b65, 967, c71, 6a7}
got    r12..r15 = {7c1, 99b, cc4, 6b7}
FAIL
$finish called at time : 232500 ps : File "C:/Hung/Viettel/Stage2/ML-KEM/mul_poly/tb_mul_poly_matrix.v" Line 116
relaunch_sim: Time (s): cpu = 00:00:01 ; elapsed = 00:00:06 . Memory (MB): peak = 2087.770 ; gain = 0.000
relaunch_sim
Command: launch_simulation -step compile -simset sim_1 -mode behavioral
INFO: [Vivado 12-12493] Simulation top is 'tb_mul_poly_matrix'
WARNING: [Vivado 12-13340] Unable to auto find GCC executables from simulator install path! (path not set)
WARNING: [Vivado 12-13277] Compiled library path does not exist: ''
INFO: [Vivado 12-5682] Launching behavioral simulation in 'C:/Hung/Viettel/Stage2/ML-KEM/mul_poly/mul_matrix/mul_matrix.sim/sim_1/behav/xsim'
INFO: [SIM-utils-51] Simulation object is 'sim_1'
INFO: [USF-XSim-2] XSim::Compile design
INFO: [USF-XSim-61] Executing 'COMPILE and ANALYZE' step in 'C:/Hung/Viettel/Stage2/ML-KEM/mul_poly/mul_matrix/mul_matrix.sim/sim_1/behav/xsim'
"xvlog --incr --relax -prj tb_mul_poly_matrix_vlog.prj"
INFO: [VRFC 10-2263] Analyzing Verilog file "C:/Hung/Viettel/Stage2/ML-KEM/mul_poly/BoothDecode.v" into library xil_defaultlib
INFO: [VRFC 10-311] analyzing module BoothDecode
INFO: [VRFC 10-2263] Analyzing Verilog file "C:/Hung/Viettel/Stage2/ML-KEM/mul_poly/Rom_mul.v" into library xil_defaultlib
INFO: [VRFC 10-311] analyzing module Rom_mul
INFO: [VRFC 10-2263] Analyzing Verilog file "C:/Hung/Viettel/Stage2/ML-KEM/mul_poly/add_cell.v" into library xil_defaultlib
INFO: [VRFC 10-311] analyzing module add_cell
INFO: [VRFC 10-2263] Analyzing Verilog file "C:/Hung/Viettel/Stage2/ML-KEM/NTT/barret.v" into library xil_defaultlib
INFO: [VRFC 10-311] analyzing module barret
INFO: [VRFC 10-2263] Analyzing Verilog file "C:/Hung/Viettel/Stage2/ML-KEM/mul_poly/csa.v" into library xil_defaultlib
INFO: [VRFC 10-311] analyzing module csa
INFO: [VRFC 10-311] analyzing module fulladder
INFO: [VRFC 10-2263] Analyzing Verilog file "C:/Hung/Viettel/Stage2/ML-KEM/mul_poly/mul_12bit.v" into library xil_defaultlib
INFO: [VRFC 10-311] analyzing module mul_12bit
INFO: [VRFC 10-2263] Analyzing Verilog file "C:/Hung/Viettel/Stage2/ML-KEM/mul_poly/mul_cell.v" into library xil_defaultlib
INFO: [VRFC 10-311] analyzing module mul_cel
INFO: [VRFC 10-2263] Analyzing Verilog file "C:/Hung/Viettel/Stage2/ML-KEM/mul_poly/mul_poly.v" into library xil_defaultlib
INFO: [VRFC 10-311] analyzing module mul_poly
INFO: [VRFC 10-2263] Analyzing Verilog file "C:/Hung/Viettel/Stage2/ML-KEM/mul_poly/mul_poly_matrix.v" into library xil_defaultlib
INFO: [VRFC 10-311] analyzing module mul_poly_matrix
INFO: [VRFC 10-2263] Analyzing Verilog file "C:/Hung/Viettel/Stage2/ML-KEM/mul_poly/tb_mul_poly_matrix.v" into library xil_defaultlib
INFO: [VRFC 10-311] analyzing module tb_mul_poly_matrix
INFO: [USF-XSim-69] 'compile' step finished in '1' seconds
Command: launch_simulation -step elaborate -simset sim_1 -mode behavioral
INFO: [Vivado 12-12493] Simulation top is 'tb_mul_poly_matrix'
WARNING: [Vivado 12-13340] Unable to auto find GCC executables from simulator install path! (path not set)
WARNING: [Vivado 12-13277] Compiled library path does not exist: ''
INFO: [Vivado 12-5682] Launching behavioral simulation in 'C:/Hung/Viettel/Stage2/ML-KEM/mul_poly/mul_matrix/mul_matrix.sim/sim_1/behav/xsim'
INFO: [SIM-utils-51] Simulation object is 'sim_1'
INFO: [USF-XSim-3] XSim::Elaborate design
INFO: [USF-XSim-61] Executing 'ELABORATE' step in 'C:/Hung/Viettel/Stage2/ML-KEM/mul_poly/mul_matrix/mul_matrix.sim/sim_1/behav/xsim'
"xelab --incr --debug typical --relax --mt 2 -L xil_defaultlib -L unisims_ver -L unimacro_ver -L secureip --snapshot tb_mul_poly_matrix_behav xil_defaultlib.tb_mul_poly_matrix xil_defaultlib.glbl -log elaborate.log"
Vivado Simulator v2022.2.2
Copyright 1986-1999, 2001-2022 Xilinx, Inc. All Rights Reserved.
Running: C:/Xilinx/Vivado/2022.2/bin/unwrapped/win64.o/xelab.exe --incr --debug typical --relax --mt 2 -L xil_defaultlib -L unisims_ver -L unimacro_ver -L secureip --snapshot tb_mul_poly_matrix_behav xil_defaultlib.tb_mul_poly_matrix xil_defaultlib.glbl -log elaborate.log 
Using 2 slave threads.
Starting static elaboration
Pass Through NonSizing Optimizer
Completed static elaboration
Starting simulation data flow analysis
Completed simulation data flow analysis
Time Resolution for simulation is 1ps
Compiling module xil_defaultlib.add_cell_default
Compiling module xil_defaultlib.barret
Compiling module xil_defaultlib.Rom_mul
Compiling module xil_defaultlib.fulladder
Compiling module xil_defaultlib.csa(WIDTH=26)
Compiling module xil_defaultlib.BoothDecode
Compiling module xil_defaultlib.mul_12bit
Compiling module xil_defaultlib.mul_poly
Compiling module xil_defaultlib.mul_poly_matrix
Compiling module xil_defaultlib.mul_cel_default
Compiling module xil_defaultlib.tb_mul_poly_matrix
Compiling module xil_defaultlib.glbl
Built simulation snapshot tb_mul_poly_matrix_behav
INFO: [USF-XSim-69] 'elaborate' step finished in '3' seconds
Time resolution is 1 ps
               a: 000 000 000 000 000 000 000 000 000 000 000 000 004 003 002 001
               b: 000 000 000 000 000 000 000 000 000 000 000 000 008 007 006 005
             res: 000 000 000 000 000 000 000 000 000 000 000 000 079 a03 069 6d7
expect r12..r15 = {b65, 967, c71, 6a7}
got    r12..r15 = {079, a03, 069, 6d7}
FAIL
$finish called at time : 242500 ps : File "C:/Hung/Viettel/Stage2/ML-KEM/mul_poly/tb_mul_poly_matrix.v" Line 116
relaunch_sim: Time (s): cpu = 00:00:00 ; elapsed = 00:00:06 . Memory (MB): peak = 2087.770 ; gain = 0.000
relaunch_sim
Command: launch_simulation -step compile -simset sim_1 -mode behavioral
INFO: [Vivado 12-12493] Simulation top is 'tb_mul_poly_matrix'
WARNING: [Vivado 12-13340] Unable to auto find GCC executables from simulator install path! (path not set)
WARNING: [Vivado 12-13277] Compiled library path does not exist: ''
INFO: [Vivado 12-5682] Launching behavioral simulation in 'C:/Hung/Viettel/Stage2/ML-KEM/mul_poly/mul_matrix/mul_matrix.sim/sim_1/behav/xsim'
INFO: [SIM-utils-51] Simulation object is 'sim_1'
INFO: [USF-XSim-2] XSim::Compile design
INFO: [USF-XSim-61] Executing 'COMPILE and ANALYZE' step in 'C:/Hung/Viettel/Stage2/ML-KEM/mul_poly/mul_matrix/mul_matrix.sim/sim_1/behav/xsim'
"xvlog --incr --relax -prj tb_mul_poly_matrix_vlog.prj"
INFO: [VRFC 10-2263] Analyzing Verilog file "C:/Hung/Viettel/Stage2/ML-KEM/mul_poly/BoothDecode.v" into library xil_defaultlib
INFO: [VRFC 10-311] analyzing module BoothDecode
INFO: [VRFC 10-2263] Analyzing Verilog file "C:/Hung/Viettel/Stage2/ML-KEM/mul_poly/Rom_mul.v" into library xil_defaultlib
INFO: [VRFC 10-311] analyzing module Rom_mul
INFO: [VRFC 10-2263] Analyzing Verilog file "C:/Hung/Viettel/Stage2/ML-KEM/mul_poly/add_cell.v" into library xil_defaultlib
INFO: [VRFC 10-311] analyzing module add_cell
INFO: [VRFC 10-2263] Analyzing Verilog file "C:/Hung/Viettel/Stage2/ML-KEM/NTT/barret.v" into library xil_defaultlib
INFO: [VRFC 10-311] analyzing module barret
INFO: [VRFC 10-2263] Analyzing Verilog file "C:/Hung/Viettel/Stage2/ML-KEM/mul_poly/csa.v" into library xil_defaultlib
INFO: [VRFC 10-311] analyzing module csa
INFO: [VRFC 10-311] analyzing module fulladder
INFO: [VRFC 10-2263] Analyzing Verilog file "C:/Hung/Viettel/Stage2/ML-KEM/mul_poly/mul_12bit.v" into library xil_defaultlib
INFO: [VRFC 10-311] analyzing module mul_12bit
INFO: [VRFC 10-2263] Analyzing Verilog file "C:/Hung/Viettel/Stage2/ML-KEM/mul_poly/mul_cell.v" into library xil_defaultlib
INFO: [VRFC 10-311] analyzing module mul_cel
INFO: [VRFC 10-2263] Analyzing Verilog file "C:/Hung/Viettel/Stage2/ML-KEM/mul_poly/mul_poly.v" into library xil_defaultlib
INFO: [VRFC 10-311] analyzing module mul_poly
INFO: [VRFC 10-2263] Analyzing Verilog file "C:/Hung/Viettel/Stage2/ML-KEM/mul_poly/mul_poly_matrix.v" into library xil_defaultlib
INFO: [VRFC 10-311] analyzing module mul_poly_matrix
INFO: [VRFC 10-2263] Analyzing Verilog file "C:/Hung/Viettel/Stage2/ML-KEM/mul_poly/tb_mul_poly_matrix.v" into library xil_defaultlib
INFO: [VRFC 10-311] analyzing module tb_mul_poly_matrix
INFO: [USF-XSim-69] 'compile' step finished in '2' seconds
Command: launch_simulation -step elaborate -simset sim_1 -mode behavioral
INFO: [Vivado 12-12493] Simulation top is 'tb_mul_poly_matrix'
WARNING: [Vivado 12-13340] Unable to auto find GCC executables from simulator install path! (path not set)
WARNING: [Vivado 12-13277] Compiled library path does not exist: ''
INFO: [Vivado 12-5682] Launching behavioral simulation in 'C:/Hung/Viettel/Stage2/ML-KEM/mul_poly/mul_matrix/mul_matrix.sim/sim_1/behav/xsim'
INFO: [SIM-utils-51] Simulation object is 'sim_1'
INFO: [USF-XSim-3] XSim::Elaborate design
INFO: [USF-XSim-61] Executing 'ELABORATE' step in 'C:/Hung/Viettel/Stage2/ML-KEM/mul_poly/mul_matrix/mul_matrix.sim/sim_1/behav/xsim'
"xelab --incr --debug typical --relax --mt 2 -L xil_defaultlib -L unisims_ver -L unimacro_ver -L secureip --snapshot tb_mul_poly_matrix_behav xil_defaultlib.tb_mul_poly_matrix xil_defaultlib.glbl -log elaborate.log"
Vivado Simulator v2022.2.2
Copyright 1986-1999, 2001-2022 Xilinx, Inc. All Rights Reserved.
Running: C:/Xilinx/Vivado/2022.2/bin/unwrapped/win64.o/xelab.exe --incr --debug typical --relax --mt 2 -L xil_defaultlib -L unisims_ver -L unimacro_ver -L secureip --snapshot tb_mul_poly_matrix_behav xil_defaultlib.tb_mul_poly_matrix xil_defaultlib.glbl -log elaborate.log 
Using 2 slave threads.
Starting static elaboration
Pass Through NonSizing Optimizer
Completed static elaboration
Starting simulation data flow analysis
Completed simulation data flow analysis
Time Resolution for simulation is 1ps
Compiling module xil_defaultlib.add_cell_default
Compiling module xil_defaultlib.barret
Compiling module xil_defaultlib.Rom_mul
Compiling module xil_defaultlib.fulladder
Compiling module xil_defaultlib.csa(WIDTH=26)
Compiling module xil_defaultlib.BoothDecode
Compiling module xil_defaultlib.mul_12bit
Compiling module xil_defaultlib.mul_poly
Compiling module xil_defaultlib.mul_poly_matrix
Compiling module xil_defaultlib.mul_cel_default
Compiling module xil_defaultlib.tb_mul_poly_matrix
Compiling module xil_defaultlib.glbl
Built simulation snapshot tb_mul_poly_matrix_behav
INFO: [USF-XSim-69] 'elaborate' step finished in '2' seconds
Time resolution is 1 ps
               a: 000 000 000 000 000 000 000 000 000 000 000 000 004 003 002 001
               b: 000 000 000 000 000 000 000 000 000 000 000 000 008 007 006 005
             res: 000 000 000 000 000 000 000 000 000 000 000 000 7c1 99b cc4 6b7
expect r12..r15 = {b65, 967, c71, 6a7}
got    r12..r15 = {7c1, 99b, cc4, 6b7}
FAIL
$finish called at time : 232500 ps : File "C:/Hung/Viettel/Stage2/ML-KEM/mul_poly/tb_mul_poly_matrix.v" Line 116
relaunch_sim: Time (s): cpu = 00:00:01 ; elapsed = 00:00:07 . Memory (MB): peak = 2087.770 ; gain = 0.000
relaunch_sim
Command: launch_simulation -step compile -simset sim_1 -mode behavioral
INFO: [Vivado 12-12493] Simulation top is 'tb_mul_poly_matrix'
WARNING: [Vivado 12-13340] Unable to auto find GCC executables from simulator install path! (path not set)
WARNING: [Vivado 12-13277] Compiled library path does not exist: ''
INFO: [Vivado 12-5682] Launching behavioral simulation in 'C:/Hung/Viettel/Stage2/ML-KEM/mul_poly/mul_matrix/mul_matrix.sim/sim_1/behav/xsim'
INFO: [SIM-utils-51] Simulation object is 'sim_1'
INFO: [USF-XSim-2] XSim::Compile design
INFO: [USF-XSim-61] Executing 'COMPILE and ANALYZE' step in 'C:/Hung/Viettel/Stage2/ML-KEM/mul_poly/mul_matrix/mul_matrix.sim/sim_1/behav/xsim'
"xvlog --incr --relax -prj tb_mul_poly_matrix_vlog.prj"
INFO: [VRFC 10-2263] Analyzing Verilog file "C:/Hung/Viettel/Stage2/ML-KEM/mul_poly/BoothDecode.v" into library xil_defaultlib
INFO: [VRFC 10-311] analyzing module BoothDecode
INFO: [VRFC 10-2263] Analyzing Verilog file "C:/Hung/Viettel/Stage2/ML-KEM/mul_poly/Rom_mul.v" into library xil_defaultlib
INFO: [VRFC 10-311] analyzing module Rom_mul
INFO: [VRFC 10-2263] Analyzing Verilog file "C:/Hung/Viettel/Stage2/ML-KEM/mul_poly/add_cell.v" into library xil_defaultlib
INFO: [VRFC 10-311] analyzing module add_cell
INFO: [VRFC 10-2263] Analyzing Verilog file "C:/Hung/Viettel/Stage2/ML-KEM/NTT/barret.v" into library xil_defaultlib
INFO: [VRFC 10-311] analyzing module barret
INFO: [VRFC 10-2263] Analyzing Verilog file "C:/Hung/Viettel/Stage2/ML-KEM/mul_poly/csa.v" into library xil_defaultlib
INFO: [VRFC 10-311] analyzing module csa
INFO: [VRFC 10-311] analyzing module fulladder
INFO: [VRFC 10-2263] Analyzing Verilog file "C:/Hung/Viettel/Stage2/ML-KEM/mul_poly/mul_12bit.v" into library xil_defaultlib
INFO: [VRFC 10-311] analyzing module mul_12bit
INFO: [VRFC 10-2263] Analyzing Verilog file "C:/Hung/Viettel/Stage2/ML-KEM/mul_poly/mul_cell.v" into library xil_defaultlib
INFO: [VRFC 10-311] analyzing module mul_cel
INFO: [VRFC 10-2263] Analyzing Verilog file "C:/Hung/Viettel/Stage2/ML-KEM/mul_poly/mul_poly.v" into library xil_defaultlib
INFO: [VRFC 10-311] analyzing module mul_poly
INFO: [VRFC 10-2263] Analyzing Verilog file "C:/Hung/Viettel/Stage2/ML-KEM/mul_poly/mul_poly_matrix.v" into library xil_defaultlib
INFO: [VRFC 10-311] analyzing module mul_poly_matrix
INFO: [VRFC 10-2263] Analyzing Verilog file "C:/Hung/Viettel/Stage2/ML-KEM/mul_poly/tb_mul_poly_matrix.v" into library xil_defaultlib
INFO: [VRFC 10-311] analyzing module tb_mul_poly_matrix
INFO: [USF-XSim-69] 'compile' step finished in '1' seconds
Command: launch_simulation -step elaborate -simset sim_1 -mode behavioral
INFO: [Vivado 12-12493] Simulation top is 'tb_mul_poly_matrix'
WARNING: [Vivado 12-13340] Unable to auto find GCC executables from simulator install path! (path not set)
WARNING: [Vivado 12-13277] Compiled library path does not exist: ''
INFO: [Vivado 12-5682] Launching behavioral simulation in 'C:/Hung/Viettel/Stage2/ML-KEM/mul_poly/mul_matrix/mul_matrix.sim/sim_1/behav/xsim'
INFO: [SIM-utils-51] Simulation object is 'sim_1'
INFO: [USF-XSim-3] XSim::Elaborate design
INFO: [USF-XSim-61] Executing 'ELABORATE' step in 'C:/Hung/Viettel/Stage2/ML-KEM/mul_poly/mul_matrix/mul_matrix.sim/sim_1/behav/xsim'
"xelab --incr --debug typical --relax --mt 2 -L xil_defaultlib -L unisims_ver -L unimacro_ver -L secureip --snapshot tb_mul_poly_matrix_behav xil_defaultlib.tb_mul_poly_matrix xil_defaultlib.glbl -log elaborate.log"
Vivado Simulator v2022.2.2
Copyright 1986-1999, 2001-2022 Xilinx, Inc. All Rights Reserved.
Running: C:/Xilinx/Vivado/2022.2/bin/unwrapped/win64.o/xelab.exe --incr --debug typical --relax --mt 2 -L xil_defaultlib -L unisims_ver -L unimacro_ver -L secureip --snapshot tb_mul_poly_matrix_behav xil_defaultlib.tb_mul_poly_matrix xil_defaultlib.glbl -log elaborate.log 
Using 2 slave threads.
Starting static elaboration
Pass Through NonSizing Optimizer
Completed static elaboration
Starting simulation data flow analysis
Completed simulation data flow analysis
Time Resolution for simulation is 1ps
Compiling module xil_defaultlib.add_cell_default
Compiling module xil_defaultlib.barret
Compiling module xil_defaultlib.Rom_mul
Compiling module xil_defaultlib.fulladder
Compiling module xil_defaultlib.csa(WIDTH=26)
Compiling module xil_defaultlib.BoothDecode
Compiling module xil_defaultlib.mul_12bit
Compiling module xil_defaultlib.mul_poly
Compiling module xil_defaultlib.mul_poly_matrix
Compiling module xil_defaultlib.mul_cel_default
Compiling module xil_defaultlib.tb_mul_poly_matrix
Compiling module xil_defaultlib.glbl
Built simulation snapshot tb_mul_poly_matrix_behav
INFO: [USF-XSim-69] 'elaborate' step finished in '3' seconds
Time resolution is 1 ps
               a: 000 000 000 000 000 000 000 000 000 000 000 000 004 003 002 001
               b: 000 000 000 000 000 000 000 000 000 000 000 000 008 007 006 005
             res: 000 000 000 000 000 000 000 000 000 000 000 000 7c1 99b cc4 6b7
expect r12..r15 = {b65, 967, c71, 6a7}
got    r12..r15 = {7c1, 99b, cc4, 6b7}
FAIL
$finish called at time : 232500 ps : File "C:/Hung/Viettel/Stage2/ML-KEM/mul_poly/tb_mul_poly_matrix.v" Line 116
relaunch_sim: Time (s): cpu = 00:00:01 ; elapsed = 00:00:06 . Memory (MB): peak = 2087.770 ; gain = 0.000
relaunch_sim
Command: launch_simulation -step compile -simset sim_1 -mode behavioral
INFO: [Vivado 12-12493] Simulation top is 'tb_mul_poly_matrix'
WARNING: [Vivado 12-13340] Unable to auto find GCC executables from simulator install path! (path not set)
WARNING: [Vivado 12-13277] Compiled library path does not exist: ''
INFO: [Vivado 12-5682] Launching behavioral simulation in 'C:/Hung/Viettel/Stage2/ML-KEM/mul_poly/mul_matrix/mul_matrix.sim/sim_1/behav/xsim'
INFO: [SIM-utils-51] Simulation object is 'sim_1'
INFO: [USF-XSim-2] XSim::Compile design
INFO: [USF-XSim-61] Executing 'COMPILE and ANALYZE' step in 'C:/Hung/Viettel/Stage2/ML-KEM/mul_poly/mul_matrix/mul_matrix.sim/sim_1/behav/xsim'
"xvlog --incr --relax -prj tb_mul_poly_matrix_vlog.prj"
INFO: [VRFC 10-2263] Analyzing Verilog file "C:/Hung/Viettel/Stage2/ML-KEM/mul_poly/BoothDecode.v" into library xil_defaultlib
INFO: [VRFC 10-311] analyzing module BoothDecode
INFO: [VRFC 10-2263] Analyzing Verilog file "C:/Hung/Viettel/Stage2/ML-KEM/mul_poly/Rom_mul.v" into library xil_defaultlib
INFO: [VRFC 10-311] analyzing module Rom_mul
INFO: [VRFC 10-2263] Analyzing Verilog file "C:/Hung/Viettel/Stage2/ML-KEM/mul_poly/add_cell.v" into library xil_defaultlib
INFO: [VRFC 10-311] analyzing module add_cell
INFO: [VRFC 10-2263] Analyzing Verilog file "C:/Hung/Viettel/Stage2/ML-KEM/NTT/barret.v" into library xil_defaultlib
INFO: [VRFC 10-311] analyzing module barret
INFO: [VRFC 10-2263] Analyzing Verilog file "C:/Hung/Viettel/Stage2/ML-KEM/mul_poly/csa.v" into library xil_defaultlib
INFO: [VRFC 10-311] analyzing module csa
INFO: [VRFC 10-311] analyzing module fulladder
INFO: [VRFC 10-2263] Analyzing Verilog file "C:/Hung/Viettel/Stage2/ML-KEM/mul_poly/mul_12bit.v" into library xil_defaultlib
INFO: [VRFC 10-311] analyzing module mul_12bit
INFO: [VRFC 10-2263] Analyzing Verilog file "C:/Hung/Viettel/Stage2/ML-KEM/mul_poly/mul_cell.v" into library xil_defaultlib
INFO: [VRFC 10-311] analyzing module mul_cel
INFO: [VRFC 10-2263] Analyzing Verilog file "C:/Hung/Viettel/Stage2/ML-KEM/mul_poly/mul_poly.v" into library xil_defaultlib
INFO: [VRFC 10-311] analyzing module mul_poly
INFO: [VRFC 10-2263] Analyzing Verilog file "C:/Hung/Viettel/Stage2/ML-KEM/mul_poly/mul_poly_matrix.v" into library xil_defaultlib
INFO: [VRFC 10-311] analyzing module mul_poly_matrix
INFO: [VRFC 10-2263] Analyzing Verilog file "C:/Hung/Viettel/Stage2/ML-KEM/mul_poly/tb_mul_poly_matrix.v" into library xil_defaultlib
INFO: [VRFC 10-311] analyzing module tb_mul_poly_matrix
INFO: [USF-XSim-69] 'compile' step finished in '1' seconds
Command: launch_simulation -step elaborate -simset sim_1 -mode behavioral
INFO: [Vivado 12-12493] Simulation top is 'tb_mul_poly_matrix'
WARNING: [Vivado 12-13340] Unable to auto find GCC executables from simulator install path! (path not set)
WARNING: [Vivado 12-13277] Compiled library path does not exist: ''
INFO: [Vivado 12-5682] Launching behavioral simulation in 'C:/Hung/Viettel/Stage2/ML-KEM/mul_poly/mul_matrix/mul_matrix.sim/sim_1/behav/xsim'
INFO: [SIM-utils-51] Simulation object is 'sim_1'
INFO: [USF-XSim-3] XSim::Elaborate design
INFO: [USF-XSim-61] Executing 'ELABORATE' step in 'C:/Hung/Viettel/Stage2/ML-KEM/mul_poly/mul_matrix/mul_matrix.sim/sim_1/behav/xsim'
"xelab --incr --debug typical --relax --mt 2 -L xil_defaultlib -L unisims_ver -L unimacro_ver -L secureip --snapshot tb_mul_poly_matrix_behav xil_defaultlib.tb_mul_poly_matrix xil_defaultlib.glbl -log elaborate.log"
Vivado Simulator v2022.2.2
Copyright 1986-1999, 2001-2022 Xilinx, Inc. All Rights Reserved.
Running: C:/Xilinx/Vivado/2022.2/bin/unwrapped/win64.o/xelab.exe --incr --debug typical --relax --mt 2 -L xil_defaultlib -L unisims_ver -L unimacro_ver -L secureip --snapshot tb_mul_poly_matrix_behav xil_defaultlib.tb_mul_poly_matrix xil_defaultlib.glbl -log elaborate.log 
Using 2 slave threads.
Starting static elaboration
Pass Through NonSizing Optimizer
Completed static elaboration
Starting simulation data flow analysis
Completed simulation data flow analysis
Time Resolution for simulation is 1ps
Compiling module xil_defaultlib.add_cell_default
Compiling module xil_defaultlib.barret
Compiling module xil_defaultlib.Rom_mul
Compiling module xil_defaultlib.fulladder
Compiling module xil_defaultlib.csa(WIDTH=26)
Compiling module xil_defaultlib.BoothDecode
Compiling module xil_defaultlib.mul_12bit
Compiling module xil_defaultlib.mul_poly
Compiling module xil_defaultlib.mul_poly_matrix
Compiling module xil_defaultlib.mul_cel_default
Compiling module xil_defaultlib.tb_mul_poly_matrix
Compiling module xil_defaultlib.glbl
Built simulation snapshot tb_mul_poly_matrix_behav
INFO: [USF-XSim-69] 'elaborate' step finished in '3' seconds
Time resolution is 1 ps
               a: 000 000 000 000 000 000 000 000 000 000 000 000 004 003 002 001
               b: 000 000 000 000 000 000 000 000 000 000 000 000 008 007 006 005
             res: 000 000 000 000 000 000 000 000 000 000 000 000 7c1 99b cc4 6b7
expect r12..r15 = {b65, 967, c71, 6a7}
got    r12..r15 = {7c1, 99b, cc4, 6b7}
FAIL
$finish called at time : 232500 ps : File "C:/Hung/Viettel/Stage2/ML-KEM/mul_poly/tb_mul_poly_matrix.v" Line 116
relaunch_sim: Time (s): cpu = 00:00:01 ; elapsed = 00:00:06 . Memory (MB): peak = 2087.770 ; gain = 0.000
relaunch_sim
Command: launch_simulation -step compile -simset sim_1 -mode behavioral
INFO: [Vivado 12-12493] Simulation top is 'tb_mul_poly_matrix'
WARNING: [Vivado 12-13340] Unable to auto find GCC executables from simulator install path! (path not set)
WARNING: [Vivado 12-13277] Compiled library path does not exist: ''
INFO: [Vivado 12-5682] Launching behavioral simulation in 'C:/Hung/Viettel/Stage2/ML-KEM/mul_poly/mul_matrix/mul_matrix.sim/sim_1/behav/xsim'
INFO: [SIM-utils-51] Simulation object is 'sim_1'
INFO: [USF-XSim-2] XSim::Compile design
INFO: [USF-XSim-61] Executing 'COMPILE and ANALYZE' step in 'C:/Hung/Viettel/Stage2/ML-KEM/mul_poly/mul_matrix/mul_matrix.sim/sim_1/behav/xsim'
"xvlog --incr --relax -prj tb_mul_poly_matrix_vlog.prj"
INFO: [VRFC 10-2263] Analyzing Verilog file "C:/Hung/Viettel/Stage2/ML-KEM/mul_poly/BoothDecode.v" into library xil_defaultlib
INFO: [VRFC 10-311] analyzing module BoothDecode
INFO: [VRFC 10-2263] Analyzing Verilog file "C:/Hung/Viettel/Stage2/ML-KEM/mul_poly/Rom_mul.v" into library xil_defaultlib
INFO: [VRFC 10-311] analyzing module Rom_mul
INFO: [VRFC 10-2263] Analyzing Verilog file "C:/Hung/Viettel/Stage2/ML-KEM/mul_poly/add_cell.v" into library xil_defaultlib
INFO: [VRFC 10-311] analyzing module add_cell
INFO: [VRFC 10-2263] Analyzing Verilog file "C:/Hung/Viettel/Stage2/ML-KEM/NTT/barret.v" into library xil_defaultlib
INFO: [VRFC 10-311] analyzing module barret
INFO: [VRFC 10-2263] Analyzing Verilog file "C:/Hung/Viettel/Stage2/ML-KEM/mul_poly/csa.v" into library xil_defaultlib
INFO: [VRFC 10-311] analyzing module csa
INFO: [VRFC 10-311] analyzing module fulladder
INFO: [VRFC 10-2263] Analyzing Verilog file "C:/Hung/Viettel/Stage2/ML-KEM/mul_poly/mul_12bit.v" into library xil_defaultlib
INFO: [VRFC 10-311] analyzing module mul_12bit
INFO: [VRFC 10-2263] Analyzing Verilog file "C:/Hung/Viettel/Stage2/ML-KEM/mul_poly/mul_cell.v" into library xil_defaultlib
INFO: [VRFC 10-311] analyzing module mul_cel
INFO: [VRFC 10-2263] Analyzing Verilog file "C:/Hung/Viettel/Stage2/ML-KEM/mul_poly/mul_poly.v" into library xil_defaultlib
INFO: [VRFC 10-311] analyzing module mul_poly
INFO: [VRFC 10-2263] Analyzing Verilog file "C:/Hung/Viettel/Stage2/ML-KEM/mul_poly/mul_poly_matrix.v" into library xil_defaultlib
INFO: [VRFC 10-311] analyzing module mul_poly_matrix
INFO: [VRFC 10-2263] Analyzing Verilog file "C:/Hung/Viettel/Stage2/ML-KEM/mul_poly/tb_mul_poly_matrix.v" into library xil_defaultlib
INFO: [VRFC 10-311] analyzing module tb_mul_poly_matrix
INFO: [USF-XSim-69] 'compile' step finished in '1' seconds
Command: launch_simulation -step elaborate -simset sim_1 -mode behavioral
INFO: [Vivado 12-12493] Simulation top is 'tb_mul_poly_matrix'
WARNING: [Vivado 12-13340] Unable to auto find GCC executables from simulator install path! (path not set)
WARNING: [Vivado 12-13277] Compiled library path does not exist: ''
INFO: [Vivado 12-5682] Launching behavioral simulation in 'C:/Hung/Viettel/Stage2/ML-KEM/mul_poly/mul_matrix/mul_matrix.sim/sim_1/behav/xsim'
INFO: [SIM-utils-51] Simulation object is 'sim_1'
INFO: [USF-XSim-3] XSim::Elaborate design
INFO: [USF-XSim-61] Executing 'ELABORATE' step in 'C:/Hung/Viettel/Stage2/ML-KEM/mul_poly/mul_matrix/mul_matrix.sim/sim_1/behav/xsim'
"xelab --incr --debug typical --relax --mt 2 -L xil_defaultlib -L unisims_ver -L unimacro_ver -L secureip --snapshot tb_mul_poly_matrix_behav xil_defaultlib.tb_mul_poly_matrix xil_defaultlib.glbl -log elaborate.log"
Vivado Simulator v2022.2.2
Copyright 1986-1999, 2001-2022 Xilinx, Inc. All Rights Reserved.
Running: C:/Xilinx/Vivado/2022.2/bin/unwrapped/win64.o/xelab.exe --incr --debug typical --relax --mt 2 -L xil_defaultlib -L unisims_ver -L unimacro_ver -L secureip --snapshot tb_mul_poly_matrix_behav xil_defaultlib.tb_mul_poly_matrix xil_defaultlib.glbl -log elaborate.log 
Using 2 slave threads.
Starting static elaboration
Pass Through NonSizing Optimizer
Completed static elaboration
Starting simulation data flow analysis
Completed simulation data flow analysis
Time Resolution for simulation is 1ps
Compiling module xil_defaultlib.add_cell_default
Compiling module xil_defaultlib.barret
Compiling module xil_defaultlib.Rom_mul
Compiling module xil_defaultlib.fulladder
Compiling module xil_defaultlib.csa(WIDTH=26)
Compiling module xil_defaultlib.BoothDecode
Compiling module xil_defaultlib.mul_12bit
Compiling module xil_defaultlib.mul_poly
Compiling module xil_defaultlib.mul_poly_matrix
Compiling module xil_defaultlib.mul_cel_default
Compiling module xil_defaultlib.tb_mul_poly_matrix
Compiling module xil_defaultlib.glbl
Built simulation snapshot tb_mul_poly_matrix_behav
INFO: [USF-XSim-69] 'elaborate' step finished in '3' seconds
Time resolution is 1 ps
               a: c0a 2ce 36f 1d6 963 8a1 af7 33e 10c 544 10f be7 8cb 661 893 87a
               b: aca 3ce 0b5 5da c35 390 525 3d5 99e c4d 765 3d1 cc2 311 056 75a
             res: b2c c66 b3f a96 237 c79 02e 235 06c c74 968 a6d 34d 59d 38f 233
expect r12..r15 = {b65, 967, c71, 6a7}
got    r12..r15 = {34d, 59d, 38f, 233}
FAIL
$finish called at time : 232500 ps : File "C:/Hung/Viettel/Stage2/ML-KEM/mul_poly/tb_mul_poly_matrix.v" Line 116
relaunch_sim: Time (s): cpu = 00:00:01 ; elapsed = 00:00:06 . Memory (MB): peak = 2087.770 ; gain = 0.000
current_wave_config {tb_mul_12bit_behav.wcfg}
C:/Hung/Viettel/Stage2/ML-KEM/mul_poly/mul_matrix/tb_mul_12bit_behav.wcfg
add_wave {{/tb_mul_poly_matrix/dut/mul_poly_matrix_inst/u_mul0/a0}} {{/tb_mul_poly_matrix/dut/mul_poly_matrix_inst/u_mul0/a1}} {{/tb_mul_poly_matrix/dut/mul_poly_matrix_inst/u_mul0/b0}} {{/tb_mul_poly_matrix/dut/mul_poly_matrix_inst/u_mul0/b1}} {{/tb_mul_poly_matrix/dut/mul_poly_matrix_inst/u_mul0/zetas}} {{/tb_mul_poly_matrix/dut/mul_poly_matrix_inst/u_mul0/res0}} {{/tb_mul_poly_matrix/dut/mul_poly_matrix_inst/u_mul0/res1}} 
current_wave_config {tb_mul_12bit_behav.wcfg}
C:/Hung/Viettel/Stage2/ML-KEM/mul_poly/mul_matrix/tb_mul_12bit_behav.wcfg
add_wave {{/tb_mul_poly_matrix/dut/mul_poly_matrix_inst/u_mul7/a0}} {{/tb_mul_poly_matrix/dut/mul_poly_matrix_inst/u_mul7/a1}} {{/tb_mul_poly_matrix/dut/mul_poly_matrix_inst/u_mul7/b0}} {{/tb_mul_poly_matrix/dut/mul_poly_matrix_inst/u_mul7/b1}} {{/tb_mul_poly_matrix/dut/mul_poly_matrix_inst/u_mul7/zetas}} {{/tb_mul_poly_matrix/dut/mul_poly_matrix_inst/u_mul7/res0}} {{/tb_mul_poly_matrix/dut/mul_poly_matrix_inst/u_mul7/res1}} 
relaunch_sim
Command: launch_simulation -step compile -simset sim_1 -mode behavioral
INFO: [Vivado 12-12493] Simulation top is 'tb_mul_poly_matrix'
WARNING: [Vivado 12-13340] Unable to auto find GCC executables from simulator install path! (path not set)
WARNING: [Vivado 12-13277] Compiled library path does not exist: ''
INFO: [Vivado 12-5682] Launching behavioral simulation in 'C:/Hung/Viettel/Stage2/ML-KEM/mul_poly/mul_matrix/mul_matrix.sim/sim_1/behav/xsim'
INFO: [SIM-utils-51] Simulation object is 'sim_1'
INFO: [USF-XSim-2] XSim::Compile design
INFO: [USF-XSim-61] Executing 'COMPILE and ANALYZE' step in 'C:/Hung/Viettel/Stage2/ML-KEM/mul_poly/mul_matrix/mul_matrix.sim/sim_1/behav/xsim'
"xvlog --incr --relax -prj tb_mul_poly_matrix_vlog.prj"
INFO: [USF-XSim-69] 'compile' step finished in '2' seconds
Command: launch_simulation -step elaborate -simset sim_1 -mode behavioral
INFO: [Vivado 12-12493] Simulation top is 'tb_mul_poly_matrix'
WARNING: [Vivado 12-13340] Unable to auto find GCC executables from simulator install path! (path not set)
WARNING: [Vivado 12-13277] Compiled library path does not exist: ''
INFO: [Vivado 12-5682] Launching behavioral simulation in 'C:/Hung/Viettel/Stage2/ML-KEM/mul_poly/mul_matrix/mul_matrix.sim/sim_1/behav/xsim'
INFO: [SIM-utils-51] Simulation object is 'sim_1'
INFO: [USF-XSim-3] XSim::Elaborate design
INFO: [USF-XSim-61] Executing 'ELABORATE' step in 'C:/Hung/Viettel/Stage2/ML-KEM/mul_poly/mul_matrix/mul_matrix.sim/sim_1/behav/xsim'
"xelab --incr --debug typical --relax --mt 2 -L xil_defaultlib -L unisims_ver -L unimacro_ver -L secureip --snapshot tb_mul_poly_matrix_behav xil_defaultlib.tb_mul_poly_matrix xil_defaultlib.glbl -log elaborate.log"
Vivado Simulator v2022.2.2
Copyright 1986-1999, 2001-2022 Xilinx, Inc. All Rights Reserved.
Running: C:/Xilinx/Vivado/2022.2/bin/unwrapped/win64.o/xelab.exe --incr --debug typical --relax --mt 2 -L xil_defaultlib -L unisims_ver -L unimacro_ver -L secureip --snapshot tb_mul_poly_matrix_behav xil_defaultlib.tb_mul_poly_matrix xil_defaultlib.glbl -log elaborate.log 
Using 2 slave threads.
Starting static elaboration
Pass Through NonSizing Optimizer
Completed static elaboration
INFO: [XSIM 43-4323] No Change in HDL. Linking previously generated obj files to create kernel
INFO: [USF-XSim-69] 'elaborate' step finished in '1' seconds
Time resolution is 1 ps
               a: c0a 2ce 36f 1d6 963 8a1 af7 33e 10c 544 10f be7 8cb 661 893 87a
               b: aca 3ce 0b5 5da c35 390 525 3d5 99e c4d 765 3d1 cc2 311 056 75a
             res: b2c c66 b3f a96 237 c79 02e 235 06c c74 968 a6d 34d 59d 38f 233
expect r12..r15 = {b65, 967, c71, 6a7}
got    r12..r15 = {34d, 59d, 38f, 233}
FAIL
$finish called at time : 232500 ps : File "C:/Hung/Viettel/Stage2/ML-KEM/mul_poly/tb_mul_poly_matrix.v" Line 116
save_wave_config {C:/Hung/Viettel/Stage2/ML-KEM/mul_poly/mul_matrix/tb_mul_12bit_behav.wcfg}
current_wave_config {tb_mul_12bit_behav.wcfg}
C:/Hung/Viettel/Stage2/ML-KEM/mul_poly/mul_matrix/tb_mul_12bit_behav.wcfg
add_wave {{/tb_mul_poly_matrix/dut/mul_poly_matrix_inst/u_mul7}} 
save_wave_config {C:/Hung/Viettel/Stage2/ML-KEM/mul_poly/mul_matrix/tb_mul_12bit_behav.wcfg}
relaunch_sim
Command: launch_simulation -step compile -simset sim_1 -mode behavioral
INFO: [Vivado 12-12493] Simulation top is 'tb_mul_poly_matrix'
WARNING: [Vivado 12-13340] Unable to auto find GCC executables from simulator install path! (path not set)
WARNING: [Vivado 12-13277] Compiled library path does not exist: ''
INFO: [Vivado 12-5682] Launching behavioral simulation in 'C:/Hung/Viettel/Stage2/ML-KEM/mul_poly/mul_matrix/mul_matrix.sim/sim_1/behav/xsim'
INFO: [SIM-utils-51] Simulation object is 'sim_1'
INFO: [USF-XSim-2] XSim::Compile design
INFO: [USF-XSim-61] Executing 'COMPILE and ANALYZE' step in 'C:/Hung/Viettel/Stage2/ML-KEM/mul_poly/mul_matrix/mul_matrix.sim/sim_1/behav/xsim'
"xvlog --incr --relax -prj tb_mul_poly_matrix_vlog.prj"
INFO: [USF-XSim-69] 'compile' step finished in '1' seconds
Command: launch_simulation -step elaborate -simset sim_1 -mode behavioral
INFO: [Vivado 12-12493] Simulation top is 'tb_mul_poly_matrix'
WARNING: [Vivado 12-13340] Unable to auto find GCC executables from simulator install path! (path not set)
WARNING: [Vivado 12-13277] Compiled library path does not exist: ''
INFO: [Vivado 12-5682] Launching behavioral simulation in 'C:/Hung/Viettel/Stage2/ML-KEM/mul_poly/mul_matrix/mul_matrix.sim/sim_1/behav/xsim'
INFO: [SIM-utils-51] Simulation object is 'sim_1'
INFO: [USF-XSim-3] XSim::Elaborate design
INFO: [USF-XSim-61] Executing 'ELABORATE' step in 'C:/Hung/Viettel/Stage2/ML-KEM/mul_poly/mul_matrix/mul_matrix.sim/sim_1/behav/xsim'
"xelab --incr --debug typical --relax --mt 2 -L xil_defaultlib -L unisims_ver -L unimacro_ver -L secureip --snapshot tb_mul_poly_matrix_behav xil_defaultlib.tb_mul_poly_matrix xil_defaultlib.glbl -log elaborate.log"
Vivado Simulator v2022.2.2
Copyright 1986-1999, 2001-2022 Xilinx, Inc. All Rights Reserved.
Running: C:/Xilinx/Vivado/2022.2/bin/unwrapped/win64.o/xelab.exe --incr --debug typical --relax --mt 2 -L xil_defaultlib -L unisims_ver -L unimacro_ver -L secureip --snapshot tb_mul_poly_matrix_behav xil_defaultlib.tb_mul_poly_matrix xil_defaultlib.glbl -log elaborate.log 
Using 2 slave threads.
Starting static elaboration
Pass Through NonSizing Optimizer
Completed static elaboration
INFO: [XSIM 43-4323] No Change in HDL. Linking previously generated obj files to create kernel
INFO: [USF-XSim-69] 'elaborate' step finished in '1' seconds
Time resolution is 1 ps
               a: c0a 2ce 36f 1d6 963 8a1 af7 33e 10c 544 10f be7 8cb 661 893 87a
               b: aca 3ce 0b5 5da c35 390 525 3d5 99e c4d 765 3d1 cc2 311 056 75a
             res: b2c c66 b3f a96 237 c79 02e 235 06c c74 968 a6d 34d 59d 38f 233
expect r12..r15 = {b65, 967, c71, 6a7}
got    r12..r15 = {34d, 59d, 38f, 233}
FAIL
$finish called at time : 232500 ps : File "C:/Hung/Viettel/Stage2/ML-KEM/mul_poly/tb_mul_poly_matrix.v" Line 116
close_sim
INFO: [Simtcl 6-16] Simulation closed
launch_simulation
Command: launch_simulation 
INFO: [Vivado 12-12493] Simulation top is 'tb_mul_poly_matrix'
WARNING: [Vivado 12-13340] Unable to auto find GCC executables from simulator install path! (path not set)
WARNING: [Vivado 12-13277] Compiled library path does not exist: ''
INFO: [Vivado 12-5682] Launching behavioral simulation in 'C:/Hung/Viettel/Stage2/ML-KEM/mul_poly/mul_matrix/mul_matrix.sim/sim_1/behav/xsim'
INFO: [SIM-utils-51] Simulation object is 'sim_1'
INFO: [SIM-utils-72] Using boost library from 'C:/Xilinx/Vivado/2022.2/tps/boost_1_72_0'
INFO: [SIM-utils-54] Inspecting design source files for 'tb_mul_poly_matrix' in fileset 'sim_1'...
INFO: [USF-XSim-97] Finding global include files...
INFO: [USF-XSim-98] Fetching design files from 'sim_1'...
INFO: [USF-XSim-2] XSim::Compile design
INFO: [USF-XSim-61] Executing 'COMPILE and ANALYZE' step in 'C:/Hung/Viettel/Stage2/ML-KEM/mul_poly/mul_matrix/mul_matrix.sim/sim_1/behav/xsim'
"xvlog --incr --relax -prj tb_mul_poly_matrix_vlog.prj"
INFO: [VRFC 10-2263] Analyzing Verilog file "C:/Hung/Viettel/Stage2/ML-KEM/mul_poly/BoothDecode.v" into library xil_defaultlib
INFO: [VRFC 10-311] analyzing module BoothDecode
INFO: [VRFC 10-2263] Analyzing Verilog file "C:/Hung/Viettel/Stage2/ML-KEM/mul_poly/Rom_mul.v" into library xil_defaultlib
INFO: [VRFC 10-311] analyzing module Rom_mul
INFO: [VRFC 10-2263] Analyzing Verilog file "C:/Hung/Viettel/Stage2/ML-KEM/mul_poly/add_cell.v" into library xil_defaultlib
INFO: [VRFC 10-311] analyzing module add_cell
INFO: [VRFC 10-2263] Analyzing Verilog file "C:/Hung/Viettel/Stage2/ML-KEM/NTT/barret.v" into library xil_defaultlib
INFO: [VRFC 10-311] analyzing module barret
INFO: [VRFC 10-2263] Analyzing Verilog file "C:/Hung/Viettel/Stage2/ML-KEM/mul_poly/csa.v" into library xil_defaultlib
INFO: [VRFC 10-311] analyzing module csa
INFO: [VRFC 10-311] analyzing module fulladder
INFO: [VRFC 10-2263] Analyzing Verilog file "C:/Hung/Viettel/Stage2/ML-KEM/mul_poly/mul_12bit.v" into library xil_defaultlib
INFO: [VRFC 10-311] analyzing module mul_12bit
INFO: [VRFC 10-2263] Analyzing Verilog file "C:/Hung/Viettel/Stage2/ML-KEM/mul_poly/mul_cell.v" into library xil_defaultlib
INFO: [VRFC 10-311] analyzing module mul_cel
INFO: [VRFC 10-2263] Analyzing Verilog file "C:/Hung/Viettel/Stage2/ML-KEM/mul_poly/mul_poly.v" into library xil_defaultlib
INFO: [VRFC 10-311] analyzing module mul_poly
INFO: [VRFC 10-2263] Analyzing Verilog file "C:/Hung/Viettel/Stage2/ML-KEM/mul_poly/mul_poly_matrix.v" into library xil_defaultlib
INFO: [VRFC 10-311] analyzing module mul_poly_matrix
INFO: [VRFC 10-2263] Analyzing Verilog file "C:/Hung/Viettel/Stage2/ML-KEM/mul_poly/tb_mul_poly_matrix.v" into library xil_defaultlib
INFO: [VRFC 10-311] analyzing module tb_mul_poly_matrix
INFO: [USF-XSim-69] 'compile' step finished in '1' seconds
INFO: [USF-XSim-3] XSim::Elaborate design
INFO: [USF-XSim-61] Executing 'ELABORATE' step in 'C:/Hung/Viettel/Stage2/ML-KEM/mul_poly/mul_matrix/mul_matrix.sim/sim_1/behav/xsim'
"xelab --incr --debug typical --relax --mt 2 -L xil_defaultlib -L unisims_ver -L unimacro_ver -L secureip --snapshot tb_mul_poly_matrix_behav xil_defaultlib.tb_mul_poly_matrix xil_defaultlib.glbl -log elaborate.log"
Vivado Simulator v2022.2.2
Copyright 1986-1999, 2001-2022 Xilinx, Inc. All Rights Reserved.
Running: C:/Xilinx/Vivado/2022.2/bin/unwrapped/win64.o/xelab.exe --incr --debug typical --relax --mt 2 -L xil_defaultlib -L unisims_ver -L unimacro_ver -L secureip --snapshot tb_mul_poly_matrix_behav xil_defaultlib.tb_mul_poly_matrix xil_defaultlib.glbl -log elaborate.log 
Using 2 slave threads.
Starting static elaboration
Pass Through NonSizing Optimizer
Completed static elaboration
Starting simulation data flow analysis
Completed simulation data flow analysis
Time Resolution for simulation is 1ps
Compiling module xil_defaultlib.add_cell_default
Compiling module xil_defaultlib.barret
Compiling module xil_defaultlib.Rom_mul
Compiling module xil_defaultlib.fulladder
Compiling module xil_defaultlib.csa(WIDTH=26)
Compiling module xil_defaultlib.BoothDecode
Compiling module xil_defaultlib.mul_12bit
Compiling module xil_defaultlib.mul_poly
Compiling module xil_defaultlib.mul_poly_matrix
Compiling module xil_defaultlib.mul_cel_default
Compiling module xil_defaultlib.tb_mul_poly_matrix
Compiling module xil_defaultlib.glbl
Built simulation snapshot tb_mul_poly_matrix_behav
INFO: [USF-XSim-69] 'elaborate' step finished in '3' seconds
INFO: [USF-XSim-4] XSim::Simulate design
INFO: [USF-XSim-61] Executing 'SIMULATE' step in 'C:/Hung/Viettel/Stage2/ML-KEM/mul_poly/mul_matrix/mul_matrix.sim/sim_1/behav/xsim'
INFO: [USF-XSim-98] *** Running xsim
   with args "tb_mul_poly_matrix_behav -key {Behavioral:sim_1:Functional:tb_mul_poly_matrix} -tclbatch {tb_mul_poly_matrix.tcl} -view {C:/Hung/Viettel/Stage2/ML-KEM/mul_poly/mul_matrix/tb_mul_12bit_behav.wcfg} -log {simulate.log}"
INFO: [USF-XSim-8] Loading simulator feature
Time resolution is 1 ps
open_wave_config C:/Hung/Viettel/Stage2/ML-KEM/mul_poly/mul_matrix/tb_mul_12bit_behav.wcfg
source tb_mul_poly_matrix.tcl
# set curr_wave [current_wave_config]
# if { [string length $curr_wave] == 0 } {
#   if { [llength [get_objects]] > 0} {
#     add_wave /
#     set_property needs_save false [current_wave_config]
#   } else {
#      send_msg_id Add_Wave-1 WARNING "No top level signals found. Simulator will start without a wave window. If you want to open a wave window go to 'File->New Waveform Configuration' or type 'create_wave_config' in the TCL console."
#   }
# }
# run 100000ns
               a: c0a 2ce 36f 1d6 963 8a1 af7 33e 10c 544 10f be7 8cb 661 893 87a
               b: aca 3ce 0b5 5da c35 390 525 3d5 99e c4d 765 3d1 cc2 311 056 75a
             res: b2c c66 b3f a96 237 c79 02e 235 06c c74 968 a6d 34d 59d 170 233
expect r12..r15 = {b65, 967, c71, 6a7}
got    r12..r15 = {34d, 59d, 170, 233}
FAIL
$finish called at time : 232500 ps : File "C:/Hung/Viettel/Stage2/ML-KEM/mul_poly/tb_mul_poly_matrix.v" Line 116
INFO: [USF-XSim-96] XSim completed. Design snapshot 'tb_mul_poly_matrix_behav' loaded.
INFO: [USF-XSim-97] XSim simulation ran for 100000ns
launch_simulation: Time (s): cpu = 00:00:02 ; elapsed = 00:00:06 . Memory (MB): peak = 2087.770 ; gain = 0.000
save_wave_config {C:/Hung/Viettel/Stage2/ML-KEM/mul_poly/mul_matrix/tb_mul_12bit_behav.wcfg}
current_wave_config {tb_mul_12bit_behav.wcfg}
C:/Hung/Viettel/Stage2/ML-KEM/mul_poly/mul_matrix/tb_mul_12bit_behav.wcfg
add_wave {{/tb_mul_poly_matrix/dut/mul_poly_matrix_inst/zeta1}} {{/tb_mul_poly_matrix/dut/mul_poly_matrix_inst/zeta2}} {{/tb_mul_poly_matrix/dut/mul_poly_matrix_inst/zeta3}} {{/tb_mul_poly_matrix/dut/mul_poly_matrix_inst/zeta4}} 
relaunch_sim
Command: launch_simulation -step compile -simset sim_1 -mode behavioral
INFO: [Vivado 12-12493] Simulation top is 'tb_mul_poly_matrix'
WARNING: [Vivado 12-13340] Unable to auto find GCC executables from simulator install path! (path not set)
WARNING: [Vivado 12-13277] Compiled library path does not exist: ''
INFO: [Vivado 12-5682] Launching behavioral simulation in 'C:/Hung/Viettel/Stage2/ML-KEM/mul_poly/mul_matrix/mul_matrix.sim/sim_1/behav/xsim'
INFO: [SIM-utils-51] Simulation object is 'sim_1'
INFO: [USF-XSim-2] XSim::Compile design
INFO: [USF-XSim-61] Executing 'COMPILE and ANALYZE' step in 'C:/Hung/Viettel/Stage2/ML-KEM/mul_poly/mul_matrix/mul_matrix.sim/sim_1/behav/xsim'
"xvlog --incr --relax -prj tb_mul_poly_matrix_vlog.prj"
INFO: [USF-XSim-69] 'compile' step finished in '1' seconds
Command: launch_simulation -step elaborate -simset sim_1 -mode behavioral
INFO: [Vivado 12-12493] Simulation top is 'tb_mul_poly_matrix'
WARNING: [Vivado 12-13340] Unable to auto find GCC executables from simulator install path! (path not set)
WARNING: [Vivado 12-13277] Compiled library path does not exist: ''
INFO: [Vivado 12-5682] Launching behavioral simulation in 'C:/Hung/Viettel/Stage2/ML-KEM/mul_poly/mul_matrix/mul_matrix.sim/sim_1/behav/xsim'
INFO: [SIM-utils-51] Simulation object is 'sim_1'
INFO: [USF-XSim-3] XSim::Elaborate design
INFO: [USF-XSim-61] Executing 'ELABORATE' step in 'C:/Hung/Viettel/Stage2/ML-KEM/mul_poly/mul_matrix/mul_matrix.sim/sim_1/behav/xsim'
"xelab --incr --debug typical --relax --mt 2 -L xil_defaultlib -L unisims_ver -L unimacro_ver -L secureip --snapshot tb_mul_poly_matrix_behav xil_defaultlib.tb_mul_poly_matrix xil_defaultlib.glbl -log elaborate.log"
Vivado Simulator v2022.2.2
Copyright 1986-1999, 2001-2022 Xilinx, Inc. All Rights Reserved.
Running: C:/Xilinx/Vivado/2022.2/bin/unwrapped/win64.o/xelab.exe --incr --debug typical --relax --mt 2 -L xil_defaultlib -L unisims_ver -L unimacro_ver -L secureip --snapshot tb_mul_poly_matrix_behav xil_defaultlib.tb_mul_poly_matrix xil_defaultlib.glbl -log elaborate.log 
Using 2 slave threads.
Starting static elaboration
Pass Through NonSizing Optimizer
Completed static elaboration
INFO: [XSIM 43-4323] No Change in HDL. Linking previously generated obj files to create kernel
INFO: [USF-XSim-69] 'elaborate' step finished in '2' seconds
Time resolution is 1 ps
               a: c0a 2ce 36f 1d6 963 8a1 af7 33e 10c 544 10f be7 8cb 661 893 87a
               b: aca 3ce 0b5 5da c35 390 525 3d5 99e c4d 765 3d1 cc2 311 056 75a
             res: b2c c66 b3f a96 237 c79 02e 235 06c c74 968 a6d 34d 59d 170 233
expect r12..r15 = {b65, 967, c71, 6a7}
got    r12..r15 = {34d, 59d, 170, 233}
FAIL
$finish called at time : 232500 ps : File "C:/Hung/Viettel/Stage2/ML-KEM/mul_poly/tb_mul_poly_matrix.v" Line 116
relaunch_sim: Time (s): cpu = 00:00:00 ; elapsed = 00:00:05 . Memory (MB): peak = 2087.770 ; gain = 0.000
relaunch_sim
Command: launch_simulation -step compile -simset sim_1 -mode behavioral
INFO: [Vivado 12-12493] Simulation top is 'tb_mul_poly_matrix'
WARNING: [Vivado 12-13340] Unable to auto find GCC executables from simulator install path! (path not set)
WARNING: [Vivado 12-13277] Compiled library path does not exist: ''
INFO: [Vivado 12-5682] Launching behavioral simulation in 'C:/Hung/Viettel/Stage2/ML-KEM/mul_poly/mul_matrix/mul_matrix.sim/sim_1/behav/xsim'
INFO: [SIM-utils-51] Simulation object is 'sim_1'
INFO: [USF-XSim-2] XSim::Compile design
INFO: [USF-XSim-61] Executing 'COMPILE and ANALYZE' step in 'C:/Hung/Viettel/Stage2/ML-KEM/mul_poly/mul_matrix/mul_matrix.sim/sim_1/behav/xsim'
"xvlog --incr --relax -prj tb_mul_poly_matrix_vlog.prj"
INFO: [VRFC 10-2263] Analyzing Verilog file "C:/Hung/Viettel/Stage2/ML-KEM/mul_poly/BoothDecode.v" into library xil_defaultlib
INFO: [VRFC 10-311] analyzing module BoothDecode
INFO: [VRFC 10-2263] Analyzing Verilog file "C:/Hung/Viettel/Stage2/ML-KEM/mul_poly/Rom_mul.v" into library xil_defaultlib
INFO: [VRFC 10-311] analyzing module Rom_mul
INFO: [VRFC 10-2263] Analyzing Verilog file "C:/Hung/Viettel/Stage2/ML-KEM/mul_poly/add_cell.v" into library xil_defaultlib
INFO: [VRFC 10-311] analyzing module add_cell
INFO: [VRFC 10-2263] Analyzing Verilog file "C:/Hung/Viettel/Stage2/ML-KEM/NTT/barret.v" into library xil_defaultlib
INFO: [VRFC 10-311] analyzing module barret
INFO: [VRFC 10-2263] Analyzing Verilog file "C:/Hung/Viettel/Stage2/ML-KEM/mul_poly/csa.v" into library xil_defaultlib
INFO: [VRFC 10-311] analyzing module csa
INFO: [VRFC 10-311] analyzing module fulladder
INFO: [VRFC 10-2263] Analyzing Verilog file "C:/Hung/Viettel/Stage2/ML-KEM/mul_poly/mul_12bit.v" into library xil_defaultlib
INFO: [VRFC 10-311] analyzing module mul_12bit
INFO: [VRFC 10-2263] Analyzing Verilog file "C:/Hung/Viettel/Stage2/ML-KEM/mul_poly/mul_cell.v" into library xil_defaultlib
INFO: [VRFC 10-311] analyzing module mul_cel
INFO: [VRFC 10-2263] Analyzing Verilog file "C:/Hung/Viettel/Stage2/ML-KEM/mul_poly/mul_poly.v" into library xil_defaultlib
INFO: [VRFC 10-311] analyzing module mul_poly
INFO: [VRFC 10-2263] Analyzing Verilog file "C:/Hung/Viettel/Stage2/ML-KEM/mul_poly/mul_poly_matrix.v" into library xil_defaultlib
INFO: [VRFC 10-311] analyzing module mul_poly_matrix
INFO: [VRFC 10-2263] Analyzing Verilog file "C:/Hung/Viettel/Stage2/ML-KEM/mul_poly/tb_mul_poly_matrix.v" into library xil_defaultlib
INFO: [VRFC 10-311] analyzing module tb_mul_poly_matrix
INFO: [USF-XSim-69] 'compile' step finished in '2' seconds
Command: launch_simulation -step elaborate -simset sim_1 -mode behavioral
INFO: [Vivado 12-12493] Simulation top is 'tb_mul_poly_matrix'
WARNING: [Vivado 12-13340] Unable to auto find GCC executables from simulator install path! (path not set)
WARNING: [Vivado 12-13277] Compiled library path does not exist: ''
INFO: [Vivado 12-5682] Launching behavioral simulation in 'C:/Hung/Viettel/Stage2/ML-KEM/mul_poly/mul_matrix/mul_matrix.sim/sim_1/behav/xsim'
INFO: [SIM-utils-51] Simulation object is 'sim_1'
INFO: [USF-XSim-3] XSim::Elaborate design
INFO: [USF-XSim-61] Executing 'ELABORATE' step in 'C:/Hung/Viettel/Stage2/ML-KEM/mul_poly/mul_matrix/mul_matrix.sim/sim_1/behav/xsim'
"xelab --incr --debug typical --relax --mt 2 -L xil_defaultlib -L unisims_ver -L unimacro_ver -L secureip --snapshot tb_mul_poly_matrix_behav xil_defaultlib.tb_mul_poly_matrix xil_defaultlib.glbl -log elaborate.log"
Vivado Simulator v2022.2.2
Copyright 1986-1999, 2001-2022 Xilinx, Inc. All Rights Reserved.
Running: C:/Xilinx/Vivado/2022.2/bin/unwrapped/win64.o/xelab.exe --incr --debug typical --relax --mt 2 -L xil_defaultlib -L unisims_ver -L unimacro_ver -L secureip --snapshot tb_mul_poly_matrix_behav xil_defaultlib.tb_mul_poly_matrix xil_defaultlib.glbl -log elaborate.log 
Using 2 slave threads.
Starting static elaboration
Pass Through NonSizing Optimizer
Completed static elaboration
Starting simulation data flow analysis
Completed simulation data flow analysis
Time Resolution for simulation is 1ps
Compiling module xil_defaultlib.add_cell_default
Compiling module xil_defaultlib.barret
Compiling module xil_defaultlib.Rom_mul
Compiling module xil_defaultlib.fulladder
Compiling module xil_defaultlib.csa(WIDTH=26)
Compiling module xil_defaultlib.BoothDecode
Compiling module xil_defaultlib.mul_12bit
Compiling module xil_defaultlib.mul_poly
Compiling module xil_defaultlib.mul_poly_matrix
Compiling module xil_defaultlib.mul_cel_default
Compiling module xil_defaultlib.tb_mul_poly_matrix
Compiling module xil_defaultlib.glbl
Built simulation snapshot tb_mul_poly_matrix_behav
INFO: [USF-XSim-69] 'elaborate' step finished in '3' seconds
Time resolution is 1 ps
               a: c0a 2ce 36f 1d6 963 8a1 af7 33e 10c 544 10f be7 8cb 661 893 87a
               b: aca 3ce 0b5 5da c35 390 525 3d5 99e c4d 765 3d1 cc2 311 056 75a
             res: b2c c66 b3f a96 237 c79 02e 235 06c c74 968 a6d 34d 59d 4f2 233
expect r12..r15 = {b65, 967, c71, 6a7}
got    r12..r15 = {34d, 59d, 4f2, 233}
FAIL
$finish called at time : 232500 ps : File "C:/Hung/Viettel/Stage2/ML-KEM/mul_poly/tb_mul_poly_matrix.v" Line 116
relaunch_sim: Time (s): cpu = 00:00:00 ; elapsed = 00:00:07 . Memory (MB): peak = 2087.770 ; gain = 0.000
relaunch_sim
Command: launch_simulation -step compile -simset sim_1 -mode behavioral
INFO: [Vivado 12-12493] Simulation top is 'tb_mul_poly_matrix'
WARNING: [Vivado 12-13340] Unable to auto find GCC executables from simulator install path! (path not set)
WARNING: [Vivado 12-13277] Compiled library path does not exist: ''
INFO: [Vivado 12-5682] Launching behavioral simulation in 'C:/Hung/Viettel/Stage2/ML-KEM/mul_poly/mul_matrix/mul_matrix.sim/sim_1/behav/xsim'
INFO: [SIM-utils-51] Simulation object is 'sim_1'
INFO: [USF-XSim-2] XSim::Compile design
INFO: [USF-XSim-61] Executing 'COMPILE and ANALYZE' step in 'C:/Hung/Viettel/Stage2/ML-KEM/mul_poly/mul_matrix/mul_matrix.sim/sim_1/behav/xsim'
"xvlog --incr --relax -prj tb_mul_poly_matrix_vlog.prj"
INFO: [VRFC 10-2263] Analyzing Verilog file "C:/Hung/Viettel/Stage2/ML-KEM/mul_poly/BoothDecode.v" into library xil_defaultlib
INFO: [VRFC 10-311] analyzing module BoothDecode
INFO: [VRFC 10-2263] Analyzing Verilog file "C:/Hung/Viettel/Stage2/ML-KEM/mul_poly/Rom_mul.v" into library xil_defaultlib
INFO: [VRFC 10-311] analyzing module Rom_mul
INFO: [VRFC 10-2263] Analyzing Verilog file "C:/Hung/Viettel/Stage2/ML-KEM/mul_poly/add_cell.v" into library xil_defaultlib
INFO: [VRFC 10-311] analyzing module add_cell
INFO: [VRFC 10-2263] Analyzing Verilog file "C:/Hung/Viettel/Stage2/ML-KEM/NTT/barret.v" into library xil_defaultlib
INFO: [VRFC 10-311] analyzing module barret
INFO: [VRFC 10-2263] Analyzing Verilog file "C:/Hung/Viettel/Stage2/ML-KEM/mul_poly/csa.v" into library xil_defaultlib
INFO: [VRFC 10-311] analyzing module csa
INFO: [VRFC 10-311] analyzing module fulladder
INFO: [VRFC 10-2263] Analyzing Verilog file "C:/Hung/Viettel/Stage2/ML-KEM/mul_poly/mul_12bit.v" into library xil_defaultlib
INFO: [VRFC 10-311] analyzing module mul_12bit
INFO: [VRFC 10-2263] Analyzing Verilog file "C:/Hung/Viettel/Stage2/ML-KEM/mul_poly/mul_cell.v" into library xil_defaultlib
INFO: [VRFC 10-311] analyzing module mul_cel
INFO: [VRFC 10-2263] Analyzing Verilog file "C:/Hung/Viettel/Stage2/ML-KEM/mul_poly/mul_poly.v" into library xil_defaultlib
INFO: [VRFC 10-311] analyzing module mul_poly
INFO: [VRFC 10-2263] Analyzing Verilog file "C:/Hung/Viettel/Stage2/ML-KEM/mul_poly/mul_poly_matrix.v" into library xil_defaultlib
INFO: [VRFC 10-311] analyzing module mul_poly_matrix
INFO: [VRFC 10-2263] Analyzing Verilog file "C:/Hung/Viettel/Stage2/ML-KEM/mul_poly/tb_mul_poly_matrix.v" into library xil_defaultlib
INFO: [VRFC 10-311] analyzing module tb_mul_poly_matrix
INFO: [USF-XSim-69] 'compile' step finished in '1' seconds
Command: launch_simulation -step elaborate -simset sim_1 -mode behavioral
INFO: [Vivado 12-12493] Simulation top is 'tb_mul_poly_matrix'
WARNING: [Vivado 12-13340] Unable to auto find GCC executables from simulator install path! (path not set)
WARNING: [Vivado 12-13277] Compiled library path does not exist: ''
INFO: [Vivado 12-5682] Launching behavioral simulation in 'C:/Hung/Viettel/Stage2/ML-KEM/mul_poly/mul_matrix/mul_matrix.sim/sim_1/behav/xsim'
INFO: [SIM-utils-51] Simulation object is 'sim_1'
INFO: [USF-XSim-3] XSim::Elaborate design
INFO: [USF-XSim-61] Executing 'ELABORATE' step in 'C:/Hung/Viettel/Stage2/ML-KEM/mul_poly/mul_matrix/mul_matrix.sim/sim_1/behav/xsim'
"xelab --incr --debug typical --relax --mt 2 -L xil_defaultlib -L unisims_ver -L unimacro_ver -L secureip --snapshot tb_mul_poly_matrix_behav xil_defaultlib.tb_mul_poly_matrix xil_defaultlib.glbl -log elaborate.log"
Vivado Simulator v2022.2.2
Copyright 1986-1999, 2001-2022 Xilinx, Inc. All Rights Reserved.
Running: C:/Xilinx/Vivado/2022.2/bin/unwrapped/win64.o/xelab.exe --incr --debug typical --relax --mt 2 -L xil_defaultlib -L unisims_ver -L unimacro_ver -L secureip --snapshot tb_mul_poly_matrix_behav xil_defaultlib.tb_mul_poly_matrix xil_defaultlib.glbl -log elaborate.log 
Using 2 slave threads.
Starting static elaboration
Pass Through NonSizing Optimizer
Completed static elaboration
Starting simulation data flow analysis
Completed simulation data flow analysis
Time Resolution for simulation is 1ps
Compiling module xil_defaultlib.add_cell_default
Compiling module xil_defaultlib.barret
Compiling module xil_defaultlib.Rom_mul
Compiling module xil_defaultlib.fulladder
Compiling module xil_defaultlib.csa(WIDTH=26)
Compiling module xil_defaultlib.BoothDecode
Compiling module xil_defaultlib.mul_12bit
Compiling module xil_defaultlib.mul_poly
Compiling module xil_defaultlib.mul_poly_matrix
Compiling module xil_defaultlib.mul_cel_default
Compiling module xil_defaultlib.tb_mul_poly_matrix
Compiling module xil_defaultlib.glbl
Built simulation snapshot tb_mul_poly_matrix_behav
INFO: [USF-XSim-69] 'elaborate' step finished in '3' seconds
Time resolution is 1 ps
               a: c0a 2ce 36f 1d6 963 8a1 af7 33e 10c 544 10f be7 8cb 661 893 87a
               b: aca 3ce 0b5 5da c35 390 525 3d5 99e c4d 765 3d1 cc2 311 056 75a
             res: b2c c66 b3f a96 237 c79 02e 235 06c c74 968 a6d 34d 59d 179 233
expect r12..r15 = {b65, 967, c71, 6a7}
got    r12..r15 = {34d, 59d, 179, 233}
FAIL
$finish called at time : 232500 ps : File "C:/Hung/Viettel/Stage2/ML-KEM/mul_poly/tb_mul_poly_matrix.v" Line 116
relaunch_sim: Time (s): cpu = 00:00:00 ; elapsed = 00:00:07 . Memory (MB): peak = 2087.770 ; gain = 0.000
relaunch_sim
Command: launch_simulation -step compile -simset sim_1 -mode behavioral
INFO: [Vivado 12-12493] Simulation top is 'tb_mul_poly_matrix'
WARNING: [Vivado 12-13340] Unable to auto find GCC executables from simulator install path! (path not set)
WARNING: [Vivado 12-13277] Compiled library path does not exist: ''
INFO: [Vivado 12-5682] Launching behavioral simulation in 'C:/Hung/Viettel/Stage2/ML-KEM/mul_poly/mul_matrix/mul_matrix.sim/sim_1/behav/xsim'
INFO: [SIM-utils-51] Simulation object is 'sim_1'
INFO: [USF-XSim-2] XSim::Compile design
INFO: [USF-XSim-61] Executing 'COMPILE and ANALYZE' step in 'C:/Hung/Viettel/Stage2/ML-KEM/mul_poly/mul_matrix/mul_matrix.sim/sim_1/behav/xsim'
"xvlog --incr --relax -prj tb_mul_poly_matrix_vlog.prj"
INFO: [VRFC 10-2263] Analyzing Verilog file "C:/Hung/Viettel/Stage2/ML-KEM/mul_poly/BoothDecode.v" into library xil_defaultlib
INFO: [VRFC 10-311] analyzing module BoothDecode
INFO: [VRFC 10-2263] Analyzing Verilog file "C:/Hung/Viettel/Stage2/ML-KEM/mul_poly/Rom_mul.v" into library xil_defaultlib
INFO: [VRFC 10-311] analyzing module Rom_mul
INFO: [VRFC 10-2263] Analyzing Verilog file "C:/Hung/Viettel/Stage2/ML-KEM/mul_poly/add_cell.v" into library xil_defaultlib
INFO: [VRFC 10-311] analyzing module add_cell
INFO: [VRFC 10-2263] Analyzing Verilog file "C:/Hung/Viettel/Stage2/ML-KEM/NTT/barret.v" into library xil_defaultlib
INFO: [VRFC 10-311] analyzing module barret
INFO: [VRFC 10-2263] Analyzing Verilog file "C:/Hung/Viettel/Stage2/ML-KEM/mul_poly/csa.v" into library xil_defaultlib
INFO: [VRFC 10-311] analyzing module csa
INFO: [VRFC 10-311] analyzing module fulladder
INFO: [VRFC 10-2263] Analyzing Verilog file "C:/Hung/Viettel/Stage2/ML-KEM/mul_poly/mul_12bit.v" into library xil_defaultlib
INFO: [VRFC 10-311] analyzing module mul_12bit
INFO: [VRFC 10-2263] Analyzing Verilog file "C:/Hung/Viettel/Stage2/ML-KEM/mul_poly/mul_cell.v" into library xil_defaultlib
INFO: [VRFC 10-311] analyzing module mul_cel
INFO: [VRFC 10-2263] Analyzing Verilog file "C:/Hung/Viettel/Stage2/ML-KEM/mul_poly/mul_poly.v" into library xil_defaultlib
INFO: [VRFC 10-311] analyzing module mul_poly
INFO: [VRFC 10-2263] Analyzing Verilog file "C:/Hung/Viettel/Stage2/ML-KEM/mul_poly/mul_poly_matrix.v" into library xil_defaultlib
INFO: [VRFC 10-311] analyzing module mul_poly_matrix
INFO: [VRFC 10-2263] Analyzing Verilog file "C:/Hung/Viettel/Stage2/ML-KEM/mul_poly/tb_mul_poly_matrix.v" into library xil_defaultlib
INFO: [VRFC 10-311] analyzing module tb_mul_poly_matrix
INFO: [USF-XSim-69] 'compile' step finished in '2' seconds
Command: launch_simulation -step elaborate -simset sim_1 -mode behavioral
INFO: [Vivado 12-12493] Simulation top is 'tb_mul_poly_matrix'
WARNING: [Vivado 12-13340] Unable to auto find GCC executables from simulator install path! (path not set)
WARNING: [Vivado 12-13277] Compiled library path does not exist: ''
INFO: [Vivado 12-5682] Launching behavioral simulation in 'C:/Hung/Viettel/Stage2/ML-KEM/mul_poly/mul_matrix/mul_matrix.sim/sim_1/behav/xsim'
INFO: [SIM-utils-51] Simulation object is 'sim_1'
INFO: [USF-XSim-3] XSim::Elaborate design
INFO: [USF-XSim-61] Executing 'ELABORATE' step in 'C:/Hung/Viettel/Stage2/ML-KEM/mul_poly/mul_matrix/mul_matrix.sim/sim_1/behav/xsim'
"xelab --incr --debug typical --relax --mt 2 -L xil_defaultlib -L unisims_ver -L unimacro_ver -L secureip --snapshot tb_mul_poly_matrix_behav xil_defaultlib.tb_mul_poly_matrix xil_defaultlib.glbl -log elaborate.log"
Vivado Simulator v2022.2.2
Copyright 1986-1999, 2001-2022 Xilinx, Inc. All Rights Reserved.
Running: C:/Xilinx/Vivado/2022.2/bin/unwrapped/win64.o/xelab.exe --incr --debug typical --relax --mt 2 -L xil_defaultlib -L unisims_ver -L unimacro_ver -L secureip --snapshot tb_mul_poly_matrix_behav xil_defaultlib.tb_mul_poly_matrix xil_defaultlib.glbl -log elaborate.log 
Using 2 slave threads.
Starting static elaboration
Pass Through NonSizing Optimizer
Completed static elaboration
Starting simulation data flow analysis
Completed simulation data flow analysis
Time Resolution for simulation is 1ps
Compiling module xil_defaultlib.add_cell_default
Compiling module xil_defaultlib.barret
Compiling module xil_defaultlib.Rom_mul
Compiling module xil_defaultlib.fulladder
Compiling module xil_defaultlib.csa(WIDTH=26)
Compiling module xil_defaultlib.BoothDecode
Compiling module xil_defaultlib.mul_12bit
Compiling module xil_defaultlib.mul_poly
Compiling module xil_defaultlib.mul_poly_matrix
Compiling module xil_defaultlib.mul_cel_default
Compiling module xil_defaultlib.tb_mul_poly_matrix
Compiling module xil_defaultlib.glbl
Built simulation snapshot tb_mul_poly_matrix_behav
INFO: [USF-XSim-69] 'elaborate' step finished in '3' seconds
Time resolution is 1 ps
               a: c0a 2ce 36f 1d6 963 8a1 af7 33e 10c 544 10f be7 8cb 661 893 87a
               b: aca 3ce 0b5 5da c35 390 525 3d5 99e c4d 765 3d1 cc2 311 056 75a
             res: b2c c66 b3f a96 237 c79 02e 235 06c c74 968 a6d 34d 59d 475 233
expect r12..r15 = {b65, 967, c71, 6a7}
got    r12..r15 = {34d, 59d, 475, 233}
FAIL
$finish called at time : 232500 ps : File "C:/Hung/Viettel/Stage2/ML-KEM/mul_poly/tb_mul_poly_matrix.v" Line 116
relaunch_sim: Time (s): cpu = 00:00:01 ; elapsed = 00:00:07 . Memory (MB): peak = 2087.770 ; gain = 0.000
relaunch_sim
Command: launch_simulation -step compile -simset sim_1 -mode behavioral
INFO: [Vivado 12-12493] Simulation top is 'tb_mul_poly_matrix'
WARNING: [Vivado 12-13340] Unable to auto find GCC executables from simulator install path! (path not set)
WARNING: [Vivado 12-13277] Compiled library path does not exist: ''
INFO: [Vivado 12-5682] Launching behavioral simulation in 'C:/Hung/Viettel/Stage2/ML-KEM/mul_poly/mul_matrix/mul_matrix.sim/sim_1/behav/xsim'
INFO: [SIM-utils-51] Simulation object is 'sim_1'
INFO: [USF-XSim-2] XSim::Compile design
INFO: [USF-XSim-61] Executing 'COMPILE and ANALYZE' step in 'C:/Hung/Viettel/Stage2/ML-KEM/mul_poly/mul_matrix/mul_matrix.sim/sim_1/behav/xsim'
"xvlog --incr --relax -prj tb_mul_poly_matrix_vlog.prj"
INFO: [VRFC 10-2263] Analyzing Verilog file "C:/Hung/Viettel/Stage2/ML-KEM/mul_poly/BoothDecode.v" into library xil_defaultlib
INFO: [VRFC 10-311] analyzing module BoothDecode
INFO: [VRFC 10-2263] Analyzing Verilog file "C:/Hung/Viettel/Stage2/ML-KEM/mul_poly/Rom_mul.v" into library xil_defaultlib
INFO: [VRFC 10-311] analyzing module Rom_mul
INFO: [VRFC 10-2263] Analyzing Verilog file "C:/Hung/Viettel/Stage2/ML-KEM/mul_poly/add_cell.v" into library xil_defaultlib
INFO: [VRFC 10-311] analyzing module add_cell
INFO: [VRFC 10-2263] Analyzing Verilog file "C:/Hung/Viettel/Stage2/ML-KEM/NTT/barret.v" into library xil_defaultlib
INFO: [VRFC 10-311] analyzing module barret
INFO: [VRFC 10-2263] Analyzing Verilog file "C:/Hung/Viettel/Stage2/ML-KEM/mul_poly/csa.v" into library xil_defaultlib
INFO: [VRFC 10-311] analyzing module csa
INFO: [VRFC 10-311] analyzing module fulladder
INFO: [VRFC 10-2263] Analyzing Verilog file "C:/Hung/Viettel/Stage2/ML-KEM/mul_poly/mul_12bit.v" into library xil_defaultlib
INFO: [VRFC 10-311] analyzing module mul_12bit
INFO: [VRFC 10-2263] Analyzing Verilog file "C:/Hung/Viettel/Stage2/ML-KEM/mul_poly/mul_cell.v" into library xil_defaultlib
INFO: [VRFC 10-311] analyzing module mul_cel
INFO: [VRFC 10-2263] Analyzing Verilog file "C:/Hung/Viettel/Stage2/ML-KEM/mul_poly/mul_poly.v" into library xil_defaultlib
INFO: [VRFC 10-311] analyzing module mul_poly
INFO: [VRFC 10-2263] Analyzing Verilog file "C:/Hung/Viettel/Stage2/ML-KEM/mul_poly/mul_poly_matrix.v" into library xil_defaultlib
INFO: [VRFC 10-311] analyzing module mul_poly_matrix
INFO: [VRFC 10-2263] Analyzing Verilog file "C:/Hung/Viettel/Stage2/ML-KEM/mul_poly/tb_mul_poly_matrix.v" into library xil_defaultlib
INFO: [VRFC 10-311] analyzing module tb_mul_poly_matrix
INFO: [USF-XSim-69] 'compile' step finished in '1' seconds
Command: launch_simulation -step elaborate -simset sim_1 -mode behavioral
INFO: [Vivado 12-12493] Simulation top is 'tb_mul_poly_matrix'
WARNING: [Vivado 12-13340] Unable to auto find GCC executables from simulator install path! (path not set)
WARNING: [Vivado 12-13277] Compiled library path does not exist: ''
INFO: [Vivado 12-5682] Launching behavioral simulation in 'C:/Hung/Viettel/Stage2/ML-KEM/mul_poly/mul_matrix/mul_matrix.sim/sim_1/behav/xsim'
INFO: [SIM-utils-51] Simulation object is 'sim_1'
INFO: [USF-XSim-3] XSim::Elaborate design
INFO: [USF-XSim-61] Executing 'ELABORATE' step in 'C:/Hung/Viettel/Stage2/ML-KEM/mul_poly/mul_matrix/mul_matrix.sim/sim_1/behav/xsim'
"xelab --incr --debug typical --relax --mt 2 -L xil_defaultlib -L unisims_ver -L unimacro_ver -L secureip --snapshot tb_mul_poly_matrix_behav xil_defaultlib.tb_mul_poly_matrix xil_defaultlib.glbl -log elaborate.log"
Vivado Simulator v2022.2.2
Copyright 1986-1999, 2001-2022 Xilinx, Inc. All Rights Reserved.
Running: C:/Xilinx/Vivado/2022.2/bin/unwrapped/win64.o/xelab.exe --incr --debug typical --relax --mt 2 -L xil_defaultlib -L unisims_ver -L unimacro_ver -L secureip --snapshot tb_mul_poly_matrix_behav xil_defaultlib.tb_mul_poly_matrix xil_defaultlib.glbl -log elaborate.log 
Using 2 slave threads.
Starting static elaboration
Pass Through NonSizing Optimizer
Completed static elaboration
Starting simulation data flow analysis
Completed simulation data flow analysis
Time Resolution for simulation is 1ps
Compiling module xil_defaultlib.add_cell_default
Compiling module xil_defaultlib.barret
Compiling module xil_defaultlib.Rom_mul
Compiling module xil_defaultlib.fulladder
Compiling module xil_defaultlib.csa(WIDTH=26)
Compiling module xil_defaultlib.BoothDecode
Compiling module xil_defaultlib.mul_12bit
Compiling module xil_defaultlib.mul_poly
Compiling module xil_defaultlib.mul_poly_matrix
Compiling module xil_defaultlib.mul_cel_default
Compiling module xil_defaultlib.tb_mul_poly_matrix
Compiling module xil_defaultlib.glbl
Built simulation snapshot tb_mul_poly_matrix_behav
INFO: [USF-XSim-69] 'elaborate' step finished in '3' seconds
Time resolution is 1 ps
               a: c0a 2ce 36f 1d6 963 8a1 af7 33e 10c 544 10f be7 8cb 661 893 87a
               b: aca 3ce 0b5 5da c35 390 525 3d5 99e c4d 765 3d1 cc2 311 056 75a
             res: 8a7 c66 853 a96 c17 c79 18b 235 a11 c74 8b1 a6d 714 59d 475 233
expect r12..r15 = {b65, 967, c71, 6a7}
got    r12..r15 = {714, 59d, 475, 233}
FAIL
$finish called at time : 232500 ps : File "C:/Hung/Viettel/Stage2/ML-KEM/mul_poly/tb_mul_poly_matrix.v" Line 116
relaunch_sim: Time (s): cpu = 00:00:00 ; elapsed = 00:00:07 . Memory (MB): peak = 2087.770 ; gain = 0.000
relaunch_sim
Command: launch_simulation -step compile -simset sim_1 -mode behavioral
INFO: [Vivado 12-12493] Simulation top is 'tb_mul_poly_matrix'
WARNING: [Vivado 12-13340] Unable to auto find GCC executables from simulator install path! (path not set)
WARNING: [Vivado 12-13277] Compiled library path does not exist: ''
INFO: [Vivado 12-5682] Launching behavioral simulation in 'C:/Hung/Viettel/Stage2/ML-KEM/mul_poly/mul_matrix/mul_matrix.sim/sim_1/behav/xsim'
INFO: [SIM-utils-51] Simulation object is 'sim_1'
INFO: [USF-XSim-2] XSim::Compile design
INFO: [USF-XSim-61] Executing 'COMPILE and ANALYZE' step in 'C:/Hung/Viettel/Stage2/ML-KEM/mul_poly/mul_matrix/mul_matrix.sim/sim_1/behav/xsim'
"xvlog --incr --relax -prj tb_mul_poly_matrix_vlog.prj"
INFO: [VRFC 10-2263] Analyzing Verilog file "C:/Hung/Viettel/Stage2/ML-KEM/mul_poly/BoothDecode.v" into library xil_defaultlib
INFO: [VRFC 10-311] analyzing module BoothDecode
INFO: [VRFC 10-2263] Analyzing Verilog file "C:/Hung/Viettel/Stage2/ML-KEM/mul_poly/Rom_mul.v" into library xil_defaultlib
INFO: [VRFC 10-311] analyzing module Rom_mul
INFO: [VRFC 10-2263] Analyzing Verilog file "C:/Hung/Viettel/Stage2/ML-KEM/mul_poly/add_cell.v" into library xil_defaultlib
INFO: [VRFC 10-311] analyzing module add_cell
INFO: [VRFC 10-2263] Analyzing Verilog file "C:/Hung/Viettel/Stage2/ML-KEM/NTT/barret.v" into library xil_defaultlib
INFO: [VRFC 10-311] analyzing module barret
INFO: [VRFC 10-2263] Analyzing Verilog file "C:/Hung/Viettel/Stage2/ML-KEM/mul_poly/csa.v" into library xil_defaultlib
INFO: [VRFC 10-311] analyzing module csa
INFO: [VRFC 10-311] analyzing module fulladder
INFO: [VRFC 10-2263] Analyzing Verilog file "C:/Hung/Viettel/Stage2/ML-KEM/mul_poly/mul_12bit.v" into library xil_defaultlib
INFO: [VRFC 10-311] analyzing module mul_12bit
INFO: [VRFC 10-2263] Analyzing Verilog file "C:/Hung/Viettel/Stage2/ML-KEM/mul_poly/mul_cell.v" into library xil_defaultlib
INFO: [VRFC 10-311] analyzing module mul_cel
INFO: [VRFC 10-2263] Analyzing Verilog file "C:/Hung/Viettel/Stage2/ML-KEM/mul_poly/mul_poly.v" into library xil_defaultlib
INFO: [VRFC 10-311] analyzing module mul_poly
INFO: [VRFC 10-2263] Analyzing Verilog file "C:/Hung/Viettel/Stage2/ML-KEM/mul_poly/mul_poly_matrix.v" into library xil_defaultlib
INFO: [VRFC 10-311] analyzing module mul_poly_matrix
INFO: [VRFC 10-2263] Analyzing Verilog file "C:/Hung/Viettel/Stage2/ML-KEM/mul_poly/tb_mul_poly_matrix.v" into library xil_defaultlib
INFO: [VRFC 10-311] analyzing module tb_mul_poly_matrix
INFO: [USF-XSim-69] 'compile' step finished in '1' seconds
Command: launch_simulation -step elaborate -simset sim_1 -mode behavioral
INFO: [Vivado 12-12493] Simulation top is 'tb_mul_poly_matrix'
WARNING: [Vivado 12-13340] Unable to auto find GCC executables from simulator install path! (path not set)
WARNING: [Vivado 12-13277] Compiled library path does not exist: ''
INFO: [Vivado 12-5682] Launching behavioral simulation in 'C:/Hung/Viettel/Stage2/ML-KEM/mul_poly/mul_matrix/mul_matrix.sim/sim_1/behav/xsim'
INFO: [SIM-utils-51] Simulation object is 'sim_1'
INFO: [USF-XSim-3] XSim::Elaborate design
INFO: [USF-XSim-61] Executing 'ELABORATE' step in 'C:/Hung/Viettel/Stage2/ML-KEM/mul_poly/mul_matrix/mul_matrix.sim/sim_1/behav/xsim'
"xelab --incr --debug typical --relax --mt 2 -L xil_defaultlib -L unisims_ver -L unimacro_ver -L secureip --snapshot tb_mul_poly_matrix_behav xil_defaultlib.tb_mul_poly_matrix xil_defaultlib.glbl -log elaborate.log"
Vivado Simulator v2022.2.2
Copyright 1986-1999, 2001-2022 Xilinx, Inc. All Rights Reserved.
Running: C:/Xilinx/Vivado/2022.2/bin/unwrapped/win64.o/xelab.exe --incr --debug typical --relax --mt 2 -L xil_defaultlib -L unisims_ver -L unimacro_ver -L secureip --snapshot tb_mul_poly_matrix_behav xil_defaultlib.tb_mul_poly_matrix xil_defaultlib.glbl -log elaborate.log 
Using 2 slave threads.
Starting static elaboration
Pass Through NonSizing Optimizer
Completed static elaboration
Starting simulation data flow analysis
Completed simulation data flow analysis
Time Resolution for simulation is 1ps
Compiling module xil_defaultlib.add_cell_default
Compiling module xil_defaultlib.barret
Compiling module xil_defaultlib.Rom_mul
Compiling module xil_defaultlib.fulladder
Compiling module xil_defaultlib.csa(WIDTH=26)
Compiling module xil_defaultlib.BoothDecode
Compiling module xil_defaultlib.mul_12bit
Compiling module xil_defaultlib.mul_poly
Compiling module xil_defaultlib.mul_poly_matrix
Compiling module xil_defaultlib.mul_cel_default
Compiling module xil_defaultlib.tb_mul_poly_matrix
Compiling module xil_defaultlib.glbl
Built simulation snapshot tb_mul_poly_matrix_behav
INFO: [USF-XSim-69] 'elaborate' step finished in '3' seconds
Time resolution is 1 ps
               a: c0a 2ce 36f 1d6 963 8a1 af7 33e 10c 544 10f be7 8cb 661 893 87a
               b: aca 3ce 0b5 5da c35 390 525 3d5 99e c4d 765 3d1 cc2 311 056 75a
             res: c66 8a7 a96 853 c79 c17 235 18b c74 a11 a6d 8b1 59d 714 233 475
expect r12..r15 = {b65, 967, c71, 6a7}
got    r12..r15 = {59d, 714, 233, 475}
FAIL
$finish called at time : 232500 ps : File "C:/Hung/Viettel/Stage2/ML-KEM/mul_poly/tb_mul_poly_matrix.v" Line 116
relaunch_sim: Time (s): cpu = 00:00:01 ; elapsed = 00:00:08 . Memory (MB): peak = 2087.770 ; gain = 0.000
relaunch_sim
Command: launch_simulation -step compile -simset sim_1 -mode behavioral
INFO: [Vivado 12-12493] Simulation top is 'tb_mul_poly_matrix'
WARNING: [Vivado 12-13340] Unable to auto find GCC executables from simulator install path! (path not set)
WARNING: [Vivado 12-13277] Compiled library path does not exist: ''
INFO: [Vivado 12-5682] Launching behavioral simulation in 'C:/Hung/Viettel/Stage2/ML-KEM/mul_poly/mul_matrix/mul_matrix.sim/sim_1/behav/xsim'
INFO: [SIM-utils-51] Simulation object is 'sim_1'
INFO: [USF-XSim-2] XSim::Compile design
INFO: [USF-XSim-61] Executing 'COMPILE and ANALYZE' step in 'C:/Hung/Viettel/Stage2/ML-KEM/mul_poly/mul_matrix/mul_matrix.sim/sim_1/behav/xsim'
"xvlog --incr --relax -prj tb_mul_poly_matrix_vlog.prj"
INFO: [VRFC 10-2263] Analyzing Verilog file "C:/Hung/Viettel/Stage2/ML-KEM/mul_poly/BoothDecode.v" into library xil_defaultlib
INFO: [VRFC 10-311] analyzing module BoothDecode
INFO: [VRFC 10-2263] Analyzing Verilog file "C:/Hung/Viettel/Stage2/ML-KEM/mul_poly/Rom_mul.v" into library xil_defaultlib
INFO: [VRFC 10-311] analyzing module Rom_mul
INFO: [VRFC 10-2263] Analyzing Verilog file "C:/Hung/Viettel/Stage2/ML-KEM/mul_poly/add_cell.v" into library xil_defaultlib
INFO: [VRFC 10-311] analyzing module add_cell
INFO: [VRFC 10-2263] Analyzing Verilog file "C:/Hung/Viettel/Stage2/ML-KEM/NTT/barret.v" into library xil_defaultlib
INFO: [VRFC 10-311] analyzing module barret
INFO: [VRFC 10-2263] Analyzing Verilog file "C:/Hung/Viettel/Stage2/ML-KEM/mul_poly/csa.v" into library xil_defaultlib
INFO: [VRFC 10-311] analyzing module csa
INFO: [VRFC 10-311] analyzing module fulladder
INFO: [VRFC 10-2263] Analyzing Verilog file "C:/Hung/Viettel/Stage2/ML-KEM/mul_poly/mul_12bit.v" into library xil_defaultlib
INFO: [VRFC 10-311] analyzing module mul_12bit
INFO: [VRFC 10-2263] Analyzing Verilog file "C:/Hung/Viettel/Stage2/ML-KEM/mul_poly/mul_cell.v" into library xil_defaultlib
INFO: [VRFC 10-311] analyzing module mul_cel
INFO: [VRFC 10-2263] Analyzing Verilog file "C:/Hung/Viettel/Stage2/ML-KEM/mul_poly/mul_poly.v" into library xil_defaultlib
INFO: [VRFC 10-311] analyzing module mul_poly
INFO: [VRFC 10-2263] Analyzing Verilog file "C:/Hung/Viettel/Stage2/ML-KEM/mul_poly/mul_poly_matrix.v" into library xil_defaultlib
INFO: [VRFC 10-311] analyzing module mul_poly_matrix
INFO: [VRFC 10-2263] Analyzing Verilog file "C:/Hung/Viettel/Stage2/ML-KEM/mul_poly/tb_mul_poly_matrix.v" into library xil_defaultlib
INFO: [VRFC 10-311] analyzing module tb_mul_poly_matrix
INFO: [USF-XSim-69] 'compile' step finished in '1' seconds
Command: launch_simulation -step elaborate -simset sim_1 -mode behavioral
INFO: [Vivado 12-12493] Simulation top is 'tb_mul_poly_matrix'
WARNING: [Vivado 12-13340] Unable to auto find GCC executables from simulator install path! (path not set)
WARNING: [Vivado 12-13277] Compiled library path does not exist: ''
INFO: [Vivado 12-5682] Launching behavioral simulation in 'C:/Hung/Viettel/Stage2/ML-KEM/mul_poly/mul_matrix/mul_matrix.sim/sim_1/behav/xsim'
INFO: [SIM-utils-51] Simulation object is 'sim_1'
INFO: [USF-XSim-3] XSim::Elaborate design
INFO: [USF-XSim-61] Executing 'ELABORATE' step in 'C:/Hung/Viettel/Stage2/ML-KEM/mul_poly/mul_matrix/mul_matrix.sim/sim_1/behav/xsim'
"xelab --incr --debug typical --relax --mt 2 -L xil_defaultlib -L unisims_ver -L unimacro_ver -L secureip --snapshot tb_mul_poly_matrix_behav xil_defaultlib.tb_mul_poly_matrix xil_defaultlib.glbl -log elaborate.log"
Vivado Simulator v2022.2.2
Copyright 1986-1999, 2001-2022 Xilinx, Inc. All Rights Reserved.
Running: C:/Xilinx/Vivado/2022.2/bin/unwrapped/win64.o/xelab.exe --incr --debug typical --relax --mt 2 -L xil_defaultlib -L unisims_ver -L unimacro_ver -L secureip --snapshot tb_mul_poly_matrix_behav xil_defaultlib.tb_mul_poly_matrix xil_defaultlib.glbl -log elaborate.log 
Using 2 slave threads.
Starting static elaboration
Pass Through NonSizing Optimizer
Completed static elaboration
Starting simulation data flow analysis
Completed simulation data flow analysis
Time Resolution for simulation is 1ps
Compiling module xil_defaultlib.add_cell_default
Compiling module xil_defaultlib.barret
Compiling module xil_defaultlib.Rom_mul
Compiling module xil_defaultlib.fulladder
Compiling module xil_defaultlib.csa(WIDTH=26)
Compiling module xil_defaultlib.BoothDecode
Compiling module xil_defaultlib.mul_12bit
Compiling module xil_defaultlib.mul_poly
Compiling module xil_defaultlib.mul_poly_matrix
Compiling module xil_defaultlib.mul_cel_default
Compiling module xil_defaultlib.tb_mul_poly_matrix
Compiling module xil_defaultlib.glbl
Built simulation snapshot tb_mul_poly_matrix_behav
INFO: [USF-XSim-69] 'elaborate' step finished in '3' seconds
Time resolution is 1 ps
               a: c0a 2ce 36f 1d6 963 8a1 af7 33e 10c 544 10f be7 8cb 661 893 87a
               b: aca 3ce 0b5 5da c35 390 525 3d5 99e c4d 765 3d1 cc2 311 056 75a
             res: c66 8a7 a96 c08 c79 7bb 235 b4d c74 499 a6d cb0 59d 5aa 233 475
expect r12..r15 = {b65, 967, c71, 6a7}
got    r12..r15 = {59d, 5aa, 233, 475}
FAIL
$finish called at time : 232500 ps : File "C:/Hung/Viettel/Stage2/ML-KEM/mul_poly/tb_mul_poly_matrix.v" Line 116
relaunch_sim: Time (s): cpu = 00:00:02 ; elapsed = 00:00:07 . Memory (MB): peak = 2087.770 ; gain = 0.000
current_wave_config {tb_mul_12bit_behav.wcfg}
C:/Hung/Viettel/Stage2/ML-KEM/mul_poly/mul_matrix/tb_mul_12bit_behav.wcfg
add_wave {{/tb_mul_poly_matrix/dut/mul_poly_matrix_inst/u_mul3}} 
current_wave_config {tb_mul_12bit_behav.wcfg}
C:/Hung/Viettel/Stage2/ML-KEM/mul_poly/mul_matrix/tb_mul_12bit_behav.wcfg
add_wave {{/tb_mul_poly_matrix/dut/mul_poly_matrix_inst/u_mul3}} 
save_wave_config {C:/Hung/Viettel/Stage2/ML-KEM/mul_poly/mul_matrix/tb_mul_12bit_behav.wcfg}
relaunch_sim
Command: launch_simulation -step compile -simset sim_1 -mode behavioral
INFO: [Vivado 12-12493] Simulation top is 'tb_mul_poly_matrix'
WARNING: [Vivado 12-13340] Unable to auto find GCC executables from simulator install path! (path not set)
WARNING: [Vivado 12-13277] Compiled library path does not exist: ''
INFO: [Vivado 12-5682] Launching behavioral simulation in 'C:/Hung/Viettel/Stage2/ML-KEM/mul_poly/mul_matrix/mul_matrix.sim/sim_1/behav/xsim'
INFO: [SIM-utils-51] Simulation object is 'sim_1'
INFO: [USF-XSim-2] XSim::Compile design
INFO: [USF-XSim-61] Executing 'COMPILE and ANALYZE' step in 'C:/Hung/Viettel/Stage2/ML-KEM/mul_poly/mul_matrix/mul_matrix.sim/sim_1/behav/xsim'
"xvlog --incr --relax -prj tb_mul_poly_matrix_vlog.prj"
INFO: [USF-XSim-69] 'compile' step finished in '1' seconds
Command: launch_simulation -step elaborate -simset sim_1 -mode behavioral
INFO: [Vivado 12-12493] Simulation top is 'tb_mul_poly_matrix'
WARNING: [Vivado 12-13340] Unable to auto find GCC executables from simulator install path! (path not set)
WARNING: [Vivado 12-13277] Compiled library path does not exist: ''
INFO: [Vivado 12-5682] Launching behavioral simulation in 'C:/Hung/Viettel/Stage2/ML-KEM/mul_poly/mul_matrix/mul_matrix.sim/sim_1/behav/xsim'
INFO: [SIM-utils-51] Simulation object is 'sim_1'
INFO: [USF-XSim-3] XSim::Elaborate design
INFO: [USF-XSim-61] Executing 'ELABORATE' step in 'C:/Hung/Viettel/Stage2/ML-KEM/mul_poly/mul_matrix/mul_matrix.sim/sim_1/behav/xsim'
"xelab --incr --debug typical --relax --mt 2 -L xil_defaultlib -L unisims_ver -L unimacro_ver -L secureip --snapshot tb_mul_poly_matrix_behav xil_defaultlib.tb_mul_poly_matrix xil_defaultlib.glbl -log elaborate.log"
Vivado Simulator v2022.2.2
Copyright 1986-1999, 2001-2022 Xilinx, Inc. All Rights Reserved.
Running: C:/Xilinx/Vivado/2022.2/bin/unwrapped/win64.o/xelab.exe --incr --debug typical --relax --mt 2 -L xil_defaultlib -L unisims_ver -L unimacro_ver -L secureip --snapshot tb_mul_poly_matrix_behav xil_defaultlib.tb_mul_poly_matrix xil_defaultlib.glbl -log elaborate.log 
Using 2 slave threads.
Starting static elaboration
Pass Through NonSizing Optimizer
Completed static elaboration
INFO: [XSIM 43-4323] No Change in HDL. Linking previously generated obj files to create kernel
INFO: [USF-XSim-69] 'elaborate' step finished in '2' seconds
Time resolution is 1 ps
               a: c0a 2ce 36f 1d6 963 8a1 af7 33e 10c 544 10f be7 8cb 661 893 87a
               b: aca 3ce 0b5 5da c35 390 525 3d5 99e c4d 765 3d1 cc2 311 056 75a
             res: c66 8a7 a96 c08 c79 7bb 235 b4d c74 499 a6d cb0 59d 5aa 233 475
expect r12..r15 = {b65, 967, c71, 6a7}
got    r12..r15 = {59d, 5aa, 233, 475}
FAIL
$finish called at time : 232500 ps : File "C:/Hung/Viettel/Stage2/ML-KEM/mul_poly/tb_mul_poly_matrix.v" Line 116
relaunch_sim: Time (s): cpu = 00:00:01 ; elapsed = 00:00:05 . Memory (MB): peak = 2087.770 ; gain = 0.000
save_wave_config {C:/Hung/Viettel/Stage2/ML-KEM/mul_poly/mul_matrix/tb_mul_12bit_behav.wcfg}
relaunch_sim
Command: launch_simulation -step compile -simset sim_1 -mode behavioral
INFO: [Vivado 12-12493] Simulation top is 'tb_mul_poly_matrix'
WARNING: [Vivado 12-13340] Unable to auto find GCC executables from simulator install path! (path not set)
WARNING: [Vivado 12-13277] Compiled library path does not exist: ''
INFO: [Vivado 12-5682] Launching behavioral simulation in 'C:/Hung/Viettel/Stage2/ML-KEM/mul_poly/mul_matrix/mul_matrix.sim/sim_1/behav/xsim'
INFO: [SIM-utils-51] Simulation object is 'sim_1'
INFO: [USF-XSim-2] XSim::Compile design
INFO: [USF-XSim-61] Executing 'COMPILE and ANALYZE' step in 'C:/Hung/Viettel/Stage2/ML-KEM/mul_poly/mul_matrix/mul_matrix.sim/sim_1/behav/xsim'
"xvlog --incr --relax -prj tb_mul_poly_matrix_vlog.prj"
INFO: [VRFC 10-2263] Analyzing Verilog file "C:/Hung/Viettel/Stage2/ML-KEM/mul_poly/BoothDecode.v" into library xil_defaultlib
INFO: [VRFC 10-311] analyzing module BoothDecode
INFO: [VRFC 10-2263] Analyzing Verilog file "C:/Hung/Viettel/Stage2/ML-KEM/mul_poly/Rom_mul.v" into library xil_defaultlib
INFO: [VRFC 10-311] analyzing module Rom_mul
INFO: [VRFC 10-2263] Analyzing Verilog file "C:/Hung/Viettel/Stage2/ML-KEM/mul_poly/add_cell.v" into library xil_defaultlib
INFO: [VRFC 10-311] analyzing module add_cell
INFO: [VRFC 10-2263] Analyzing Verilog file "C:/Hung/Viettel/Stage2/ML-KEM/NTT/barret.v" into library xil_defaultlib
INFO: [VRFC 10-311] analyzing module barret
INFO: [VRFC 10-2263] Analyzing Verilog file "C:/Hung/Viettel/Stage2/ML-KEM/mul_poly/csa.v" into library xil_defaultlib
INFO: [VRFC 10-311] analyzing module csa
INFO: [VRFC 10-311] analyzing module fulladder
INFO: [VRFC 10-2263] Analyzing Verilog file "C:/Hung/Viettel/Stage2/ML-KEM/mul_poly/mul_12bit.v" into library xil_defaultlib
INFO: [VRFC 10-311] analyzing module mul_12bit
INFO: [VRFC 10-2263] Analyzing Verilog file "C:/Hung/Viettel/Stage2/ML-KEM/mul_poly/mul_cell.v" into library xil_defaultlib
INFO: [VRFC 10-311] analyzing module mul_cel
INFO: [VRFC 10-2263] Analyzing Verilog file "C:/Hung/Viettel/Stage2/ML-KEM/mul_poly/mul_poly.v" into library xil_defaultlib
INFO: [VRFC 10-311] analyzing module mul_poly
INFO: [VRFC 10-2263] Analyzing Verilog file "C:/Hung/Viettel/Stage2/ML-KEM/mul_poly/mul_poly_matrix.v" into library xil_defaultlib
INFO: [VRFC 10-311] analyzing module mul_poly_matrix
INFO: [VRFC 10-2263] Analyzing Verilog file "C:/Hung/Viettel/Stage2/ML-KEM/mul_poly/tb_mul_poly_matrix.v" into library xil_defaultlib
INFO: [VRFC 10-311] analyzing module tb_mul_poly_matrix
INFO: [USF-XSim-69] 'compile' step finished in '2' seconds
Command: launch_simulation -step elaborate -simset sim_1 -mode behavioral
INFO: [Vivado 12-12493] Simulation top is 'tb_mul_poly_matrix'
WARNING: [Vivado 12-13340] Unable to auto find GCC executables from simulator install path! (path not set)
WARNING: [Vivado 12-13277] Compiled library path does not exist: ''
INFO: [Vivado 12-5682] Launching behavioral simulation in 'C:/Hung/Viettel/Stage2/ML-KEM/mul_poly/mul_matrix/mul_matrix.sim/sim_1/behav/xsim'
INFO: [SIM-utils-51] Simulation object is 'sim_1'
INFO: [USF-XSim-3] XSim::Elaborate design
INFO: [USF-XSim-61] Executing 'ELABORATE' step in 'C:/Hung/Viettel/Stage2/ML-KEM/mul_poly/mul_matrix/mul_matrix.sim/sim_1/behav/xsim'
"xelab --incr --debug typical --relax --mt 2 -L xil_defaultlib -L unisims_ver -L unimacro_ver -L secureip --snapshot tb_mul_poly_matrix_behav xil_defaultlib.tb_mul_poly_matrix xil_defaultlib.glbl -log elaborate.log"
Vivado Simulator v2022.2.2
Copyright 1986-1999, 2001-2022 Xilinx, Inc. All Rights Reserved.
Running: C:/Xilinx/Vivado/2022.2/bin/unwrapped/win64.o/xelab.exe --incr --debug typical --relax --mt 2 -L xil_defaultlib -L unisims_ver -L unimacro_ver -L secureip --snapshot tb_mul_poly_matrix_behav xil_defaultlib.tb_mul_poly_matrix xil_defaultlib.glbl -log elaborate.log 
Using 2 slave threads.
Starting static elaboration
Pass Through NonSizing Optimizer
Completed static elaboration
Starting simulation data flow analysis
Completed simulation data flow analysis
Time Resolution for simulation is 1ps
Compiling module xil_defaultlib.add_cell_default
Compiling module xil_defaultlib.barret
Compiling module xil_defaultlib.Rom_mul
Compiling module xil_defaultlib.fulladder
Compiling module xil_defaultlib.csa(WIDTH=26)
Compiling module xil_defaultlib.BoothDecode
Compiling module xil_defaultlib.mul_12bit
Compiling module xil_defaultlib.mul_poly
Compiling module xil_defaultlib.mul_poly_matrix
Compiling module xil_defaultlib.mul_cel_default
Compiling module xil_defaultlib.tb_mul_poly_matrix
Compiling module xil_defaultlib.glbl
Built simulation snapshot tb_mul_poly_matrix_behav
INFO: [USF-XSim-69] 'elaborate' step finished in '3' seconds
Time resolution is 1 ps
               a: c0a 2ce 36f 1d6 963 8a1 af7 33e 10c 544 10f be7 8cb 661 893 87a
               b: aca 3ce 0b5 5da c35 390 525 3d5 99e c4d 765 3d1 cc2 311 056 75a
             res: c66 8a7 a96 c08 c79 7bb 9fd a5d c74 499 a6d cb0 59d 5aa 233 475
expect r12..r15 = {b65, 967, c71, 6a7}
got    r12..r15 = {59d, 5aa, 233, 475}
FAIL
$finish called at time : 232500 ps : File "C:/Hung/Viettel/Stage2/ML-KEM/mul_poly/tb_mul_poly_matrix.v" Line 116
relaunch_sim: Time (s): cpu = 00:00:01 ; elapsed = 00:00:07 . Memory (MB): peak = 2087.770 ; gain = 0.000
relaunch_sim
Command: launch_simulation -step compile -simset sim_1 -mode behavioral
INFO: [Vivado 12-12493] Simulation top is 'tb_mul_poly_matrix'
WARNING: [Vivado 12-13340] Unable to auto find GCC executables from simulator install path! (path not set)
WARNING: [Vivado 12-13277] Compiled library path does not exist: ''
INFO: [Vivado 12-5682] Launching behavioral simulation in 'C:/Hung/Viettel/Stage2/ML-KEM/mul_poly/mul_matrix/mul_matrix.sim/sim_1/behav/xsim'
INFO: [SIM-utils-51] Simulation object is 'sim_1'
INFO: [USF-XSim-2] XSim::Compile design
INFO: [USF-XSim-61] Executing 'COMPILE and ANALYZE' step in 'C:/Hung/Viettel/Stage2/ML-KEM/mul_poly/mul_matrix/mul_matrix.sim/sim_1/behav/xsim'
"xvlog --incr --relax -prj tb_mul_poly_matrix_vlog.prj"
INFO: [VRFC 10-2263] Analyzing Verilog file "C:/Hung/Viettel/Stage2/ML-KEM/mul_poly/BoothDecode.v" into library xil_defaultlib
INFO: [VRFC 10-311] analyzing module BoothDecode
INFO: [VRFC 10-2263] Analyzing Verilog file "C:/Hung/Viettel/Stage2/ML-KEM/mul_poly/Rom_mul.v" into library xil_defaultlib
INFO: [VRFC 10-311] analyzing module Rom_mul
INFO: [VRFC 10-2263] Analyzing Verilog file "C:/Hung/Viettel/Stage2/ML-KEM/mul_poly/add_cell.v" into library xil_defaultlib
INFO: [VRFC 10-311] analyzing module add_cell
INFO: [VRFC 10-2263] Analyzing Verilog file "C:/Hung/Viettel/Stage2/ML-KEM/NTT/barret.v" into library xil_defaultlib
INFO: [VRFC 10-311] analyzing module barret
INFO: [VRFC 10-2263] Analyzing Verilog file "C:/Hung/Viettel/Stage2/ML-KEM/mul_poly/csa.v" into library xil_defaultlib
INFO: [VRFC 10-311] analyzing module csa
INFO: [VRFC 10-311] analyzing module fulladder
INFO: [VRFC 10-2263] Analyzing Verilog file "C:/Hung/Viettel/Stage2/ML-KEM/mul_poly/mul_12bit.v" into library xil_defaultlib
INFO: [VRFC 10-311] analyzing module mul_12bit
INFO: [VRFC 10-2263] Analyzing Verilog file "C:/Hung/Viettel/Stage2/ML-KEM/mul_poly/mul_cell.v" into library xil_defaultlib
INFO: [VRFC 10-311] analyzing module mul_cel
INFO: [VRFC 10-2263] Analyzing Verilog file "C:/Hung/Viettel/Stage2/ML-KEM/mul_poly/mul_poly.v" into library xil_defaultlib
INFO: [VRFC 10-311] analyzing module mul_poly
INFO: [VRFC 10-2263] Analyzing Verilog file "C:/Hung/Viettel/Stage2/ML-KEM/mul_poly/mul_poly_matrix.v" into library xil_defaultlib
INFO: [VRFC 10-311] analyzing module mul_poly_matrix
INFO: [VRFC 10-2263] Analyzing Verilog file "C:/Hung/Viettel/Stage2/ML-KEM/mul_poly/tb_mul_poly_matrix.v" into library xil_defaultlib
INFO: [VRFC 10-311] analyzing module tb_mul_poly_matrix
INFO: [USF-XSim-69] 'compile' step finished in '2' seconds
Command: launch_simulation -step elaborate -simset sim_1 -mode behavioral
INFO: [Vivado 12-12493] Simulation top is 'tb_mul_poly_matrix'
WARNING: [Vivado 12-13340] Unable to auto find GCC executables from simulator install path! (path not set)
WARNING: [Vivado 12-13277] Compiled library path does not exist: ''
INFO: [Vivado 12-5682] Launching behavioral simulation in 'C:/Hung/Viettel/Stage2/ML-KEM/mul_poly/mul_matrix/mul_matrix.sim/sim_1/behav/xsim'
INFO: [SIM-utils-51] Simulation object is 'sim_1'
INFO: [USF-XSim-3] XSim::Elaborate design
INFO: [USF-XSim-61] Executing 'ELABORATE' step in 'C:/Hung/Viettel/Stage2/ML-KEM/mul_poly/mul_matrix/mul_matrix.sim/sim_1/behav/xsim'
"xelab --incr --debug typical --relax --mt 2 -L xil_defaultlib -L unisims_ver -L unimacro_ver -L secureip --snapshot tb_mul_poly_matrix_behav xil_defaultlib.tb_mul_poly_matrix xil_defaultlib.glbl -log elaborate.log"
Vivado Simulator v2022.2.2
Copyright 1986-1999, 2001-2022 Xilinx, Inc. All Rights Reserved.
Running: C:/Xilinx/Vivado/2022.2/bin/unwrapped/win64.o/xelab.exe --incr --debug typical --relax --mt 2 -L xil_defaultlib -L unisims_ver -L unimacro_ver -L secureip --snapshot tb_mul_poly_matrix_behav xil_defaultlib.tb_mul_poly_matrix xil_defaultlib.glbl -log elaborate.log 
Using 2 slave threads.
Starting static elaboration
Pass Through NonSizing Optimizer
Completed static elaboration
Starting simulation data flow analysis
Completed simulation data flow analysis
Time Resolution for simulation is 1ps
Compiling module xil_defaultlib.add_cell_default
Compiling module xil_defaultlib.barret
Compiling module xil_defaultlib.Rom_mul
Compiling module xil_defaultlib.fulladder
Compiling module xil_defaultlib.csa(WIDTH=26)
Compiling module xil_defaultlib.BoothDecode
Compiling module xil_defaultlib.mul_12bit
Compiling module xil_defaultlib.mul_poly
Compiling module xil_defaultlib.mul_poly_matrix
Compiling module xil_defaultlib.mul_cel_default
Compiling module xil_defaultlib.tb_mul_poly_matrix
Compiling module xil_defaultlib.glbl
Built simulation snapshot tb_mul_poly_matrix_behav
INFO: [USF-XSim-69] 'elaborate' step finished in '3' seconds
Time resolution is 1 ps
               a: c0a 2ce 36f 1d6 963 8a1 af7 33e 10c 544 10f be7 8cb 661 893 87a
               b: aca 3ce 0b5 5da c35 390 525 3d5 99e c4d 765 3d1 cc2 311 056 75a
             res: c66 2cb a96 c08 c79 7bb 9fd a5d c74 499 a6d cb0 59d 5aa 233 475
expect r12..r15 = {b65, 967, c71, 6a7}
got    r12..r15 = {59d, 5aa, 233, 475}
FAIL
$finish called at time : 232500 ps : File "C:/Hung/Viettel/Stage2/ML-KEM/mul_poly/tb_mul_poly_matrix.v" Line 116
relaunch_sim: Time (s): cpu = 00:00:02 ; elapsed = 00:00:07 . Memory (MB): peak = 2087.770 ; gain = 0.000
save_wave_config {C:/Hung/Viettel/Stage2/ML-KEM/mul_poly/mul_matrix/tb_mul_12bit_behav.wcfg}
current_wave_config {tb_mul_12bit_behav.wcfg}
C:/Hung/Viettel/Stage2/ML-KEM/mul_poly/mul_matrix/tb_mul_12bit_behav.wcfg
add_wave {{/tb_mul_poly_matrix/valid_data}} 
relaunch_sim
Command: launch_simulation -step compile -simset sim_1 -mode behavioral
INFO: [Vivado 12-12493] Simulation top is 'tb_mul_poly_matrix'
WARNING: [Vivado 12-13340] Unable to auto find GCC executables from simulator install path! (path not set)
WARNING: [Vivado 12-13277] Compiled library path does not exist: ''
INFO: [Vivado 12-5682] Launching behavioral simulation in 'C:/Hung/Viettel/Stage2/ML-KEM/mul_poly/mul_matrix/mul_matrix.sim/sim_1/behav/xsim'
INFO: [SIM-utils-51] Simulation object is 'sim_1'
INFO: [USF-XSim-2] XSim::Compile design
INFO: [USF-XSim-61] Executing 'COMPILE and ANALYZE' step in 'C:/Hung/Viettel/Stage2/ML-KEM/mul_poly/mul_matrix/mul_matrix.sim/sim_1/behav/xsim'
"xvlog --incr --relax -prj tb_mul_poly_matrix_vlog.prj"
INFO: [USF-XSim-69] 'compile' step finished in '2' seconds
Command: launch_simulation -step elaborate -simset sim_1 -mode behavioral
INFO: [Vivado 12-12493] Simulation top is 'tb_mul_poly_matrix'
WARNING: [Vivado 12-13340] Unable to auto find GCC executables from simulator install path! (path not set)
WARNING: [Vivado 12-13277] Compiled library path does not exist: ''
INFO: [Vivado 12-5682] Launching behavioral simulation in 'C:/Hung/Viettel/Stage2/ML-KEM/mul_poly/mul_matrix/mul_matrix.sim/sim_1/behav/xsim'
INFO: [SIM-utils-51] Simulation object is 'sim_1'
INFO: [USF-XSim-3] XSim::Elaborate design
INFO: [USF-XSim-61] Executing 'ELABORATE' step in 'C:/Hung/Viettel/Stage2/ML-KEM/mul_poly/mul_matrix/mul_matrix.sim/sim_1/behav/xsim'
"xelab --incr --debug typical --relax --mt 2 -L xil_defaultlib -L unisims_ver -L unimacro_ver -L secureip --snapshot tb_mul_poly_matrix_behav xil_defaultlib.tb_mul_poly_matrix xil_defaultlib.glbl -log elaborate.log"
Vivado Simulator v2022.2.2
Copyright 1986-1999, 2001-2022 Xilinx, Inc. All Rights Reserved.
Running: C:/Xilinx/Vivado/2022.2/bin/unwrapped/win64.o/xelab.exe --incr --debug typical --relax --mt 2 -L xil_defaultlib -L unisims_ver -L unimacro_ver -L secureip --snapshot tb_mul_poly_matrix_behav xil_defaultlib.tb_mul_poly_matrix xil_defaultlib.glbl -log elaborate.log 
Using 2 slave threads.
Starting static elaboration
Pass Through NonSizing Optimizer
Completed static elaboration
INFO: [XSIM 43-4323] No Change in HDL. Linking previously generated obj files to create kernel
INFO: [USF-XSim-69] 'elaborate' step finished in '1' seconds
Time resolution is 1 ps
               a: c0a 2ce 36f 1d6 963 8a1 af7 33e 10c 544 10f be7 8cb 661 893 87a
               b: aca 3ce 0b5 5da c35 390 525 3d5 99e c4d 765 3d1 cc2 311 056 75a
             res: c66 2cb a96 c08 c79 7bb 9fd a5d c74 499 a6d cb0 59d 5aa 233 475
expect r12..r15 = {b65, 967, c71, 6a7}
got    r12..r15 = {59d, 5aa, 233, 475}
FAIL
$finish called at time : 232500 ps : File "C:/Hung/Viettel/Stage2/ML-KEM/mul_poly/tb_mul_poly_matrix.v" Line 116
relaunch_sim: Time (s): cpu = 00:00:01 ; elapsed = 00:00:05 . Memory (MB): peak = 2087.770 ; gain = 0.000
save_wave_config {C:/Hung/Viettel/Stage2/ML-KEM/mul_poly/mul_matrix/tb_mul_12bit_behav.wcfg}
current_wave_config {tb_mul_12bit_behav.wcfg}
C:/Hung/Viettel/Stage2/ML-KEM/mul_poly/mul_matrix/tb_mul_12bit_behav.wcfg
add_wave {{/tb_mul_poly_matrix/dut/mul_poly_matrix_inst}} 
save_wave_config {C:/Hung/Viettel/Stage2/ML-KEM/mul_poly/mul_matrix/tb_mul_12bit_behav.wcfg}
relaunch_sim
Command: launch_simulation -step compile -simset sim_1 -mode behavioral
INFO: [Vivado 12-12493] Simulation top is 'tb_mul_poly_matrix'
WARNING: [Vivado 12-13340] Unable to auto find GCC executables from simulator install path! (path not set)
WARNING: [Vivado 12-13277] Compiled library path does not exist: ''
INFO: [Vivado 12-5682] Launching behavioral simulation in 'C:/Hung/Viettel/Stage2/ML-KEM/mul_poly/mul_matrix/mul_matrix.sim/sim_1/behav/xsim'
INFO: [SIM-utils-51] Simulation object is 'sim_1'
INFO: [USF-XSim-2] XSim::Compile design
INFO: [USF-XSim-61] Executing 'COMPILE and ANALYZE' step in 'C:/Hung/Viettel/Stage2/ML-KEM/mul_poly/mul_matrix/mul_matrix.sim/sim_1/behav/xsim'
"xvlog --incr --relax -prj tb_mul_poly_matrix_vlog.prj"
INFO: [USF-XSim-69] 'compile' step finished in '2' seconds
Command: launch_simulation -step elaborate -simset sim_1 -mode behavioral
INFO: [Vivado 12-12493] Simulation top is 'tb_mul_poly_matrix'
WARNING: [Vivado 12-13340] Unable to auto find GCC executables from simulator install path! (path not set)
WARNING: [Vivado 12-13277] Compiled library path does not exist: ''
INFO: [Vivado 12-5682] Launching behavioral simulation in 'C:/Hung/Viettel/Stage2/ML-KEM/mul_poly/mul_matrix/mul_matrix.sim/sim_1/behav/xsim'
INFO: [SIM-utils-51] Simulation object is 'sim_1'
INFO: [USF-XSim-3] XSim::Elaborate design
INFO: [USF-XSim-61] Executing 'ELABORATE' step in 'C:/Hung/Viettel/Stage2/ML-KEM/mul_poly/mul_matrix/mul_matrix.sim/sim_1/behav/xsim'
"xelab --incr --debug typical --relax --mt 2 -L xil_defaultlib -L unisims_ver -L unimacro_ver -L secureip --snapshot tb_mul_poly_matrix_behav xil_defaultlib.tb_mul_poly_matrix xil_defaultlib.glbl -log elaborate.log"
Vivado Simulator v2022.2.2
Copyright 1986-1999, 2001-2022 Xilinx, Inc. All Rights Reserved.
Running: C:/Xilinx/Vivado/2022.2/bin/unwrapped/win64.o/xelab.exe --incr --debug typical --relax --mt 2 -L xil_defaultlib -L unisims_ver -L unimacro_ver -L secureip --snapshot tb_mul_poly_matrix_behav xil_defaultlib.tb_mul_poly_matrix xil_defaultlib.glbl -log elaborate.log 
Using 2 slave threads.
Starting static elaboration
Pass Through NonSizing Optimizer
Completed static elaboration
INFO: [XSIM 43-4323] No Change in HDL. Linking previously generated obj files to create kernel
INFO: [USF-XSim-69] 'elaborate' step finished in '2' seconds
Time resolution is 1 ps
               a: c0a 2ce 36f 1d6 963 8a1 af7 33e 10c 544 10f be7 8cb 661 893 87a
               b: aca 3ce 0b5 5da c35 390 525 3d5 99e c4d 765 3d1 cc2 311 056 75a
             res: c66 2cb a96 c08 c79 7bb 9fd a5d c74 499 a6d cb0 59d 5aa 233 475
expect r12..r15 = {b65, 967, c71, 6a7}
got    r12..r15 = {59d, 5aa, 233, 475}
FAIL
$finish called at time : 232500 ps : File "C:/Hung/Viettel/Stage2/ML-KEM/mul_poly/tb_mul_poly_matrix.v" Line 116
relaunch_sim: Time (s): cpu = 00:00:01 ; elapsed = 00:00:06 . Memory (MB): peak = 2087.770 ; gain = 0.000
current_wave_config {tb_mul_12bit_behav.wcfg}
C:/Hung/Viettel/Stage2/ML-KEM/mul_poly/mul_matrix/tb_mul_12bit_behav.wcfg
add_wave {{/tb_mul_poly_matrix/dut/valid_output}} 
relaunch_sim
Command: launch_simulation -step compile -simset sim_1 -mode behavioral
INFO: [Vivado 12-12493] Simulation top is 'tb_mul_poly_matrix'
WARNING: [Vivado 12-13340] Unable to auto find GCC executables from simulator install path! (path not set)
WARNING: [Vivado 12-13277] Compiled library path does not exist: ''
INFO: [Vivado 12-5682] Launching behavioral simulation in 'C:/Hung/Viettel/Stage2/ML-KEM/mul_poly/mul_matrix/mul_matrix.sim/sim_1/behav/xsim'
INFO: [SIM-utils-51] Simulation object is 'sim_1'
INFO: [USF-XSim-2] XSim::Compile design
INFO: [USF-XSim-61] Executing 'COMPILE and ANALYZE' step in 'C:/Hung/Viettel/Stage2/ML-KEM/mul_poly/mul_matrix/mul_matrix.sim/sim_1/behav/xsim'
"xvlog --incr --relax -prj tb_mul_poly_matrix_vlog.prj"
INFO: [USF-XSim-69] 'compile' step finished in '2' seconds
Command: launch_simulation -step elaborate -simset sim_1 -mode behavioral
INFO: [Vivado 12-12493] Simulation top is 'tb_mul_poly_matrix'
WARNING: [Vivado 12-13340] Unable to auto find GCC executables from simulator install path! (path not set)
WARNING: [Vivado 12-13277] Compiled library path does not exist: ''
INFO: [Vivado 12-5682] Launching behavioral simulation in 'C:/Hung/Viettel/Stage2/ML-KEM/mul_poly/mul_matrix/mul_matrix.sim/sim_1/behav/xsim'
INFO: [SIM-utils-51] Simulation object is 'sim_1'
INFO: [USF-XSim-3] XSim::Elaborate design
INFO: [USF-XSim-61] Executing 'ELABORATE' step in 'C:/Hung/Viettel/Stage2/ML-KEM/mul_poly/mul_matrix/mul_matrix.sim/sim_1/behav/xsim'
"xelab --incr --debug typical --relax --mt 2 -L xil_defaultlib -L unisims_ver -L unimacro_ver -L secureip --snapshot tb_mul_poly_matrix_behav xil_defaultlib.tb_mul_poly_matrix xil_defaultlib.glbl -log elaborate.log"
Vivado Simulator v2022.2.2
Copyright 1986-1999, 2001-2022 Xilinx, Inc. All Rights Reserved.
Running: C:/Xilinx/Vivado/2022.2/bin/unwrapped/win64.o/xelab.exe --incr --debug typical --relax --mt 2 -L xil_defaultlib -L unisims_ver -L unimacro_ver -L secureip --snapshot tb_mul_poly_matrix_behav xil_defaultlib.tb_mul_poly_matrix xil_defaultlib.glbl -log elaborate.log 
Using 2 slave threads.
Starting static elaboration
Pass Through NonSizing Optimizer
Completed static elaboration
INFO: [XSIM 43-4323] No Change in HDL. Linking previously generated obj files to create kernel
INFO: [USF-XSim-69] 'elaborate' step finished in '1' seconds
Time resolution is 1 ps
               a: c0a 2ce 36f 1d6 963 8a1 af7 33e 10c 544 10f be7 8cb 661 893 87a
               b: aca 3ce 0b5 5da c35 390 525 3d5 99e c4d 765 3d1 cc2 311 056 75a
             res: c66 2cb a96 c08 c79 7bb 9fd a5d c74 499 a6d cb0 59d 5aa 233 475
expect r12..r15 = {b65, 967, c71, 6a7}
got    r12..r15 = {59d, 5aa, 233, 475}
FAIL
$finish called at time : 232500 ps : File "C:/Hung/Viettel/Stage2/ML-KEM/mul_poly/tb_mul_poly_matrix.v" Line 116
relaunch_sim: Time (s): cpu = 00:00:01 ; elapsed = 00:00:05 . Memory (MB): peak = 2087.770 ; gain = 0.000
save_wave_config {C:/Hung/Viettel/Stage2/ML-KEM/mul_poly/mul_matrix/tb_mul_12bit_behav.wcfg}
current_wave_config {tb_mul_12bit_behav.wcfg}
C:/Hung/Viettel/Stage2/ML-KEM/mul_poly/mul_matrix/tb_mul_12bit_behav.wcfg
add_wave {{/tb_mul_poly_matrix/dut/add_tmp}} {{/tb_mul_poly_matrix/dut/tmp}} 
current_wave_config {tb_mul_12bit_behav.wcfg}
C:/Hung/Viettel/Stage2/ML-KEM/mul_poly/mul_matrix/tb_mul_12bit_behav.wcfg
add_wave {{/tb_mul_poly_matrix/dut/tmp_res}} 
relaunch_sim
Command: launch_simulation -step compile -simset sim_1 -mode behavioral
INFO: [Vivado 12-12493] Simulation top is 'tb_mul_poly_matrix'
WARNING: [Vivado 12-13340] Unable to auto find GCC executables from simulator install path! (path not set)
WARNING: [Vivado 12-13277] Compiled library path does not exist: ''
INFO: [Vivado 12-5682] Launching behavioral simulation in 'C:/Hung/Viettel/Stage2/ML-KEM/mul_poly/mul_matrix/mul_matrix.sim/sim_1/behav/xsim'
INFO: [SIM-utils-51] Simulation object is 'sim_1'
INFO: [USF-XSim-2] XSim::Compile design
INFO: [USF-XSim-61] Executing 'COMPILE and ANALYZE' step in 'C:/Hung/Viettel/Stage2/ML-KEM/mul_poly/mul_matrix/mul_matrix.sim/sim_1/behav/xsim'
"xvlog --incr --relax -prj tb_mul_poly_matrix_vlog.prj"
INFO: [USF-XSim-69] 'compile' step finished in '1' seconds
Command: launch_simulation -step elaborate -simset sim_1 -mode behavioral
INFO: [Vivado 12-12493] Simulation top is 'tb_mul_poly_matrix'
WARNING: [Vivado 12-13340] Unable to auto find GCC executables from simulator install path! (path not set)
WARNING: [Vivado 12-13277] Compiled library path does not exist: ''
INFO: [Vivado 12-5682] Launching behavioral simulation in 'C:/Hung/Viettel/Stage2/ML-KEM/mul_poly/mul_matrix/mul_matrix.sim/sim_1/behav/xsim'
INFO: [SIM-utils-51] Simulation object is 'sim_1'
INFO: [USF-XSim-3] XSim::Elaborate design
INFO: [USF-XSim-61] Executing 'ELABORATE' step in 'C:/Hung/Viettel/Stage2/ML-KEM/mul_poly/mul_matrix/mul_matrix.sim/sim_1/behav/xsim'
"xelab --incr --debug typical --relax --mt 2 -L xil_defaultlib -L unisims_ver -L unimacro_ver -L secureip --snapshot tb_mul_poly_matrix_behav xil_defaultlib.tb_mul_poly_matrix xil_defaultlib.glbl -log elaborate.log"
Vivado Simulator v2022.2.2
Copyright 1986-1999, 2001-2022 Xilinx, Inc. All Rights Reserved.
Running: C:/Xilinx/Vivado/2022.2/bin/unwrapped/win64.o/xelab.exe --incr --debug typical --relax --mt 2 -L xil_defaultlib -L unisims_ver -L unimacro_ver -L secureip --snapshot tb_mul_poly_matrix_behav xil_defaultlib.tb_mul_poly_matrix xil_defaultlib.glbl -log elaborate.log 
Using 2 slave threads.
Starting static elaboration
Pass Through NonSizing Optimizer
Completed static elaboration
INFO: [XSIM 43-4323] No Change in HDL. Linking previously generated obj files to create kernel
INFO: [USF-XSim-69] 'elaborate' step finished in '2' seconds
Time resolution is 1 ps
               a: c0a 2ce 36f 1d6 963 8a1 af7 33e 10c 544 10f be7 8cb 661 893 87a
               b: aca 3ce 0b5 5da c35 390 525 3d5 99e c4d 765 3d1 cc2 311 056 75a
             res: c66 2cb a96 c08 c79 7bb 9fd a5d c74 499 a6d cb0 59d 5aa 233 475
expect r12..r15 = {b65, 967, c71, 6a7}
got    r12..r15 = {59d, 5aa, 233, 475}
FAIL
$finish called at time : 232500 ps : File "C:/Hung/Viettel/Stage2/ML-KEM/mul_poly/tb_mul_poly_matrix.v" Line 116
relaunch_sim: Time (s): cpu = 00:00:01 ; elapsed = 00:00:05 . Memory (MB): peak = 2087.770 ; gain = 0.000
save_wave_config {C:/Hung/Viettel/Stage2/ML-KEM/mul_poly/mul_matrix/tb_mul_12bit_behav.wcfg}
relaunch_sim
Command: launch_simulation -step compile -simset sim_1 -mode behavioral
INFO: [Vivado 12-12493] Simulation top is 'tb_mul_poly_matrix'
WARNING: [Vivado 12-13340] Unable to auto find GCC executables from simulator install path! (path not set)
WARNING: [Vivado 12-13277] Compiled library path does not exist: ''
INFO: [Vivado 12-5682] Launching behavioral simulation in 'C:/Hung/Viettel/Stage2/ML-KEM/mul_poly/mul_matrix/mul_matrix.sim/sim_1/behav/xsim'
INFO: [SIM-utils-51] Simulation object is 'sim_1'
INFO: [USF-XSim-2] XSim::Compile design
INFO: [USF-XSim-61] Executing 'COMPILE and ANALYZE' step in 'C:/Hung/Viettel/Stage2/ML-KEM/mul_poly/mul_matrix/mul_matrix.sim/sim_1/behav/xsim'
"xvlog --incr --relax -prj tb_mul_poly_matrix_vlog.prj"
INFO: [VRFC 10-2263] Analyzing Verilog file "C:/Hung/Viettel/Stage2/ML-KEM/mul_poly/BoothDecode.v" into library xil_defaultlib
INFO: [VRFC 10-311] analyzing module BoothDecode
INFO: [VRFC 10-2263] Analyzing Verilog file "C:/Hung/Viettel/Stage2/ML-KEM/mul_poly/Rom_mul.v" into library xil_defaultlib
INFO: [VRFC 10-311] analyzing module Rom_mul
INFO: [VRFC 10-2263] Analyzing Verilog file "C:/Hung/Viettel/Stage2/ML-KEM/mul_poly/add_cell.v" into library xil_defaultlib
INFO: [VRFC 10-311] analyzing module add_cell
INFO: [VRFC 10-2263] Analyzing Verilog file "C:/Hung/Viettel/Stage2/ML-KEM/NTT/barret.v" into library xil_defaultlib
INFO: [VRFC 10-311] analyzing module barret
INFO: [VRFC 10-2263] Analyzing Verilog file "C:/Hung/Viettel/Stage2/ML-KEM/mul_poly/csa.v" into library xil_defaultlib
INFO: [VRFC 10-311] analyzing module csa
INFO: [VRFC 10-311] analyzing module fulladder
INFO: [VRFC 10-2263] Analyzing Verilog file "C:/Hung/Viettel/Stage2/ML-KEM/mul_poly/mul_12bit.v" into library xil_defaultlib
INFO: [VRFC 10-311] analyzing module mul_12bit
INFO: [VRFC 10-2263] Analyzing Verilog file "C:/Hung/Viettel/Stage2/ML-KEM/mul_poly/mul_cell.v" into library xil_defaultlib
INFO: [VRFC 10-311] analyzing module mul_cel
INFO: [VRFC 10-2263] Analyzing Verilog file "C:/Hung/Viettel/Stage2/ML-KEM/mul_poly/mul_poly.v" into library xil_defaultlib
INFO: [VRFC 10-311] analyzing module mul_poly
INFO: [VRFC 10-2263] Analyzing Verilog file "C:/Hung/Viettel/Stage2/ML-KEM/mul_poly/mul_poly_matrix.v" into library xil_defaultlib
INFO: [VRFC 10-311] analyzing module mul_poly_matrix
INFO: [VRFC 10-2263] Analyzing Verilog file "C:/Hung/Viettel/Stage2/ML-KEM/mul_poly/tb_mul_poly_matrix.v" into library xil_defaultlib
INFO: [VRFC 10-311] analyzing module tb_mul_poly_matrix
INFO: [USF-XSim-69] 'compile' step finished in '1' seconds
Command: launch_simulation -step elaborate -simset sim_1 -mode behavioral
INFO: [Vivado 12-12493] Simulation top is 'tb_mul_poly_matrix'
WARNING: [Vivado 12-13340] Unable to auto find GCC executables from simulator install path! (path not set)
WARNING: [Vivado 12-13277] Compiled library path does not exist: ''
INFO: [Vivado 12-5682] Launching behavioral simulation in 'C:/Hung/Viettel/Stage2/ML-KEM/mul_poly/mul_matrix/mul_matrix.sim/sim_1/behav/xsim'
INFO: [SIM-utils-51] Simulation object is 'sim_1'
INFO: [USF-XSim-3] XSim::Elaborate design
INFO: [USF-XSim-61] Executing 'ELABORATE' step in 'C:/Hung/Viettel/Stage2/ML-KEM/mul_poly/mul_matrix/mul_matrix.sim/sim_1/behav/xsim'
"xelab --incr --debug typical --relax --mt 2 -L xil_defaultlib -L unisims_ver -L unimacro_ver -L secureip --snapshot tb_mul_poly_matrix_behav xil_defaultlib.tb_mul_poly_matrix xil_defaultlib.glbl -log elaborate.log"
Vivado Simulator v2022.2.2
Copyright 1986-1999, 2001-2022 Xilinx, Inc. All Rights Reserved.
Running: C:/Xilinx/Vivado/2022.2/bin/unwrapped/win64.o/xelab.exe --incr --debug typical --relax --mt 2 -L xil_defaultlib -L unisims_ver -L unimacro_ver -L secureip --snapshot tb_mul_poly_matrix_behav xil_defaultlib.tb_mul_poly_matrix xil_defaultlib.glbl -log elaborate.log 
Using 2 slave threads.
Starting static elaboration
Pass Through NonSizing Optimizer
Completed static elaboration
Starting simulation data flow analysis
Completed simulation data flow analysis
Time Resolution for simulation is 1ps
Compiling module xil_defaultlib.add_cell_default
Compiling module xil_defaultlib.barret
Compiling module xil_defaultlib.Rom_mul
Compiling module xil_defaultlib.fulladder
Compiling module xil_defaultlib.csa(WIDTH=26)
Compiling module xil_defaultlib.BoothDecode
Compiling module xil_defaultlib.mul_12bit
Compiling module xil_defaultlib.mul_poly
Compiling module xil_defaultlib.mul_poly_matrix
Compiling module xil_defaultlib.mul_cel_default
Compiling module xil_defaultlib.tb_mul_poly_matrix
Compiling module xil_defaultlib.glbl
Built simulation snapshot tb_mul_poly_matrix_behav
INFO: [USF-XSim-69] 'elaborate' step finished in '3' seconds
Time resolution is 1 ps
               a: c0a 2ce 36f 1d6 963 8a1 af7 33e 10c 544 10f be7 8cb 661 893 87a
               b: aca 3ce 0b5 5da c35 390 525 3d5 99e c4d 765 3d1 cc2 311 056 75a
             res: 5bf 35b 12f 0a3 c5a b16 6f6 b50 5b2 176 24e 99b ba9 361 c9a 9d8
expect r12..r15 = {b65, 967, c71, 6a7}
got    r12..r15 = {ba9, 361, c9a, 9d8}
FAIL
$finish called at time : 232500 ps : File "C:/Hung/Viettel/Stage2/ML-KEM/mul_poly/tb_mul_poly_matrix.v" Line 116
relaunch_sim: Time (s): cpu = 00:00:02 ; elapsed = 00:00:07 . Memory (MB): peak = 2087.770 ; gain = 0.000
relaunch_sim
Command: launch_simulation -step compile -simset sim_1 -mode behavioral
INFO: [Vivado 12-12493] Simulation top is 'tb_mul_poly_matrix'
WARNING: [Vivado 12-13340] Unable to auto find GCC executables from simulator install path! (path not set)
WARNING: [Vivado 12-13277] Compiled library path does not exist: ''
INFO: [Vivado 12-5682] Launching behavioral simulation in 'C:/Hung/Viettel/Stage2/ML-KEM/mul_poly/mul_matrix/mul_matrix.sim/sim_1/behav/xsim'
INFO: [SIM-utils-51] Simulation object is 'sim_1'
INFO: [USF-XSim-2] XSim::Compile design
INFO: [USF-XSim-61] Executing 'COMPILE and ANALYZE' step in 'C:/Hung/Viettel/Stage2/ML-KEM/mul_poly/mul_matrix/mul_matrix.sim/sim_1/behav/xsim'
"xvlog --incr --relax -prj tb_mul_poly_matrix_vlog.prj"
INFO: [VRFC 10-2263] Analyzing Verilog file "C:/Hung/Viettel/Stage2/ML-KEM/mul_poly/BoothDecode.v" into library xil_defaultlib
INFO: [VRFC 10-311] analyzing module BoothDecode
INFO: [VRFC 10-2263] Analyzing Verilog file "C:/Hung/Viettel/Stage2/ML-KEM/mul_poly/Rom_mul.v" into library xil_defaultlib
INFO: [VRFC 10-311] analyzing module Rom_mul
INFO: [VRFC 10-2263] Analyzing Verilog file "C:/Hung/Viettel/Stage2/ML-KEM/mul_poly/add_cell.v" into library xil_defaultlib
INFO: [VRFC 10-311] analyzing module add_cell
INFO: [VRFC 10-2263] Analyzing Verilog file "C:/Hung/Viettel/Stage2/ML-KEM/NTT/barret.v" into library xil_defaultlib
INFO: [VRFC 10-311] analyzing module barret
INFO: [VRFC 10-2263] Analyzing Verilog file "C:/Hung/Viettel/Stage2/ML-KEM/mul_poly/csa.v" into library xil_defaultlib
INFO: [VRFC 10-311] analyzing module csa
INFO: [VRFC 10-311] analyzing module fulladder
INFO: [VRFC 10-2263] Analyzing Verilog file "C:/Hung/Viettel/Stage2/ML-KEM/mul_poly/mul_12bit.v" into library xil_defaultlib
INFO: [VRFC 10-311] analyzing module mul_12bit
INFO: [VRFC 10-2263] Analyzing Verilog file "C:/Hung/Viettel/Stage2/ML-KEM/mul_poly/mul_cell.v" into library xil_defaultlib
INFO: [VRFC 10-311] analyzing module mul_cel
INFO: [VRFC 10-2263] Analyzing Verilog file "C:/Hung/Viettel/Stage2/ML-KEM/mul_poly/mul_poly.v" into library xil_defaultlib
INFO: [VRFC 10-311] analyzing module mul_poly
INFO: [VRFC 10-2263] Analyzing Verilog file "C:/Hung/Viettel/Stage2/ML-KEM/mul_poly/mul_poly_matrix.v" into library xil_defaultlib
INFO: [VRFC 10-311] analyzing module mul_poly_matrix
INFO: [VRFC 10-2263] Analyzing Verilog file "C:/Hung/Viettel/Stage2/ML-KEM/mul_poly/tb_mul_poly_matrix.v" into library xil_defaultlib
INFO: [VRFC 10-311] analyzing module tb_mul_poly_matrix
INFO: [USF-XSim-69] 'compile' step finished in '1' seconds
Command: launch_simulation -step elaborate -simset sim_1 -mode behavioral
INFO: [Vivado 12-12493] Simulation top is 'tb_mul_poly_matrix'
WARNING: [Vivado 12-13340] Unable to auto find GCC executables from simulator install path! (path not set)
WARNING: [Vivado 12-13277] Compiled library path does not exist: ''
INFO: [Vivado 12-5682] Launching behavioral simulation in 'C:/Hung/Viettel/Stage2/ML-KEM/mul_poly/mul_matrix/mul_matrix.sim/sim_1/behav/xsim'
INFO: [SIM-utils-51] Simulation object is 'sim_1'
INFO: [USF-XSim-3] XSim::Elaborate design
INFO: [USF-XSim-61] Executing 'ELABORATE' step in 'C:/Hung/Viettel/Stage2/ML-KEM/mul_poly/mul_matrix/mul_matrix.sim/sim_1/behav/xsim'
"xelab --incr --debug typical --relax --mt 2 -L xil_defaultlib -L unisims_ver -L unimacro_ver -L secureip --snapshot tb_mul_poly_matrix_behav xil_defaultlib.tb_mul_poly_matrix xil_defaultlib.glbl -log elaborate.log"
Vivado Simulator v2022.2.2
Copyright 1986-1999, 2001-2022 Xilinx, Inc. All Rights Reserved.
Running: C:/Xilinx/Vivado/2022.2/bin/unwrapped/win64.o/xelab.exe --incr --debug typical --relax --mt 2 -L xil_defaultlib -L unisims_ver -L unimacro_ver -L secureip --snapshot tb_mul_poly_matrix_behav xil_defaultlib.tb_mul_poly_matrix xil_defaultlib.glbl -log elaborate.log 
Using 2 slave threads.
Starting static elaboration
Pass Through NonSizing Optimizer
Completed static elaboration
Starting simulation data flow analysis
Completed simulation data flow analysis
Time Resolution for simulation is 1ps
Compiling module xil_defaultlib.add_cell_default
Compiling module xil_defaultlib.barret
Compiling module xil_defaultlib.Rom_mul
Compiling module xil_defaultlib.fulladder
Compiling module xil_defaultlib.csa(WIDTH=26)
Compiling module xil_defaultlib.BoothDecode
Compiling module xil_defaultlib.mul_12bit
Compiling module xil_defaultlib.mul_poly
Compiling module xil_defaultlib.mul_poly_matrix
Compiling module xil_defaultlib.mul_cel_default
Compiling module xil_defaultlib.tb_mul_poly_matrix
Compiling module xil_defaultlib.glbl
Built simulation snapshot tb_mul_poly_matrix_behav
INFO: [USF-XSim-69] 'elaborate' step finished in '3' seconds
Time resolution is 1 ps
               a: c0a 2ce 36f 1d6 963 8a1 af7 33e 10c 544 10f be7 8cb 661 893 87a
               b: aca 3ce 0b5 5da c35 390 525 3d5 99e c4d 765 3d1 cc2 311 056 75a
             res: c66 2cb a96 c08 c79 7bb 9fd a5d c74 499 a6d cb0 59d 5aa 233 475
expect r12..r15 = {b65, 967, c71, 6a7}
got    r12..r15 = {59d, 5aa, 233, 475}
FAIL
$finish called at time : 232500 ps : File "C:/Hung/Viettel/Stage2/ML-KEM/mul_poly/tb_mul_poly_matrix.v" Line 116
relaunch_sim: Time (s): cpu = 00:00:02 ; elapsed = 00:00:07 . Memory (MB): peak = 2087.770 ; gain = 0.000
relaunch_sim
Command: launch_simulation -step compile -simset sim_1 -mode behavioral
INFO: [Vivado 12-12493] Simulation top is 'tb_mul_poly_matrix'
WARNING: [Vivado 12-13340] Unable to auto find GCC executables from simulator install path! (path not set)
WARNING: [Vivado 12-13277] Compiled library path does not exist: ''
INFO: [Vivado 12-5682] Launching behavioral simulation in 'C:/Hung/Viettel/Stage2/ML-KEM/mul_poly/mul_matrix/mul_matrix.sim/sim_1/behav/xsim'
INFO: [SIM-utils-51] Simulation object is 'sim_1'
INFO: [USF-XSim-2] XSim::Compile design
INFO: [USF-XSim-61] Executing 'COMPILE and ANALYZE' step in 'C:/Hung/Viettel/Stage2/ML-KEM/mul_poly/mul_matrix/mul_matrix.sim/sim_1/behav/xsim'
"xvlog --incr --relax -prj tb_mul_poly_matrix_vlog.prj"
INFO: [VRFC 10-2263] Analyzing Verilog file "C:/Hung/Viettel/Stage2/ML-KEM/mul_poly/BoothDecode.v" into library xil_defaultlib
INFO: [VRFC 10-311] analyzing module BoothDecode
INFO: [VRFC 10-2263] Analyzing Verilog file "C:/Hung/Viettel/Stage2/ML-KEM/mul_poly/Rom_mul.v" into library xil_defaultlib
INFO: [VRFC 10-311] analyzing module Rom_mul
INFO: [VRFC 10-2263] Analyzing Verilog file "C:/Hung/Viettel/Stage2/ML-KEM/mul_poly/add_cell.v" into library xil_defaultlib
INFO: [VRFC 10-311] analyzing module add_cell
INFO: [VRFC 10-2263] Analyzing Verilog file "C:/Hung/Viettel/Stage2/ML-KEM/NTT/barret.v" into library xil_defaultlib
INFO: [VRFC 10-311] analyzing module barret
INFO: [VRFC 10-2263] Analyzing Verilog file "C:/Hung/Viettel/Stage2/ML-KEM/mul_poly/csa.v" into library xil_defaultlib
INFO: [VRFC 10-311] analyzing module csa
INFO: [VRFC 10-311] analyzing module fulladder
INFO: [VRFC 10-2263] Analyzing Verilog file "C:/Hung/Viettel/Stage2/ML-KEM/mul_poly/mul_12bit.v" into library xil_defaultlib
INFO: [VRFC 10-311] analyzing module mul_12bit
INFO: [VRFC 10-2263] Analyzing Verilog file "C:/Hung/Viettel/Stage2/ML-KEM/mul_poly/mul_cell.v" into library xil_defaultlib
INFO: [VRFC 10-311] analyzing module mul_cel
INFO: [VRFC 10-2263] Analyzing Verilog file "C:/Hung/Viettel/Stage2/ML-KEM/mul_poly/mul_poly.v" into library xil_defaultlib
INFO: [VRFC 10-311] analyzing module mul_poly
INFO: [VRFC 10-2263] Analyzing Verilog file "C:/Hung/Viettel/Stage2/ML-KEM/mul_poly/mul_poly_matrix.v" into library xil_defaultlib
INFO: [VRFC 10-311] analyzing module mul_poly_matrix
INFO: [VRFC 10-2263] Analyzing Verilog file "C:/Hung/Viettel/Stage2/ML-KEM/mul_poly/tb_mul_poly_matrix.v" into library xil_defaultlib
INFO: [VRFC 10-311] analyzing module tb_mul_poly_matrix
INFO: [USF-XSim-69] 'compile' step finished in '1' seconds
Command: launch_simulation -step elaborate -simset sim_1 -mode behavioral
INFO: [Vivado 12-12493] Simulation top is 'tb_mul_poly_matrix'
WARNING: [Vivado 12-13340] Unable to auto find GCC executables from simulator install path! (path not set)
WARNING: [Vivado 12-13277] Compiled library path does not exist: ''
INFO: [Vivado 12-5682] Launching behavioral simulation in 'C:/Hung/Viettel/Stage2/ML-KEM/mul_poly/mul_matrix/mul_matrix.sim/sim_1/behav/xsim'
INFO: [SIM-utils-51] Simulation object is 'sim_1'
INFO: [USF-XSim-3] XSim::Elaborate design
INFO: [USF-XSim-61] Executing 'ELABORATE' step in 'C:/Hung/Viettel/Stage2/ML-KEM/mul_poly/mul_matrix/mul_matrix.sim/sim_1/behav/xsim'
"xelab --incr --debug typical --relax --mt 2 -L xil_defaultlib -L unisims_ver -L unimacro_ver -L secureip --snapshot tb_mul_poly_matrix_behav xil_defaultlib.tb_mul_poly_matrix xil_defaultlib.glbl -log elaborate.log"
Vivado Simulator v2022.2.2
Copyright 1986-1999, 2001-2022 Xilinx, Inc. All Rights Reserved.
Running: C:/Xilinx/Vivado/2022.2/bin/unwrapped/win64.o/xelab.exe --incr --debug typical --relax --mt 2 -L xil_defaultlib -L unisims_ver -L unimacro_ver -L secureip --snapshot tb_mul_poly_matrix_behav xil_defaultlib.tb_mul_poly_matrix xil_defaultlib.glbl -log elaborate.log 
Using 2 slave threads.
Starting static elaboration
Pass Through NonSizing Optimizer
Completed static elaboration
Starting simulation data flow analysis
Completed simulation data flow analysis
Time Resolution for simulation is 1ps
Compiling module xil_defaultlib.add_cell_default
Compiling module xil_defaultlib.barret
Compiling module xil_defaultlib.Rom_mul
Compiling module xil_defaultlib.fulladder
Compiling module xil_defaultlib.csa(WIDTH=26)
Compiling module xil_defaultlib.BoothDecode
Compiling module xil_defaultlib.mul_12bit
Compiling module xil_defaultlib.mul_poly
Compiling module xil_defaultlib.mul_poly_matrix
Compiling module xil_defaultlib.mul_cel_default
Compiling module xil_defaultlib.tb_mul_poly_matrix
Compiling module xil_defaultlib.glbl
Built simulation snapshot tb_mul_poly_matrix_behav
INFO: [USF-XSim-69] 'elaborate' step finished in '3' seconds
Time resolution is 1 ps
               a: c0a 2ce 36f 1d6 963 8a1 af7 33e 10c 544 10f be7 8cb 661 893 87a
               b: aca 3ce 0b5 5da c35 390 525 3d5 99e c4d 765 3d1 cc2 311 056 75a
             res: c66 2cb a96 c08 c79 7bb 9fd a5d c74 499 a6d cb0 59d 5aa 233 475
expect r12..r15 = {b65, 967, c71, 6a7}
got    r12..r15 = {59d, 5aa, 233, 475}
FAIL
$finish called at time : 232500 ps : File "C:/Hung/Viettel/Stage2/ML-KEM/mul_poly/tb_mul_poly_matrix.v" Line 116
relaunch_sim: Time (s): cpu = 00:00:01 ; elapsed = 00:00:07 . Memory (MB): peak = 2087.770 ; gain = 0.000
save_wave_config {C:/Hung/Viettel/Stage2/ML-KEM/mul_poly/mul_matrix/tb_mul_12bit_behav.wcfg}
relaunch_sim
Command: launch_simulation -step compile -simset sim_1 -mode behavioral
INFO: [Vivado 12-12493] Simulation top is 'tb_mul_poly_matrix'
WARNING: [Vivado 12-13340] Unable to auto find GCC executables from simulator install path! (path not set)
WARNING: [Vivado 12-13277] Compiled library path does not exist: ''
INFO: [Vivado 12-5682] Launching behavioral simulation in 'C:/Hung/Viettel/Stage2/ML-KEM/mul_poly/mul_matrix/mul_matrix.sim/sim_1/behav/xsim'
INFO: [SIM-utils-51] Simulation object is 'sim_1'
INFO: [USF-XSim-2] XSim::Compile design
INFO: [USF-XSim-61] Executing 'COMPILE and ANALYZE' step in 'C:/Hung/Viettel/Stage2/ML-KEM/mul_poly/mul_matrix/mul_matrix.sim/sim_1/behav/xsim'
"xvlog --incr --relax -prj tb_mul_poly_matrix_vlog.prj"
INFO: [VRFC 10-2263] Analyzing Verilog file "C:/Hung/Viettel/Stage2/ML-KEM/mul_poly/BoothDecode.v" into library xil_defaultlib
INFO: [VRFC 10-311] analyzing module BoothDecode
INFO: [VRFC 10-2263] Analyzing Verilog file "C:/Hung/Viettel/Stage2/ML-KEM/mul_poly/Rom_mul.v" into library xil_defaultlib
INFO: [VRFC 10-311] analyzing module Rom_mul
INFO: [VRFC 10-2263] Analyzing Verilog file "C:/Hung/Viettel/Stage2/ML-KEM/mul_poly/add_cell.v" into library xil_defaultlib
INFO: [VRFC 10-311] analyzing module add_cell
INFO: [VRFC 10-2263] Analyzing Verilog file "C:/Hung/Viettel/Stage2/ML-KEM/NTT/barret.v" into library xil_defaultlib
INFO: [VRFC 10-311] analyzing module barret
INFO: [VRFC 10-2263] Analyzing Verilog file "C:/Hung/Viettel/Stage2/ML-KEM/mul_poly/csa.v" into library xil_defaultlib
INFO: [VRFC 10-311] analyzing module csa
INFO: [VRFC 10-311] analyzing module fulladder
INFO: [VRFC 10-2263] Analyzing Verilog file "C:/Hung/Viettel/Stage2/ML-KEM/mul_poly/mul_12bit.v" into library xil_defaultlib
INFO: [VRFC 10-311] analyzing module mul_12bit
INFO: [VRFC 10-2263] Analyzing Verilog file "C:/Hung/Viettel/Stage2/ML-KEM/mul_poly/mul_cell.v" into library xil_defaultlib
INFO: [VRFC 10-311] analyzing module mul_cel
INFO: [VRFC 10-2263] Analyzing Verilog file "C:/Hung/Viettel/Stage2/ML-KEM/mul_poly/mul_poly.v" into library xil_defaultlib
INFO: [VRFC 10-311] analyzing module mul_poly
INFO: [VRFC 10-2263] Analyzing Verilog file "C:/Hung/Viettel/Stage2/ML-KEM/mul_poly/mul_poly_matrix.v" into library xil_defaultlib
INFO: [VRFC 10-311] analyzing module mul_poly_matrix
INFO: [VRFC 10-2263] Analyzing Verilog file "C:/Hung/Viettel/Stage2/ML-KEM/mul_poly/tb_mul_poly_matrix.v" into library xil_defaultlib
INFO: [VRFC 10-311] analyzing module tb_mul_poly_matrix
INFO: [USF-XSim-69] 'compile' step finished in '1' seconds
Command: launch_simulation -step elaborate -simset sim_1 -mode behavioral
INFO: [Vivado 12-12493] Simulation top is 'tb_mul_poly_matrix'
WARNING: [Vivado 12-13340] Unable to auto find GCC executables from simulator install path! (path not set)
WARNING: [Vivado 12-13277] Compiled library path does not exist: ''
INFO: [Vivado 12-5682] Launching behavioral simulation in 'C:/Hung/Viettel/Stage2/ML-KEM/mul_poly/mul_matrix/mul_matrix.sim/sim_1/behav/xsim'
INFO: [SIM-utils-51] Simulation object is 'sim_1'
INFO: [USF-XSim-3] XSim::Elaborate design
INFO: [USF-XSim-61] Executing 'ELABORATE' step in 'C:/Hung/Viettel/Stage2/ML-KEM/mul_poly/mul_matrix/mul_matrix.sim/sim_1/behav/xsim'
"xelab --incr --debug typical --relax --mt 2 -L xil_defaultlib -L unisims_ver -L unimacro_ver -L secureip --snapshot tb_mul_poly_matrix_behav xil_defaultlib.tb_mul_poly_matrix xil_defaultlib.glbl -log elaborate.log"
Vivado Simulator v2022.2.2
Copyright 1986-1999, 2001-2022 Xilinx, Inc. All Rights Reserved.
Running: C:/Xilinx/Vivado/2022.2/bin/unwrapped/win64.o/xelab.exe --incr --debug typical --relax --mt 2 -L xil_defaultlib -L unisims_ver -L unimacro_ver -L secureip --snapshot tb_mul_poly_matrix_behav xil_defaultlib.tb_mul_poly_matrix xil_defaultlib.glbl -log elaborate.log 
Using 2 slave threads.
Starting static elaboration
Pass Through NonSizing Optimizer
Completed static elaboration
Starting simulation data flow analysis
Completed simulation data flow analysis
Time Resolution for simulation is 1ps
Compiling module xil_defaultlib.add_cell_default
Compiling module xil_defaultlib.barret
Compiling module xil_defaultlib.Rom_mul
Compiling module xil_defaultlib.fulladder
Compiling module xil_defaultlib.csa(WIDTH=26)
Compiling module xil_defaultlib.BoothDecode
Compiling module xil_defaultlib.mul_12bit
Compiling module xil_defaultlib.mul_poly
Compiling module xil_defaultlib.mul_poly_matrix
Compiling module xil_defaultlib.mul_cel_default
Compiling module xil_defaultlib.tb_mul_poly_matrix
Compiling module xil_defaultlib.glbl
Built simulation snapshot tb_mul_poly_matrix_behav
INFO: [USF-XSim-69] 'elaborate' step finished in '3' seconds
Time resolution is 1 ps
               a: c0a 2ce 36f 1d6 963 8a1 af7 33e 10c 544 10f be7 8cb 661 893 87a
               b: aca 3ce 0b5 5da c35 390 525 3d5 99e c4d 765 3d1 cc2 311 056 75a
             res: c66 2cb a96 c08 c79 7bb 9fd a5d c74 499 a6d cb0 59d 5aa 233 475
expect r12..r15 = {b65, 967, c71, 6a7}
got    r12..r15 = {59d, 5aa, 233, 475}
FAIL
$finish called at time : 232500 ps : File "C:/Hung/Viettel/Stage2/ML-KEM/mul_poly/tb_mul_poly_matrix.v" Line 116
relaunch_sim: Time (s): cpu = 00:00:01 ; elapsed = 00:00:07 . Memory (MB): peak = 2087.770 ; gain = 0.000
relaunch_sim
Command: launch_simulation -step compile -simset sim_1 -mode behavioral
INFO: [Vivado 12-12493] Simulation top is 'tb_mul_poly_matrix'
WARNING: [Vivado 12-13340] Unable to auto find GCC executables from simulator install path! (path not set)
WARNING: [Vivado 12-13277] Compiled library path does not exist: ''
INFO: [Vivado 12-5682] Launching behavioral simulation in 'C:/Hung/Viettel/Stage2/ML-KEM/mul_poly/mul_matrix/mul_matrix.sim/sim_1/behav/xsim'
INFO: [SIM-utils-51] Simulation object is 'sim_1'
INFO: [USF-XSim-2] XSim::Compile design
INFO: [USF-XSim-61] Executing 'COMPILE and ANALYZE' step in 'C:/Hung/Viettel/Stage2/ML-KEM/mul_poly/mul_matrix/mul_matrix.sim/sim_1/behav/xsim'
"xvlog --incr --relax -prj tb_mul_poly_matrix_vlog.prj"
INFO: [VRFC 10-2263] Analyzing Verilog file "C:/Hung/Viettel/Stage2/ML-KEM/mul_poly/BoothDecode.v" into library xil_defaultlib
INFO: [VRFC 10-311] analyzing module BoothDecode
INFO: [VRFC 10-2263] Analyzing Verilog file "C:/Hung/Viettel/Stage2/ML-KEM/mul_poly/Rom_mul.v" into library xil_defaultlib
INFO: [VRFC 10-311] analyzing module Rom_mul
INFO: [VRFC 10-2263] Analyzing Verilog file "C:/Hung/Viettel/Stage2/ML-KEM/mul_poly/add_cell.v" into library xil_defaultlib
INFO: [VRFC 10-311] analyzing module add_cell
INFO: [VRFC 10-2263] Analyzing Verilog file "C:/Hung/Viettel/Stage2/ML-KEM/NTT/barret.v" into library xil_defaultlib
INFO: [VRFC 10-311] analyzing module barret
INFO: [VRFC 10-2263] Analyzing Verilog file "C:/Hung/Viettel/Stage2/ML-KEM/mul_poly/csa.v" into library xil_defaultlib
INFO: [VRFC 10-311] analyzing module csa
INFO: [VRFC 10-311] analyzing module fulladder
INFO: [VRFC 10-2263] Analyzing Verilog file "C:/Hung/Viettel/Stage2/ML-KEM/mul_poly/mul_12bit.v" into library xil_defaultlib
INFO: [VRFC 10-311] analyzing module mul_12bit
INFO: [VRFC 10-2263] Analyzing Verilog file "C:/Hung/Viettel/Stage2/ML-KEM/mul_poly/mul_cell.v" into library xil_defaultlib
INFO: [VRFC 10-311] analyzing module mul_cel
INFO: [VRFC 10-2263] Analyzing Verilog file "C:/Hung/Viettel/Stage2/ML-KEM/mul_poly/mul_poly.v" into library xil_defaultlib
INFO: [VRFC 10-311] analyzing module mul_poly
INFO: [VRFC 10-2263] Analyzing Verilog file "C:/Hung/Viettel/Stage2/ML-KEM/mul_poly/mul_poly_matrix.v" into library xil_defaultlib
INFO: [VRFC 10-311] analyzing module mul_poly_matrix
INFO: [VRFC 10-2263] Analyzing Verilog file "C:/Hung/Viettel/Stage2/ML-KEM/mul_poly/tb_mul_poly_matrix.v" into library xil_defaultlib
INFO: [VRFC 10-311] analyzing module tb_mul_poly_matrix
INFO: [USF-XSim-69] 'compile' step finished in '2' seconds
Command: launch_simulation -step elaborate -simset sim_1 -mode behavioral
INFO: [Vivado 12-12493] Simulation top is 'tb_mul_poly_matrix'
WARNING: [Vivado 12-13340] Unable to auto find GCC executables from simulator install path! (path not set)
WARNING: [Vivado 12-13277] Compiled library path does not exist: ''
INFO: [Vivado 12-5682] Launching behavioral simulation in 'C:/Hung/Viettel/Stage2/ML-KEM/mul_poly/mul_matrix/mul_matrix.sim/sim_1/behav/xsim'
INFO: [SIM-utils-51] Simulation object is 'sim_1'
INFO: [USF-XSim-3] XSim::Elaborate design
INFO: [USF-XSim-61] Executing 'ELABORATE' step in 'C:/Hung/Viettel/Stage2/ML-KEM/mul_poly/mul_matrix/mul_matrix.sim/sim_1/behav/xsim'
"xelab --incr --debug typical --relax --mt 2 -L xil_defaultlib -L unisims_ver -L unimacro_ver -L secureip --snapshot tb_mul_poly_matrix_behav xil_defaultlib.tb_mul_poly_matrix xil_defaultlib.glbl -log elaborate.log"
Vivado Simulator v2022.2.2
Copyright 1986-1999, 2001-2022 Xilinx, Inc. All Rights Reserved.
Running: C:/Xilinx/Vivado/2022.2/bin/unwrapped/win64.o/xelab.exe --incr --debug typical --relax --mt 2 -L xil_defaultlib -L unisims_ver -L unimacro_ver -L secureip --snapshot tb_mul_poly_matrix_behav xil_defaultlib.tb_mul_poly_matrix xil_defaultlib.glbl -log elaborate.log 
Using 2 slave threads.
Starting static elaboration
Pass Through NonSizing Optimizer
Completed static elaboration
Starting simulation data flow analysis
Completed simulation data flow analysis
Time Resolution for simulation is 1ps
Compiling module xil_defaultlib.add_cell_default
Compiling module xil_defaultlib.barret
Compiling module xil_defaultlib.Rom_mul
Compiling module xil_defaultlib.fulladder
Compiling module xil_defaultlib.csa(WIDTH=26)
Compiling module xil_defaultlib.BoothDecode
Compiling module xil_defaultlib.mul_12bit
Compiling module xil_defaultlib.mul_poly
Compiling module xil_defaultlib.mul_poly_matrix
Compiling module xil_defaultlib.mul_cel_default
Compiling module xil_defaultlib.tb_mul_poly_matrix
Compiling module xil_defaultlib.glbl
Built simulation snapshot tb_mul_poly_matrix_behav
INFO: [USF-XSim-69] 'elaborate' step finished in '3' seconds
Time resolution is 1 ps
               a: c0a 2ce 36f 1d6 963 8a1 af7 33e 10c 544 10f be7 8cb 661 893 87a
               b: aca 3ce 0b5 5da c35 390 525 3d5 99e c4d 765 3d1 cc2 311 056 75a
             res: c66 2cb a96 c08 c79 7bb 9fd a5d c74 499 a6d cb0 59d 5aa 233 475
expect r12..r15 = {b65, 967, c71, 6a7}
got    r12..r15 = {59d, 5aa, 233, 475}
FAIL
$finish called at time : 232500 ps : File "C:/Hung/Viettel/Stage2/ML-KEM/mul_poly/tb_mul_poly_matrix.v" Line 116
relaunch_sim: Time (s): cpu = 00:00:00 ; elapsed = 00:00:07 . Memory (MB): peak = 2087.770 ; gain = 0.000
relaunch_sim
Command: launch_simulation -step compile -simset sim_1 -mode behavioral
INFO: [Vivado 12-12493] Simulation top is 'tb_mul_poly_matrix'
WARNING: [Vivado 12-13340] Unable to auto find GCC executables from simulator install path! (path not set)
WARNING: [Vivado 12-13277] Compiled library path does not exist: ''
INFO: [Vivado 12-5682] Launching behavioral simulation in 'C:/Hung/Viettel/Stage2/ML-KEM/mul_poly/mul_matrix/mul_matrix.sim/sim_1/behav/xsim'
INFO: [SIM-utils-51] Simulation object is 'sim_1'
INFO: [USF-XSim-2] XSim::Compile design
INFO: [USF-XSim-61] Executing 'COMPILE and ANALYZE' step in 'C:/Hung/Viettel/Stage2/ML-KEM/mul_poly/mul_matrix/mul_matrix.sim/sim_1/behav/xsim'
"xvlog --incr --relax -prj tb_mul_poly_matrix_vlog.prj"
INFO: [VRFC 10-2263] Analyzing Verilog file "C:/Hung/Viettel/Stage2/ML-KEM/mul_poly/BoothDecode.v" into library xil_defaultlib
INFO: [VRFC 10-311] analyzing module BoothDecode
INFO: [VRFC 10-2263] Analyzing Verilog file "C:/Hung/Viettel/Stage2/ML-KEM/mul_poly/Rom_mul.v" into library xil_defaultlib
INFO: [VRFC 10-311] analyzing module Rom_mul
INFO: [VRFC 10-2263] Analyzing Verilog file "C:/Hung/Viettel/Stage2/ML-KEM/mul_poly/add_cell.v" into library xil_defaultlib
INFO: [VRFC 10-311] analyzing module add_cell
INFO: [VRFC 10-2263] Analyzing Verilog file "C:/Hung/Viettel/Stage2/ML-KEM/NTT/barret.v" into library xil_defaultlib
INFO: [VRFC 10-311] analyzing module barret
INFO: [VRFC 10-2263] Analyzing Verilog file "C:/Hung/Viettel/Stage2/ML-KEM/mul_poly/csa.v" into library xil_defaultlib
INFO: [VRFC 10-311] analyzing module csa
INFO: [VRFC 10-311] analyzing module fulladder
INFO: [VRFC 10-2263] Analyzing Verilog file "C:/Hung/Viettel/Stage2/ML-KEM/mul_poly/mul_12bit.v" into library xil_defaultlib
INFO: [VRFC 10-311] analyzing module mul_12bit
INFO: [VRFC 10-2263] Analyzing Verilog file "C:/Hung/Viettel/Stage2/ML-KEM/mul_poly/mul_cell.v" into library xil_defaultlib
INFO: [VRFC 10-311] analyzing module mul_cel
INFO: [VRFC 10-2263] Analyzing Verilog file "C:/Hung/Viettel/Stage2/ML-KEM/mul_poly/mul_poly.v" into library xil_defaultlib
INFO: [VRFC 10-311] analyzing module mul_poly
INFO: [VRFC 10-2263] Analyzing Verilog file "C:/Hung/Viettel/Stage2/ML-KEM/mul_poly/mul_poly_matrix.v" into library xil_defaultlib
INFO: [VRFC 10-311] analyzing module mul_poly_matrix
INFO: [VRFC 10-2263] Analyzing Verilog file "C:/Hung/Viettel/Stage2/ML-KEM/mul_poly/tb_mul_poly_matrix.v" into library xil_defaultlib
INFO: [VRFC 10-311] analyzing module tb_mul_poly_matrix
INFO: [USF-XSim-69] 'compile' step finished in '2' seconds
Command: launch_simulation -step elaborate -simset sim_1 -mode behavioral
INFO: [Vivado 12-12493] Simulation top is 'tb_mul_poly_matrix'
WARNING: [Vivado 12-13340] Unable to auto find GCC executables from simulator install path! (path not set)
WARNING: [Vivado 12-13277] Compiled library path does not exist: ''
INFO: [Vivado 12-5682] Launching behavioral simulation in 'C:/Hung/Viettel/Stage2/ML-KEM/mul_poly/mul_matrix/mul_matrix.sim/sim_1/behav/xsim'
INFO: [SIM-utils-51] Simulation object is 'sim_1'
INFO: [USF-XSim-3] XSim::Elaborate design
INFO: [USF-XSim-61] Executing 'ELABORATE' step in 'C:/Hung/Viettel/Stage2/ML-KEM/mul_poly/mul_matrix/mul_matrix.sim/sim_1/behav/xsim'
"xelab --incr --debug typical --relax --mt 2 -L xil_defaultlib -L unisims_ver -L unimacro_ver -L secureip --snapshot tb_mul_poly_matrix_behav xil_defaultlib.tb_mul_poly_matrix xil_defaultlib.glbl -log elaborate.log"
Vivado Simulator v2022.2.2
Copyright 1986-1999, 2001-2022 Xilinx, Inc. All Rights Reserved.
Running: C:/Xilinx/Vivado/2022.2/bin/unwrapped/win64.o/xelab.exe --incr --debug typical --relax --mt 2 -L xil_defaultlib -L unisims_ver -L unimacro_ver -L secureip --snapshot tb_mul_poly_matrix_behav xil_defaultlib.tb_mul_poly_matrix xil_defaultlib.glbl -log elaborate.log 
Using 2 slave threads.
Starting static elaboration
Pass Through NonSizing Optimizer
Completed static elaboration
Starting simulation data flow analysis
Completed simulation data flow analysis
Time Resolution for simulation is 1ps
Compiling module xil_defaultlib.add_cell_default
Compiling module xil_defaultlib.barret
Compiling module xil_defaultlib.Rom_mul
Compiling module xil_defaultlib.fulladder
Compiling module xil_defaultlib.csa(WIDTH=26)
Compiling module xil_defaultlib.BoothDecode
Compiling module xil_defaultlib.mul_12bit
Compiling module xil_defaultlib.mul_poly
Compiling module xil_defaultlib.mul_poly_matrix
Compiling module xil_defaultlib.mul_cel_default
Compiling module xil_defaultlib.tb_mul_poly_matrix
Compiling module xil_defaultlib.glbl
Built simulation snapshot tb_mul_poly_matrix_behav
INFO: [USF-XSim-69] 'elaborate' step finished in '3' seconds
Time resolution is 1 ps
               a: c0a 2ce 36f 1d6 963 8a1 af7 33e 10c 544 10f be7 8cb 661 893 87a
               b: aca 3ce 0b5 5da c35 390 525 3d5 99e c4d 765 3d1 cc2 311 056 75a
             res: c66 2cb a96 c08 c79 7bb 9fd a5d c74 499 a6d cb0 59d 5aa 233 475
expect r12..r15 = {b65, 967, c71, 6a7}
got    r12..r15 = {59d, 5aa, 233, 475}
FAIL
$finish called at time : 232500 ps : File "C:/Hung/Viettel/Stage2/ML-KEM/mul_poly/tb_mul_poly_matrix.v" Line 116
relaunch_sim: Time (s): cpu = 00:00:03 ; elapsed = 00:00:07 . Memory (MB): peak = 2087.770 ; gain = 0.000
current_wave_config {tb_mul_12bit_behav.wcfg}
C:/Hung/Viettel/Stage2/ML-KEM/mul_poly/mul_matrix/tb_mul_12bit_behav.wcfg
add_wave {{/tb_mul_poly_matrix/dut/count_k}} 
current_wave_config {tb_mul_12bit_behav.wcfg}
C:/Hung/Viettel/Stage2/ML-KEM/mul_poly/mul_matrix/tb_mul_12bit_behav.wcfg
add_wave {{/tb_mul_poly_matrix/dut/done_flag}} 
save_wave_config {C:/Hung/Viettel/Stage2/ML-KEM/mul_poly/mul_matrix/tb_mul_12bit_behav.wcfg}
relaunch_sim
Command: launch_simulation -step compile -simset sim_1 -mode behavioral
INFO: [Vivado 12-12493] Simulation top is 'tb_mul_poly_matrix'
WARNING: [Vivado 12-13340] Unable to auto find GCC executables from simulator install path! (path not set)
WARNING: [Vivado 12-13277] Compiled library path does not exist: ''
INFO: [Vivado 12-5682] Launching behavioral simulation in 'C:/Hung/Viettel/Stage2/ML-KEM/mul_poly/mul_matrix/mul_matrix.sim/sim_1/behav/xsim'
INFO: [SIM-utils-51] Simulation object is 'sim_1'
INFO: [USF-XSim-2] XSim::Compile design
INFO: [USF-XSim-61] Executing 'COMPILE and ANALYZE' step in 'C:/Hung/Viettel/Stage2/ML-KEM/mul_poly/mul_matrix/mul_matrix.sim/sim_1/behav/xsim'
"xvlog --incr --relax -prj tb_mul_poly_matrix_vlog.prj"
INFO: [VRFC 10-2263] Analyzing Verilog file "C:/Hung/Viettel/Stage2/ML-KEM/mul_poly/BoothDecode.v" into library xil_defaultlib
INFO: [VRFC 10-311] analyzing module BoothDecode
INFO: [VRFC 10-2263] Analyzing Verilog file "C:/Hung/Viettel/Stage2/ML-KEM/mul_poly/Rom_mul.v" into library xil_defaultlib
INFO: [VRFC 10-311] analyzing module Rom_mul
INFO: [VRFC 10-2263] Analyzing Verilog file "C:/Hung/Viettel/Stage2/ML-KEM/mul_poly/add_cell.v" into library xil_defaultlib
INFO: [VRFC 10-311] analyzing module add_cell
INFO: [VRFC 10-2263] Analyzing Verilog file "C:/Hung/Viettel/Stage2/ML-KEM/NTT/barret.v" into library xil_defaultlib
INFO: [VRFC 10-311] analyzing module barret
INFO: [VRFC 10-2263] Analyzing Verilog file "C:/Hung/Viettel/Stage2/ML-KEM/mul_poly/csa.v" into library xil_defaultlib
INFO: [VRFC 10-311] analyzing module csa
INFO: [VRFC 10-311] analyzing module fulladder
INFO: [VRFC 10-2263] Analyzing Verilog file "C:/Hung/Viettel/Stage2/ML-KEM/mul_poly/mul_12bit.v" into library xil_defaultlib
INFO: [VRFC 10-311] analyzing module mul_12bit
INFO: [VRFC 10-2263] Analyzing Verilog file "C:/Hung/Viettel/Stage2/ML-KEM/mul_poly/mul_cell.v" into library xil_defaultlib
INFO: [VRFC 10-311] analyzing module mul_cel
INFO: [VRFC 10-2263] Analyzing Verilog file "C:/Hung/Viettel/Stage2/ML-KEM/mul_poly/mul_poly.v" into library xil_defaultlib
INFO: [VRFC 10-311] analyzing module mul_poly
INFO: [VRFC 10-2263] Analyzing Verilog file "C:/Hung/Viettel/Stage2/ML-KEM/mul_poly/mul_poly_matrix.v" into library xil_defaultlib
INFO: [VRFC 10-311] analyzing module mul_poly_matrix
INFO: [VRFC 10-2263] Analyzing Verilog file "C:/Hung/Viettel/Stage2/ML-KEM/mul_poly/tb_mul_poly_matrix.v" into library xil_defaultlib
INFO: [VRFC 10-311] analyzing module tb_mul_poly_matrix
INFO: [USF-XSim-69] 'compile' step finished in '2' seconds
Command: launch_simulation -step elaborate -simset sim_1 -mode behavioral
INFO: [Vivado 12-12493] Simulation top is 'tb_mul_poly_matrix'
WARNING: [Vivado 12-13340] Unable to auto find GCC executables from simulator install path! (path not set)
WARNING: [Vivado 12-13277] Compiled library path does not exist: ''
INFO: [Vivado 12-5682] Launching behavioral simulation in 'C:/Hung/Viettel/Stage2/ML-KEM/mul_poly/mul_matrix/mul_matrix.sim/sim_1/behav/xsim'
INFO: [SIM-utils-51] Simulation object is 'sim_1'
INFO: [USF-XSim-3] XSim::Elaborate design
INFO: [USF-XSim-61] Executing 'ELABORATE' step in 'C:/Hung/Viettel/Stage2/ML-KEM/mul_poly/mul_matrix/mul_matrix.sim/sim_1/behav/xsim'
"xelab --incr --debug typical --relax --mt 2 -L xil_defaultlib -L unisims_ver -L unimacro_ver -L secureip --snapshot tb_mul_poly_matrix_behav xil_defaultlib.tb_mul_poly_matrix xil_defaultlib.glbl -log elaborate.log"
Vivado Simulator v2022.2.2
Copyright 1986-1999, 2001-2022 Xilinx, Inc. All Rights Reserved.
Running: C:/Xilinx/Vivado/2022.2/bin/unwrapped/win64.o/xelab.exe --incr --debug typical --relax --mt 2 -L xil_defaultlib -L unisims_ver -L unimacro_ver -L secureip --snapshot tb_mul_poly_matrix_behav xil_defaultlib.tb_mul_poly_matrix xil_defaultlib.glbl -log elaborate.log 
Using 2 slave threads.
Starting static elaboration
Pass Through NonSizing Optimizer
Completed static elaboration
Starting simulation data flow analysis
Completed simulation data flow analysis
Time Resolution for simulation is 1ps
Compiling module xil_defaultlib.add_cell_default
Compiling module xil_defaultlib.barret
Compiling module xil_defaultlib.Rom_mul
Compiling module xil_defaultlib.fulladder
Compiling module xil_defaultlib.csa(WIDTH=26)
Compiling module xil_defaultlib.BoothDecode
Compiling module xil_defaultlib.mul_12bit
Compiling module xil_defaultlib.mul_poly
Compiling module xil_defaultlib.mul_poly_matrix
Compiling module xil_defaultlib.mul_cel_default
Compiling module xil_defaultlib.tb_mul_poly_matrix
Compiling module xil_defaultlib.glbl
Built simulation snapshot tb_mul_poly_matrix_behav
INFO: [USF-XSim-69] 'elaborate' step finished in '3' seconds
Time resolution is 1 ps
               a: c0a 2ce 36f 1d6 963 8a1 af7 33e 10c 544 10f be7 8cb 661 893 87a
               b: aca 3ce 0b5 5da c35 390 525 3d5 99e c4d 765 3d1 cc2 311 056 75a
             res: c66 2cb a96 c08 c79 7bb 9fd a5d c74 499 a6d cb0 59d 5aa 233 475
expect r12..r15 = {b65, 967, c71, 6a7}
got    r12..r15 = {59d, 5aa, 233, 475}
FAIL
$finish called at time : 232500 ps : File "C:/Hung/Viettel/Stage2/ML-KEM/mul_poly/tb_mul_poly_matrix.v" Line 116
relaunch_sim: Time (s): cpu = 00:00:02 ; elapsed = 00:00:07 . Memory (MB): peak = 2087.770 ; gain = 0.000
save_wave_config {C:/Hung/Viettel/Stage2/ML-KEM/mul_poly/mul_matrix/tb_mul_12bit_behav.wcfg}
relaunch_sim
Command: launch_simulation -step compile -simset sim_1 -mode behavioral
INFO: [Vivado 12-12493] Simulation top is 'tb_mul_poly_matrix'
WARNING: [Vivado 12-13340] Unable to auto find GCC executables from simulator install path! (path not set)
WARNING: [Vivado 12-13277] Compiled library path does not exist: ''
INFO: [Vivado 12-5682] Launching behavioral simulation in 'C:/Hung/Viettel/Stage2/ML-KEM/mul_poly/mul_matrix/mul_matrix.sim/sim_1/behav/xsim'
INFO: [SIM-utils-51] Simulation object is 'sim_1'
INFO: [USF-XSim-2] XSim::Compile design
INFO: [USF-XSim-61] Executing 'COMPILE and ANALYZE' step in 'C:/Hung/Viettel/Stage2/ML-KEM/mul_poly/mul_matrix/mul_matrix.sim/sim_1/behav/xsim'
"xvlog --incr --relax -prj tb_mul_poly_matrix_vlog.prj"
INFO: [VRFC 10-2263] Analyzing Verilog file "C:/Hung/Viettel/Stage2/ML-KEM/mul_poly/BoothDecode.v" into library xil_defaultlib
INFO: [VRFC 10-311] analyzing module BoothDecode
INFO: [VRFC 10-2263] Analyzing Verilog file "C:/Hung/Viettel/Stage2/ML-KEM/mul_poly/Rom_mul.v" into library xil_defaultlib
INFO: [VRFC 10-311] analyzing module Rom_mul
INFO: [VRFC 10-2263] Analyzing Verilog file "C:/Hung/Viettel/Stage2/ML-KEM/mul_poly/add_cell.v" into library xil_defaultlib
INFO: [VRFC 10-311] analyzing module add_cell
INFO: [VRFC 10-2263] Analyzing Verilog file "C:/Hung/Viettel/Stage2/ML-KEM/NTT/barret.v" into library xil_defaultlib
INFO: [VRFC 10-311] analyzing module barret
INFO: [VRFC 10-2263] Analyzing Verilog file "C:/Hung/Viettel/Stage2/ML-KEM/mul_poly/csa.v" into library xil_defaultlib
INFO: [VRFC 10-311] analyzing module csa
INFO: [VRFC 10-311] analyzing module fulladder
INFO: [VRFC 10-2263] Analyzing Verilog file "C:/Hung/Viettel/Stage2/ML-KEM/mul_poly/mul_12bit.v" into library xil_defaultlib
INFO: [VRFC 10-311] analyzing module mul_12bit
INFO: [VRFC 10-2263] Analyzing Verilog file "C:/Hung/Viettel/Stage2/ML-KEM/mul_poly/mul_cell.v" into library xil_defaultlib
INFO: [VRFC 10-311] analyzing module mul_cel
INFO: [VRFC 10-2263] Analyzing Verilog file "C:/Hung/Viettel/Stage2/ML-KEM/mul_poly/mul_poly.v" into library xil_defaultlib
INFO: [VRFC 10-311] analyzing module mul_poly
INFO: [VRFC 10-2263] Analyzing Verilog file "C:/Hung/Viettel/Stage2/ML-KEM/mul_poly/mul_poly_matrix.v" into library xil_defaultlib
INFO: [VRFC 10-311] analyzing module mul_poly_matrix
INFO: [VRFC 10-2263] Analyzing Verilog file "C:/Hung/Viettel/Stage2/ML-KEM/mul_poly/tb_mul_poly_matrix.v" into library xil_defaultlib
INFO: [VRFC 10-311] analyzing module tb_mul_poly_matrix
INFO: [USF-XSim-69] 'compile' step finished in '1' seconds
Command: launch_simulation -step elaborate -simset sim_1 -mode behavioral
INFO: [Vivado 12-12493] Simulation top is 'tb_mul_poly_matrix'
WARNING: [Vivado 12-13340] Unable to auto find GCC executables from simulator install path! (path not set)
WARNING: [Vivado 12-13277] Compiled library path does not exist: ''
INFO: [Vivado 12-5682] Launching behavioral simulation in 'C:/Hung/Viettel/Stage2/ML-KEM/mul_poly/mul_matrix/mul_matrix.sim/sim_1/behav/xsim'
INFO: [SIM-utils-51] Simulation object is 'sim_1'
INFO: [USF-XSim-3] XSim::Elaborate design
INFO: [USF-XSim-61] Executing 'ELABORATE' step in 'C:/Hung/Viettel/Stage2/ML-KEM/mul_poly/mul_matrix/mul_matrix.sim/sim_1/behav/xsim'
"xelab --incr --debug typical --relax --mt 2 -L xil_defaultlib -L unisims_ver -L unimacro_ver -L secureip --snapshot tb_mul_poly_matrix_behav xil_defaultlib.tb_mul_poly_matrix xil_defaultlib.glbl -log elaborate.log"
Vivado Simulator v2022.2.2
Copyright 1986-1999, 2001-2022 Xilinx, Inc. All Rights Reserved.
Running: C:/Xilinx/Vivado/2022.2/bin/unwrapped/win64.o/xelab.exe --incr --debug typical --relax --mt 2 -L xil_defaultlib -L unisims_ver -L unimacro_ver -L secureip --snapshot tb_mul_poly_matrix_behav xil_defaultlib.tb_mul_poly_matrix xil_defaultlib.glbl -log elaborate.log 
Using 2 slave threads.
Starting static elaboration
Pass Through NonSizing Optimizer
Completed static elaboration
Starting simulation data flow analysis
Completed simulation data flow analysis
Time Resolution for simulation is 1ps
Compiling module xil_defaultlib.add_cell_default
Compiling module xil_defaultlib.barret
Compiling module xil_defaultlib.Rom_mul
Compiling module xil_defaultlib.fulladder
Compiling module xil_defaultlib.csa(WIDTH=26)
Compiling module xil_defaultlib.BoothDecode
Compiling module xil_defaultlib.mul_12bit
Compiling module xil_defaultlib.mul_poly
Compiling module xil_defaultlib.mul_poly_matrix
Compiling module xil_defaultlib.mul_cel_default
Compiling module xil_defaultlib.tb_mul_poly_matrix
Compiling module xil_defaultlib.glbl
Built simulation snapshot tb_mul_poly_matrix_behav
INFO: [USF-XSim-69] 'elaborate' step finished in '3' seconds
Time resolution is 1 ps
               a: c0a 2ce 36f 1d6 963 8a1 af7 33e 10c 544 10f be7 8cb 661 893 87a
               b: aca 3ce 0b5 5da c35 390 525 3d5 99e c4d 765 3d1 cc2 311 056 75a
             res: c66 2cb a96 c08 c79 7bb 9fd a5d c74 499 a6d cb0 59d 5aa 233 475
expect r12..r15 = {b65, 967, c71, 6a7}
got    r12..r15 = {59d, 5aa, 233, 475}
FAIL
$finish called at time : 232500 ps : File "C:/Hung/Viettel/Stage2/ML-KEM/mul_poly/tb_mul_poly_matrix.v" Line 116
relaunch_sim: Time (s): cpu = 00:00:02 ; elapsed = 00:00:07 . Memory (MB): peak = 2087.770 ; gain = 0.000
relaunch_sim
Command: launch_simulation -step compile -simset sim_1 -mode behavioral
INFO: [Vivado 12-12493] Simulation top is 'tb_mul_poly_matrix'
WARNING: [Vivado 12-13340] Unable to auto find GCC executables from simulator install path! (path not set)
WARNING: [Vivado 12-13277] Compiled library path does not exist: ''
INFO: [Vivado 12-5682] Launching behavioral simulation in 'C:/Hung/Viettel/Stage2/ML-KEM/mul_poly/mul_matrix/mul_matrix.sim/sim_1/behav/xsim'
INFO: [SIM-utils-51] Simulation object is 'sim_1'
INFO: [USF-XSim-2] XSim::Compile design
INFO: [USF-XSim-61] Executing 'COMPILE and ANALYZE' step in 'C:/Hung/Viettel/Stage2/ML-KEM/mul_poly/mul_matrix/mul_matrix.sim/sim_1/behav/xsim'
"xvlog --incr --relax -prj tb_mul_poly_matrix_vlog.prj"
INFO: [VRFC 10-2263] Analyzing Verilog file "C:/Hung/Viettel/Stage2/ML-KEM/mul_poly/BoothDecode.v" into library xil_defaultlib
INFO: [VRFC 10-311] analyzing module BoothDecode
INFO: [VRFC 10-2263] Analyzing Verilog file "C:/Hung/Viettel/Stage2/ML-KEM/mul_poly/Rom_mul.v" into library xil_defaultlib
INFO: [VRFC 10-311] analyzing module Rom_mul
INFO: [VRFC 10-2263] Analyzing Verilog file "C:/Hung/Viettel/Stage2/ML-KEM/mul_poly/add_cell.v" into library xil_defaultlib
INFO: [VRFC 10-311] analyzing module add_cell
INFO: [VRFC 10-2263] Analyzing Verilog file "C:/Hung/Viettel/Stage2/ML-KEM/NTT/barret.v" into library xil_defaultlib
INFO: [VRFC 10-311] analyzing module barret
INFO: [VRFC 10-2263] Analyzing Verilog file "C:/Hung/Viettel/Stage2/ML-KEM/mul_poly/csa.v" into library xil_defaultlib
INFO: [VRFC 10-311] analyzing module csa
INFO: [VRFC 10-311] analyzing module fulladder
INFO: [VRFC 10-2263] Analyzing Verilog file "C:/Hung/Viettel/Stage2/ML-KEM/mul_poly/mul_12bit.v" into library xil_defaultlib
INFO: [VRFC 10-311] analyzing module mul_12bit
INFO: [VRFC 10-2263] Analyzing Verilog file "C:/Hung/Viettel/Stage2/ML-KEM/mul_poly/mul_cell.v" into library xil_defaultlib
INFO: [VRFC 10-311] analyzing module mul_cel
INFO: [VRFC 10-2263] Analyzing Verilog file "C:/Hung/Viettel/Stage2/ML-KEM/mul_poly/mul_poly.v" into library xil_defaultlib
INFO: [VRFC 10-311] analyzing module mul_poly
INFO: [VRFC 10-2263] Analyzing Verilog file "C:/Hung/Viettel/Stage2/ML-KEM/mul_poly/mul_poly_matrix.v" into library xil_defaultlib
INFO: [VRFC 10-311] analyzing module mul_poly_matrix
INFO: [VRFC 10-2263] Analyzing Verilog file "C:/Hung/Viettel/Stage2/ML-KEM/mul_poly/tb_mul_poly_matrix.v" into library xil_defaultlib
INFO: [VRFC 10-311] analyzing module tb_mul_poly_matrix
INFO: [USF-XSim-69] 'compile' step finished in '1' seconds
Command: launch_simulation -step elaborate -simset sim_1 -mode behavioral
INFO: [Vivado 12-12493] Simulation top is 'tb_mul_poly_matrix'
WARNING: [Vivado 12-13340] Unable to auto find GCC executables from simulator install path! (path not set)
WARNING: [Vivado 12-13277] Compiled library path does not exist: ''
INFO: [Vivado 12-5682] Launching behavioral simulation in 'C:/Hung/Viettel/Stage2/ML-KEM/mul_poly/mul_matrix/mul_matrix.sim/sim_1/behav/xsim'
INFO: [SIM-utils-51] Simulation object is 'sim_1'
INFO: [USF-XSim-3] XSim::Elaborate design
INFO: [USF-XSim-61] Executing 'ELABORATE' step in 'C:/Hung/Viettel/Stage2/ML-KEM/mul_poly/mul_matrix/mul_matrix.sim/sim_1/behav/xsim'
"xelab --incr --debug typical --relax --mt 2 -L xil_defaultlib -L unisims_ver -L unimacro_ver -L secureip --snapshot tb_mul_poly_matrix_behav xil_defaultlib.tb_mul_poly_matrix xil_defaultlib.glbl -log elaborate.log"
Vivado Simulator v2022.2.2
Copyright 1986-1999, 2001-2022 Xilinx, Inc. All Rights Reserved.
Running: C:/Xilinx/Vivado/2022.2/bin/unwrapped/win64.o/xelab.exe --incr --debug typical --relax --mt 2 -L xil_defaultlib -L unisims_ver -L unimacro_ver -L secureip --snapshot tb_mul_poly_matrix_behav xil_defaultlib.tb_mul_poly_matrix xil_defaultlib.glbl -log elaborate.log 
Using 2 slave threads.
Starting static elaboration
Pass Through NonSizing Optimizer
Completed static elaboration
Starting simulation data flow analysis
Completed simulation data flow analysis
Time Resolution for simulation is 1ps
Compiling module xil_defaultlib.add_cell_default
Compiling module xil_defaultlib.barret
Compiling module xil_defaultlib.Rom_mul
Compiling module xil_defaultlib.fulladder
Compiling module xil_defaultlib.csa(WIDTH=26)
Compiling module xil_defaultlib.BoothDecode
Compiling module xil_defaultlib.mul_12bit
Compiling module xil_defaultlib.mul_poly
Compiling module xil_defaultlib.mul_poly_matrix
Compiling module xil_defaultlib.mul_cel_default
Compiling module xil_defaultlib.tb_mul_poly_matrix
Compiling module xil_defaultlib.glbl
Built simulation snapshot tb_mul_poly_matrix_behav
INFO: [USF-XSim-69] 'elaborate' step finished in '4' seconds
Time resolution is 1 ps
               a: c0a 2ce 36f 1d6 963 8a1 af7 33e 10c 544 10f be7 8cb 661 893 87a
               b: aca 3ce 0b5 5da c35 390 525 3d5 99e c4d 765 3d1 cc2 311 056 75a
             res: c66 2cb a96 c08 c79 7bb 9fd a5d c74 499 a6d cb0 59d 5aa 233 475
expect r12..r15 = {b65, 967, c71, 6a7}
got    r12..r15 = {59d, 5aa, 233, 475}
FAIL
$finish called at time : 232500 ps : File "C:/Hung/Viettel/Stage2/ML-KEM/mul_poly/tb_mul_poly_matrix.v" Line 146
relaunch_sim: Time (s): cpu = 00:00:02 ; elapsed = 00:00:07 . Memory (MB): peak = 2087.770 ; gain = 0.000
relaunch_sim
Command: launch_simulation -step compile -simset sim_1 -mode behavioral
INFO: [Vivado 12-12493] Simulation top is 'tb_mul_poly_matrix'
WARNING: [Vivado 12-13340] Unable to auto find GCC executables from simulator install path! (path not set)
WARNING: [Vivado 12-13277] Compiled library path does not exist: ''
INFO: [Vivado 12-5682] Launching behavioral simulation in 'C:/Hung/Viettel/Stage2/ML-KEM/mul_poly/mul_matrix/mul_matrix.sim/sim_1/behav/xsim'
INFO: [SIM-utils-51] Simulation object is 'sim_1'
INFO: [USF-XSim-2] XSim::Compile design
INFO: [USF-XSim-61] Executing 'COMPILE and ANALYZE' step in 'C:/Hung/Viettel/Stage2/ML-KEM/mul_poly/mul_matrix/mul_matrix.sim/sim_1/behav/xsim'
"xvlog --incr --relax -prj tb_mul_poly_matrix_vlog.prj"
INFO: [VRFC 10-2263] Analyzing Verilog file "C:/Hung/Viettel/Stage2/ML-KEM/mul_poly/BoothDecode.v" into library xil_defaultlib
INFO: [VRFC 10-311] analyzing module BoothDecode
INFO: [VRFC 10-2263] Analyzing Verilog file "C:/Hung/Viettel/Stage2/ML-KEM/mul_poly/Rom_mul.v" into library xil_defaultlib
INFO: [VRFC 10-311] analyzing module Rom_mul
INFO: [VRFC 10-2263] Analyzing Verilog file "C:/Hung/Viettel/Stage2/ML-KEM/mul_poly/add_cell.v" into library xil_defaultlib
INFO: [VRFC 10-311] analyzing module add_cell
INFO: [VRFC 10-2263] Analyzing Verilog file "C:/Hung/Viettel/Stage2/ML-KEM/NTT/barret.v" into library xil_defaultlib
INFO: [VRFC 10-311] analyzing module barret
INFO: [VRFC 10-2263] Analyzing Verilog file "C:/Hung/Viettel/Stage2/ML-KEM/mul_poly/csa.v" into library xil_defaultlib
INFO: [VRFC 10-311] analyzing module csa
INFO: [VRFC 10-311] analyzing module fulladder
INFO: [VRFC 10-2263] Analyzing Verilog file "C:/Hung/Viettel/Stage2/ML-KEM/mul_poly/mul_12bit.v" into library xil_defaultlib
INFO: [VRFC 10-311] analyzing module mul_12bit
INFO: [VRFC 10-2263] Analyzing Verilog file "C:/Hung/Viettel/Stage2/ML-KEM/mul_poly/mul_cell.v" into library xil_defaultlib
INFO: [VRFC 10-311] analyzing module mul_cel
INFO: [VRFC 10-2263] Analyzing Verilog file "C:/Hung/Viettel/Stage2/ML-KEM/mul_poly/mul_poly.v" into library xil_defaultlib
INFO: [VRFC 10-311] analyzing module mul_poly
INFO: [VRFC 10-2263] Analyzing Verilog file "C:/Hung/Viettel/Stage2/ML-KEM/mul_poly/mul_poly_matrix.v" into library xil_defaultlib
INFO: [VRFC 10-311] analyzing module mul_poly_matrix
INFO: [VRFC 10-2263] Analyzing Verilog file "C:/Hung/Viettel/Stage2/ML-KEM/mul_poly/tb_mul_poly_matrix.v" into library xil_defaultlib
INFO: [VRFC 10-311] analyzing module tb_mul_poly_matrix
INFO: [USF-XSim-69] 'compile' step finished in '2' seconds
Command: launch_simulation -step elaborate -simset sim_1 -mode behavioral
INFO: [Vivado 12-12493] Simulation top is 'tb_mul_poly_matrix'
WARNING: [Vivado 12-13340] Unable to auto find GCC executables from simulator install path! (path not set)
WARNING: [Vivado 12-13277] Compiled library path does not exist: ''
INFO: [Vivado 12-5682] Launching behavioral simulation in 'C:/Hung/Viettel/Stage2/ML-KEM/mul_poly/mul_matrix/mul_matrix.sim/sim_1/behav/xsim'
INFO: [SIM-utils-51] Simulation object is 'sim_1'
INFO: [USF-XSim-3] XSim::Elaborate design
INFO: [USF-XSim-61] Executing 'ELABORATE' step in 'C:/Hung/Viettel/Stage2/ML-KEM/mul_poly/mul_matrix/mul_matrix.sim/sim_1/behav/xsim'
"xelab --incr --debug typical --relax --mt 2 -L xil_defaultlib -L unisims_ver -L unimacro_ver -L secureip --snapshot tb_mul_poly_matrix_behav xil_defaultlib.tb_mul_poly_matrix xil_defaultlib.glbl -log elaborate.log"
Vivado Simulator v2022.2.2
Copyright 1986-1999, 2001-2022 Xilinx, Inc. All Rights Reserved.
Running: C:/Xilinx/Vivado/2022.2/bin/unwrapped/win64.o/xelab.exe --incr --debug typical --relax --mt 2 -L xil_defaultlib -L unisims_ver -L unimacro_ver -L secureip --snapshot tb_mul_poly_matrix_behav xil_defaultlib.tb_mul_poly_matrix xil_defaultlib.glbl -log elaborate.log 
Using 2 slave threads.
Starting static elaboration
Pass Through NonSizing Optimizer
Completed static elaboration
Starting simulation data flow analysis
Completed simulation data flow analysis
Time Resolution for simulation is 1ps
Compiling module xil_defaultlib.add_cell_default
Compiling module xil_defaultlib.barret
Compiling module xil_defaultlib.Rom_mul
Compiling module xil_defaultlib.fulladder
Compiling module xil_defaultlib.csa(WIDTH=26)
Compiling module xil_defaultlib.BoothDecode
Compiling module xil_defaultlib.mul_12bit
Compiling module xil_defaultlib.mul_poly
Compiling module xil_defaultlib.mul_poly_matrix
Compiling module xil_defaultlib.mul_cel_default
Compiling module xil_defaultlib.tb_mul_poly_matrix
Compiling module xil_defaultlib.glbl
Built simulation snapshot tb_mul_poly_matrix_behav
INFO: [USF-XSim-69] 'elaborate' step finished in '4' seconds
Time resolution is 1 ps
               a: c0a 2ce 36f 1d6 963 8a1 af7 33e 10c 544 10f be7 8cb 661 893 87a
               b: aca 3ce 0b5 5da c35 390 525 3d5 99e c4d 765 3d1 cc2 311 056 75a
             res: c66 2cb a96 c08 c79 7bb 9fd a5d c74 499 a6d cb0 59d 5aa 233 475
expect r12..r15 = {b65, 967, c71, 6a7}
got    r12..r15 = {59d, 5aa, 233, 475}
FAIL
$finish called at time : 232500 ps : File "C:/Hung/Viettel/Stage2/ML-KEM/mul_poly/tb_mul_poly_matrix.v" Line 146
relaunch_sim: Time (s): cpu = 00:00:03 ; elapsed = 00:00:08 . Memory (MB): peak = 2087.770 ; gain = 0.000
relaunch_sim
Command: launch_simulation -step compile -simset sim_1 -mode behavioral
INFO: [Vivado 12-12493] Simulation top is 'tb_mul_poly_matrix'
WARNING: [Vivado 12-13340] Unable to auto find GCC executables from simulator install path! (path not set)
WARNING: [Vivado 12-13277] Compiled library path does not exist: ''
INFO: [Vivado 12-5682] Launching behavioral simulation in 'C:/Hung/Viettel/Stage2/ML-KEM/mul_poly/mul_matrix/mul_matrix.sim/sim_1/behav/xsim'
INFO: [SIM-utils-51] Simulation object is 'sim_1'
INFO: [USF-XSim-2] XSim::Compile design
INFO: [USF-XSim-61] Executing 'COMPILE and ANALYZE' step in 'C:/Hung/Viettel/Stage2/ML-KEM/mul_poly/mul_matrix/mul_matrix.sim/sim_1/behav/xsim'
"xvlog --incr --relax -prj tb_mul_poly_matrix_vlog.prj"
INFO: [VRFC 10-2263] Analyzing Verilog file "C:/Hung/Viettel/Stage2/ML-KEM/mul_poly/BoothDecode.v" into library xil_defaultlib
INFO: [VRFC 10-311] analyzing module BoothDecode
INFO: [VRFC 10-2263] Analyzing Verilog file "C:/Hung/Viettel/Stage2/ML-KEM/mul_poly/Rom_mul.v" into library xil_defaultlib
INFO: [VRFC 10-311] analyzing module Rom_mul
INFO: [VRFC 10-2263] Analyzing Verilog file "C:/Hung/Viettel/Stage2/ML-KEM/mul_poly/add_cell.v" into library xil_defaultlib
INFO: [VRFC 10-311] analyzing module add_cell
INFO: [VRFC 10-2263] Analyzing Verilog file "C:/Hung/Viettel/Stage2/ML-KEM/NTT/barret.v" into library xil_defaultlib
INFO: [VRFC 10-311] analyzing module barret
INFO: [VRFC 10-2263] Analyzing Verilog file "C:/Hung/Viettel/Stage2/ML-KEM/mul_poly/csa.v" into library xil_defaultlib
INFO: [VRFC 10-311] analyzing module csa
INFO: [VRFC 10-311] analyzing module fulladder
INFO: [VRFC 10-2263] Analyzing Verilog file "C:/Hung/Viettel/Stage2/ML-KEM/mul_poly/mul_12bit.v" into library xil_defaultlib
INFO: [VRFC 10-311] analyzing module mul_12bit
INFO: [VRFC 10-2263] Analyzing Verilog file "C:/Hung/Viettel/Stage2/ML-KEM/mul_poly/mul_cell.v" into library xil_defaultlib
INFO: [VRFC 10-311] analyzing module mul_cel
INFO: [VRFC 10-2263] Analyzing Verilog file "C:/Hung/Viettel/Stage2/ML-KEM/mul_poly/mul_poly.v" into library xil_defaultlib
INFO: [VRFC 10-311] analyzing module mul_poly
INFO: [VRFC 10-2263] Analyzing Verilog file "C:/Hung/Viettel/Stage2/ML-KEM/mul_poly/mul_poly_matrix.v" into library xil_defaultlib
INFO: [VRFC 10-311] analyzing module mul_poly_matrix
INFO: [VRFC 10-2263] Analyzing Verilog file "C:/Hung/Viettel/Stage2/ML-KEM/mul_poly/tb_mul_poly_matrix.v" into library xil_defaultlib
INFO: [VRFC 10-311] analyzing module tb_mul_poly_matrix
INFO: [USF-XSim-69] 'compile' step finished in '2' seconds
Command: launch_simulation -step elaborate -simset sim_1 -mode behavioral
INFO: [Vivado 12-12493] Simulation top is 'tb_mul_poly_matrix'
WARNING: [Vivado 12-13340] Unable to auto find GCC executables from simulator install path! (path not set)
WARNING: [Vivado 12-13277] Compiled library path does not exist: ''
INFO: [Vivado 12-5682] Launching behavioral simulation in 'C:/Hung/Viettel/Stage2/ML-KEM/mul_poly/mul_matrix/mul_matrix.sim/sim_1/behav/xsim'
INFO: [SIM-utils-51] Simulation object is 'sim_1'
INFO: [USF-XSim-3] XSim::Elaborate design
INFO: [USF-XSim-61] Executing 'ELABORATE' step in 'C:/Hung/Viettel/Stage2/ML-KEM/mul_poly/mul_matrix/mul_matrix.sim/sim_1/behav/xsim'
"xelab --incr --debug typical --relax --mt 2 -L xil_defaultlib -L unisims_ver -L unimacro_ver -L secureip --snapshot tb_mul_poly_matrix_behav xil_defaultlib.tb_mul_poly_matrix xil_defaultlib.glbl -log elaborate.log"
Vivado Simulator v2022.2.2
Copyright 1986-1999, 2001-2022 Xilinx, Inc. All Rights Reserved.
Running: C:/Xilinx/Vivado/2022.2/bin/unwrapped/win64.o/xelab.exe --incr --debug typical --relax --mt 2 -L xil_defaultlib -L unisims_ver -L unimacro_ver -L secureip --snapshot tb_mul_poly_matrix_behav xil_defaultlib.tb_mul_poly_matrix xil_defaultlib.glbl -log elaborate.log 
Using 2 slave threads.
Starting static elaboration
Pass Through NonSizing Optimizer
Completed static elaboration
Starting simulation data flow analysis
Completed simulation data flow analysis
Time Resolution for simulation is 1ps
Compiling module xil_defaultlib.add_cell_default
Compiling module xil_defaultlib.barret
Compiling module xil_defaultlib.Rom_mul
Compiling module xil_defaultlib.fulladder
Compiling module xil_defaultlib.csa(WIDTH=26)
Compiling module xil_defaultlib.BoothDecode
Compiling module xil_defaultlib.mul_12bit
Compiling module xil_defaultlib.mul_poly
Compiling module xil_defaultlib.mul_poly_matrix
Compiling module xil_defaultlib.mul_cel_default
Compiling module xil_defaultlib.tb_mul_poly_matrix
Compiling module xil_defaultlib.glbl
Built simulation snapshot tb_mul_poly_matrix_behav
INFO: [USF-XSim-69] 'elaborate' step finished in '3' seconds
Time resolution is 1 ps
               a: c0a 2ce 36f 1d6 963 8a1 af7 33e 10c 544 10f be7 8cb 661 893 87a
               b: aca 3ce 0b5 5da c35 390 525 3d5 99e c4d 765 3d1 cc2 311 056 75a
             res: c66 2cb a96 c08 c79 7bb 9fd a5d c74 499 a6d cb0 59d 5aa 233 475
expect r12..r15 = {b65, 967, c71, 6a7}
got    r12..r15 = {59d, 5aa, 233, 475}
FAIL
$finish called at time : 232500 ps : File "C:/Hung/Viettel/Stage2/ML-KEM/mul_poly/tb_mul_poly_matrix.v" Line 208
relaunch_sim: Time (s): cpu = 00:00:03 ; elapsed = 00:00:07 . Memory (MB): peak = 2087.770 ; gain = 0.000
save_wave_config {C:/Hung/Viettel/Stage2/ML-KEM/mul_poly/mul_matrix/tb_mul_12bit_behav.wcfg}
save_wave_config {C:/Hung/Viettel/Stage2/ML-KEM/mul_poly/mul_matrix/tb_mul_12bit_behav.wcfg}
relaunch_sim
Command: launch_simulation -step compile -simset sim_1 -mode behavioral
INFO: [Vivado 12-12493] Simulation top is 'tb_mul_poly_matrix'
WARNING: [Vivado 12-13340] Unable to auto find GCC executables from simulator install path! (path not set)
WARNING: [Vivado 12-13277] Compiled library path does not exist: ''
INFO: [Vivado 12-5682] Launching behavioral simulation in 'C:/Hung/Viettel/Stage2/ML-KEM/mul_poly/mul_matrix/mul_matrix.sim/sim_1/behav/xsim'
INFO: [SIM-utils-51] Simulation object is 'sim_1'
INFO: [USF-XSim-2] XSim::Compile design
INFO: [USF-XSim-61] Executing 'COMPILE and ANALYZE' step in 'C:/Hung/Viettel/Stage2/ML-KEM/mul_poly/mul_matrix/mul_matrix.sim/sim_1/behav/xsim'
"xvlog --incr --relax -prj tb_mul_poly_matrix_vlog.prj"
INFO: [VRFC 10-2263] Analyzing Verilog file "C:/Hung/Viettel/Stage2/ML-KEM/mul_poly/BoothDecode.v" into library xil_defaultlib
INFO: [VRFC 10-311] analyzing module BoothDecode
INFO: [VRFC 10-2263] Analyzing Verilog file "C:/Hung/Viettel/Stage2/ML-KEM/mul_poly/Rom_mul.v" into library xil_defaultlib
INFO: [VRFC 10-311] analyzing module Rom_mul
INFO: [VRFC 10-2263] Analyzing Verilog file "C:/Hung/Viettel/Stage2/ML-KEM/mul_poly/add_cell.v" into library xil_defaultlib
INFO: [VRFC 10-311] analyzing module add_cell
INFO: [VRFC 10-2263] Analyzing Verilog file "C:/Hung/Viettel/Stage2/ML-KEM/NTT/barret.v" into library xil_defaultlib
INFO: [VRFC 10-311] analyzing module barret
INFO: [VRFC 10-2263] Analyzing Verilog file "C:/Hung/Viettel/Stage2/ML-KEM/mul_poly/csa.v" into library xil_defaultlib
INFO: [VRFC 10-311] analyzing module csa
INFO: [VRFC 10-311] analyzing module fulladder
INFO: [VRFC 10-2263] Analyzing Verilog file "C:/Hung/Viettel/Stage2/ML-KEM/mul_poly/mul_12bit.v" into library xil_defaultlib
INFO: [VRFC 10-311] analyzing module mul_12bit
INFO: [VRFC 10-2263] Analyzing Verilog file "C:/Hung/Viettel/Stage2/ML-KEM/mul_poly/mul_cell.v" into library xil_defaultlib
INFO: [VRFC 10-311] analyzing module mul_cel
INFO: [VRFC 10-2263] Analyzing Verilog file "C:/Hung/Viettel/Stage2/ML-KEM/mul_poly/mul_poly.v" into library xil_defaultlib
INFO: [VRFC 10-311] analyzing module mul_poly
INFO: [VRFC 10-2263] Analyzing Verilog file "C:/Hung/Viettel/Stage2/ML-KEM/mul_poly/mul_poly_matrix.v" into library xil_defaultlib
INFO: [VRFC 10-311] analyzing module mul_poly_matrix
INFO: [VRFC 10-2263] Analyzing Verilog file "C:/Hung/Viettel/Stage2/ML-KEM/mul_poly/tb_mul_poly_matrix.v" into library xil_defaultlib
INFO: [VRFC 10-311] analyzing module tb_mul_poly_matrix
INFO: [USF-XSim-69] 'compile' step finished in '2' seconds
Command: launch_simulation -step elaborate -simset sim_1 -mode behavioral
INFO: [Vivado 12-12493] Simulation top is 'tb_mul_poly_matrix'
WARNING: [Vivado 12-13340] Unable to auto find GCC executables from simulator install path! (path not set)
WARNING: [Vivado 12-13277] Compiled library path does not exist: ''
INFO: [Vivado 12-5682] Launching behavioral simulation in 'C:/Hung/Viettel/Stage2/ML-KEM/mul_poly/mul_matrix/mul_matrix.sim/sim_1/behav/xsim'
INFO: [SIM-utils-51] Simulation object is 'sim_1'
INFO: [USF-XSim-3] XSim::Elaborate design
INFO: [USF-XSim-61] Executing 'ELABORATE' step in 'C:/Hung/Viettel/Stage2/ML-KEM/mul_poly/mul_matrix/mul_matrix.sim/sim_1/behav/xsim'
"xelab --incr --debug typical --relax --mt 2 -L xil_defaultlib -L unisims_ver -L unimacro_ver -L secureip --snapshot tb_mul_poly_matrix_behav xil_defaultlib.tb_mul_poly_matrix xil_defaultlib.glbl -log elaborate.log"
Vivado Simulator v2022.2.2
Copyright 1986-1999, 2001-2022 Xilinx, Inc. All Rights Reserved.
Running: C:/Xilinx/Vivado/2022.2/bin/unwrapped/win64.o/xelab.exe --incr --debug typical --relax --mt 2 -L xil_defaultlib -L unisims_ver -L unimacro_ver -L secureip --snapshot tb_mul_poly_matrix_behav xil_defaultlib.tb_mul_poly_matrix xil_defaultlib.glbl -log elaborate.log 
Using 2 slave threads.
Starting static elaboration
Pass Through NonSizing Optimizer
Completed static elaboration
Starting simulation data flow analysis
Completed simulation data flow analysis
Time Resolution for simulation is 1ps
Compiling module xil_defaultlib.add_cell_default
Compiling module xil_defaultlib.barret
Compiling module xil_defaultlib.Rom_mul
Compiling module xil_defaultlib.fulladder
Compiling module xil_defaultlib.csa(WIDTH=26)
Compiling module xil_defaultlib.BoothDecode
Compiling module xil_defaultlib.mul_12bit
Compiling module xil_defaultlib.mul_poly
Compiling module xil_defaultlib.mul_poly_matrix
Compiling module xil_defaultlib.mul_cel_default
Compiling module xil_defaultlib.tb_mul_poly_matrix
Compiling module xil_defaultlib.glbl
Built simulation snapshot tb_mul_poly_matrix_behav
INFO: [USF-XSim-69] 'elaborate' step finished in '3' seconds
Time resolution is 1 ps
               a: c0a 2ce 36f 1d6 963 8a1 af7 33e 10c 544 10f be7 8cb 661 893 87a
               b: aca 3ce 0b5 5da c35 390 525 3d5 99e c4d 765 3d1 cc2 311 056 75a
             res: c66 2cb a96 c08 c79 7bb 9fd a5d c74 499 a6d cb0 59d 5aa 233 475
expect r12..r15 = {b65, 967, c71, 6a7}
got    r12..r15 = {59d, 5aa, 233, 475}
FAIL
$finish called at time : 232500 ps : File "C:/Hung/Viettel/Stage2/ML-KEM/mul_poly/tb_mul_poly_matrix.v" Line 208
relaunch_sim: Time (s): cpu = 00:00:02 ; elapsed = 00:00:07 . Memory (MB): peak = 2087.770 ; gain = 0.000
current_wave_config {Untitled 1}
Untitled 1
add_wave {{/tb_mul_poly_matrix/dut/tmp_res}} 
relaunch_sim
Command: launch_simulation -step compile -simset sim_1 -mode behavioral
INFO: [Vivado 12-12493] Simulation top is 'tb_mul_poly_matrix'
WARNING: [Vivado 12-13340] Unable to auto find GCC executables from simulator install path! (path not set)
WARNING: [Vivado 12-13277] Compiled library path does not exist: ''
INFO: [Vivado 12-5682] Launching behavioral simulation in 'C:/Hung/Viettel/Stage2/ML-KEM/mul_poly/mul_matrix/mul_matrix.sim/sim_1/behav/xsim'
INFO: [SIM-utils-51] Simulation object is 'sim_1'
INFO: [USF-XSim-2] XSim::Compile design
INFO: [USF-XSim-61] Executing 'COMPILE and ANALYZE' step in 'C:/Hung/Viettel/Stage2/ML-KEM/mul_poly/mul_matrix/mul_matrix.sim/sim_1/behav/xsim'
"xvlog --incr --relax -prj tb_mul_poly_matrix_vlog.prj"
INFO: [VRFC 10-2263] Analyzing Verilog file "C:/Hung/Viettel/Stage2/ML-KEM/mul_poly/BoothDecode.v" into library xil_defaultlib
INFO: [VRFC 10-311] analyzing module BoothDecode
INFO: [VRFC 10-2263] Analyzing Verilog file "C:/Hung/Viettel/Stage2/ML-KEM/mul_poly/Rom_mul.v" into library xil_defaultlib
INFO: [VRFC 10-311] analyzing module Rom_mul
INFO: [VRFC 10-2263] Analyzing Verilog file "C:/Hung/Viettel/Stage2/ML-KEM/mul_poly/add_cell.v" into library xil_defaultlib
INFO: [VRFC 10-311] analyzing module add_cell
INFO: [VRFC 10-2263] Analyzing Verilog file "C:/Hung/Viettel/Stage2/ML-KEM/NTT/barret.v" into library xil_defaultlib
INFO: [VRFC 10-311] analyzing module barret
INFO: [VRFC 10-2263] Analyzing Verilog file "C:/Hung/Viettel/Stage2/ML-KEM/mul_poly/csa.v" into library xil_defaultlib
INFO: [VRFC 10-311] analyzing module csa
INFO: [VRFC 10-311] analyzing module fulladder
INFO: [VRFC 10-2263] Analyzing Verilog file "C:/Hung/Viettel/Stage2/ML-KEM/mul_poly/mul_12bit.v" into library xil_defaultlib
INFO: [VRFC 10-311] analyzing module mul_12bit
INFO: [VRFC 10-2263] Analyzing Verilog file "C:/Hung/Viettel/Stage2/ML-KEM/mul_poly/mul_cell.v" into library xil_defaultlib
INFO: [VRFC 10-311] analyzing module mul_cel
INFO: [VRFC 10-2263] Analyzing Verilog file "C:/Hung/Viettel/Stage2/ML-KEM/mul_poly/mul_poly.v" into library xil_defaultlib
INFO: [VRFC 10-311] analyzing module mul_poly
INFO: [VRFC 10-2263] Analyzing Verilog file "C:/Hung/Viettel/Stage2/ML-KEM/mul_poly/mul_poly_matrix.v" into library xil_defaultlib
INFO: [VRFC 10-311] analyzing module mul_poly_matrix
INFO: [VRFC 10-2263] Analyzing Verilog file "C:/Hung/Viettel/Stage2/ML-KEM/mul_poly/tb_mul_poly_matrix.v" into library xil_defaultlib
INFO: [VRFC 10-311] analyzing module tb_mul_poly_matrix
INFO: [USF-XSim-69] 'compile' step finished in '2' seconds
Command: launch_simulation -step elaborate -simset sim_1 -mode behavioral
INFO: [Vivado 12-12493] Simulation top is 'tb_mul_poly_matrix'
WARNING: [Vivado 12-13340] Unable to auto find GCC executables from simulator install path! (path not set)
WARNING: [Vivado 12-13277] Compiled library path does not exist: ''
INFO: [Vivado 12-5682] Launching behavioral simulation in 'C:/Hung/Viettel/Stage2/ML-KEM/mul_poly/mul_matrix/mul_matrix.sim/sim_1/behav/xsim'
INFO: [SIM-utils-51] Simulation object is 'sim_1'
INFO: [USF-XSim-3] XSim::Elaborate design
INFO: [USF-XSim-61] Executing 'ELABORATE' step in 'C:/Hung/Viettel/Stage2/ML-KEM/mul_poly/mul_matrix/mul_matrix.sim/sim_1/behav/xsim'
"xelab --incr --debug typical --relax --mt 2 -L xil_defaultlib -L unisims_ver -L unimacro_ver -L secureip --snapshot tb_mul_poly_matrix_behav xil_defaultlib.tb_mul_poly_matrix xil_defaultlib.glbl -log elaborate.log"
Vivado Simulator v2022.2.2
Copyright 1986-1999, 2001-2022 Xilinx, Inc. All Rights Reserved.
Running: C:/Xilinx/Vivado/2022.2/bin/unwrapped/win64.o/xelab.exe --incr --debug typical --relax --mt 2 -L xil_defaultlib -L unisims_ver -L unimacro_ver -L secureip --snapshot tb_mul_poly_matrix_behav xil_defaultlib.tb_mul_poly_matrix xil_defaultlib.glbl -log elaborate.log 
Using 2 slave threads.
Starting static elaboration
Pass Through NonSizing Optimizer
Completed static elaboration
Starting simulation data flow analysis
Completed simulation data flow analysis
Time Resolution for simulation is 1ps
Compiling module xil_defaultlib.add_cell_default
Compiling module xil_defaultlib.barret
Compiling module xil_defaultlib.Rom_mul
Compiling module xil_defaultlib.fulladder
Compiling module xil_defaultlib.csa(WIDTH=26)
Compiling module xil_defaultlib.BoothDecode
Compiling module xil_defaultlib.mul_12bit
Compiling module xil_defaultlib.mul_poly
Compiling module xil_defaultlib.mul_poly_matrix
Compiling module xil_defaultlib.mul_cel_default
Compiling module xil_defaultlib.tb_mul_poly_matrix
Compiling module xil_defaultlib.glbl
Built simulation snapshot tb_mul_poly_matrix_behav
INFO: [USF-XSim-69] 'elaborate' step finished in '3' seconds
Time resolution is 1 ps
               a: c0a 2ce 36f 1d6 963 8a1 af7 33e 10c 544 10f be7 8cb 661 893 87a
               b: aca 3ce 0b5 5da c35 390 525 3d5 99e c4d 765 3d1 cc2 311 056 75a
             res: c66 2cb a96 c08 c79 7bb 9fd a5d c74 499 a6d cb0 59d 5aa 233 475
expect r12..r15 = {b65, 967, c71, 6a7}
got    r12..r15 = {59d, 5aa, 233, 475}
FAIL
$finish called at time : 232500 ps : File "C:/Hung/Viettel/Stage2/ML-KEM/mul_poly/tb_mul_poly_matrix.v" Line 208
relaunch_sim: Time (s): cpu = 00:00:01 ; elapsed = 00:00:07 . Memory (MB): peak = 2087.770 ; gain = 0.000
current_wave_config {Untitled 1}
Untitled 1
add_wave {{/tb_mul_poly_matrix/dut/add_tmp}} 
current_wave_config {Untitled 1}
Untitled 1
add_wave {{/tb_mul_poly_matrix/dut/tmp}} 
relaunch_sim
Command: launch_simulation -step compile -simset sim_1 -mode behavioral
INFO: [Vivado 12-12493] Simulation top is 'tb_mul_poly_matrix'
WARNING: [Vivado 12-13340] Unable to auto find GCC executables from simulator install path! (path not set)
WARNING: [Vivado 12-13277] Compiled library path does not exist: ''
INFO: [Vivado 12-5682] Launching behavioral simulation in 'C:/Hung/Viettel/Stage2/ML-KEM/mul_poly/mul_matrix/mul_matrix.sim/sim_1/behav/xsim'
INFO: [SIM-utils-51] Simulation object is 'sim_1'
INFO: [USF-XSim-2] XSim::Compile design
INFO: [USF-XSim-61] Executing 'COMPILE and ANALYZE' step in 'C:/Hung/Viettel/Stage2/ML-KEM/mul_poly/mul_matrix/mul_matrix.sim/sim_1/behav/xsim'
"xvlog --incr --relax -prj tb_mul_poly_matrix_vlog.prj"
INFO: [USF-XSim-69] 'compile' step finished in '1' seconds
Command: launch_simulation -step elaborate -simset sim_1 -mode behavioral
INFO: [Vivado 12-12493] Simulation top is 'tb_mul_poly_matrix'
WARNING: [Vivado 12-13340] Unable to auto find GCC executables from simulator install path! (path not set)
WARNING: [Vivado 12-13277] Compiled library path does not exist: ''
INFO: [Vivado 12-5682] Launching behavioral simulation in 'C:/Hung/Viettel/Stage2/ML-KEM/mul_poly/mul_matrix/mul_matrix.sim/sim_1/behav/xsim'
INFO: [SIM-utils-51] Simulation object is 'sim_1'
INFO: [USF-XSim-3] XSim::Elaborate design
INFO: [USF-XSim-61] Executing 'ELABORATE' step in 'C:/Hung/Viettel/Stage2/ML-KEM/mul_poly/mul_matrix/mul_matrix.sim/sim_1/behav/xsim'
"xelab --incr --debug typical --relax --mt 2 -L xil_defaultlib -L unisims_ver -L unimacro_ver -L secureip --snapshot tb_mul_poly_matrix_behav xil_defaultlib.tb_mul_poly_matrix xil_defaultlib.glbl -log elaborate.log"
Vivado Simulator v2022.2.2
Copyright 1986-1999, 2001-2022 Xilinx, Inc. All Rights Reserved.
Running: C:/Xilinx/Vivado/2022.2/bin/unwrapped/win64.o/xelab.exe --incr --debug typical --relax --mt 2 -L xil_defaultlib -L unisims_ver -L unimacro_ver -L secureip --snapshot tb_mul_poly_matrix_behav xil_defaultlib.tb_mul_poly_matrix xil_defaultlib.glbl -log elaborate.log 
Using 2 slave threads.
Starting static elaboration
Pass Through NonSizing Optimizer
Completed static elaboration
INFO: [XSIM 43-4323] No Change in HDL. Linking previously generated obj files to create kernel
INFO: [USF-XSim-69] 'elaborate' step finished in '1' seconds
Time resolution is 1 ps
               a: c0a 2ce 36f 1d6 963 8a1 af7 33e 10c 544 10f be7 8cb 661 893 87a
               b: aca 3ce 0b5 5da c35 390 525 3d5 99e c4d 765 3d1 cc2 311 056 75a
             res: c66 2cb a96 c08 c79 7bb 9fd a5d c74 499 a6d cb0 59d 5aa 233 475
expect r12..r15 = {b65, 967, c71, 6a7}
got    r12..r15 = {59d, 5aa, 233, 475}
FAIL
$finish called at time : 232500 ps : File "C:/Hung/Viettel/Stage2/ML-KEM/mul_poly/tb_mul_poly_matrix.v" Line 208
relaunch_sim
Command: launch_simulation -step compile -simset sim_1 -mode behavioral
INFO: [Vivado 12-12493] Simulation top is 'tb_mul_poly_matrix'
WARNING: [Vivado 12-13340] Unable to auto find GCC executables from simulator install path! (path not set)
WARNING: [Vivado 12-13277] Compiled library path does not exist: ''
INFO: [Vivado 12-5682] Launching behavioral simulation in 'C:/Hung/Viettel/Stage2/ML-KEM/mul_poly/mul_matrix/mul_matrix.sim/sim_1/behav/xsim'
INFO: [SIM-utils-51] Simulation object is 'sim_1'
INFO: [USF-XSim-2] XSim::Compile design
INFO: [USF-XSim-61] Executing 'COMPILE and ANALYZE' step in 'C:/Hung/Viettel/Stage2/ML-KEM/mul_poly/mul_matrix/mul_matrix.sim/sim_1/behav/xsim'
"xvlog --incr --relax -prj tb_mul_poly_matrix_vlog.prj"
INFO: [VRFC 10-2263] Analyzing Verilog file "C:/Hung/Viettel/Stage2/ML-KEM/mul_poly/BoothDecode.v" into library xil_defaultlib
INFO: [VRFC 10-311] analyzing module BoothDecode
INFO: [VRFC 10-2263] Analyzing Verilog file "C:/Hung/Viettel/Stage2/ML-KEM/mul_poly/Rom_mul.v" into library xil_defaultlib
INFO: [VRFC 10-311] analyzing module Rom_mul
INFO: [VRFC 10-2263] Analyzing Verilog file "C:/Hung/Viettel/Stage2/ML-KEM/mul_poly/add_cell.v" into library xil_defaultlib
INFO: [VRFC 10-311] analyzing module add_cell
INFO: [VRFC 10-2263] Analyzing Verilog file "C:/Hung/Viettel/Stage2/ML-KEM/NTT/barret.v" into library xil_defaultlib
INFO: [VRFC 10-311] analyzing module barret
INFO: [VRFC 10-2263] Analyzing Verilog file "C:/Hung/Viettel/Stage2/ML-KEM/mul_poly/csa.v" into library xil_defaultlib
INFO: [VRFC 10-311] analyzing module csa
INFO: [VRFC 10-311] analyzing module fulladder
INFO: [VRFC 10-2263] Analyzing Verilog file "C:/Hung/Viettel/Stage2/ML-KEM/mul_poly/mul_12bit.v" into library xil_defaultlib
INFO: [VRFC 10-311] analyzing module mul_12bit
INFO: [VRFC 10-2263] Analyzing Verilog file "C:/Hung/Viettel/Stage2/ML-KEM/mul_poly/mul_cell.v" into library xil_defaultlib
INFO: [VRFC 10-311] analyzing module mul_cel
INFO: [VRFC 10-2263] Analyzing Verilog file "C:/Hung/Viettel/Stage2/ML-KEM/mul_poly/mul_poly.v" into library xil_defaultlib
INFO: [VRFC 10-311] analyzing module mul_poly
INFO: [VRFC 10-2263] Analyzing Verilog file "C:/Hung/Viettel/Stage2/ML-KEM/mul_poly/mul_poly_matrix.v" into library xil_defaultlib
INFO: [VRFC 10-311] analyzing module mul_poly_matrix
INFO: [VRFC 10-2263] Analyzing Verilog file "C:/Hung/Viettel/Stage2/ML-KEM/mul_poly/tb_mul_poly_matrix.v" into library xil_defaultlib
INFO: [VRFC 10-311] analyzing module tb_mul_poly_matrix
INFO: [USF-XSim-69] 'compile' step finished in '1' seconds
Command: launch_simulation -step elaborate -simset sim_1 -mode behavioral
INFO: [Vivado 12-12493] Simulation top is 'tb_mul_poly_matrix'
WARNING: [Vivado 12-13340] Unable to auto find GCC executables from simulator install path! (path not set)
WARNING: [Vivado 12-13277] Compiled library path does not exist: ''
INFO: [Vivado 12-5682] Launching behavioral simulation in 'C:/Hung/Viettel/Stage2/ML-KEM/mul_poly/mul_matrix/mul_matrix.sim/sim_1/behav/xsim'
INFO: [SIM-utils-51] Simulation object is 'sim_1'
INFO: [USF-XSim-3] XSim::Elaborate design
INFO: [USF-XSim-61] Executing 'ELABORATE' step in 'C:/Hung/Viettel/Stage2/ML-KEM/mul_poly/mul_matrix/mul_matrix.sim/sim_1/behav/xsim'
"xelab --incr --debug typical --relax --mt 2 -L xil_defaultlib -L unisims_ver -L unimacro_ver -L secureip --snapshot tb_mul_poly_matrix_behav xil_defaultlib.tb_mul_poly_matrix xil_defaultlib.glbl -log elaborate.log"
Vivado Simulator v2022.2.2
Copyright 1986-1999, 2001-2022 Xilinx, Inc. All Rights Reserved.
Running: C:/Xilinx/Vivado/2022.2/bin/unwrapped/win64.o/xelab.exe --incr --debug typical --relax --mt 2 -L xil_defaultlib -L unisims_ver -L unimacro_ver -L secureip --snapshot tb_mul_poly_matrix_behav xil_defaultlib.tb_mul_poly_matrix xil_defaultlib.glbl -log elaborate.log 
Using 2 slave threads.
Starting static elaboration
Pass Through NonSizing Optimizer
Completed static elaboration
Starting simulation data flow analysis
Completed simulation data flow analysis
Time Resolution for simulation is 1ps
Compiling module xil_defaultlib.add_cell_default
Compiling module xil_defaultlib.barret
Compiling module xil_defaultlib.Rom_mul
Compiling module xil_defaultlib.fulladder
Compiling module xil_defaultlib.csa(WIDTH=26)
Compiling module xil_defaultlib.BoothDecode
Compiling module xil_defaultlib.mul_12bit
Compiling module xil_defaultlib.mul_poly
Compiling module xil_defaultlib.mul_poly_matrix
Compiling module xil_defaultlib.mul_cel_default
Compiling module xil_defaultlib.tb_mul_poly_matrix
Compiling module xil_defaultlib.glbl
Built simulation snapshot tb_mul_poly_matrix_behav
INFO: [USF-XSim-69] 'elaborate' step finished in '3' seconds
Time resolution is 1 ps
               a: c0a 2ce 36f 1d6 963 8a1 af7 33e 10c 544 10f be7 8cb 661 893 87a
               b: aca 3ce 0b5 5da c35 390 525 3d5 99e c4d 765 3d1 cc2 311 056 75a
             res: c66 2cb a96 c08 c79 7bb 9fd a5d c74 499 a6d cb0 59d 5aa 233 475
expect r12..r15 = {b65, 967, c71, 6a7}
got    r12..r15 = {59d, 5aa, 233, 475}
FAIL
$finish called at time : 232500 ps : File "C:/Hung/Viettel/Stage2/ML-KEM/mul_poly/tb_mul_poly_matrix.v" Line 208
relaunch_sim: Time (s): cpu = 00:00:01 ; elapsed = 00:00:07 . Memory (MB): peak = 2087.770 ; gain = 0.000
current_wave_config {Untitled 1}
Untitled 1
add_wave {{/tb_mul_poly_matrix/dut/mul_poly_matrix_inst/u_mul0/a0}} {{/tb_mul_poly_matrix/dut/mul_poly_matrix_inst/u_mul0/a1}} {{/tb_mul_poly_matrix/dut/mul_poly_matrix_inst/u_mul0/b0}} {{/tb_mul_poly_matrix/dut/mul_poly_matrix_inst/u_mul0/b1}} {{/tb_mul_poly_matrix/dut/mul_poly_matrix_inst/u_mul0/zetas}} {{/tb_mul_poly_matrix/dut/mul_poly_matrix_inst/u_mul0/res0}} {{/tb_mul_poly_matrix/dut/mul_poly_matrix_inst/u_mul0/res1}} 
relaunch_sim
Command: launch_simulation -step compile -simset sim_1 -mode behavioral
INFO: [Vivado 12-12493] Simulation top is 'tb_mul_poly_matrix'
WARNING: [Vivado 12-13340] Unable to auto find GCC executables from simulator install path! (path not set)
WARNING: [Vivado 12-13277] Compiled library path does not exist: ''
INFO: [Vivado 12-5682] Launching behavioral simulation in 'C:/Hung/Viettel/Stage2/ML-KEM/mul_poly/mul_matrix/mul_matrix.sim/sim_1/behav/xsim'
INFO: [SIM-utils-51] Simulation object is 'sim_1'
INFO: [USF-XSim-2] XSim::Compile design
INFO: [USF-XSim-61] Executing 'COMPILE and ANALYZE' step in 'C:/Hung/Viettel/Stage2/ML-KEM/mul_poly/mul_matrix/mul_matrix.sim/sim_1/behav/xsim'
"xvlog --incr --relax -prj tb_mul_poly_matrix_vlog.prj"
INFO: [USF-XSim-69] 'compile' step finished in '1' seconds
Command: launch_simulation -step elaborate -simset sim_1 -mode behavioral
INFO: [Vivado 12-12493] Simulation top is 'tb_mul_poly_matrix'
WARNING: [Vivado 12-13340] Unable to auto find GCC executables from simulator install path! (path not set)
WARNING: [Vivado 12-13277] Compiled library path does not exist: ''
INFO: [Vivado 12-5682] Launching behavioral simulation in 'C:/Hung/Viettel/Stage2/ML-KEM/mul_poly/mul_matrix/mul_matrix.sim/sim_1/behav/xsim'
INFO: [SIM-utils-51] Simulation object is 'sim_1'
INFO: [USF-XSim-3] XSim::Elaborate design
INFO: [USF-XSim-61] Executing 'ELABORATE' step in 'C:/Hung/Viettel/Stage2/ML-KEM/mul_poly/mul_matrix/mul_matrix.sim/sim_1/behav/xsim'
"xelab --incr --debug typical --relax --mt 2 -L xil_defaultlib -L unisims_ver -L unimacro_ver -L secureip --snapshot tb_mul_poly_matrix_behav xil_defaultlib.tb_mul_poly_matrix xil_defaultlib.glbl -log elaborate.log"
Vivado Simulator v2022.2.2
Copyright 1986-1999, 2001-2022 Xilinx, Inc. All Rights Reserved.
Running: C:/Xilinx/Vivado/2022.2/bin/unwrapped/win64.o/xelab.exe --incr --debug typical --relax --mt 2 -L xil_defaultlib -L unisims_ver -L unimacro_ver -L secureip --snapshot tb_mul_poly_matrix_behav xil_defaultlib.tb_mul_poly_matrix xil_defaultlib.glbl -log elaborate.log 
Using 2 slave threads.
Starting static elaboration
Pass Through NonSizing Optimizer
Completed static elaboration
INFO: [XSIM 43-4323] No Change in HDL. Linking previously generated obj files to create kernel
INFO: [USF-XSim-69] 'elaborate' step finished in '2' seconds
Time resolution is 1 ps
               a: c0a 2ce 36f 1d6 963 8a1 af7 33e 10c 544 10f be7 8cb 661 893 87a
               b: aca 3ce 0b5 5da c35 390 525 3d5 99e c4d 765 3d1 cc2 311 056 75a
             res: c66 2cb a96 c08 c79 7bb 9fd a5d c74 499 a6d cb0 59d 5aa 233 475
expect r12..r15 = {b65, 967, c71, 6a7}
got    r12..r15 = {59d, 5aa, 233, 475}
FAIL
$finish called at time : 232500 ps : File "C:/Hung/Viettel/Stage2/ML-KEM/mul_poly/tb_mul_poly_matrix.v" Line 208
relaunch_sim
Command: launch_simulation -step compile -simset sim_1 -mode behavioral
INFO: [Vivado 12-12493] Simulation top is 'tb_mul_poly_matrix'
WARNING: [Vivado 12-13340] Unable to auto find GCC executables from simulator install path! (path not set)
WARNING: [Vivado 12-13277] Compiled library path does not exist: ''
INFO: [Vivado 12-5682] Launching behavioral simulation in 'C:/Hung/Viettel/Stage2/ML-KEM/mul_poly/mul_matrix/mul_matrix.sim/sim_1/behav/xsim'
INFO: [SIM-utils-51] Simulation object is 'sim_1'
INFO: [USF-XSim-2] XSim::Compile design
INFO: [USF-XSim-61] Executing 'COMPILE and ANALYZE' step in 'C:/Hung/Viettel/Stage2/ML-KEM/mul_poly/mul_matrix/mul_matrix.sim/sim_1/behav/xsim'
"xvlog --incr --relax -prj tb_mul_poly_matrix_vlog.prj"
INFO: [VRFC 10-2263] Analyzing Verilog file "C:/Hung/Viettel/Stage2/ML-KEM/mul_poly/BoothDecode.v" into library xil_defaultlib
INFO: [VRFC 10-311] analyzing module BoothDecode
INFO: [VRFC 10-2263] Analyzing Verilog file "C:/Hung/Viettel/Stage2/ML-KEM/mul_poly/Rom_mul.v" into library xil_defaultlib
INFO: [VRFC 10-311] analyzing module Rom_mul
INFO: [VRFC 10-2263] Analyzing Verilog file "C:/Hung/Viettel/Stage2/ML-KEM/mul_poly/add_cell.v" into library xil_defaultlib
INFO: [VRFC 10-311] analyzing module add_cell
INFO: [VRFC 10-2263] Analyzing Verilog file "C:/Hung/Viettel/Stage2/ML-KEM/NTT/barret.v" into library xil_defaultlib
INFO: [VRFC 10-311] analyzing module barret
INFO: [VRFC 10-2263] Analyzing Verilog file "C:/Hung/Viettel/Stage2/ML-KEM/mul_poly/csa.v" into library xil_defaultlib
INFO: [VRFC 10-311] analyzing module csa
INFO: [VRFC 10-311] analyzing module fulladder
INFO: [VRFC 10-2263] Analyzing Verilog file "C:/Hung/Viettel/Stage2/ML-KEM/mul_poly/mul_12bit.v" into library xil_defaultlib
INFO: [VRFC 10-311] analyzing module mul_12bit
INFO: [VRFC 10-2263] Analyzing Verilog file "C:/Hung/Viettel/Stage2/ML-KEM/mul_poly/mul_cell.v" into library xil_defaultlib
INFO: [VRFC 10-311] analyzing module mul_cel
INFO: [VRFC 10-2263] Analyzing Verilog file "C:/Hung/Viettel/Stage2/ML-KEM/mul_poly/mul_poly.v" into library xil_defaultlib
INFO: [VRFC 10-311] analyzing module mul_poly
INFO: [VRFC 10-2263] Analyzing Verilog file "C:/Hung/Viettel/Stage2/ML-KEM/mul_poly/mul_poly_matrix.v" into library xil_defaultlib
INFO: [VRFC 10-311] analyzing module mul_poly_matrix
INFO: [VRFC 10-2263] Analyzing Verilog file "C:/Hung/Viettel/Stage2/ML-KEM/mul_poly/tb_mul_poly_matrix.v" into library xil_defaultlib
INFO: [VRFC 10-311] analyzing module tb_mul_poly_matrix
INFO: [USF-XSim-69] 'compile' step finished in '1' seconds
Command: launch_simulation -step elaborate -simset sim_1 -mode behavioral
INFO: [Vivado 12-12493] Simulation top is 'tb_mul_poly_matrix'
WARNING: [Vivado 12-13340] Unable to auto find GCC executables from simulator install path! (path not set)
WARNING: [Vivado 12-13277] Compiled library path does not exist: ''
INFO: [Vivado 12-5682] Launching behavioral simulation in 'C:/Hung/Viettel/Stage2/ML-KEM/mul_poly/mul_matrix/mul_matrix.sim/sim_1/behav/xsim'
INFO: [SIM-utils-51] Simulation object is 'sim_1'
INFO: [USF-XSim-3] XSim::Elaborate design
INFO: [USF-XSim-61] Executing 'ELABORATE' step in 'C:/Hung/Viettel/Stage2/ML-KEM/mul_poly/mul_matrix/mul_matrix.sim/sim_1/behav/xsim'
"xelab --incr --debug typical --relax --mt 2 -L xil_defaultlib -L unisims_ver -L unimacro_ver -L secureip --snapshot tb_mul_poly_matrix_behav xil_defaultlib.tb_mul_poly_matrix xil_defaultlib.glbl -log elaborate.log"
Vivado Simulator v2022.2.2
Copyright 1986-1999, 2001-2022 Xilinx, Inc. All Rights Reserved.
Running: C:/Xilinx/Vivado/2022.2/bin/unwrapped/win64.o/xelab.exe --incr --debug typical --relax --mt 2 -L xil_defaultlib -L unisims_ver -L unimacro_ver -L secureip --snapshot tb_mul_poly_matrix_behav xil_defaultlib.tb_mul_poly_matrix xil_defaultlib.glbl -log elaborate.log 
Using 2 slave threads.
Starting static elaboration
Pass Through NonSizing Optimizer
Completed static elaboration
Starting simulation data flow analysis
Completed simulation data flow analysis
Time Resolution for simulation is 1ps
Compiling module xil_defaultlib.add_cell_default
Compiling module xil_defaultlib.barret
Compiling module xil_defaultlib.Rom_mul
Compiling module xil_defaultlib.fulladder
Compiling module xil_defaultlib.csa(WIDTH=26)
Compiling module xil_defaultlib.BoothDecode
Compiling module xil_defaultlib.mul_12bit
Compiling module xil_defaultlib.mul_poly
Compiling module xil_defaultlib.mul_poly_matrix
Compiling module xil_defaultlib.mul_cel_default
Compiling module xil_defaultlib.tb_mul_poly_matrix
Compiling module xil_defaultlib.glbl
Built simulation snapshot tb_mul_poly_matrix_behav
INFO: [USF-XSim-69] 'elaborate' step finished in '3' seconds
Time resolution is 1 ps
               a: 781 883 1cb 60e 156 176 2b9 943 c6b 4ba a9c 917 a8a 9e5 95e 124
               b: 268 936 14e 83b 34e 5ed 0cf a2f ba2 6bf 728 88b b45 6db 526 7ad
             res: c66 2cb a96 c08 c79 7bb 9fd a5d c74 499 a6d cb0 59d 5aa 233 475
expect r12..r15 = {b65, 967, c71, 6a7}
got    r12..r15 = {59d, 5aa, 233, 475}
FAIL
$finish called at time : 232500 ps : File "C:/Hung/Viettel/Stage2/ML-KEM/mul_poly/tb_mul_poly_matrix.v" Line 148
relaunch_sim: Time (s): cpu = 00:00:00 ; elapsed = 00:00:06 . Memory (MB): peak = 2087.770 ; gain = 0.000
current_wave_config {Untitled 1}
Untitled 1
add_wave {{/tb_mul_poly_matrix/dut/mul_poly_matrix_inst/zeta1}} {{/tb_mul_poly_matrix/dut/mul_poly_matrix_inst/zeta2}} {{/tb_mul_poly_matrix/dut/mul_poly_matrix_inst/zeta3}} {{/tb_mul_poly_matrix/dut/mul_poly_matrix_inst/zeta4}} 
relaunch_sim
Command: launch_simulation -step compile -simset sim_1 -mode behavioral
INFO: [Vivado 12-12493] Simulation top is 'tb_mul_poly_matrix'
WARNING: [Vivado 12-13340] Unable to auto find GCC executables from simulator install path! (path not set)
WARNING: [Vivado 12-13277] Compiled library path does not exist: ''
INFO: [Vivado 12-5682] Launching behavioral simulation in 'C:/Hung/Viettel/Stage2/ML-KEM/mul_poly/mul_matrix/mul_matrix.sim/sim_1/behav/xsim'
INFO: [SIM-utils-51] Simulation object is 'sim_1'
INFO: [USF-XSim-2] XSim::Compile design
INFO: [USF-XSim-61] Executing 'COMPILE and ANALYZE' step in 'C:/Hung/Viettel/Stage2/ML-KEM/mul_poly/mul_matrix/mul_matrix.sim/sim_1/behav/xsim'
"xvlog --incr --relax -prj tb_mul_poly_matrix_vlog.prj"
INFO: [USF-XSim-69] 'compile' step finished in '1' seconds
Command: launch_simulation -step elaborate -simset sim_1 -mode behavioral
INFO: [Vivado 12-12493] Simulation top is 'tb_mul_poly_matrix'
WARNING: [Vivado 12-13340] Unable to auto find GCC executables from simulator install path! (path not set)
WARNING: [Vivado 12-13277] Compiled library path does not exist: ''
INFO: [Vivado 12-5682] Launching behavioral simulation in 'C:/Hung/Viettel/Stage2/ML-KEM/mul_poly/mul_matrix/mul_matrix.sim/sim_1/behav/xsim'
INFO: [SIM-utils-51] Simulation object is 'sim_1'
INFO: [USF-XSim-3] XSim::Elaborate design
INFO: [USF-XSim-61] Executing 'ELABORATE' step in 'C:/Hung/Viettel/Stage2/ML-KEM/mul_poly/mul_matrix/mul_matrix.sim/sim_1/behav/xsim'
"xelab --incr --debug typical --relax --mt 2 -L xil_defaultlib -L unisims_ver -L unimacro_ver -L secureip --snapshot tb_mul_poly_matrix_behav xil_defaultlib.tb_mul_poly_matrix xil_defaultlib.glbl -log elaborate.log"
Vivado Simulator v2022.2.2
Copyright 1986-1999, 2001-2022 Xilinx, Inc. All Rights Reserved.
Running: C:/Xilinx/Vivado/2022.2/bin/unwrapped/win64.o/xelab.exe --incr --debug typical --relax --mt 2 -L xil_defaultlib -L unisims_ver -L unimacro_ver -L secureip --snapshot tb_mul_poly_matrix_behav xil_defaultlib.tb_mul_poly_matrix xil_defaultlib.glbl -log elaborate.log 
Using 2 slave threads.
Starting static elaboration
Pass Through NonSizing Optimizer
Completed static elaboration
INFO: [XSIM 43-4323] No Change in HDL. Linking previously generated obj files to create kernel
INFO: [USF-XSim-69] 'elaborate' step finished in '2' seconds
Time resolution is 1 ps
               a: 781 883 1cb 60e 156 176 2b9 943 c6b 4ba a9c 917 a8a 9e5 95e 124
               b: 268 936 14e 83b 34e 5ed 0cf a2f ba2 6bf 728 88b b45 6db 526 7ad
             res: c66 2cb a96 c08 c79 7bb 9fd a5d c74 499 a6d cb0 59d 5aa 233 475
expect r12..r15 = {b65, 967, c71, 6a7}
got    r12..r15 = {59d, 5aa, 233, 475}
FAIL
$finish called at time : 232500 ps : File "C:/Hung/Viettel/Stage2/ML-KEM/mul_poly/tb_mul_poly_matrix.v" Line 148
current_wave_config {Untitled 1}
Untitled 1
add_wave {{/tb_mul_poly_matrix/dut/mul_poly_matrix_inst/u_mul7}} 
relaunch_sim
Command: launch_simulation -step compile -simset sim_1 -mode behavioral
INFO: [Vivado 12-12493] Simulation top is 'tb_mul_poly_matrix'
WARNING: [Vivado 12-13340] Unable to auto find GCC executables from simulator install path! (path not set)
WARNING: [Vivado 12-13277] Compiled library path does not exist: ''
INFO: [Vivado 12-5682] Launching behavioral simulation in 'C:/Hung/Viettel/Stage2/ML-KEM/mul_poly/mul_matrix/mul_matrix.sim/sim_1/behav/xsim'
INFO: [SIM-utils-51] Simulation object is 'sim_1'
INFO: [USF-XSim-2] XSim::Compile design
INFO: [USF-XSim-61] Executing 'COMPILE and ANALYZE' step in 'C:/Hung/Viettel/Stage2/ML-KEM/mul_poly/mul_matrix/mul_matrix.sim/sim_1/behav/xsim'
"xvlog --incr --relax -prj tb_mul_poly_matrix_vlog.prj"
INFO: [USF-XSim-69] 'compile' step finished in '2' seconds
Command: launch_simulation -step elaborate -simset sim_1 -mode behavioral
INFO: [Vivado 12-12493] Simulation top is 'tb_mul_poly_matrix'
WARNING: [Vivado 12-13340] Unable to auto find GCC executables from simulator install path! (path not set)
WARNING: [Vivado 12-13277] Compiled library path does not exist: ''
INFO: [Vivado 12-5682] Launching behavioral simulation in 'C:/Hung/Viettel/Stage2/ML-KEM/mul_poly/mul_matrix/mul_matrix.sim/sim_1/behav/xsim'
INFO: [SIM-utils-51] Simulation object is 'sim_1'
INFO: [USF-XSim-3] XSim::Elaborate design
INFO: [USF-XSim-61] Executing 'ELABORATE' step in 'C:/Hung/Viettel/Stage2/ML-KEM/mul_poly/mul_matrix/mul_matrix.sim/sim_1/behav/xsim'
"xelab --incr --debug typical --relax --mt 2 -L xil_defaultlib -L unisims_ver -L unimacro_ver -L secureip --snapshot tb_mul_poly_matrix_behav xil_defaultlib.tb_mul_poly_matrix xil_defaultlib.glbl -log elaborate.log"
Vivado Simulator v2022.2.2
Copyright 1986-1999, 2001-2022 Xilinx, Inc. All Rights Reserved.
Running: C:/Xilinx/Vivado/2022.2/bin/unwrapped/win64.o/xelab.exe --incr --debug typical --relax --mt 2 -L xil_defaultlib -L unisims_ver -L unimacro_ver -L secureip --snapshot tb_mul_poly_matrix_behav xil_defaultlib.tb_mul_poly_matrix xil_defaultlib.glbl -log elaborate.log 
Using 2 slave threads.
Starting static elaboration
Pass Through NonSizing Optimizer
Completed static elaboration
INFO: [XSIM 43-4323] No Change in HDL. Linking previously generated obj files to create kernel
INFO: [USF-XSim-69] 'elaborate' step finished in '1' seconds
Time resolution is 1 ps
               a: 781 883 1cb 60e 156 176 2b9 943 c6b 4ba a9c 917 a8a 9e5 95e 124
               b: 268 936 14e 83b 34e 5ed 0cf a2f ba2 6bf 728 88b b45 6db 526 7ad
             res: c66 2cb a96 c08 c79 7bb 9fd a5d c74 499 a6d cb0 59d 5aa 233 475
expect r12..r15 = {b65, 967, c71, 6a7}
got    r12..r15 = {59d, 5aa, 233, 475}
FAIL
$finish called at time : 232500 ps : File "C:/Hung/Viettel/Stage2/ML-KEM/mul_poly/tb_mul_poly_matrix.v" Line 148
save_wave_config {C:/Hung/Viettel/Stage2/ML-KEM/mul_poly/mul_matrix/tb_mul_poly_matrix_behav.wcfg}
add_files -fileset sim_1 -norecurse C:/Hung/Viettel/Stage2/ML-KEM/mul_poly/mul_matrix/tb_mul_poly_matrix_behav.wcfg
set_property xsim.view {C:/Hung/Viettel/Stage2/ML-KEM/mul_poly/mul_matrix/tb_mul_12bit_behav.wcfg C:/Hung/Viettel/Stage2/ML-KEM/mul_poly/mul_matrix/tb_mul_poly_matrix_behav.wcfg} [get_filesets sim_1]
close_sim
INFO: [Simtcl 6-16] Simulation closed
exit
INFO: [Common 17-206] Exiting Vivado at Wed Sep 10 17:39:05 2025...
