Copyright 1986-2023 Xilinx, Inc. All Rights Reserved.
-----------------------------------------------------------------------------------------------------------------------------------------------------------------------------------------------------------
| Tool Version      : Vivado v.2022.2.2 (win64) Build 3788238 Tue Feb 21 20:00:34 MST 2023
| Date              : Tue Sep  9 09:36:37 2025
| Host              : DESKTOP-DA5EM0P running 64-bit major release  (build 9200)
| Command           : report_timing_summary -max_paths 10 -report_unconstrained -file top_timing_summary_routed.rpt -pb top_timing_summary_routed.pb -rpx top_timing_summary_routed.rpx -warn_on_violation
| Design            : top
| Device            : xczu9eg-ffvb1156
| Speed File        : -2  PRODUCTION 1.30 05-15-2022
| Temperature Grade : E
-----------------------------------------------------------------------------------------------------------------------------------------------------------------------------------------------------------

Timing Summary Report

------------------------------------------------------------------------------------------------
| Timer Settings
| --------------
------------------------------------------------------------------------------------------------

  Enable Multi Corner Analysis               :  Yes
  Enable Pessimism Removal                   :  Yes
  Pessimism Removal Resolution               :  Nearest Common Node
  Enable Input Delay Default Clock           :  No
  Enable Preset / Clear Arcs                 :  No
  Disable Flight Delays                      :  No
  Ignore I/O Paths                           :  No
  Timing Early Launch at Borrowing Latches   :  No
  Borrow Time for Max Delay Exceptions       :  Yes
  Merge Timing Exceptions                    :  Yes

  Corner  Analyze    Analyze    
  Name    Max Paths  Min Paths  
  ------  ---------  ---------  
  Slow    Yes        Yes        
  Fast    Yes        Yes        


------------------------------------------------------------------------------------------------
| Report Methodology
| ------------------
------------------------------------------------------------------------------------------------

Rule       Severity  Description                    Violations  
---------  --------  -----------------------------  ----------  
TIMING-18  Warning   Missing input or output delay  88          

Note: This report is based on the most recent report_methodology run and may not be up-to-date. Run report_methodology on the current design for the latest report.



check_timing report

Table of Contents
-----------------
1. checking no_clock (0)
2. checking constant_clock (0)
3. checking pulse_width_clock (0)
4. checking unconstrained_internal_endpoints (0)
5. checking no_input_delay (36)
6. checking no_output_delay (52)
7. checking multiple_clock (0)
8. checking generated_clocks (0)
9. checking loops (0)
10. checking partial_input_delay (0)
11. checking partial_output_delay (0)
12. checking latch_loops (0)

1. checking no_clock (0)
------------------------
 There are 0 register/latch pins with no clock.


2. checking constant_clock (0)
------------------------------
 There are 0 register/latch pins with constant_clock.


3. checking pulse_width_clock (0)
---------------------------------
 There are 0 register/latch pins which need pulse_width check


4. checking unconstrained_internal_endpoints (0)
------------------------------------------------
 There are 0 pins that are not constrained for maximum delay.

 There are 0 pins that are not constrained for maximum delay due to constant clock.


5. checking no_input_delay (36)
-------------------------------
 There are 36 input ports with no input delay specified. (HIGH)

 There are 0 input ports with no input delay but user has a false path constraint.


6. checking no_output_delay (52)
--------------------------------
 There are 52 ports with no output delay specified. (HIGH)

 There are 0 ports with no output delay but user has a false path constraint

 There are 0 ports with no output delay but with a timing clock defined on it or propagating through it


7. checking multiple_clock (0)
------------------------------
 There are 0 register/latch pins with multiple clocks.


8. checking generated_clocks (0)
--------------------------------
 There are 0 generated clocks that are not connected to a clock source.


9. checking loops (0)
---------------------
 There are 0 combinational loops in the design.


10. checking partial_input_delay (0)
------------------------------------
 There are 0 input ports with partial input delay specified.


11. checking partial_output_delay (0)
-------------------------------------
 There are 0 ports with partial output delay specified.


12. checking latch_loops (0)
----------------------------
 There are 0 combinational latch loops in the design through latch input



------------------------------------------------------------------------------------------------
| Design Timing Summary
| ---------------------
------------------------------------------------------------------------------------------------

    WNS(ns)      TNS(ns)  TNS Failing Endpoints  TNS Total Endpoints      WHS(ns)      THS(ns)  THS Failing Endpoints  THS Total Endpoints     WPWS(ns)     TPWS(ns)  TPWS Failing Endpoints  TPWS Total Endpoints  
    -------      -------  ---------------------  -------------------      -------      -------  ---------------------  -------------------     --------     --------  ----------------------  --------------------  
      0.672        0.000                      0                10377        0.008        0.000                      0                10377        1.968        0.000                       0                  6242  


All user specified timing constraints are met.


------------------------------------------------------------------------------------------------
| Clock Summary
| -------------
------------------------------------------------------------------------------------------------

Clock  Waveform(ns)         Period(ns)      Frequency(MHz)
-----  ------------         ----------      --------------
clk    {0.000 2.500}        5.000           200.000         


------------------------------------------------------------------------------------------------
| Intra Clock Table
| -----------------
------------------------------------------------------------------------------------------------

Clock             WNS(ns)      TNS(ns)  TNS Failing Endpoints  TNS Total Endpoints      WHS(ns)      THS(ns)  THS Failing Endpoints  THS Total Endpoints     WPWS(ns)     TPWS(ns)  TPWS Failing Endpoints  TPWS Total Endpoints  
-----             -------      -------  ---------------------  -------------------      -------      -------  ---------------------  -------------------     --------     --------  ----------------------  --------------------  
clk                 0.672        0.000                      0                10377        0.008        0.000                      0                10377        1.968        0.000                       0                  6242  


------------------------------------------------------------------------------------------------
| Inter Clock Table
| -----------------
------------------------------------------------------------------------------------------------

From Clock    To Clock          WNS(ns)      TNS(ns)  TNS Failing Endpoints  TNS Total Endpoints      WHS(ns)      THS(ns)  THS Failing Endpoints  THS Total Endpoints  
----------    --------          -------      -------  ---------------------  -------------------      -------      -------  ---------------------  -------------------  


------------------------------------------------------------------------------------------------
| Other Path Groups Table
| -----------------------
------------------------------------------------------------------------------------------------

Path Group    From Clock    To Clock          WNS(ns)      TNS(ns)  TNS Failing Endpoints  TNS Total Endpoints      WHS(ns)      THS(ns)  THS Failing Endpoints  THS Total Endpoints  
----------    ----------    --------          -------      -------  ---------------------  -------------------      -------      -------  ---------------------  -------------------  


------------------------------------------------------------------------------------------------
| User Ignored Path Table
| -----------------------
------------------------------------------------------------------------------------------------

Path Group    From Clock    To Clock    
----------    ----------    --------    


------------------------------------------------------------------------------------------------
| Unconstrained Path Table
| ------------------------
------------------------------------------------------------------------------------------------

Path Group    From Clock    To Clock    
----------    ----------    --------    
(none)        clk                         
(none)                      clk           


------------------------------------------------------------------------------------------------
| Timing Details
| --------------
------------------------------------------------------------------------------------------------


---------------------------------------------------------------------------------------------------
From Clock:  clk
  To Clock:  clk

Setup :            0  Failing Endpoints,  Worst Slack        0.672ns,  Total Violation        0.000ns
Hold  :            0  Failing Endpoints,  Worst Slack        0.008ns,  Total Violation        0.000ns
PW    :            0  Failing Endpoints,  Worst Slack        1.968ns,  Total Violation        0.000ns
---------------------------------------------------------------------------------------------------


Max Delay Paths
--------------------------------------------------------------------------------------
Slack (MET) :             0.672ns  (required time - arrival time)
  Source:                 din_b_reg[8]/C
                            (rising edge-triggered cell FDCE clocked by clk  {rise@0.000ns fall@2.500ns period=5.000ns})
  Destination:            MyReg_inst/mem_reg[174][8]/D
                            (rising edge-triggered cell FDCE clocked by clk  {rise@0.000ns fall@2.500ns period=5.000ns})
  Path Group:             clk
  Path Type:              Setup (Max at Slow Process Corner)
  Requirement:            5.000ns  (clk rise@5.000ns - clk rise@0.000ns)
  Data Path Delay:        3.995ns  (logic 0.261ns (6.533%)  route 3.734ns (93.467%))
  Logic Levels:           2  (LUT5=1 LUT6=1)
  Clock Path Skew:        -0.323ns (DCD - SCD + CPR)
    Destination Clock Delay (DCD):    2.657ns = ( 7.657 - 5.000 ) 
    Source Clock Delay      (SCD):    3.388ns
    Clock Pessimism Removal (CPR):    0.407ns
  Clock Uncertainty:      0.035ns  ((TSJ^2 + TIJ^2)^1/2 + DJ) / 2 + PE
    Total System Jitter     (TSJ):    0.071ns
    Total Input Jitter      (TIJ):    0.000ns
    Discrete Jitter          (DJ):    0.000ns
    Phase Error              (PE):    0.000ns
  Clock Net Delay (Source):      2.492ns (routing 1.289ns, distribution 1.203ns)
  Clock Net Delay (Destination): 2.053ns (routing 1.173ns, distribution 0.880ns)

    Location             Delay type                Incr(ns)  Path(ns)    Netlist Resource(s)
  -------------------------------------------------------------------    -------------------
                         (clock clk rise edge)        0.000     0.000 r  
    P11                                               0.000     0.000 r  clk (IN)
                         net (fo=0)                   0.000     0.000    clk_IBUF_inst/I
    P11                  INBUF (Prop_INBUF_HPIOB_M_PAD_O)
                                                      0.548     0.548 r  clk_IBUF_inst/INBUF_INST/O
                         net (fo=1, routed)           0.000     0.548    clk_IBUF_inst/OUT
    P11                  IBUFCTRL (Prop_IBUFCTRL_HPIOB_M_I_O)
                                                      0.000     0.548 r  clk_IBUF_inst/IBUFCTRL_INST/O
                         net (fo=1, routed)           0.319     0.867    clk_IBUF
    BUFGCE_X0Y77         BUFGCE (Prop_BUFCE_BUFGCE_I_O)
                                                      0.028     0.895 r  clk_IBUF_BUFG_inst/O
    X2Y1 (CLOCK_ROOT)    net (fo=6241, routed)        2.492     3.388    clk_IBUF_BUFG
    SLICE_X90Y147        FDCE                                         r  din_b_reg[8]/C
  -------------------------------------------------------------------    -------------------
    SLICE_X90Y147        FDCE (Prop_DFF_SLICEM_C_Q)
                                                      0.078     3.466 r  din_b_reg[8]/Q
                         net (fo=76, routed)          2.907     6.373    MyReg_inst/Q[8]
    SLICE_X81Y22         LUT5 (Prop_F6LUT_SLICEL_I4_O)
                                                      0.035     6.408 r  MyReg_inst/mem[6][8]_i_2/O
                         net (fo=26, routed)          0.778     7.186    MyReg_inst/mem[6][8]_i_2_n_0
    SLICE_X63Y23         LUT6 (Prop_B6LUT_SLICEL_I5_O)
                                                      0.148     7.334 r  MyReg_inst/mem[174][8]_i_1/O
                         net (fo=1, routed)           0.049     7.383    MyReg_inst/mem[174][8]_i_1_n_0
    SLICE_X63Y23         FDCE                                         r  MyReg_inst/mem_reg[174][8]/D
  -------------------------------------------------------------------    -------------------

                         (clock clk rise edge)        5.000     5.000 r  
    P11                                               0.000     5.000 r  clk (IN)
                         net (fo=0)                   0.000     5.000    clk_IBUF_inst/I
    P11                  INBUF (Prop_INBUF_HPIOB_M_PAD_O)
                                                      0.298     5.298 r  clk_IBUF_inst/INBUF_INST/O
                         net (fo=1, routed)           0.000     5.298    clk_IBUF_inst/OUT
    P11                  IBUFCTRL (Prop_IBUFCTRL_HPIOB_M_I_O)
                                                      0.000     5.298 r  clk_IBUF_inst/IBUFCTRL_INST/O
                         net (fo=1, routed)           0.282     5.580    clk_IBUF
    BUFGCE_X0Y77         BUFGCE (Prop_BUFCE_BUFGCE_I_O)
                                                      0.024     5.604 r  clk_IBUF_BUFG_inst/O
    X2Y1 (CLOCK_ROOT)    net (fo=6241, routed)        2.053     7.657    MyReg_inst/clk_IBUF_BUFG
    SLICE_X63Y23         FDCE                                         r  MyReg_inst/mem_reg[174][8]/C
                         clock pessimism              0.407     8.065    
                         clock uncertainty           -0.035     8.029    
    SLICE_X63Y23         FDCE (Setup_BFF_SLICEL_C_D)
                                                      0.025     8.054    MyReg_inst/mem_reg[174][8]
  -------------------------------------------------------------------
                         required time                          8.054    
                         arrival time                          -7.383    
  -------------------------------------------------------------------
                         slack                                  0.672    

Slack (MET) :             0.714ns  (required time - arrival time)
  Source:                 din_b_reg[8]/C
                            (rising edge-triggered cell FDCE clocked by clk  {rise@0.000ns fall@2.500ns period=5.000ns})
  Destination:            MyReg_inst/mem_reg[238][8]/D
                            (rising edge-triggered cell FDCE clocked by clk  {rise@0.000ns fall@2.500ns period=5.000ns})
  Path Group:             clk
  Path Type:              Setup (Max at Slow Process Corner)
  Requirement:            5.000ns  (clk rise@5.000ns - clk rise@0.000ns)
  Data Path Delay:        3.949ns  (logic 0.263ns (6.659%)  route 3.686ns (93.341%))
  Logic Levels:           2  (LUT5=1 LUT6=1)
  Clock Path Skew:        -0.326ns (DCD - SCD + CPR)
    Destination Clock Delay (DCD):    2.655ns = ( 7.655 - 5.000 ) 
    Source Clock Delay      (SCD):    3.388ns
    Clock Pessimism Removal (CPR):    0.407ns
  Clock Uncertainty:      0.035ns  ((TSJ^2 + TIJ^2)^1/2 + DJ) / 2 + PE
    Total System Jitter     (TSJ):    0.071ns
    Total Input Jitter      (TIJ):    0.000ns
    Discrete Jitter          (DJ):    0.000ns
    Phase Error              (PE):    0.000ns
  Clock Net Delay (Source):      2.492ns (routing 1.289ns, distribution 1.203ns)
  Clock Net Delay (Destination): 2.051ns (routing 1.173ns, distribution 0.878ns)

    Location             Delay type                Incr(ns)  Path(ns)    Netlist Resource(s)
  -------------------------------------------------------------------    -------------------
                         (clock clk rise edge)        0.000     0.000 r  
    P11                                               0.000     0.000 r  clk (IN)
                         net (fo=0)                   0.000     0.000    clk_IBUF_inst/I
    P11                  INBUF (Prop_INBUF_HPIOB_M_PAD_O)
                                                      0.548     0.548 r  clk_IBUF_inst/INBUF_INST/O
                         net (fo=1, routed)           0.000     0.548    clk_IBUF_inst/OUT
    P11                  IBUFCTRL (Prop_IBUFCTRL_HPIOB_M_I_O)
                                                      0.000     0.548 r  clk_IBUF_inst/IBUFCTRL_INST/O
                         net (fo=1, routed)           0.319     0.867    clk_IBUF
    BUFGCE_X0Y77         BUFGCE (Prop_BUFCE_BUFGCE_I_O)
                                                      0.028     0.895 r  clk_IBUF_BUFG_inst/O
    X2Y1 (CLOCK_ROOT)    net (fo=6241, routed)        2.492     3.388    clk_IBUF_BUFG
    SLICE_X90Y147        FDCE                                         r  din_b_reg[8]/C
  -------------------------------------------------------------------    -------------------
    SLICE_X90Y147        FDCE (Prop_DFF_SLICEM_C_Q)
                                                      0.078     3.466 r  din_b_reg[8]/Q
                         net (fo=76, routed)          2.907     6.373    MyReg_inst/Q[8]
    SLICE_X81Y22         LUT5 (Prop_F6LUT_SLICEL_I4_O)
                                                      0.035     6.408 r  MyReg_inst/mem[6][8]_i_2/O
                         net (fo=26, routed)          0.728     7.136    MyReg_inst/mem[6][8]_i_2_n_0
    SLICE_X65Y24         LUT6 (Prop_H6LUT_SLICEL_I5_O)
                                                      0.150     7.286 r  MyReg_inst/mem[238][8]_i_1/O
                         net (fo=1, routed)           0.051     7.337    MyReg_inst/mem[238][8]_i_1_n_0
    SLICE_X65Y24         FDCE                                         r  MyReg_inst/mem_reg[238][8]/D
  -------------------------------------------------------------------    -------------------

                         (clock clk rise edge)        5.000     5.000 r  
    P11                                               0.000     5.000 r  clk (IN)
                         net (fo=0)                   0.000     5.000    clk_IBUF_inst/I
    P11                  INBUF (Prop_INBUF_HPIOB_M_PAD_O)
                                                      0.298     5.298 r  clk_IBUF_inst/INBUF_INST/O
                         net (fo=1, routed)           0.000     5.298    clk_IBUF_inst/OUT
    P11                  IBUFCTRL (Prop_IBUFCTRL_HPIOB_M_I_O)
                                                      0.000     5.298 r  clk_IBUF_inst/IBUFCTRL_INST/O
                         net (fo=1, routed)           0.282     5.580    clk_IBUF
    BUFGCE_X0Y77         BUFGCE (Prop_BUFCE_BUFGCE_I_O)
                                                      0.024     5.604 r  clk_IBUF_BUFG_inst/O
    X2Y1 (CLOCK_ROOT)    net (fo=6241, routed)        2.051     7.655    MyReg_inst/clk_IBUF_BUFG
    SLICE_X65Y24         FDCE                                         r  MyReg_inst/mem_reg[238][8]/C
                         clock pessimism              0.407     8.062    
                         clock uncertainty           -0.035     8.027    
    SLICE_X65Y24         FDCE (Setup_HFF_SLICEL_C_D)
                                                      0.025     8.052    MyReg_inst/mem_reg[238][8]
  -------------------------------------------------------------------
                         required time                          8.052    
                         arrival time                          -7.337    
  -------------------------------------------------------------------
                         slack                                  0.714    

Slack (MET) :             0.724ns  (required time - arrival time)
  Source:                 din_b_reg[8]/C
                            (rising edge-triggered cell FDCE clocked by clk  {rise@0.000ns fall@2.500ns period=5.000ns})
  Destination:            MyReg_inst/mem_reg[62][8]/D
                            (rising edge-triggered cell FDCE clocked by clk  {rise@0.000ns fall@2.500ns period=5.000ns})
  Path Group:             clk
  Path Type:              Setup (Max at Slow Process Corner)
  Requirement:            5.000ns  (clk rise@5.000ns - clk rise@0.000ns)
  Data Path Delay:        3.943ns  (logic 0.203ns (5.148%)  route 3.740ns (94.852%))
  Logic Levels:           2  (LUT5=2)
  Clock Path Skew:        -0.322ns (DCD - SCD + CPR)
    Destination Clock Delay (DCD):    2.658ns = ( 7.658 - 5.000 ) 
    Source Clock Delay      (SCD):    3.388ns
    Clock Pessimism Removal (CPR):    0.407ns
  Clock Uncertainty:      0.035ns  ((TSJ^2 + TIJ^2)^1/2 + DJ) / 2 + PE
    Total System Jitter     (TSJ):    0.071ns
    Total Input Jitter      (TIJ):    0.000ns
    Discrete Jitter          (DJ):    0.000ns
    Phase Error              (PE):    0.000ns
  Clock Net Delay (Source):      2.492ns (routing 1.289ns, distribution 1.203ns)
  Clock Net Delay (Destination): 2.054ns (routing 1.173ns, distribution 0.881ns)

    Location             Delay type                Incr(ns)  Path(ns)    Netlist Resource(s)
  -------------------------------------------------------------------    -------------------
                         (clock clk rise edge)        0.000     0.000 r  
    P11                                               0.000     0.000 r  clk (IN)
                         net (fo=0)                   0.000     0.000    clk_IBUF_inst/I
    P11                  INBUF (Prop_INBUF_HPIOB_M_PAD_O)
                                                      0.548     0.548 r  clk_IBUF_inst/INBUF_INST/O
                         net (fo=1, routed)           0.000     0.548    clk_IBUF_inst/OUT
    P11                  IBUFCTRL (Prop_IBUFCTRL_HPIOB_M_I_O)
                                                      0.000     0.548 r  clk_IBUF_inst/IBUFCTRL_INST/O
                         net (fo=1, routed)           0.319     0.867    clk_IBUF
    BUFGCE_X0Y77         BUFGCE (Prop_BUFCE_BUFGCE_I_O)
                                                      0.028     0.895 r  clk_IBUF_BUFG_inst/O
    X2Y1 (CLOCK_ROOT)    net (fo=6241, routed)        2.492     3.388    clk_IBUF_BUFG
    SLICE_X90Y147        FDCE                                         r  din_b_reg[8]/C
  -------------------------------------------------------------------    -------------------
    SLICE_X90Y147        FDCE (Prop_DFF_SLICEM_C_Q)
                                                      0.078     3.466 r  din_b_reg[8]/Q
                         net (fo=76, routed)          2.907     6.373    MyReg_inst/Q[8]
    SLICE_X81Y22         LUT5 (Prop_F6LUT_SLICEL_I4_O)
                                                      0.035     6.408 r  MyReg_inst/mem[6][8]_i_2/O
                         net (fo=26, routed)          0.782     7.190    MyReg_inst/mem[6][8]_i_2_n_0
    SLICE_X66Y19         LUT5 (Prop_H6LUT_SLICEL_I4_O)
                                                      0.090     7.280 r  MyReg_inst/mem[62][8]_i_1/O
                         net (fo=1, routed)           0.051     7.331    MyReg_inst/mem[62][8]_i_1_n_0
    SLICE_X66Y19         FDCE                                         r  MyReg_inst/mem_reg[62][8]/D
  -------------------------------------------------------------------    -------------------

                         (clock clk rise edge)        5.000     5.000 r  
    P11                                               0.000     5.000 r  clk (IN)
                         net (fo=0)                   0.000     5.000    clk_IBUF_inst/I
    P11                  INBUF (Prop_INBUF_HPIOB_M_PAD_O)
                                                      0.298     5.298 r  clk_IBUF_inst/INBUF_INST/O
                         net (fo=1, routed)           0.000     5.298    clk_IBUF_inst/OUT
    P11                  IBUFCTRL (Prop_IBUFCTRL_HPIOB_M_I_O)
                                                      0.000     5.298 r  clk_IBUF_inst/IBUFCTRL_INST/O
                         net (fo=1, routed)           0.282     5.580    clk_IBUF
    BUFGCE_X0Y77         BUFGCE (Prop_BUFCE_BUFGCE_I_O)
                                                      0.024     5.604 r  clk_IBUF_BUFG_inst/O
    X2Y1 (CLOCK_ROOT)    net (fo=6241, routed)        2.054     7.658    MyReg_inst/clk_IBUF_BUFG
    SLICE_X66Y19         FDCE                                         r  MyReg_inst/mem_reg[62][8]/C
                         clock pessimism              0.407     8.065    
                         clock uncertainty           -0.035     8.030    
    SLICE_X66Y19         FDCE (Setup_HFF_SLICEL_C_D)
                                                      0.025     8.055    MyReg_inst/mem_reg[62][8]
  -------------------------------------------------------------------
                         required time                          8.055    
                         arrival time                          -7.331    
  -------------------------------------------------------------------
                         slack                                  0.724    

Slack (MET) :             0.759ns  (required time - arrival time)
  Source:                 din_b_reg[2]/C
                            (rising edge-triggered cell FDCE clocked by clk  {rise@0.000ns fall@2.500ns period=5.000ns})
  Destination:            MyReg_inst/mem_reg[169][2]/D
                            (rising edge-triggered cell FDCE clocked by clk  {rise@0.000ns fall@2.500ns period=5.000ns})
  Path Group:             clk
  Path Type:              Setup (Max at Slow Process Corner)
  Requirement:            5.000ns  (clk rise@5.000ns - clk rise@0.000ns)
  Data Path Delay:        3.877ns  (logic 0.216ns (5.571%)  route 3.661ns (94.429%))
  Logic Levels:           2  (LUT5=1 LUT6=1)
  Clock Path Skew:        -0.353ns (DCD - SCD + CPR)
    Destination Clock Delay (DCD):    2.648ns = ( 7.648 - 5.000 ) 
    Source Clock Delay      (SCD):    3.408ns
    Clock Pessimism Removal (CPR):    0.407ns
  Clock Uncertainty:      0.035ns  ((TSJ^2 + TIJ^2)^1/2 + DJ) / 2 + PE
    Total System Jitter     (TSJ):    0.071ns
    Total Input Jitter      (TIJ):    0.000ns
    Discrete Jitter          (DJ):    0.000ns
    Phase Error              (PE):    0.000ns
  Clock Net Delay (Source):      2.513ns (routing 1.289ns, distribution 1.224ns)
  Clock Net Delay (Destination): 2.044ns (routing 1.173ns, distribution 0.871ns)

    Location             Delay type                Incr(ns)  Path(ns)    Netlist Resource(s)
  -------------------------------------------------------------------    -------------------
                         (clock clk rise edge)        0.000     0.000 r  
    P11                                               0.000     0.000 r  clk (IN)
                         net (fo=0)                   0.000     0.000    clk_IBUF_inst/I
    P11                  INBUF (Prop_INBUF_HPIOB_M_PAD_O)
                                                      0.548     0.548 r  clk_IBUF_inst/INBUF_INST/O
                         net (fo=1, routed)           0.000     0.548    clk_IBUF_inst/OUT
    P11                  IBUFCTRL (Prop_IBUFCTRL_HPIOB_M_I_O)
                                                      0.000     0.548 r  clk_IBUF_inst/IBUFCTRL_INST/O
                         net (fo=1, routed)           0.319     0.867    clk_IBUF
    BUFGCE_X0Y77         BUFGCE (Prop_BUFCE_BUFGCE_I_O)
                                                      0.028     0.895 r  clk_IBUF_BUFG_inst/O
    X2Y1 (CLOCK_ROOT)    net (fo=6241, routed)        2.513     3.408    clk_IBUF_BUFG
    SLICE_X94Y145        FDCE                                         r  din_b_reg[2]/C
  -------------------------------------------------------------------    -------------------
    SLICE_X94Y145        FDCE (Prop_DFF_SLICEL_C_Q)
                                                      0.079     3.487 r  din_b_reg[2]/Q
                         net (fo=73, routed)          2.452     5.940    MyReg_inst/Q[2]
    SLICE_X85Y6          LUT5 (Prop_E6LUT_SLICEM_I4_O)
                                                      0.037     5.977 r  MyReg_inst/mem[17][2]_i_2/O
                         net (fo=26, routed)          1.150     7.127    MyReg_inst/mem[17][2]_i_2_n_0
    SLICE_X61Y24         LUT6 (Prop_G6LUT_SLICEM_I5_O)
                                                      0.100     7.227 r  MyReg_inst/mem[169][2]_i_1/O
                         net (fo=1, routed)           0.059     7.286    MyReg_inst/mem[169][2]_i_1_n_0
    SLICE_X61Y24         FDCE                                         r  MyReg_inst/mem_reg[169][2]/D
  -------------------------------------------------------------------    -------------------

                         (clock clk rise edge)        5.000     5.000 r  
    P11                                               0.000     5.000 r  clk (IN)
                         net (fo=0)                   0.000     5.000    clk_IBUF_inst/I
    P11                  INBUF (Prop_INBUF_HPIOB_M_PAD_O)
                                                      0.298     5.298 r  clk_IBUF_inst/INBUF_INST/O
                         net (fo=1, routed)           0.000     5.298    clk_IBUF_inst/OUT
    P11                  IBUFCTRL (Prop_IBUFCTRL_HPIOB_M_I_O)
                                                      0.000     5.298 r  clk_IBUF_inst/IBUFCTRL_INST/O
                         net (fo=1, routed)           0.282     5.580    clk_IBUF
    BUFGCE_X0Y77         BUFGCE (Prop_BUFCE_BUFGCE_I_O)
                                                      0.024     5.604 r  clk_IBUF_BUFG_inst/O
    X2Y1 (CLOCK_ROOT)    net (fo=6241, routed)        2.044     7.648    MyReg_inst/clk_IBUF_BUFG
    SLICE_X61Y24         FDCE                                         r  MyReg_inst/mem_reg[169][2]/C
                         clock pessimism              0.407     8.055    
                         clock uncertainty           -0.035     8.020    
    SLICE_X61Y24         FDCE (Setup_GFF_SLICEM_C_D)
                                                      0.025     8.045    MyReg_inst/mem_reg[169][2]
  -------------------------------------------------------------------
                         required time                          8.045    
                         arrival time                          -7.286    
  -------------------------------------------------------------------
                         slack                                  0.759    

Slack (MET) :             0.773ns  (required time - arrival time)
  Source:                 din_b_reg[2]/C
                            (rising edge-triggered cell FDCE clocked by clk  {rise@0.000ns fall@2.500ns period=5.000ns})
  Destination:            MyReg_inst/mem_reg[161][2]/D
                            (rising edge-triggered cell FDCE clocked by clk  {rise@0.000ns fall@2.500ns period=5.000ns})
  Path Group:             clk
  Path Type:              Setup (Max at Slow Process Corner)
  Requirement:            5.000ns  (clk rise@5.000ns - clk rise@0.000ns)
  Data Path Delay:        3.864ns  (logic 0.205ns (5.305%)  route 3.659ns (94.695%))
  Logic Levels:           2  (LUT5=1 LUT6=1)
  Clock Path Skew:        -0.352ns (DCD - SCD + CPR)
    Destination Clock Delay (DCD):    2.649ns = ( 7.649 - 5.000 ) 
    Source Clock Delay      (SCD):    3.408ns
    Clock Pessimism Removal (CPR):    0.407ns
  Clock Uncertainty:      0.035ns  ((TSJ^2 + TIJ^2)^1/2 + DJ) / 2 + PE
    Total System Jitter     (TSJ):    0.071ns
    Total Input Jitter      (TIJ):    0.000ns
    Discrete Jitter          (DJ):    0.000ns
    Phase Error              (PE):    0.000ns
  Clock Net Delay (Source):      2.513ns (routing 1.289ns, distribution 1.224ns)
  Clock Net Delay (Destination): 2.045ns (routing 1.173ns, distribution 0.872ns)

    Location             Delay type                Incr(ns)  Path(ns)    Netlist Resource(s)
  -------------------------------------------------------------------    -------------------
                         (clock clk rise edge)        0.000     0.000 r  
    P11                                               0.000     0.000 r  clk (IN)
                         net (fo=0)                   0.000     0.000    clk_IBUF_inst/I
    P11                  INBUF (Prop_INBUF_HPIOB_M_PAD_O)
                                                      0.548     0.548 r  clk_IBUF_inst/INBUF_INST/O
                         net (fo=1, routed)           0.000     0.548    clk_IBUF_inst/OUT
    P11                  IBUFCTRL (Prop_IBUFCTRL_HPIOB_M_I_O)
                                                      0.000     0.548 r  clk_IBUF_inst/IBUFCTRL_INST/O
                         net (fo=1, routed)           0.319     0.867    clk_IBUF
    BUFGCE_X0Y77         BUFGCE (Prop_BUFCE_BUFGCE_I_O)
                                                      0.028     0.895 r  clk_IBUF_BUFG_inst/O
    X2Y1 (CLOCK_ROOT)    net (fo=6241, routed)        2.513     3.408    clk_IBUF_BUFG
    SLICE_X94Y145        FDCE                                         r  din_b_reg[2]/C
  -------------------------------------------------------------------    -------------------
    SLICE_X94Y145        FDCE (Prop_DFF_SLICEL_C_Q)
                                                      0.079     3.487 r  din_b_reg[2]/Q
                         net (fo=73, routed)          2.452     5.940    MyReg_inst/Q[2]
    SLICE_X85Y6          LUT5 (Prop_E6LUT_SLICEM_I4_O)
                                                      0.037     5.977 r  MyReg_inst/mem[17][2]_i_2/O
                         net (fo=26, routed)          1.148     7.125    MyReg_inst/mem[17][2]_i_2_n_0
    SLICE_X61Y24         LUT6 (Prop_B6LUT_SLICEM_I5_O)
                                                      0.089     7.214 r  MyReg_inst/mem[161][2]_i_1/O
                         net (fo=1, routed)           0.059     7.273    MyReg_inst/mem[161][2]_i_1_n_0
    SLICE_X61Y24         FDCE                                         r  MyReg_inst/mem_reg[161][2]/D
  -------------------------------------------------------------------    -------------------

                         (clock clk rise edge)        5.000     5.000 r  
    P11                                               0.000     5.000 r  clk (IN)
                         net (fo=0)                   0.000     5.000    clk_IBUF_inst/I
    P11                  INBUF (Prop_INBUF_HPIOB_M_PAD_O)
                                                      0.298     5.298 r  clk_IBUF_inst/INBUF_INST/O
                         net (fo=1, routed)           0.000     5.298    clk_IBUF_inst/OUT
    P11                  IBUFCTRL (Prop_IBUFCTRL_HPIOB_M_I_O)
                                                      0.000     5.298 r  clk_IBUF_inst/IBUFCTRL_INST/O
                         net (fo=1, routed)           0.282     5.580    clk_IBUF
    BUFGCE_X0Y77         BUFGCE (Prop_BUFCE_BUFGCE_I_O)
                                                      0.024     5.604 r  clk_IBUF_BUFG_inst/O
    X2Y1 (CLOCK_ROOT)    net (fo=6241, routed)        2.045     7.649    MyReg_inst/clk_IBUF_BUFG
    SLICE_X61Y24         FDCE                                         r  MyReg_inst/mem_reg[161][2]/C
                         clock pessimism              0.407     8.056    
                         clock uncertainty           -0.035     8.021    
    SLICE_X61Y24         FDCE (Setup_BFF_SLICEM_C_D)
                                                      0.025     8.046    MyReg_inst/mem_reg[161][2]
  -------------------------------------------------------------------
                         required time                          8.046    
                         arrival time                          -7.273    
  -------------------------------------------------------------------
                         slack                                  0.773    

Slack (MET) :             0.780ns  (required time - arrival time)
  Source:                 din_b_reg[8]/C
                            (rising edge-triggered cell FDCE clocked by clk  {rise@0.000ns fall@2.500ns period=5.000ns})
  Destination:            MyReg_inst/mem_reg[230][8]/D
                            (rising edge-triggered cell FDCE clocked by clk  {rise@0.000ns fall@2.500ns period=5.000ns})
  Path Group:             clk
  Path Type:              Setup (Max at Slow Process Corner)
  Requirement:            5.000ns  (clk rise@5.000ns - clk rise@0.000ns)
  Data Path Delay:        3.881ns  (logic 0.212ns (5.462%)  route 3.669ns (94.538%))
  Logic Levels:           2  (LUT5=1 LUT6=1)
  Clock Path Skew:        -0.328ns (DCD - SCD + CPR)
    Destination Clock Delay (DCD):    2.653ns = ( 7.653 - 5.000 ) 
    Source Clock Delay      (SCD):    3.388ns
    Clock Pessimism Removal (CPR):    0.407ns
  Clock Uncertainty:      0.035ns  ((TSJ^2 + TIJ^2)^1/2 + DJ) / 2 + PE
    Total System Jitter     (TSJ):    0.071ns
    Total Input Jitter      (TIJ):    0.000ns
    Discrete Jitter          (DJ):    0.000ns
    Phase Error              (PE):    0.000ns
  Clock Net Delay (Source):      2.492ns (routing 1.289ns, distribution 1.203ns)
  Clock Net Delay (Destination): 2.049ns (routing 1.173ns, distribution 0.876ns)

    Location             Delay type                Incr(ns)  Path(ns)    Netlist Resource(s)
  -------------------------------------------------------------------    -------------------
                         (clock clk rise edge)        0.000     0.000 r  
    P11                                               0.000     0.000 r  clk (IN)
                         net (fo=0)                   0.000     0.000    clk_IBUF_inst/I
    P11                  INBUF (Prop_INBUF_HPIOB_M_PAD_O)
                                                      0.548     0.548 r  clk_IBUF_inst/INBUF_INST/O
                         net (fo=1, routed)           0.000     0.548    clk_IBUF_inst/OUT
    P11                  IBUFCTRL (Prop_IBUFCTRL_HPIOB_M_I_O)
                                                      0.000     0.548 r  clk_IBUF_inst/IBUFCTRL_INST/O
                         net (fo=1, routed)           0.319     0.867    clk_IBUF
    BUFGCE_X0Y77         BUFGCE (Prop_BUFCE_BUFGCE_I_O)
                                                      0.028     0.895 r  clk_IBUF_BUFG_inst/O
    X2Y1 (CLOCK_ROOT)    net (fo=6241, routed)        2.492     3.388    clk_IBUF_BUFG
    SLICE_X90Y147        FDCE                                         r  din_b_reg[8]/C
  -------------------------------------------------------------------    -------------------
    SLICE_X90Y147        FDCE (Prop_DFF_SLICEM_C_Q)
                                                      0.078     3.466 r  din_b_reg[8]/Q
                         net (fo=76, routed)          2.907     6.373    MyReg_inst/Q[8]
    SLICE_X81Y22         LUT5 (Prop_F6LUT_SLICEL_I4_O)
                                                      0.035     6.408 r  MyReg_inst/mem[6][8]_i_2/O
                         net (fo=26, routed)          0.713     7.121    MyReg_inst/mem[6][8]_i_2_n_0
    SLICE_X65Y24         LUT6 (Prop_D6LUT_SLICEL_I5_O)
                                                      0.099     7.220 r  MyReg_inst/mem[230][8]_i_1/O
                         net (fo=1, routed)           0.049     7.269    MyReg_inst/mem[230][8]_i_1_n_0
    SLICE_X65Y24         FDCE                                         r  MyReg_inst/mem_reg[230][8]/D
  -------------------------------------------------------------------    -------------------

                         (clock clk rise edge)        5.000     5.000 r  
    P11                                               0.000     5.000 r  clk (IN)
                         net (fo=0)                   0.000     5.000    clk_IBUF_inst/I
    P11                  INBUF (Prop_INBUF_HPIOB_M_PAD_O)
                                                      0.298     5.298 r  clk_IBUF_inst/INBUF_INST/O
                         net (fo=1, routed)           0.000     5.298    clk_IBUF_inst/OUT
    P11                  IBUFCTRL (Prop_IBUFCTRL_HPIOB_M_I_O)
                                                      0.000     5.298 r  clk_IBUF_inst/IBUFCTRL_INST/O
                         net (fo=1, routed)           0.282     5.580    clk_IBUF
    BUFGCE_X0Y77         BUFGCE (Prop_BUFCE_BUFGCE_I_O)
                                                      0.024     5.604 r  clk_IBUF_BUFG_inst/O
    X2Y1 (CLOCK_ROOT)    net (fo=6241, routed)        2.049     7.653    MyReg_inst/clk_IBUF_BUFG
    SLICE_X65Y24         FDCE                                         r  MyReg_inst/mem_reg[230][8]/C
                         clock pessimism              0.407     8.060    
                         clock uncertainty           -0.035     8.025    
    SLICE_X65Y24         FDCE (Setup_DFF_SLICEL_C_D)
                                                      0.025     8.050    MyReg_inst/mem_reg[230][8]
  -------------------------------------------------------------------
                         required time                          8.050    
                         arrival time                          -7.269    
  -------------------------------------------------------------------
                         slack                                  0.780    

Slack (MET) :             0.791ns  (required time - arrival time)
  Source:                 din_b_reg[8]/C
                            (rising edge-triggered cell FDCE clocked by clk  {rise@0.000ns fall@2.500ns period=5.000ns})
  Destination:            MyReg_inst/mem_reg[166][8]/D
                            (rising edge-triggered cell FDCE clocked by clk  {rise@0.000ns fall@2.500ns period=5.000ns})
  Path Group:             clk
  Path Type:              Setup (Max at Slow Process Corner)
  Requirement:            5.000ns  (clk rise@5.000ns - clk rise@0.000ns)
  Data Path Delay:        3.878ns  (logic 0.163ns (4.203%)  route 3.715ns (95.797%))
  Logic Levels:           2  (LUT5=1 LUT6=1)
  Clock Path Skew:        -0.321ns (DCD - SCD + CPR)
    Destination Clock Delay (DCD):    2.659ns = ( 7.659 - 5.000 ) 
    Source Clock Delay      (SCD):    3.388ns
    Clock Pessimism Removal (CPR):    0.407ns
  Clock Uncertainty:      0.035ns  ((TSJ^2 + TIJ^2)^1/2 + DJ) / 2 + PE
    Total System Jitter     (TSJ):    0.071ns
    Total Input Jitter      (TIJ):    0.000ns
    Discrete Jitter          (DJ):    0.000ns
    Phase Error              (PE):    0.000ns
  Clock Net Delay (Source):      2.492ns (routing 1.289ns, distribution 1.203ns)
  Clock Net Delay (Destination): 2.055ns (routing 1.173ns, distribution 0.882ns)

    Location             Delay type                Incr(ns)  Path(ns)    Netlist Resource(s)
  -------------------------------------------------------------------    -------------------
                         (clock clk rise edge)        0.000     0.000 r  
    P11                                               0.000     0.000 r  clk (IN)
                         net (fo=0)                   0.000     0.000    clk_IBUF_inst/I
    P11                  INBUF (Prop_INBUF_HPIOB_M_PAD_O)
                                                      0.548     0.548 r  clk_IBUF_inst/INBUF_INST/O
                         net (fo=1, routed)           0.000     0.548    clk_IBUF_inst/OUT
    P11                  IBUFCTRL (Prop_IBUFCTRL_HPIOB_M_I_O)
                                                      0.000     0.548 r  clk_IBUF_inst/IBUFCTRL_INST/O
                         net (fo=1, routed)           0.319     0.867    clk_IBUF
    BUFGCE_X0Y77         BUFGCE (Prop_BUFCE_BUFGCE_I_O)
                                                      0.028     0.895 r  clk_IBUF_BUFG_inst/O
    X2Y1 (CLOCK_ROOT)    net (fo=6241, routed)        2.492     3.388    clk_IBUF_BUFG
    SLICE_X90Y147        FDCE                                         r  din_b_reg[8]/C
  -------------------------------------------------------------------    -------------------
    SLICE_X90Y147        FDCE (Prop_DFF_SLICEM_C_Q)
                                                      0.078     3.466 r  din_b_reg[8]/Q
                         net (fo=76, routed)          2.907     6.373    MyReg_inst/Q[8]
    SLICE_X81Y22         LUT5 (Prop_F6LUT_SLICEL_I4_O)
                                                      0.035     6.408 r  MyReg_inst/mem[6][8]_i_2/O
                         net (fo=26, routed)          0.760     7.168    MyReg_inst/mem[6][8]_i_2_n_0
    SLICE_X63Y23         LUT6 (Prop_G6LUT_SLICEL_I5_O)
                                                      0.050     7.218 r  MyReg_inst/mem[166][8]_i_1/O
                         net (fo=1, routed)           0.048     7.266    MyReg_inst/mem[166][8]_i_1_n_0
    SLICE_X63Y23         FDCE                                         r  MyReg_inst/mem_reg[166][8]/D
  -------------------------------------------------------------------    -------------------

                         (clock clk rise edge)        5.000     5.000 r  
    P11                                               0.000     5.000 r  clk (IN)
                         net (fo=0)                   0.000     5.000    clk_IBUF_inst/I
    P11                  INBUF (Prop_INBUF_HPIOB_M_PAD_O)
                                                      0.298     5.298 r  clk_IBUF_inst/INBUF_INST/O
                         net (fo=1, routed)           0.000     5.298    clk_IBUF_inst/OUT
    P11                  IBUFCTRL (Prop_IBUFCTRL_HPIOB_M_I_O)
                                                      0.000     5.298 r  clk_IBUF_inst/IBUFCTRL_INST/O
                         net (fo=1, routed)           0.282     5.580    clk_IBUF
    BUFGCE_X0Y77         BUFGCE (Prop_BUFCE_BUFGCE_I_O)
                                                      0.024     5.604 r  clk_IBUF_BUFG_inst/O
    X2Y1 (CLOCK_ROOT)    net (fo=6241, routed)        2.055     7.659    MyReg_inst/clk_IBUF_BUFG
    SLICE_X63Y23         FDCE                                         r  MyReg_inst/mem_reg[166][8]/C
                         clock pessimism              0.407     8.067    
                         clock uncertainty           -0.035     8.031    
    SLICE_X63Y23         FDCE (Setup_GFF_SLICEL_C_D)
                                                      0.025     8.056    MyReg_inst/mem_reg[166][8]
  -------------------------------------------------------------------
                         required time                          8.056    
                         arrival time                          -7.266    
  -------------------------------------------------------------------
                         slack                                  0.791    

Slack (MET) :             0.810ns  (required time - arrival time)
  Source:                 din_b_reg[2]/C
                            (rising edge-triggered cell FDCE clocked by clk  {rise@0.000ns fall@2.500ns period=5.000ns})
  Destination:            MyReg_inst/mem_reg[105][2]/D
                            (rising edge-triggered cell FDCE clocked by clk  {rise@0.000ns fall@2.500ns period=5.000ns})
  Path Group:             clk
  Path Type:              Setup (Max at Slow Process Corner)
  Requirement:            5.000ns  (clk rise@5.000ns - clk rise@0.000ns)
  Data Path Delay:        3.826ns  (logic 0.167ns (4.365%)  route 3.659ns (95.635%))
  Logic Levels:           2  (LUT5=1 LUT6=1)
  Clock Path Skew:        -0.354ns (DCD - SCD + CPR)
    Destination Clock Delay (DCD):    2.647ns = ( 7.647 - 5.000 ) 
    Source Clock Delay      (SCD):    3.408ns
    Clock Pessimism Removal (CPR):    0.407ns
  Clock Uncertainty:      0.035ns  ((TSJ^2 + TIJ^2)^1/2 + DJ) / 2 + PE
    Total System Jitter     (TSJ):    0.071ns
    Total Input Jitter      (TIJ):    0.000ns
    Discrete Jitter          (DJ):    0.000ns
    Phase Error              (PE):    0.000ns
  Clock Net Delay (Source):      2.513ns (routing 1.289ns, distribution 1.224ns)
  Clock Net Delay (Destination): 2.043ns (routing 1.173ns, distribution 0.870ns)

    Location             Delay type                Incr(ns)  Path(ns)    Netlist Resource(s)
  -------------------------------------------------------------------    -------------------
                         (clock clk rise edge)        0.000     0.000 r  
    P11                                               0.000     0.000 r  clk (IN)
                         net (fo=0)                   0.000     0.000    clk_IBUF_inst/I
    P11                  INBUF (Prop_INBUF_HPIOB_M_PAD_O)
                                                      0.548     0.548 r  clk_IBUF_inst/INBUF_INST/O
                         net (fo=1, routed)           0.000     0.548    clk_IBUF_inst/OUT
    P11                  IBUFCTRL (Prop_IBUFCTRL_HPIOB_M_I_O)
                                                      0.000     0.548 r  clk_IBUF_inst/IBUFCTRL_INST/O
                         net (fo=1, routed)           0.319     0.867    clk_IBUF
    BUFGCE_X0Y77         BUFGCE (Prop_BUFCE_BUFGCE_I_O)
                                                      0.028     0.895 r  clk_IBUF_BUFG_inst/O
    X2Y1 (CLOCK_ROOT)    net (fo=6241, routed)        2.513     3.408    clk_IBUF_BUFG
    SLICE_X94Y145        FDCE                                         r  din_b_reg[2]/C
  -------------------------------------------------------------------    -------------------
    SLICE_X94Y145        FDCE (Prop_DFF_SLICEL_C_Q)
                                                      0.079     3.487 r  din_b_reg[2]/Q
                         net (fo=73, routed)          2.452     5.940    MyReg_inst/Q[2]
    SLICE_X85Y6          LUT5 (Prop_E6LUT_SLICEM_I4_O)
                                                      0.037     5.977 r  MyReg_inst/mem[17][2]_i_2/O
                         net (fo=26, routed)          1.156     7.132    MyReg_inst/mem[17][2]_i_2_n_0
    SLICE_X57Y19         LUT6 (Prop_H6LUT_SLICEL_I0_O)
                                                      0.051     7.183 r  MyReg_inst/mem[105][2]_i_1/O
                         net (fo=1, routed)           0.051     7.234    MyReg_inst/mem[105][2]_i_1_n_0
    SLICE_X57Y19         FDCE                                         r  MyReg_inst/mem_reg[105][2]/D
  -------------------------------------------------------------------    -------------------

                         (clock clk rise edge)        5.000     5.000 r  
    P11                                               0.000     5.000 r  clk (IN)
                         net (fo=0)                   0.000     5.000    clk_IBUF_inst/I
    P11                  INBUF (Prop_INBUF_HPIOB_M_PAD_O)
                                                      0.298     5.298 r  clk_IBUF_inst/INBUF_INST/O
                         net (fo=1, routed)           0.000     5.298    clk_IBUF_inst/OUT
    P11                  IBUFCTRL (Prop_IBUFCTRL_HPIOB_M_I_O)
                                                      0.000     5.298 r  clk_IBUF_inst/IBUFCTRL_INST/O
                         net (fo=1, routed)           0.282     5.580    clk_IBUF
    BUFGCE_X0Y77         BUFGCE (Prop_BUFCE_BUFGCE_I_O)
                                                      0.024     5.604 r  clk_IBUF_BUFG_inst/O
    X2Y1 (CLOCK_ROOT)    net (fo=6241, routed)        2.043     7.647    MyReg_inst/clk_IBUF_BUFG
    SLICE_X57Y19         FDCE                                         r  MyReg_inst/mem_reg[105][2]/C
                         clock pessimism              0.407     8.054    
                         clock uncertainty           -0.035     8.019    
    SLICE_X57Y19         FDCE (Setup_HFF_SLICEL_C_D)
                                                      0.025     8.044    MyReg_inst/mem_reg[105][2]
  -------------------------------------------------------------------
                         required time                          8.044    
                         arrival time                          -7.234    
  -------------------------------------------------------------------
                         slack                                  0.810    

Slack (MET) :             0.811ns  (required time - arrival time)
  Source:                 din_b_reg[2]/C
                            (rising edge-triggered cell FDCE clocked by clk  {rise@0.000ns fall@2.500ns period=5.000ns})
  Destination:            MyReg_inst/mem_reg[73][2]/D
                            (rising edge-triggered cell FDCE clocked by clk  {rise@0.000ns fall@2.500ns period=5.000ns})
  Path Group:             clk
  Path Type:              Setup (Max at Slow Process Corner)
  Requirement:            5.000ns  (clk rise@5.000ns - clk rise@0.000ns)
  Data Path Delay:        3.831ns  (logic 0.213ns (5.559%)  route 3.618ns (94.441%))
  Logic Levels:           2  (LUT4=1 LUT5=1)
  Clock Path Skew:        -0.348ns (DCD - SCD + CPR)
    Destination Clock Delay (DCD):    2.653ns = ( 7.653 - 5.000 ) 
    Source Clock Delay      (SCD):    3.408ns
    Clock Pessimism Removal (CPR):    0.407ns
  Clock Uncertainty:      0.035ns  ((TSJ^2 + TIJ^2)^1/2 + DJ) / 2 + PE
    Total System Jitter     (TSJ):    0.071ns
    Total Input Jitter      (TIJ):    0.000ns
    Discrete Jitter          (DJ):    0.000ns
    Phase Error              (PE):    0.000ns
  Clock Net Delay (Source):      2.513ns (routing 1.289ns, distribution 1.224ns)
  Clock Net Delay (Destination): 2.049ns (routing 1.173ns, distribution 0.876ns)

    Location             Delay type                Incr(ns)  Path(ns)    Netlist Resource(s)
  -------------------------------------------------------------------    -------------------
                         (clock clk rise edge)        0.000     0.000 r  
    P11                                               0.000     0.000 r  clk (IN)
                         net (fo=0)                   0.000     0.000    clk_IBUF_inst/I
    P11                  INBUF (Prop_INBUF_HPIOB_M_PAD_O)
                                                      0.548     0.548 r  clk_IBUF_inst/INBUF_INST/O
                         net (fo=1, routed)           0.000     0.548    clk_IBUF_inst/OUT
    P11                  IBUFCTRL (Prop_IBUFCTRL_HPIOB_M_I_O)
                                                      0.000     0.548 r  clk_IBUF_inst/IBUFCTRL_INST/O
                         net (fo=1, routed)           0.319     0.867    clk_IBUF
    BUFGCE_X0Y77         BUFGCE (Prop_BUFCE_BUFGCE_I_O)
                                                      0.028     0.895 r  clk_IBUF_BUFG_inst/O
    X2Y1 (CLOCK_ROOT)    net (fo=6241, routed)        2.513     3.408    clk_IBUF_BUFG
    SLICE_X94Y145        FDCE                                         r  din_b_reg[2]/C
  -------------------------------------------------------------------    -------------------
    SLICE_X94Y145        FDCE (Prop_DFF_SLICEL_C_Q)
                                                      0.079     3.487 r  din_b_reg[2]/Q
                         net (fo=73, routed)          2.452     5.940    MyReg_inst/Q[2]
    SLICE_X85Y6          LUT5 (Prop_E6LUT_SLICEM_I4_O)
                                                      0.037     5.977 r  MyReg_inst/mem[17][2]_i_2/O
                         net (fo=26, routed)          1.118     7.095    MyReg_inst/mem[17][2]_i_2_n_0
    SLICE_X59Y21         LUT4 (Prop_G6LUT_SLICEL_I1_O)
                                                      0.097     7.192 r  MyReg_inst/mem[73][2]_i_1/O
                         net (fo=1, routed)           0.048     7.240    MyReg_inst/mem[73][2]_i_1_n_0
    SLICE_X59Y21         FDCE                                         r  MyReg_inst/mem_reg[73][2]/D
  -------------------------------------------------------------------    -------------------

                         (clock clk rise edge)        5.000     5.000 r  
    P11                                               0.000     5.000 r  clk (IN)
                         net (fo=0)                   0.000     5.000    clk_IBUF_inst/I
    P11                  INBUF (Prop_INBUF_HPIOB_M_PAD_O)
                                                      0.298     5.298 r  clk_IBUF_inst/INBUF_INST/O
                         net (fo=1, routed)           0.000     5.298    clk_IBUF_inst/OUT
    P11                  IBUFCTRL (Prop_IBUFCTRL_HPIOB_M_I_O)
                                                      0.000     5.298 r  clk_IBUF_inst/IBUFCTRL_INST/O
                         net (fo=1, routed)           0.282     5.580    clk_IBUF
    BUFGCE_X0Y77         BUFGCE (Prop_BUFCE_BUFGCE_I_O)
                                                      0.024     5.604 r  clk_IBUF_BUFG_inst/O
    X2Y1 (CLOCK_ROOT)    net (fo=6241, routed)        2.049     7.653    MyReg_inst/clk_IBUF_BUFG
    SLICE_X59Y21         FDCE                                         r  MyReg_inst/mem_reg[73][2]/C
                         clock pessimism              0.407     8.061    
                         clock uncertainty           -0.035     8.025    
    SLICE_X59Y21         FDCE (Setup_GFF_SLICEL_C_D)
                                                      0.025     8.050    MyReg_inst/mem_reg[73][2]
  -------------------------------------------------------------------
                         required time                          8.050    
                         arrival time                          -7.240    
  -------------------------------------------------------------------
                         slack                                  0.811    

Slack (MET) :             0.811ns  (required time - arrival time)
  Source:                 din_b_reg[7]/C
                            (rising edge-triggered cell FDCE clocked by clk  {rise@0.000ns fall@2.500ns period=5.000ns})
  Destination:            MyReg_inst/mem_reg[228][7]/D
                            (rising edge-triggered cell FDCE clocked by clk  {rise@0.000ns fall@2.500ns period=5.000ns})
  Path Group:             clk
  Path Type:              Setup (Max at Slow Process Corner)
  Requirement:            5.000ns  (clk rise@5.000ns - clk rise@0.000ns)
  Data Path Delay:        3.849ns  (logic 0.266ns (6.911%)  route 3.583ns (93.089%))
  Logic Levels:           2  (LUT5=1 LUT6=1)
  Clock Path Skew:        -0.329ns (DCD - SCD + CPR)
    Destination Clock Delay (DCD):    2.655ns = ( 7.655 - 5.000 ) 
    Source Clock Delay      (SCD):    3.391ns
    Clock Pessimism Removal (CPR):    0.407ns
  Clock Uncertainty:      0.035ns  ((TSJ^2 + TIJ^2)^1/2 + DJ) / 2 + PE
    Total System Jitter     (TSJ):    0.071ns
    Total Input Jitter      (TIJ):    0.000ns
    Discrete Jitter          (DJ):    0.000ns
    Phase Error              (PE):    0.000ns
  Clock Net Delay (Source):      2.496ns (routing 1.289ns, distribution 1.207ns)
  Clock Net Delay (Destination): 2.051ns (routing 1.173ns, distribution 0.878ns)

    Location             Delay type                Incr(ns)  Path(ns)    Netlist Resource(s)
  -------------------------------------------------------------------    -------------------
                         (clock clk rise edge)        0.000     0.000 r  
    P11                                               0.000     0.000 r  clk (IN)
                         net (fo=0)                   0.000     0.000    clk_IBUF_inst/I
    P11                  INBUF (Prop_INBUF_HPIOB_M_PAD_O)
                                                      0.548     0.548 r  clk_IBUF_inst/INBUF_INST/O
                         net (fo=1, routed)           0.000     0.548    clk_IBUF_inst/OUT
    P11                  IBUFCTRL (Prop_IBUFCTRL_HPIOB_M_I_O)
                                                      0.000     0.548 r  clk_IBUF_inst/IBUFCTRL_INST/O
                         net (fo=1, routed)           0.319     0.867    clk_IBUF
    BUFGCE_X0Y77         BUFGCE (Prop_BUFCE_BUFGCE_I_O)
                                                      0.028     0.895 r  clk_IBUF_BUFG_inst/O
    X2Y1 (CLOCK_ROOT)    net (fo=6241, routed)        2.496     3.391    clk_IBUF_BUFG
    SLICE_X93Y140        FDCE                                         r  din_b_reg[7]/C
  -------------------------------------------------------------------    -------------------
    SLICE_X93Y140        FDCE (Prop_BFF_SLICEM_C_Q)
                                                      0.078     3.469 r  din_b_reg[7]/Q
                         net (fo=86, routed)          2.687     6.157    MyReg_inst/Q[7]
    SLICE_X82Y15         LUT5 (Prop_C6LUT_SLICEM_I4_O)
                                                      0.098     6.255 r  MyReg_inst/mem[44][7]_i_2/O
                         net (fo=19, routed)          0.847     7.102    MyReg_inst/mem[44][7]_i_2_n_0
    SLICE_X60Y3          LUT6 (Prop_B6LUT_SLICEL_I5_O)
                                                      0.090     7.192 r  MyReg_inst/mem[228][7]_i_1/O
                         net (fo=1, routed)           0.049     7.241    MyReg_inst/mem[228][7]_i_1_n_0
    SLICE_X60Y3          FDCE                                         r  MyReg_inst/mem_reg[228][7]/D
  -------------------------------------------------------------------    -------------------

                         (clock clk rise edge)        5.000     5.000 r  
    P11                                               0.000     5.000 r  clk (IN)
                         net (fo=0)                   0.000     5.000    clk_IBUF_inst/I
    P11                  INBUF (Prop_INBUF_HPIOB_M_PAD_O)
                                                      0.298     5.298 r  clk_IBUF_inst/INBUF_INST/O
                         net (fo=1, routed)           0.000     5.298    clk_IBUF_inst/OUT
    P11                  IBUFCTRL (Prop_IBUFCTRL_HPIOB_M_I_O)
                                                      0.000     5.298 r  clk_IBUF_inst/IBUFCTRL_INST/O
                         net (fo=1, routed)           0.282     5.580    clk_IBUF
    BUFGCE_X0Y77         BUFGCE (Prop_BUFCE_BUFGCE_I_O)
                                                      0.024     5.604 r  clk_IBUF_BUFG_inst/O
    X2Y1 (CLOCK_ROOT)    net (fo=6241, routed)        2.051     7.655    MyReg_inst/clk_IBUF_BUFG
    SLICE_X60Y3          FDCE                                         r  MyReg_inst/mem_reg[228][7]/C
                         clock pessimism              0.407     8.062    
                         clock uncertainty           -0.035     8.027    
    SLICE_X60Y3          FDCE (Setup_BFF_SLICEL_C_D)
                                                      0.025     8.052    MyReg_inst/mem_reg[228][7]
  -------------------------------------------------------------------
                         required time                          8.052    
                         arrival time                          -7.241    
  -------------------------------------------------------------------
                         slack                                  0.811    





Min Delay Paths
--------------------------------------------------------------------------------------
Slack (MET) :             0.008ns  (arrival time - required time)
  Source:                 bu_ntt0/barret_inst2/C_hold1_reg[18]/C
                            (rising edge-triggered cell FDCE clocked by clk  {rise@0.000ns fall@2.500ns period=5.000ns})
  Destination:            bu_ntt0/barret_inst2/C_hold2_reg[18]/D
                            (rising edge-triggered cell FDCE clocked by clk  {rise@0.000ns fall@2.500ns period=5.000ns})
  Path Group:             clk
  Path Type:              Hold (Min at Slow Process Corner)
  Requirement:            0.000ns  (clk rise@0.000ns - clk rise@0.000ns)
  Data Path Delay:        0.156ns  (logic 0.058ns (37.179%)  route 0.098ns (62.820%))
  Logic Levels:           0  
  Clock Path Skew:        0.088ns (DCD - SCD - CPR)
    Destination Clock Delay (DCD):    3.397ns
    Source Clock Delay      (SCD):    2.840ns
    Clock Pessimism Removal (CPR):    0.468ns
  Clock Net Delay (Source):      2.236ns (routing 1.173ns, distribution 1.063ns)
  Clock Net Delay (Destination): 2.501ns (routing 1.289ns, distribution 1.212ns)

    Location             Delay type                Incr(ns)  Path(ns)    Netlist Resource(s)
  -------------------------------------------------------------------    -------------------
                         (clock clk rise edge)        0.000     0.000 r  
    P11                                               0.000     0.000 r  clk (IN)
                         net (fo=0)                   0.000     0.000    clk_IBUF_inst/I
    P11                  INBUF (Prop_INBUF_HPIOB_M_PAD_O)
                                                      0.298     0.298 r  clk_IBUF_inst/INBUF_INST/O
                         net (fo=1, routed)           0.000     0.298    clk_IBUF_inst/OUT
    P11                  IBUFCTRL (Prop_IBUFCTRL_HPIOB_M_I_O)
                                                      0.000     0.298 r  clk_IBUF_inst/IBUFCTRL_INST/O
                         net (fo=1, routed)           0.282     0.580    clk_IBUF
    BUFGCE_X0Y77         BUFGCE (Prop_BUFCE_BUFGCE_I_O)
                                                      0.024     0.604 r  clk_IBUF_BUFG_inst/O
    X2Y1 (CLOCK_ROOT)    net (fo=6241, routed)        2.236     2.840    bu_ntt0/barret_inst2/clk_IBUF_BUFG
    SLICE_X94Y145        FDCE                                         r  bu_ntt0/barret_inst2/C_hold1_reg[18]/C
  -------------------------------------------------------------------    -------------------
    SLICE_X94Y145        FDCE (Prop_FFF_SLICEL_C_Q)
                                                      0.058     2.898 r  bu_ntt0/barret_inst2/C_hold1_reg[18]/Q
                         net (fo=1, routed)           0.098     2.996    bu_ntt0/barret_inst2/C_hold1_reg_n_0_[18]
    SLICE_X95Y145        FDCE                                         r  bu_ntt0/barret_inst2/C_hold2_reg[18]/D
  -------------------------------------------------------------------    -------------------

                         (clock clk rise edge)        0.000     0.000 r  
    P11                                               0.000     0.000 r  clk (IN)
                         net (fo=0)                   0.000     0.000    clk_IBUF_inst/I
    P11                  INBUF (Prop_INBUF_HPIOB_M_PAD_O)
                                                      0.548     0.548 r  clk_IBUF_inst/INBUF_INST/O
                         net (fo=1, routed)           0.000     0.548    clk_IBUF_inst/OUT
    P11                  IBUFCTRL (Prop_IBUFCTRL_HPIOB_M_I_O)
                                                      0.000     0.548 r  clk_IBUF_inst/IBUFCTRL_INST/O
                         net (fo=1, routed)           0.319     0.867    clk_IBUF
    BUFGCE_X0Y77         BUFGCE (Prop_BUFCE_BUFGCE_I_O)
                                                      0.028     0.895 r  clk_IBUF_BUFG_inst/O
    X2Y1 (CLOCK_ROOT)    net (fo=6241, routed)        2.501     3.397    bu_ntt0/barret_inst2/clk_IBUF_BUFG
    SLICE_X95Y145        FDCE                                         r  bu_ntt0/barret_inst2/C_hold2_reg[18]/C
                         clock pessimism             -0.468     2.929    
    SLICE_X95Y145        FDCE (Hold_GFF_SLICEL_C_D)
                                                      0.060     2.989    bu_ntt0/barret_inst2/C_hold2_reg[18]
  -------------------------------------------------------------------
                         required time                         -2.989    
                         arrival time                           2.996    
  -------------------------------------------------------------------
                         slack                                  0.008    

Slack (MET) :             0.019ns  (arrival time - required time)
  Source:                 bu_ntt0/barret_inst1/s0_reg[36]/C
                            (rising edge-triggered cell FDCE clocked by clk  {rise@0.000ns fall@2.500ns period=5.000ns})
  Destination:            bu_ntt0/barret_inst1/s2_reg[36]/D
                            (rising edge-triggered cell FDCE clocked by clk  {rise@0.000ns fall@2.500ns period=5.000ns})
  Path Group:             clk
  Path Type:              Hold (Min at Slow Process Corner)
  Requirement:            0.000ns  (clk rise@0.000ns - clk rise@0.000ns)
  Data Path Delay:        0.197ns  (logic 0.119ns (60.406%)  route 0.078ns (39.594%))
  Logic Levels:           2  (CARRY8=1 LUT4=1)
  Clock Path Skew:        0.118ns (DCD - SCD - CPR)
    Destination Clock Delay (DCD):    3.416ns
    Source Clock Delay      (SCD):    2.830ns
    Clock Pessimism Removal (CPR):    0.468ns
  Clock Net Delay (Source):      2.226ns (routing 1.173ns, distribution 1.053ns)
  Clock Net Delay (Destination): 2.520ns (routing 1.289ns, distribution 1.231ns)

    Location             Delay type                Incr(ns)  Path(ns)    Netlist Resource(s)
  -------------------------------------------------------------------    -------------------
                         (clock clk rise edge)        0.000     0.000 r  
    P11                                               0.000     0.000 r  clk (IN)
                         net (fo=0)                   0.000     0.000    clk_IBUF_inst/I
    P11                  INBUF (Prop_INBUF_HPIOB_M_PAD_O)
                                                      0.298     0.298 r  clk_IBUF_inst/INBUF_INST/O
                         net (fo=1, routed)           0.000     0.298    clk_IBUF_inst/OUT
    P11                  IBUFCTRL (Prop_IBUFCTRL_HPIOB_M_I_O)
                                                      0.000     0.298 r  clk_IBUF_inst/IBUFCTRL_INST/O
                         net (fo=1, routed)           0.282     0.580    clk_IBUF
    BUFGCE_X0Y77         BUFGCE (Prop_BUFCE_BUFGCE_I_O)
                                                      0.024     0.604 r  clk_IBUF_BUFG_inst/O
    X2Y1 (CLOCK_ROOT)    net (fo=6241, routed)        2.226     2.830    bu_ntt0/barret_inst1/clk_IBUF_BUFG
    SLICE_X90Y145        FDCE                                         r  bu_ntt0/barret_inst1/s0_reg[36]/C
  -------------------------------------------------------------------    -------------------
    SLICE_X90Y145        FDCE (Prop_HFF_SLICEM_C_Q)
                                                      0.058     2.888 r  bu_ntt0/barret_inst1/s0_reg[36]/Q
                         net (fo=2, routed)           0.061     2.949    bu_ntt0/barret_inst1/s0[36]
    SLICE_X89Y145        LUT4 (Prop_E6LUT_SLICEL_I2_O)
                                                      0.035     2.984 r  bu_ntt0/barret_inst1/s20_carry__3_i_12/O
                         net (fo=1, routed)           0.008     2.992    bu_ntt0/barret_inst1/s20_carry__3_i_12_n_0
    SLICE_X89Y145        CARRY8 (Prop_CARRY8_SLICEL_S[4]_O[4])
                                                      0.026     3.018 r  bu_ntt0/barret_inst1/s20_carry__3/O[4]
                         net (fo=1, routed)           0.009     3.027    bu_ntt0/barret_inst1/s20[36]
    SLICE_X89Y145        FDCE                                         r  bu_ntt0/barret_inst1/s2_reg[36]/D
  -------------------------------------------------------------------    -------------------

                         (clock clk rise edge)        0.000     0.000 r  
    P11                                               0.000     0.000 r  clk (IN)
                         net (fo=0)                   0.000     0.000    clk_IBUF_inst/I
    P11                  INBUF (Prop_INBUF_HPIOB_M_PAD_O)
                                                      0.548     0.548 r  clk_IBUF_inst/INBUF_INST/O
                         net (fo=1, routed)           0.000     0.548    clk_IBUF_inst/OUT
    P11                  IBUFCTRL (Prop_IBUFCTRL_HPIOB_M_I_O)
                                                      0.000     0.548 r  clk_IBUF_inst/IBUFCTRL_INST/O
                         net (fo=1, routed)           0.319     0.867    clk_IBUF
    BUFGCE_X0Y77         BUFGCE (Prop_BUFCE_BUFGCE_I_O)
                                                      0.028     0.895 r  clk_IBUF_BUFG_inst/O
    X2Y1 (CLOCK_ROOT)    net (fo=6241, routed)        2.520     3.416    bu_ntt0/barret_inst1/clk_IBUF_BUFG
    SLICE_X89Y145        FDCE                                         r  bu_ntt0/barret_inst1/s2_reg[36]/C
                         clock pessimism             -0.468     2.948    
    SLICE_X89Y145        FDCE (Hold_EFF_SLICEL_C_D)
                                                      0.060     3.008    bu_ntt0/barret_inst1/s2_reg[36]
  -------------------------------------------------------------------
                         required time                         -3.008    
                         arrival time                           3.027    
  -------------------------------------------------------------------
                         slack                                  0.019    

Slack (MET) :             0.023ns  (arrival time - required time)
  Source:                 bu_intt0/barret_inst1/s3_reg[15]/C
                            (rising edge-triggered cell FDCE clocked by clk  {rise@0.000ns fall@2.500ns period=5.000ns})
  Destination:            bu_intt0/barret_inst1/s5_reg[15]/D
                            (rising edge-triggered cell FDCE clocked by clk  {rise@0.000ns fall@2.500ns period=5.000ns})
  Path Group:             clk
  Path Type:              Hold (Min at Slow Process Corner)
  Requirement:            0.000ns  (clk rise@0.000ns - clk rise@0.000ns)
  Data Path Delay:        0.191ns  (logic 0.107ns (56.135%)  route 0.084ns (43.865%))
  Logic Levels:           2  (CARRY8=1 LUT4=1)
  Clock Path Skew:        0.108ns (DCD - SCD - CPR)
    Destination Clock Delay (DCD):    3.373ns
    Source Clock Delay      (SCD):    2.802ns
    Clock Pessimism Removal (CPR):    0.464ns
  Clock Net Delay (Source):      2.198ns (routing 1.173ns, distribution 1.025ns)
  Clock Net Delay (Destination): 2.478ns (routing 1.289ns, distribution 1.189ns)

    Location             Delay type                Incr(ns)  Path(ns)    Netlist Resource(s)
  -------------------------------------------------------------------    -------------------
                         (clock clk rise edge)        0.000     0.000 r  
    P11                                               0.000     0.000 r  clk (IN)
                         net (fo=0)                   0.000     0.000    clk_IBUF_inst/I
    P11                  INBUF (Prop_INBUF_HPIOB_M_PAD_O)
                                                      0.298     0.298 r  clk_IBUF_inst/INBUF_INST/O
                         net (fo=1, routed)           0.000     0.298    clk_IBUF_inst/OUT
    P11                  IBUFCTRL (Prop_IBUFCTRL_HPIOB_M_I_O)
                                                      0.000     0.298 r  clk_IBUF_inst/IBUFCTRL_INST/O
                         net (fo=1, routed)           0.282     0.580    clk_IBUF
    BUFGCE_X0Y77         BUFGCE (Prop_BUFCE_BUFGCE_I_O)
                                                      0.024     0.604 r  clk_IBUF_BUFG_inst/O
    X2Y1 (CLOCK_ROOT)    net (fo=6241, routed)        2.198     2.802    bu_intt0/barret_inst1/clk_IBUF_BUFG
    SLICE_X90Y65         FDCE                                         r  bu_intt0/barret_inst1/s3_reg[15]/C
  -------------------------------------------------------------------    -------------------
    SLICE_X90Y65         FDCE (Prop_FFF_SLICEM_C_Q)
                                                      0.057     2.859 r  bu_intt0/barret_inst1/s3_reg[15]/Q
                         net (fo=3, routed)           0.064     2.923    bu_intt0/barret_inst1/s3[15]
    SLICE_X89Y65         LUT4 (Prop_H6LUT_SLICEL_I2_O)
                                                      0.023     2.946 r  bu_intt0/barret_inst1/s50__0_carry__0_i_9__1/O
                         net (fo=1, routed)           0.010     2.956    bu_intt0/barret_inst1/s50__0_carry__0_i_9__1_n_0
    SLICE_X89Y65         CARRY8 (Prop_CARRY8_SLICEL_S[7]_O[7])
                                                      0.027     2.983 r  bu_intt0/barret_inst1/s50__0_carry__0/O[7]
                         net (fo=1, routed)           0.010     2.993    bu_intt0/barret_inst1/s50[15]
    SLICE_X89Y65         FDCE                                         r  bu_intt0/barret_inst1/s5_reg[15]/D
  -------------------------------------------------------------------    -------------------

                         (clock clk rise edge)        0.000     0.000 r  
    P11                                               0.000     0.000 r  clk (IN)
                         net (fo=0)                   0.000     0.000    clk_IBUF_inst/I
    P11                  INBUF (Prop_INBUF_HPIOB_M_PAD_O)
                                                      0.548     0.548 r  clk_IBUF_inst/INBUF_INST/O
                         net (fo=1, routed)           0.000     0.548    clk_IBUF_inst/OUT
    P11                  IBUFCTRL (Prop_IBUFCTRL_HPIOB_M_I_O)
                                                      0.000     0.548 r  clk_IBUF_inst/IBUFCTRL_INST/O
                         net (fo=1, routed)           0.319     0.867    clk_IBUF
    BUFGCE_X0Y77         BUFGCE (Prop_BUFCE_BUFGCE_I_O)
                                                      0.028     0.895 r  clk_IBUF_BUFG_inst/O
    X2Y1 (CLOCK_ROOT)    net (fo=6241, routed)        2.478     3.373    bu_intt0/barret_inst1/clk_IBUF_BUFG
    SLICE_X89Y65         FDCE                                         r  bu_intt0/barret_inst1/s5_reg[15]/C
                         clock pessimism             -0.464     2.910    
    SLICE_X89Y65         FDCE (Hold_HFF_SLICEL_C_D)
                                                      0.060     2.970    bu_intt0/barret_inst1/s5_reg[15]
  -------------------------------------------------------------------
                         required time                         -2.970    
                         arrival time                           2.993    
  -------------------------------------------------------------------
                         slack                                  0.023    

Slack (MET) :             0.024ns  (arrival time - required time)
  Source:                 bu_intt0/barret_inst2/s4_reg[6]/C
                            (rising edge-triggered cell FDCE clocked by clk  {rise@0.000ns fall@2.500ns period=5.000ns})
  Destination:            bu_intt0/barret_inst2/s5_reg[6]/D
                            (rising edge-triggered cell FDCE clocked by clk  {rise@0.000ns fall@2.500ns period=5.000ns})
  Path Group:             clk
  Path Type:              Hold (Min at Slow Process Corner)
  Requirement:            0.000ns  (clk rise@0.000ns - clk rise@0.000ns)
  Data Path Delay:        0.200ns  (logic 0.119ns (59.506%)  route 0.081ns (40.494%))
  Logic Levels:           2  (CARRY8=1 LUT4=1)
  Clock Path Skew:        0.116ns (DCD - SCD - CPR)
    Destination Clock Delay (DCD):    3.421ns
    Source Clock Delay      (SCD):    2.837ns
    Clock Pessimism Removal (CPR):    0.468ns
  Clock Net Delay (Source):      2.233ns (routing 1.173ns, distribution 1.060ns)
  Clock Net Delay (Destination): 2.526ns (routing 1.289ns, distribution 1.237ns)

    Location             Delay type                Incr(ns)  Path(ns)    Netlist Resource(s)
  -------------------------------------------------------------------    -------------------
                         (clock clk rise edge)        0.000     0.000 r  
    P11                                               0.000     0.000 r  clk (IN)
                         net (fo=0)                   0.000     0.000    clk_IBUF_inst/I
    P11                  INBUF (Prop_INBUF_HPIOB_M_PAD_O)
                                                      0.298     0.298 r  clk_IBUF_inst/INBUF_INST/O
                         net (fo=1, routed)           0.000     0.298    clk_IBUF_inst/OUT
    P11                  IBUFCTRL (Prop_IBUFCTRL_HPIOB_M_I_O)
                                                      0.000     0.298 r  clk_IBUF_inst/IBUFCTRL_INST/O
                         net (fo=1, routed)           0.282     0.580    clk_IBUF
    BUFGCE_X0Y77         BUFGCE (Prop_BUFCE_BUFGCE_I_O)
                                                      0.024     0.604 r  clk_IBUF_BUFG_inst/O
    X2Y1 (CLOCK_ROOT)    net (fo=6241, routed)        2.233     2.837    bu_intt0/barret_inst2/clk_IBUF_BUFG
    SLICE_X93Y170        FDCE                                         r  bu_intt0/barret_inst2/s4_reg[6]/C
  -------------------------------------------------------------------    -------------------
    SLICE_X93Y170        FDCE (Prop_HFF_SLICEM_C_Q)
                                                      0.058     2.895 r  bu_intt0/barret_inst2/s4_reg[6]/Q
                         net (fo=3, routed)           0.062     2.957    bu_intt0/barret_inst2/s4_reg_n_0_[6]
    SLICE_X92Y170        LUT4 (Prop_G6LUT_SLICEL_I2_O)
                                                      0.035     2.992 r  bu_intt0/barret_inst2/s50__0_carry_i_9__2/O
                         net (fo=1, routed)           0.009     3.001    bu_intt0/barret_inst2/s50__0_carry_i_9__2_n_0
    SLICE_X92Y170        CARRY8 (Prop_CARRY8_SLICEL_S[6]_O[6])
                                                      0.026     3.027 r  bu_intt0/barret_inst2/s50__0_carry/O[6]
                         net (fo=1, routed)           0.010     3.037    bu_intt0/barret_inst2/s50__0_carry_n_9
    SLICE_X92Y170        FDCE                                         r  bu_intt0/barret_inst2/s5_reg[6]/D
  -------------------------------------------------------------------    -------------------

                         (clock clk rise edge)        0.000     0.000 r  
    P11                                               0.000     0.000 r  clk (IN)
                         net (fo=0)                   0.000     0.000    clk_IBUF_inst/I
    P11                  INBUF (Prop_INBUF_HPIOB_M_PAD_O)
                                                      0.548     0.548 r  clk_IBUF_inst/INBUF_INST/O
                         net (fo=1, routed)           0.000     0.548    clk_IBUF_inst/OUT
    P11                  IBUFCTRL (Prop_IBUFCTRL_HPIOB_M_I_O)
                                                      0.000     0.548 r  clk_IBUF_inst/IBUFCTRL_INST/O
                         net (fo=1, routed)           0.319     0.867    clk_IBUF
    BUFGCE_X0Y77         BUFGCE (Prop_BUFCE_BUFGCE_I_O)
                                                      0.028     0.895 r  clk_IBUF_BUFG_inst/O
    X2Y1 (CLOCK_ROOT)    net (fo=6241, routed)        2.526     3.421    bu_intt0/barret_inst2/clk_IBUF_BUFG
    SLICE_X92Y170        FDCE                                         r  bu_intt0/barret_inst2/s5_reg[6]/C
                         clock pessimism             -0.468     2.954    
    SLICE_X92Y170        FDCE (Hold_GFF_SLICEL_C_D)
                                                      0.060     3.014    bu_intt0/barret_inst2/s5_reg[6]
  -------------------------------------------------------------------
                         required time                         -3.014    
                         arrival time                           3.037    
  -------------------------------------------------------------------
                         slack                                  0.024    

Slack (MET) :             0.025ns  (arrival time - required time)
  Source:                 bu_ntt0/barret_inst2/s2_reg[32]/C
                            (rising edge-triggered cell FDCE clocked by clk  {rise@0.000ns fall@2.500ns period=5.000ns})
  Destination:            bu_ntt0/barret_inst2/s4_reg[6]/D
                            (rising edge-triggered cell FDCE clocked by clk  {rise@0.000ns fall@2.500ns period=5.000ns})
  Path Group:             clk
  Path Type:              Hold (Min at Slow Process Corner)
  Requirement:            0.000ns  (clk rise@0.000ns - clk rise@0.000ns)
  Data Path Delay:        0.199ns  (logic 0.058ns (29.174%)  route 0.141ns (70.826%))
  Logic Levels:           0  
  Clock Path Skew:        0.114ns (DCD - SCD - CPR)
    Destination Clock Delay (DCD):    3.414ns
    Source Clock Delay      (SCD):    2.832ns
    Clock Pessimism Removal (CPR):    0.468ns
  Clock Net Delay (Source):      2.228ns (routing 1.173ns, distribution 1.055ns)
  Clock Net Delay (Destination): 2.519ns (routing 1.289ns, distribution 1.230ns)

    Location             Delay type                Incr(ns)  Path(ns)    Netlist Resource(s)
  -------------------------------------------------------------------    -------------------
                         (clock clk rise edge)        0.000     0.000 r  
    P11                                               0.000     0.000 r  clk (IN)
                         net (fo=0)                   0.000     0.000    clk_IBUF_inst/I
    P11                  INBUF (Prop_INBUF_HPIOB_M_PAD_O)
                                                      0.298     0.298 r  clk_IBUF_inst/INBUF_INST/O
                         net (fo=1, routed)           0.000     0.298    clk_IBUF_inst/OUT
    P11                  IBUFCTRL (Prop_IBUFCTRL_HPIOB_M_I_O)
                                                      0.000     0.298 r  clk_IBUF_inst/IBUFCTRL_INST/O
                         net (fo=1, routed)           0.282     0.580    clk_IBUF
    BUFGCE_X0Y77         BUFGCE (Prop_BUFCE_BUFGCE_I_O)
                                                      0.024     0.604 r  clk_IBUF_BUFG_inst/O
    X2Y1 (CLOCK_ROOT)    net (fo=6241, routed)        2.228     2.832    bu_ntt0/barret_inst2/clk_IBUF_BUFG
    SLICE_X92Y148        FDCE                                         r  bu_ntt0/barret_inst2/s2_reg[32]/C
  -------------------------------------------------------------------    -------------------
    SLICE_X92Y148        FDCE (Prop_AFF_SLICEL_C_Q)
                                                      0.058     2.890 r  bu_ntt0/barret_inst2/s2_reg[32]/Q
                         net (fo=6, routed)           0.141     3.031    bu_ntt0/barret_inst2/s2_reg_n_0_[32]
    SLICE_X94Y144        FDCE                                         r  bu_ntt0/barret_inst2/s4_reg[6]/D
  -------------------------------------------------------------------    -------------------

                         (clock clk rise edge)        0.000     0.000 r  
    P11                                               0.000     0.000 r  clk (IN)
                         net (fo=0)                   0.000     0.000    clk_IBUF_inst/I
    P11                  INBUF (Prop_INBUF_HPIOB_M_PAD_O)
                                                      0.548     0.548 r  clk_IBUF_inst/INBUF_INST/O
                         net (fo=1, routed)           0.000     0.548    clk_IBUF_inst/OUT
    P11                  IBUFCTRL (Prop_IBUFCTRL_HPIOB_M_I_O)
                                                      0.000     0.548 r  clk_IBUF_inst/IBUFCTRL_INST/O
                         net (fo=1, routed)           0.319     0.867    clk_IBUF
    BUFGCE_X0Y77         BUFGCE (Prop_BUFCE_BUFGCE_I_O)
                                                      0.028     0.895 r  clk_IBUF_BUFG_inst/O
    X2Y1 (CLOCK_ROOT)    net (fo=6241, routed)        2.519     3.414    bu_ntt0/barret_inst2/clk_IBUF_BUFG
    SLICE_X94Y144        FDCE                                         r  bu_ntt0/barret_inst2/s4_reg[6]/C
                         clock pessimism             -0.468     2.946    
    SLICE_X94Y144        FDCE (Hold_HFF_SLICEL_C_D)
                                                      0.060     3.006    bu_ntt0/barret_inst2/s4_reg[6]
  -------------------------------------------------------------------
                         required time                         -3.006    
                         arrival time                           3.031    
  -------------------------------------------------------------------
                         slack                                  0.025    

Slack (MET) :             0.027ns  (arrival time - required time)
  Source:                 bu_intt0/barret_inst2/s4_reg[14]/C
                            (rising edge-triggered cell FDCE clocked by clk  {rise@0.000ns fall@2.500ns period=5.000ns})
  Destination:            bu_intt0/barret_inst2/s5_reg[14]/D
                            (rising edge-triggered cell FDCE clocked by clk  {rise@0.000ns fall@2.500ns period=5.000ns})
  Path Group:             clk
  Path Type:              Hold (Min at Slow Process Corner)
  Requirement:            0.000ns  (clk rise@0.000ns - clk rise@0.000ns)
  Data Path Delay:        0.198ns  (logic 0.119ns (60.101%)  route 0.079ns (39.899%))
  Logic Levels:           2  (CARRY8=1 LUT4=1)
  Clock Path Skew:        0.111ns (DCD - SCD - CPR)
    Destination Clock Delay (DCD):    3.421ns
    Source Clock Delay      (SCD):    2.843ns
    Clock Pessimism Removal (CPR):    0.468ns
  Clock Net Delay (Source):      2.239ns (routing 1.173ns, distribution 1.066ns)
  Clock Net Delay (Destination): 2.526ns (routing 1.289ns, distribution 1.237ns)

    Location             Delay type                Incr(ns)  Path(ns)    Netlist Resource(s)
  -------------------------------------------------------------------    -------------------
                         (clock clk rise edge)        0.000     0.000 r  
    P11                                               0.000     0.000 r  clk (IN)
                         net (fo=0)                   0.000     0.000    clk_IBUF_inst/I
    P11                  INBUF (Prop_INBUF_HPIOB_M_PAD_O)
                                                      0.298     0.298 r  clk_IBUF_inst/INBUF_INST/O
                         net (fo=1, routed)           0.000     0.298    clk_IBUF_inst/OUT
    P11                  IBUFCTRL (Prop_IBUFCTRL_HPIOB_M_I_O)
                                                      0.000     0.298 r  clk_IBUF_inst/IBUFCTRL_INST/O
                         net (fo=1, routed)           0.282     0.580    clk_IBUF
    BUFGCE_X0Y77         BUFGCE (Prop_BUFCE_BUFGCE_I_O)
                                                      0.024     0.604 r  clk_IBUF_BUFG_inst/O
    X2Y1 (CLOCK_ROOT)    net (fo=6241, routed)        2.239     2.843    bu_intt0/barret_inst2/clk_IBUF_BUFG
    SLICE_X93Y171        FDCE                                         r  bu_intt0/barret_inst2/s4_reg[14]/C
  -------------------------------------------------------------------    -------------------
    SLICE_X93Y171        FDCE (Prop_HFF_SLICEM_C_Q)
                                                      0.058     2.901 r  bu_intt0/barret_inst2/s4_reg[14]/Q
                         net (fo=2, routed)           0.060     2.961    bu_intt0/barret_inst2/s4_reg_n_0_[14]
    SLICE_X92Y171        LUT4 (Prop_G6LUT_SLICEL_I1_O)
                                                      0.035     2.996 r  bu_intt0/barret_inst2/s50__0_carry__0_i_10__2/O
                         net (fo=1, routed)           0.009     3.005    bu_intt0/barret_inst2/s50__0_carry__0_i_10__2_n_0
    SLICE_X92Y171        CARRY8 (Prop_CARRY8_SLICEL_S[6]_O[6])
                                                      0.026     3.031 r  bu_intt0/barret_inst2/s50__0_carry__0/O[6]
                         net (fo=1, routed)           0.010     3.041    bu_intt0/barret_inst2/s50__0_carry__0_n_9
    SLICE_X92Y171        FDCE                                         r  bu_intt0/barret_inst2/s5_reg[14]/D
  -------------------------------------------------------------------    -------------------

                         (clock clk rise edge)        0.000     0.000 r  
    P11                                               0.000     0.000 r  clk (IN)
                         net (fo=0)                   0.000     0.000    clk_IBUF_inst/I
    P11                  INBUF (Prop_INBUF_HPIOB_M_PAD_O)
                                                      0.548     0.548 r  clk_IBUF_inst/INBUF_INST/O
                         net (fo=1, routed)           0.000     0.548    clk_IBUF_inst/OUT
    P11                  IBUFCTRL (Prop_IBUFCTRL_HPIOB_M_I_O)
                                                      0.000     0.548 r  clk_IBUF_inst/IBUFCTRL_INST/O
                         net (fo=1, routed)           0.319     0.867    clk_IBUF
    BUFGCE_X0Y77         BUFGCE (Prop_BUFCE_BUFGCE_I_O)
                                                      0.028     0.895 r  clk_IBUF_BUFG_inst/O
    X2Y1 (CLOCK_ROOT)    net (fo=6241, routed)        2.526     3.421    bu_intt0/barret_inst2/clk_IBUF_BUFG
    SLICE_X92Y171        FDCE                                         r  bu_intt0/barret_inst2/s5_reg[14]/C
                         clock pessimism             -0.468     2.954    
    SLICE_X92Y171        FDCE (Hold_GFF_SLICEL_C_D)
                                                      0.060     3.014    bu_intt0/barret_inst2/s5_reg[14]
  -------------------------------------------------------------------
                         required time                         -3.014    
                         arrival time                           3.041    
  -------------------------------------------------------------------
                         slack                                  0.027    

Slack (MET) :             0.027ns  (arrival time - required time)
  Source:                 bu_ntt0/regx_reg[1][6]/C
                            (rising edge-triggered cell FDCE clocked by clk  {rise@0.000ns fall@2.500ns period=5.000ns})
  Destination:            bu_ntt0/mul_inst/y_ext_reg[0][7]/D
                            (rising edge-triggered cell FDRE clocked by clk  {rise@0.000ns fall@2.500ns period=5.000ns})
  Path Group:             clk
  Path Type:              Hold (Min at Slow Process Corner)
  Requirement:            0.000ns  (clk rise@0.000ns - clk rise@0.000ns)
  Data Path Delay:        0.201ns  (logic 0.057ns (28.358%)  route 0.144ns (71.642%))
  Logic Levels:           0  
  Clock Path Skew:        0.112ns (DCD - SCD - CPR)
    Destination Clock Delay (DCD):    3.407ns
    Source Clock Delay      (SCD):    2.828ns
    Clock Pessimism Removal (CPR):    0.468ns
  Clock Net Delay (Source):      2.224ns (routing 1.173ns, distribution 1.051ns)
  Clock Net Delay (Destination): 2.512ns (routing 1.289ns, distribution 1.223ns)

    Location             Delay type                Incr(ns)  Path(ns)    Netlist Resource(s)
  -------------------------------------------------------------------    -------------------
                         (clock clk rise edge)        0.000     0.000 r  
    P11                                               0.000     0.000 r  clk (IN)
                         net (fo=0)                   0.000     0.000    clk_IBUF_inst/I
    P11                  INBUF (Prop_INBUF_HPIOB_M_PAD_O)
                                                      0.298     0.298 r  clk_IBUF_inst/INBUF_INST/O
                         net (fo=1, routed)           0.000     0.298    clk_IBUF_inst/OUT
    P11                  IBUFCTRL (Prop_IBUFCTRL_HPIOB_M_I_O)
                                                      0.000     0.298 r  clk_IBUF_inst/IBUFCTRL_INST/O
                         net (fo=1, routed)           0.282     0.580    clk_IBUF
    BUFGCE_X0Y77         BUFGCE (Prop_BUFCE_BUFGCE_I_O)
                                                      0.024     0.604 r  clk_IBUF_BUFG_inst/O
    X2Y1 (CLOCK_ROOT)    net (fo=6241, routed)        2.224     2.828    bu_ntt0/clk_IBUF_BUFG
    SLICE_X90Y158        FDCE                                         r  bu_ntt0/regx_reg[1][6]/C
  -------------------------------------------------------------------    -------------------
    SLICE_X90Y158        FDCE (Prop_FFF_SLICEM_C_Q)
                                                      0.057     2.885 r  bu_ntt0/regx_reg[1][6]/Q
                         net (fo=1, routed)           0.144     3.029    bu_ntt0/mul_inst/y_ext_reg[0][7]_0
    SLICE_X92Y159        FDRE                                         r  bu_ntt0/mul_inst/y_ext_reg[0][7]/D
  -------------------------------------------------------------------    -------------------

                         (clock clk rise edge)        0.000     0.000 r  
    P11                                               0.000     0.000 r  clk (IN)
                         net (fo=0)                   0.000     0.000    clk_IBUF_inst/I
    P11                  INBUF (Prop_INBUF_HPIOB_M_PAD_O)
                                                      0.548     0.548 r  clk_IBUF_inst/INBUF_INST/O
                         net (fo=1, routed)           0.000     0.548    clk_IBUF_inst/OUT
    P11                  IBUFCTRL (Prop_IBUFCTRL_HPIOB_M_I_O)
                                                      0.000     0.548 r  clk_IBUF_inst/IBUFCTRL_INST/O
                         net (fo=1, routed)           0.319     0.867    clk_IBUF
    BUFGCE_X0Y77         BUFGCE (Prop_BUFCE_BUFGCE_I_O)
                                                      0.028     0.895 r  clk_IBUF_BUFG_inst/O
    X2Y1 (CLOCK_ROOT)    net (fo=6241, routed)        2.512     3.407    bu_ntt0/mul_inst/clk_IBUF_BUFG
    SLICE_X92Y159        FDRE                                         r  bu_ntt0/mul_inst/y_ext_reg[0][7]/C
                         clock pessimism             -0.468     2.939    
    SLICE_X92Y159        FDRE (Hold_AFF2_SLICEL_C_D)
                                                      0.062     3.001    bu_ntt0/mul_inst/y_ext_reg[0][7]
  -------------------------------------------------------------------
                         required time                         -3.001    
                         arrival time                           3.029    
  -------------------------------------------------------------------
                         slack                                  0.027    

Slack (MET) :             0.028ns  (arrival time - required time)
  Source:                 bu_intt0/A_Outreg_reg[12]/C
                            (rising edge-triggered cell FDCE clocked by clk  {rise@0.000ns fall@2.500ns period=5.000ns})
  Destination:            din_a_reg[12]_rep__0/D
                            (rising edge-triggered cell FDCE clocked by clk  {rise@0.000ns fall@2.500ns period=5.000ns})
  Path Group:             clk
  Path Type:              Hold (Min at Slow Process Corner)
  Requirement:            0.000ns  (clk rise@0.000ns - clk rise@0.000ns)
  Data Path Delay:        0.200ns  (logic 0.080ns (39.944%)  route 0.120ns (60.056%))
  Logic Levels:           1  (LUT6=1)
  Clock Path Skew:        0.113ns (DCD - SCD - CPR)
    Destination Clock Delay (DCD):    3.342ns
    Source Clock Delay      (SCD):    2.818ns
    Clock Pessimism Removal (CPR):    0.411ns
  Clock Net Delay (Source):      2.214ns (routing 1.173ns, distribution 1.041ns)
  Clock Net Delay (Destination): 2.447ns (routing 1.289ns, distribution 1.158ns)

    Location             Delay type                Incr(ns)  Path(ns)    Netlist Resource(s)
  -------------------------------------------------------------------    -------------------
                         (clock clk rise edge)        0.000     0.000 r  
    P11                                               0.000     0.000 r  clk (IN)
                         net (fo=0)                   0.000     0.000    clk_IBUF_inst/I
    P11                  INBUF (Prop_INBUF_HPIOB_M_PAD_O)
                                                      0.298     0.298 r  clk_IBUF_inst/INBUF_INST/O
                         net (fo=1, routed)           0.000     0.298    clk_IBUF_inst/OUT
    P11                  IBUFCTRL (Prop_IBUFCTRL_HPIOB_M_I_O)
                                                      0.000     0.298 r  clk_IBUF_inst/IBUFCTRL_INST/O
                         net (fo=1, routed)           0.282     0.580    clk_IBUF
    BUFGCE_X0Y77         BUFGCE (Prop_BUFCE_BUFGCE_I_O)
                                                      0.024     0.604 r  clk_IBUF_BUFG_inst/O
    X2Y1 (CLOCK_ROOT)    net (fo=6241, routed)        2.214     2.818    bu_intt0/clk_IBUF_BUFG
    SLICE_X88Y59         FDCE                                         r  bu_intt0/A_Outreg_reg[12]/C
  -------------------------------------------------------------------    -------------------
    SLICE_X88Y59         FDCE (Prop_EFF_SLICEM_C_Q)
                                                      0.058     2.876 r  bu_intt0/A_Outreg_reg[12]/Q
                         net (fo=3, routed)           0.085     2.962    bu_ntt0/din_a_reg[14][11]
    SLICE_X87Y60         LUT6 (Prop_C6LUT_SLICEM_I4_O)
                                                      0.022     2.984 r  bu_ntt0/din_a[12]_rep__0_i_1/O
                         net (fo=1, routed)           0.035     3.019    bu_ntt0_n_104
    SLICE_X87Y60         FDCE                                         r  din_a_reg[12]_rep__0/D
  -------------------------------------------------------------------    -------------------

                         (clock clk rise edge)        0.000     0.000 r  
    P11                                               0.000     0.000 r  clk (IN)
                         net (fo=0)                   0.000     0.000    clk_IBUF_inst/I
    P11                  INBUF (Prop_INBUF_HPIOB_M_PAD_O)
                                                      0.548     0.548 r  clk_IBUF_inst/INBUF_INST/O
                         net (fo=1, routed)           0.000     0.548    clk_IBUF_inst/OUT
    P11                  IBUFCTRL (Prop_IBUFCTRL_HPIOB_M_I_O)
                                                      0.000     0.548 r  clk_IBUF_inst/IBUFCTRL_INST/O
                         net (fo=1, routed)           0.319     0.867    clk_IBUF
    BUFGCE_X0Y77         BUFGCE (Prop_BUFCE_BUFGCE_I_O)
                                                      0.028     0.895 r  clk_IBUF_BUFG_inst/O
    X2Y1 (CLOCK_ROOT)    net (fo=6241, routed)        2.447     3.342    clk_IBUF_BUFG
    SLICE_X87Y60         FDCE                                         r  din_a_reg[12]_rep__0/C
                         clock pessimism             -0.411     2.931    
    SLICE_X87Y60         FDCE (Hold_CFF_SLICEM_C_D)
                                                      0.060     2.991    din_a_reg[12]_rep__0
  -------------------------------------------------------------------
                         required time                         -2.991    
                         arrival time                           3.019    
  -------------------------------------------------------------------
                         slack                                  0.028    

Slack (MET) :             0.028ns  (arrival time - required time)
  Source:                 bu_intt0/barret_inst2/s4_reg[6]/C
                            (rising edge-triggered cell FDCE clocked by clk  {rise@0.000ns fall@2.500ns period=5.000ns})
  Destination:            bu_intt0/barret_inst2/s5_reg[7]/D
                            (rising edge-triggered cell FDCE clocked by clk  {rise@0.000ns fall@2.500ns period=5.000ns})
  Path Group:             clk
  Path Type:              Hold (Min at Slow Process Corner)
  Requirement:            0.000ns  (clk rise@0.000ns - clk rise@0.000ns)
  Data Path Delay:        0.204ns  (logic 0.121ns (59.319%)  route 0.083ns (40.680%))
  Logic Levels:           2  (CARRY8=1 LUT4=1)
  Clock Path Skew:        0.116ns (DCD - SCD - CPR)
    Destination Clock Delay (DCD):    3.421ns
    Source Clock Delay      (SCD):    2.837ns
    Clock Pessimism Removal (CPR):    0.468ns
  Clock Net Delay (Source):      2.233ns (routing 1.173ns, distribution 1.060ns)
  Clock Net Delay (Destination): 2.526ns (routing 1.289ns, distribution 1.237ns)

    Location             Delay type                Incr(ns)  Path(ns)    Netlist Resource(s)
  -------------------------------------------------------------------    -------------------
                         (clock clk rise edge)        0.000     0.000 r  
    P11                                               0.000     0.000 r  clk (IN)
                         net (fo=0)                   0.000     0.000    clk_IBUF_inst/I
    P11                  INBUF (Prop_INBUF_HPIOB_M_PAD_O)
                                                      0.298     0.298 r  clk_IBUF_inst/INBUF_INST/O
                         net (fo=1, routed)           0.000     0.298    clk_IBUF_inst/OUT
    P11                  IBUFCTRL (Prop_IBUFCTRL_HPIOB_M_I_O)
                                                      0.000     0.298 r  clk_IBUF_inst/IBUFCTRL_INST/O
                         net (fo=1, routed)           0.282     0.580    clk_IBUF
    BUFGCE_X0Y77         BUFGCE (Prop_BUFCE_BUFGCE_I_O)
                                                      0.024     0.604 r  clk_IBUF_BUFG_inst/O
    X2Y1 (CLOCK_ROOT)    net (fo=6241, routed)        2.233     2.837    bu_intt0/barret_inst2/clk_IBUF_BUFG
    SLICE_X93Y170        FDCE                                         r  bu_intt0/barret_inst2/s4_reg[6]/C
  -------------------------------------------------------------------    -------------------
    SLICE_X93Y170        FDCE (Prop_HFF_SLICEM_C_Q)
                                                      0.058     2.895 r  bu_intt0/barret_inst2/s4_reg[6]/Q
                         net (fo=3, routed)           0.063     2.958    bu_intt0/barret_inst2/s4_reg_n_0_[6]
    SLICE_X92Y170        LUT4 (Prop_H6LUT_SLICEL_I0_O)
                                                      0.036     2.994 r  bu_intt0/barret_inst2/s50__0_carry_i_8__2/O
                         net (fo=1, routed)           0.010     3.004    bu_intt0/barret_inst2/s50__0_carry_i_8__2_n_0
    SLICE_X92Y170        CARRY8 (Prop_CARRY8_SLICEL_S[7]_O[7])
                                                      0.027     3.031 r  bu_intt0/barret_inst2/s50__0_carry/O[7]
                         net (fo=1, routed)           0.010     3.041    bu_intt0/barret_inst2/s50__0_carry_n_8
    SLICE_X92Y170        FDCE                                         r  bu_intt0/barret_inst2/s5_reg[7]/D
  -------------------------------------------------------------------    -------------------

                         (clock clk rise edge)        0.000     0.000 r  
    P11                                               0.000     0.000 r  clk (IN)
                         net (fo=0)                   0.000     0.000    clk_IBUF_inst/I
    P11                  INBUF (Prop_INBUF_HPIOB_M_PAD_O)
                                                      0.548     0.548 r  clk_IBUF_inst/INBUF_INST/O
                         net (fo=1, routed)           0.000     0.548    clk_IBUF_inst/OUT
    P11                  IBUFCTRL (Prop_IBUFCTRL_HPIOB_M_I_O)
                                                      0.000     0.548 r  clk_IBUF_inst/IBUFCTRL_INST/O
                         net (fo=1, routed)           0.319     0.867    clk_IBUF
    BUFGCE_X0Y77         BUFGCE (Prop_BUFCE_BUFGCE_I_O)
                                                      0.028     0.895 r  clk_IBUF_BUFG_inst/O
    X2Y1 (CLOCK_ROOT)    net (fo=6241, routed)        2.526     3.421    bu_intt0/barret_inst2/clk_IBUF_BUFG
    SLICE_X92Y170        FDCE                                         r  bu_intt0/barret_inst2/s5_reg[7]/C
                         clock pessimism             -0.468     2.954    
    SLICE_X92Y170        FDCE (Hold_HFF_SLICEL_C_D)
                                                      0.060     3.014    bu_intt0/barret_inst2/s5_reg[7]
  -------------------------------------------------------------------
                         required time                         -3.014    
                         arrival time                           3.041    
  -------------------------------------------------------------------
                         slack                                  0.028    

Slack (MET) :             0.030ns  (arrival time - required time)
  Source:                 bu_intt0/mul_inst/result_reg[1][10]/C
                            (rising edge-triggered cell FDRE clocked by clk  {rise@0.000ns fall@2.500ns period=5.000ns})
  Destination:            bu_intt0/mul_inst/result_reg[2][11]/D
                            (rising edge-triggered cell FDRE clocked by clk  {rise@0.000ns fall@2.500ns period=5.000ns})
  Path Group:             clk
  Path Type:              Hold (Min at Slow Process Corner)
  Requirement:            0.000ns  (clk rise@0.000ns - clk rise@0.000ns)
  Data Path Delay:        0.195ns  (logic 0.111ns (56.929%)  route 0.084ns (43.071%))
  Logic Levels:           1  (CARRY8=1)
  Clock Path Skew:        0.105ns (DCD - SCD - CPR)
    Destination Clock Delay (DCD):    3.413ns
    Source Clock Delay      (SCD):    2.840ns
    Clock Pessimism Removal (CPR):    0.468ns
  Clock Net Delay (Source):      2.236ns (routing 1.173ns, distribution 1.063ns)
  Clock Net Delay (Destination): 2.518ns (routing 1.289ns, distribution 1.229ns)

    Location             Delay type                Incr(ns)  Path(ns)    Netlist Resource(s)
  -------------------------------------------------------------------    -------------------
                         (clock clk rise edge)        0.000     0.000 r  
    P11                                               0.000     0.000 r  clk (IN)
                         net (fo=0)                   0.000     0.000    clk_IBUF_inst/I
    P11                  INBUF (Prop_INBUF_HPIOB_M_PAD_O)
                                                      0.298     0.298 r  clk_IBUF_inst/INBUF_INST/O
                         net (fo=1, routed)           0.000     0.298    clk_IBUF_inst/OUT
    P11                  IBUFCTRL (Prop_IBUFCTRL_HPIOB_M_I_O)
                                                      0.000     0.298 r  clk_IBUF_inst/IBUFCTRL_INST/O
                         net (fo=1, routed)           0.282     0.580    clk_IBUF
    BUFGCE_X0Y77         BUFGCE (Prop_BUFCE_BUFGCE_I_O)
                                                      0.024     0.604 r  clk_IBUF_BUFG_inst/O
    X2Y1 (CLOCK_ROOT)    net (fo=6241, routed)        2.236     2.840    bu_intt0/mul_inst/clk_IBUF_BUFG
    SLICE_X93Y160        FDRE                                         r  bu_intt0/mul_inst/result_reg[1][10]/C
  -------------------------------------------------------------------    -------------------
    SLICE_X93Y160        FDRE (Prop_AFF_SLICEM_C_Q)
                                                      0.058     2.898 r  bu_intt0/mul_inst/result_reg[1][10]/Q
                         net (fo=2, routed)           0.074     2.972    bu_intt0/mul_inst/booth_gen[2].booth_inst/Q[6]
    SLICE_X92Y160        CARRY8 (Prop_CARRY8_SLICEL_DI[6]_O[7])
                                                      0.053     3.025 r  bu_intt0/mul_inst/booth_gen[2].booth_inst/res_carry/O[7]
                         net (fo=1, routed)           0.010     3.035    bu_intt0/mul_inst/res[2]_0[11]
    SLICE_X92Y160        FDRE                                         r  bu_intt0/mul_inst/result_reg[2][11]/D
  -------------------------------------------------------------------    -------------------

                         (clock clk rise edge)        0.000     0.000 r  
    P11                                               0.000     0.000 r  clk (IN)
                         net (fo=0)                   0.000     0.000    clk_IBUF_inst/I
    P11                  INBUF (Prop_INBUF_HPIOB_M_PAD_O)
                                                      0.548     0.548 r  clk_IBUF_inst/INBUF_INST/O
                         net (fo=1, routed)           0.000     0.548    clk_IBUF_inst/OUT
    P11                  IBUFCTRL (Prop_IBUFCTRL_HPIOB_M_I_O)
                                                      0.000     0.548 r  clk_IBUF_inst/IBUFCTRL_INST/O
                         net (fo=1, routed)           0.319     0.867    clk_IBUF
    BUFGCE_X0Y77         BUFGCE (Prop_BUFCE_BUFGCE_I_O)
                                                      0.028     0.895 r  clk_IBUF_BUFG_inst/O
    X2Y1 (CLOCK_ROOT)    net (fo=6241, routed)        2.518     3.413    bu_intt0/mul_inst/clk_IBUF_BUFG
    SLICE_X92Y160        FDRE                                         r  bu_intt0/mul_inst/result_reg[2][11]/C
                         clock pessimism             -0.468     2.946    
    SLICE_X92Y160        FDRE (Hold_HFF_SLICEL_C_D)
                                                      0.060     3.006    bu_intt0/mul_inst/result_reg[2][11]
  -------------------------------------------------------------------
                         required time                         -3.006    
                         arrival time                           3.035    
  -------------------------------------------------------------------
                         slack                                  0.030    





Pulse Width Checks
--------------------------------------------------------------------------------------
Clock Name:         clk
Waveform(ns):       { 0.000 2.500 }
Period(ns):         5.000
Sources:            { clk }

Check Type        Corner  Lib Pin     Reference Pin  Required(ns)  Actual(ns)  Slack(ns)  Location      Pin
Min Period        n/a     BUFGCE/I    n/a            1.290         5.000       3.710      BUFGCE_X0Y77  clk_IBUF_BUFG_inst/I
Min Period        n/a     SRL16E/CLK  n/a            1.064         5.000       3.936      SLICE_X85Y28  hold_addra_reg[104]_srl13_hold_addra_reg_c_17/CLK
Min Period        n/a     SRL16E/CLK  n/a            1.064         5.000       3.936      SLICE_X85Y28  hold_addra_reg[105]_srl13_hold_addra_reg_c_17/CLK
Min Period        n/a     SRL16E/CLK  n/a            1.064         5.000       3.936      SLICE_X85Y33  hold_addra_reg[106]_srl13_hold_addra_reg_c_17/CLK
Min Period        n/a     SRL16E/CLK  n/a            1.064         5.000       3.936      SLICE_X87Y31  hold_addra_reg[107]_srl13_hold_addra_reg_c_17/CLK
Min Period        n/a     SRL16E/CLK  n/a            1.064         5.000       3.936      SLICE_X87Y31  hold_addra_reg[108]_srl13_hold_addra_reg_c_17/CLK
Min Period        n/a     SRL16E/CLK  n/a            1.064         5.000       3.936      SLICE_X87Y31  hold_addra_reg[109]_srl13_hold_addra_reg_c_17/CLK
Min Period        n/a     SRL16E/CLK  n/a            1.064         5.000       3.936      SLICE_X87Y31  hold_addra_reg[110]_srl13_hold_addra_reg_c_17/CLK
Min Period        n/a     SRL16E/CLK  n/a            1.064         5.000       3.936      SLICE_X87Y31  hold_addra_reg[111]_srl13_hold_addra_reg_c_17/CLK
Min Period        n/a     SRL16E/CLK  n/a            1.064         5.000       3.936      SLICE_X85Y33  hold_addrb_reg[104]_srl13_hold_addra_reg_c_17/CLK
Low Pulse Width   Slow    SRL16E/CLK  n/a            0.532         2.500       1.968      SLICE_X85Y28  hold_addra_reg[104]_srl13_hold_addra_reg_c_17/CLK
Low Pulse Width   Fast    SRL16E/CLK  n/a            0.532         2.500       1.968      SLICE_X85Y28  hold_addra_reg[104]_srl13_hold_addra_reg_c_17/CLK
Low Pulse Width   Slow    SRL16E/CLK  n/a            0.532         2.500       1.968      SLICE_X85Y28  hold_addra_reg[105]_srl13_hold_addra_reg_c_17/CLK
Low Pulse Width   Fast    SRL16E/CLK  n/a            0.532         2.500       1.968      SLICE_X85Y28  hold_addra_reg[105]_srl13_hold_addra_reg_c_17/CLK
Low Pulse Width   Slow    SRL16E/CLK  n/a            0.532         2.500       1.968      SLICE_X85Y33  hold_addra_reg[106]_srl13_hold_addra_reg_c_17/CLK
Low Pulse Width   Fast    SRL16E/CLK  n/a            0.532         2.500       1.968      SLICE_X85Y33  hold_addra_reg[106]_srl13_hold_addra_reg_c_17/CLK
Low Pulse Width   Slow    SRL16E/CLK  n/a            0.532         2.500       1.968      SLICE_X87Y31  hold_addra_reg[107]_srl13_hold_addra_reg_c_17/CLK
Low Pulse Width   Fast    SRL16E/CLK  n/a            0.532         2.500       1.968      SLICE_X87Y31  hold_addra_reg[107]_srl13_hold_addra_reg_c_17/CLK
Low Pulse Width   Slow    SRL16E/CLK  n/a            0.532         2.500       1.968      SLICE_X87Y31  hold_addra_reg[108]_srl13_hold_addra_reg_c_17/CLK
Low Pulse Width   Fast    SRL16E/CLK  n/a            0.532         2.500       1.968      SLICE_X87Y31  hold_addra_reg[108]_srl13_hold_addra_reg_c_17/CLK
High Pulse Width  Slow    SRL16E/CLK  n/a            0.532         2.500       1.968      SLICE_X85Y28  hold_addra_reg[104]_srl13_hold_addra_reg_c_17/CLK
High Pulse Width  Fast    SRL16E/CLK  n/a            0.532         2.500       1.968      SLICE_X85Y28  hold_addra_reg[104]_srl13_hold_addra_reg_c_17/CLK
High Pulse Width  Slow    SRL16E/CLK  n/a            0.532         2.500       1.968      SLICE_X85Y28  hold_addra_reg[105]_srl13_hold_addra_reg_c_17/CLK
High Pulse Width  Fast    SRL16E/CLK  n/a            0.532         2.500       1.968      SLICE_X85Y28  hold_addra_reg[105]_srl13_hold_addra_reg_c_17/CLK
High Pulse Width  Slow    SRL16E/CLK  n/a            0.532         2.500       1.968      SLICE_X85Y33  hold_addra_reg[106]_srl13_hold_addra_reg_c_17/CLK
High Pulse Width  Fast    SRL16E/CLK  n/a            0.532         2.500       1.968      SLICE_X85Y33  hold_addra_reg[106]_srl13_hold_addra_reg_c_17/CLK
High Pulse Width  Slow    SRL16E/CLK  n/a            0.532         2.500       1.968      SLICE_X87Y31  hold_addra_reg[107]_srl13_hold_addra_reg_c_17/CLK
High Pulse Width  Fast    SRL16E/CLK  n/a            0.532         2.500       1.968      SLICE_X87Y31  hold_addra_reg[107]_srl13_hold_addra_reg_c_17/CLK
High Pulse Width  Slow    SRL16E/CLK  n/a            0.532         2.500       1.968      SLICE_X87Y31  hold_addra_reg[108]_srl13_hold_addra_reg_c_17/CLK
High Pulse Width  Fast    SRL16E/CLK  n/a            0.532         2.500       1.968      SLICE_X87Y31  hold_addra_reg[108]_srl13_hold_addra_reg_c_17/CLK



--------------------------------------------------------------------------------------
Path Group:  (none)
From Clock:  clk
  To Clock:  

Max Delay            52 Endpoints
Min Delay            52 Endpoints
--------------------------------------------------------------------------------------


Max Delay Paths
--------------------------------------------------------------------------------------
Slack:                    inf
  Source:                 counter_reg[7]/C
                            (rising edge-triggered cell FDCE clocked by clk  {rise@0.000ns fall@2.500ns period=5.000ns})
  Destination:            out1[4]
                            (output port)
  Path Group:             (none)
  Path Type:              Max at Slow Process Corner
  Data Path Delay:        6.080ns  (logic 1.384ns (22.768%)  route 4.696ns (77.232%))
  Logic Levels:           4  (LUT3=1 LUT6=2 OBUF=1)
  Clock Uncertainty:      0.025ns  ((TSJ^2 + TIJ^2)^1/2 + DJ) / 2 + PE
    Total System Jitter     (TSJ):    0.050ns
    Total Input Jitter      (TIJ):    0.000ns
    Discrete Jitter          (DJ):    0.000ns
    Phase Error              (PE):    0.000ns
  Clock Net Delay (Source):      2.437ns (routing 1.289ns, distribution 1.148ns)

    Location             Delay type                Incr(ns)  Path(ns)    Netlist Resource(s)
  -------------------------------------------------------------------    -------------------
                         (clock clk rise edge)        0.000     0.000 r  
    P11                                               0.000     0.000 r  clk (IN)
                         net (fo=0)                   0.000     0.000    clk_IBUF_inst/I
    P11                  INBUF (Prop_INBUF_HPIOB_M_PAD_O)
                                                      0.548     0.548 r  clk_IBUF_inst/INBUF_INST/O
                         net (fo=1, routed)           0.000     0.548    clk_IBUF_inst/OUT
    P11                  IBUFCTRL (Prop_IBUFCTRL_HPIOB_M_I_O)
                                                      0.000     0.548 r  clk_IBUF_inst/IBUFCTRL_INST/O
                         net (fo=1, routed)           0.319     0.867    clk_IBUF
    BUFGCE_X0Y77         BUFGCE (Prop_BUFCE_BUFGCE_I_O)
                                                      0.028     0.895 r  clk_IBUF_BUFG_inst/O
    X2Y1 (CLOCK_ROOT)    net (fo=6241, routed)        2.437     3.332    clk_IBUF_BUFG
    SLICE_X86Y36         FDCE                                         r  counter_reg[7]/C
  -------------------------------------------------------------------    -------------------
    SLICE_X86Y36         FDCE (Prop_DFF2_SLICEL_C_Q)
                                                      0.081     3.413 r  counter_reg[7]/Q
                         net (fo=6, routed)           0.154     3.567    counter_reg_n_0_[7]
    SLICE_X87Y35         LUT3 (Prop_D5LUT_SLICEM_I0_O)
                                                      0.135     3.702 r  out0_OBUF[15]_inst_i_4/O
                         net (fo=1, routed)           0.252     3.954    out0_OBUF[15]_inst_i_4_n_0
    SLICE_X88Y35         LUT6 (Prop_G6LUT_SLICEM_I5_O)
                                                      0.123     4.077 r  out0_OBUF[15]_inst_i_2/O
                         net (fo=49, routed)          1.686     5.763    out0_OBUF[15]_inst_i_2_n_0
    SLICE_X90Y70         LUT6 (Prop_G6LUT_SLICEM_I0_O)
                                                      0.123     5.886 r  out1_OBUF[4]_inst_i_1/O
                         net (fo=1, routed)           2.604     8.490    out1_OBUF[4]
    P10                  OBUF (Prop_OUTBUF_HPIOB_M_I_O)
                                                      0.922     9.413 r  out1_OBUF[4]_inst/O
                         net (fo=0)                   0.000     9.413    out1[4]
    P10                                                               r  out1[4] (OUT)
  -------------------------------------------------------------------    -------------------

Slack:                    inf
  Source:                 FSM_sequential_state_reg[1]/C
                            (rising edge-triggered cell FDCE clocked by clk  {rise@0.000ns fall@2.500ns period=5.000ns})
  Destination:            out0[5]
                            (output port)
  Path Group:             (none)
  Path Type:              Max at Slow Process Corner
  Data Path Delay:        5.885ns  (logic 1.208ns (20.528%)  route 4.677ns (79.472%))
  Logic Levels:           3  (LUT2=1 LUT6=1 OBUF=1)
  Clock Uncertainty:      0.025ns  ((TSJ^2 + TIJ^2)^1/2 + DJ) / 2 + PE
    Total System Jitter     (TSJ):    0.050ns
    Total Input Jitter      (TIJ):    0.000ns
    Discrete Jitter          (DJ):    0.000ns
    Phase Error              (PE):    0.000ns
  Clock Net Delay (Source):      2.451ns (routing 1.289ns, distribution 1.162ns)

    Location             Delay type                Incr(ns)  Path(ns)    Netlist Resource(s)
  -------------------------------------------------------------------    -------------------
                         (clock clk rise edge)        0.000     0.000 r  
    P11                                               0.000     0.000 r  clk (IN)
                         net (fo=0)                   0.000     0.000    clk_IBUF_inst/I
    P11                  INBUF (Prop_INBUF_HPIOB_M_PAD_O)
                                                      0.548     0.548 r  clk_IBUF_inst/INBUF_INST/O
                         net (fo=1, routed)           0.000     0.548    clk_IBUF_inst/OUT
    P11                  IBUFCTRL (Prop_IBUFCTRL_HPIOB_M_I_O)
                                                      0.000     0.548 r  clk_IBUF_inst/IBUFCTRL_INST/O
                         net (fo=1, routed)           0.319     0.867    clk_IBUF
    BUFGCE_X0Y77         BUFGCE (Prop_BUFCE_BUFGCE_I_O)
                                                      0.028     0.895 r  clk_IBUF_BUFG_inst/O
    X2Y1 (CLOCK_ROOT)    net (fo=6241, routed)        2.451     3.346    clk_IBUF_BUFG
    SLICE_X86Y35         FDCE                                         r  FSM_sequential_state_reg[1]/C
  -------------------------------------------------------------------    -------------------
    SLICE_X86Y35         FDCE (Prop_HFF2_SLICEL_C_Q)
                                                      0.080     3.426 r  FSM_sequential_state_reg[1]/Q
                         net (fo=189, routed)         0.329     3.756    AddrGend/counter_reg[4][1]
    SLICE_X88Y36         LUT2 (Prop_B6LUT_SLICEM_I0_O)
                                                      0.149     3.905 r  AddrGend/out0_OBUF[15]_inst_i_3/O
                         net (fo=51, routed)          1.844     5.748    AddrGend_n_15
    SLICE_X87Y58         LUT6 (Prop_F6LUT_SLICEM_I1_O)
                                                      0.088     5.836 r  out0_OBUF[5]_inst_i_1/O
                         net (fo=1, routed)           2.504     8.340    out0_OBUF[5]
    M13                  OBUF (Prop_OUTBUF_HPIOB_S_I_O)
                                                      0.891     9.231 r  out0_OBUF[5]_inst/O
                         net (fo=0)                   0.000     9.231    out0[5]
    M13                                                               r  out0[5] (OUT)
  -------------------------------------------------------------------    -------------------

Slack:                    inf
  Source:                 counter_reg[7]/C
                            (rising edge-triggered cell FDCE clocked by clk  {rise@0.000ns fall@2.500ns period=5.000ns})
  Destination:            out0[11]
                            (output port)
  Path Group:             (none)
  Path Type:              Max at Slow Process Corner
  Data Path Delay:        5.892ns  (logic 1.377ns (23.371%)  route 4.515ns (76.629%))
  Logic Levels:           4  (LUT3=1 LUT6=2 OBUF=1)
  Clock Uncertainty:      0.025ns  ((TSJ^2 + TIJ^2)^1/2 + DJ) / 2 + PE
    Total System Jitter     (TSJ):    0.050ns
    Total Input Jitter      (TIJ):    0.000ns
    Discrete Jitter          (DJ):    0.000ns
    Phase Error              (PE):    0.000ns
  Clock Net Delay (Source):      2.437ns (routing 1.289ns, distribution 1.148ns)

    Location             Delay type                Incr(ns)  Path(ns)    Netlist Resource(s)
  -------------------------------------------------------------------    -------------------
                         (clock clk rise edge)        0.000     0.000 r  
    P11                                               0.000     0.000 r  clk (IN)
                         net (fo=0)                   0.000     0.000    clk_IBUF_inst/I
    P11                  INBUF (Prop_INBUF_HPIOB_M_PAD_O)
                                                      0.548     0.548 r  clk_IBUF_inst/INBUF_INST/O
                         net (fo=1, routed)           0.000     0.548    clk_IBUF_inst/OUT
    P11                  IBUFCTRL (Prop_IBUFCTRL_HPIOB_M_I_O)
                                                      0.000     0.548 r  clk_IBUF_inst/IBUFCTRL_INST/O
                         net (fo=1, routed)           0.319     0.867    clk_IBUF
    BUFGCE_X0Y77         BUFGCE (Prop_BUFCE_BUFGCE_I_O)
                                                      0.028     0.895 r  clk_IBUF_BUFG_inst/O
    X2Y1 (CLOCK_ROOT)    net (fo=6241, routed)        2.437     3.332    clk_IBUF_BUFG
    SLICE_X86Y36         FDCE                                         r  counter_reg[7]/C
  -------------------------------------------------------------------    -------------------
    SLICE_X86Y36         FDCE (Prop_DFF2_SLICEL_C_Q)
                                                      0.081     3.413 r  counter_reg[7]/Q
                         net (fo=6, routed)           0.154     3.567    counter_reg_n_0_[7]
    SLICE_X87Y35         LUT3 (Prop_D5LUT_SLICEM_I0_O)
                                                      0.135     3.702 r  out0_OBUF[15]_inst_i_4/O
                         net (fo=1, routed)           0.252     3.954    out0_OBUF[15]_inst_i_4_n_0
    SLICE_X88Y35         LUT6 (Prop_G6LUT_SLICEM_I5_O)
                                                      0.123     4.077 r  out0_OBUF[15]_inst_i_2/O
                         net (fo=49, routed)          1.653     5.731    out0_OBUF[15]_inst_i_2_n_0
    SLICE_X90Y64         LUT6 (Prop_H6LUT_SLICEM_I0_O)
                                                      0.125     5.856 r  out0_OBUF[11]_inst_i_1/O
                         net (fo=1, routed)           2.456     8.312    out0_OBUF[11]
    K16                  OBUF (Prop_OUTBUF_HPIOB_S_I_O)
                                                      0.913     9.225 r  out0_OBUF[11]_inst/O
                         net (fo=0)                   0.000     9.225    out0[11]
    K16                                                               r  out0[11] (OUT)
  -------------------------------------------------------------------    -------------------

Slack:                    inf
  Source:                 counter_reg[7]/C
                            (rising edge-triggered cell FDCE clocked by clk  {rise@0.000ns fall@2.500ns period=5.000ns})
  Destination:            out1[0]
                            (output port)
  Path Group:             (none)
  Path Type:              Max at Slow Process Corner
  Data Path Delay:        5.795ns  (logic 1.385ns (23.902%)  route 4.410ns (76.098%))
  Logic Levels:           4  (LUT3=1 LUT6=2 OBUF=1)
  Clock Uncertainty:      0.025ns  ((TSJ^2 + TIJ^2)^1/2 + DJ) / 2 + PE
    Total System Jitter     (TSJ):    0.050ns
    Total Input Jitter      (TIJ):    0.000ns
    Discrete Jitter          (DJ):    0.000ns
    Phase Error              (PE):    0.000ns
  Clock Net Delay (Source):      2.437ns (routing 1.289ns, distribution 1.148ns)

    Location             Delay type                Incr(ns)  Path(ns)    Netlist Resource(s)
  -------------------------------------------------------------------    -------------------
                         (clock clk rise edge)        0.000     0.000 r  
    P11                                               0.000     0.000 r  clk (IN)
                         net (fo=0)                   0.000     0.000    clk_IBUF_inst/I
    P11                  INBUF (Prop_INBUF_HPIOB_M_PAD_O)
                                                      0.548     0.548 r  clk_IBUF_inst/INBUF_INST/O
                         net (fo=1, routed)           0.000     0.548    clk_IBUF_inst/OUT
    P11                  IBUFCTRL (Prop_IBUFCTRL_HPIOB_M_I_O)
                                                      0.000     0.548 r  clk_IBUF_inst/IBUFCTRL_INST/O
                         net (fo=1, routed)           0.319     0.867    clk_IBUF
    BUFGCE_X0Y77         BUFGCE (Prop_BUFCE_BUFGCE_I_O)
                                                      0.028     0.895 r  clk_IBUF_BUFG_inst/O
    X2Y1 (CLOCK_ROOT)    net (fo=6241, routed)        2.437     3.332    clk_IBUF_BUFG
    SLICE_X86Y36         FDCE                                         r  counter_reg[7]/C
  -------------------------------------------------------------------    -------------------
    SLICE_X86Y36         FDCE (Prop_DFF2_SLICEL_C_Q)
                                                      0.081     3.413 r  counter_reg[7]/Q
                         net (fo=6, routed)           0.154     3.567    counter_reg_n_0_[7]
    SLICE_X87Y35         LUT3 (Prop_D5LUT_SLICEM_I0_O)
                                                      0.135     3.702 r  out0_OBUF[15]_inst_i_4/O
                         net (fo=1, routed)           0.252     3.954    out0_OBUF[15]_inst_i_4_n_0
    SLICE_X88Y35         LUT6 (Prop_G6LUT_SLICEM_I5_O)
                                                      0.123     4.077 r  out0_OBUF[15]_inst_i_2/O
                         net (fo=49, routed)          1.661     5.738    out0_OBUF[15]_inst_i_2_n_0
    SLICE_X90Y71         LUT6 (Prop_H6LUT_SLICEM_I0_O)
                                                      0.125     5.863 r  out1_OBUF[0]_inst_i_1/O
                         net (fo=1, routed)           2.343     8.206    out1_OBUF[0]
    N9                   OBUF (Prop_OUTBUF_HPIOB_M_I_O)
                                                      0.921     9.128 r  out1_OBUF[0]_inst/O
                         net (fo=0)                   0.000     9.128    out1[0]
    N9                                                                r  out1[0] (OUT)
  -------------------------------------------------------------------    -------------------

Slack:                    inf
  Source:                 counter_reg[7]/C
                            (rising edge-triggered cell FDCE clocked by clk  {rise@0.000ns fall@2.500ns period=5.000ns})
  Destination:            out1[2]
                            (output port)
  Path Group:             (none)
  Path Type:              Max at Slow Process Corner
  Data Path Delay:        5.782ns  (logic 1.323ns (22.889%)  route 4.458ns (77.111%))
  Logic Levels:           4  (LUT3=1 LUT6=2 OBUF=1)
  Clock Uncertainty:      0.025ns  ((TSJ^2 + TIJ^2)^1/2 + DJ) / 2 + PE
    Total System Jitter     (TSJ):    0.050ns
    Total Input Jitter      (TIJ):    0.000ns
    Discrete Jitter          (DJ):    0.000ns
    Phase Error              (PE):    0.000ns
  Clock Net Delay (Source):      2.437ns (routing 1.289ns, distribution 1.148ns)

    Location             Delay type                Incr(ns)  Path(ns)    Netlist Resource(s)
  -------------------------------------------------------------------    -------------------
                         (clock clk rise edge)        0.000     0.000 r  
    P11                                               0.000     0.000 r  clk (IN)
                         net (fo=0)                   0.000     0.000    clk_IBUF_inst/I
    P11                  INBUF (Prop_INBUF_HPIOB_M_PAD_O)
                                                      0.548     0.548 r  clk_IBUF_inst/INBUF_INST/O
                         net (fo=1, routed)           0.000     0.548    clk_IBUF_inst/OUT
    P11                  IBUFCTRL (Prop_IBUFCTRL_HPIOB_M_I_O)
                                                      0.000     0.548 r  clk_IBUF_inst/IBUFCTRL_INST/O
                         net (fo=1, routed)           0.319     0.867    clk_IBUF
    BUFGCE_X0Y77         BUFGCE (Prop_BUFCE_BUFGCE_I_O)
                                                      0.028     0.895 r  clk_IBUF_BUFG_inst/O
    X2Y1 (CLOCK_ROOT)    net (fo=6241, routed)        2.437     3.332    clk_IBUF_BUFG
    SLICE_X86Y36         FDCE                                         r  counter_reg[7]/C
  -------------------------------------------------------------------    -------------------
    SLICE_X86Y36         FDCE (Prop_DFF2_SLICEL_C_Q)
                                                      0.081     3.413 r  counter_reg[7]/Q
                         net (fo=6, routed)           0.154     3.567    counter_reg_n_0_[7]
    SLICE_X87Y35         LUT3 (Prop_D5LUT_SLICEM_I0_O)
                                                      0.135     3.702 r  out0_OBUF[15]_inst_i_4/O
                         net (fo=1, routed)           0.252     3.954    out0_OBUF[15]_inst_i_4_n_0
    SLICE_X88Y35         LUT6 (Prop_G6LUT_SLICEM_I5_O)
                                                      0.123     4.077 r  out0_OBUF[15]_inst_i_2/O
                         net (fo=49, routed)          1.704     5.781    out0_OBUF[15]_inst_i_2_n_0
    SLICE_X89Y71         LUT6 (Prop_C6LUT_SLICEL_I0_O)
                                                      0.035     5.816 r  out1_OBUF[2]_inst_i_1/O
                         net (fo=1, routed)           2.349     8.165    out1_OBUF[2]
    M10                  OBUF (Prop_OUTBUF_HPIOB_M_I_O)
                                                      0.949     9.114 r  out1_OBUF[2]_inst/O
                         net (fo=0)                   0.000     9.114    out1[2]
    M10                                                               r  out1[2] (OUT)
  -------------------------------------------------------------------    -------------------

Slack:                    inf
  Source:                 counter_reg[7]/C
                            (rising edge-triggered cell FDCE clocked by clk  {rise@0.000ns fall@2.500ns period=5.000ns})
  Destination:            out0[2]
                            (output port)
  Path Group:             (none)
  Path Type:              Max at Slow Process Corner
  Data Path Delay:        5.760ns  (logic 1.266ns (21.973%)  route 4.495ns (78.027%))
  Logic Levels:           4  (LUT3=1 LUT6=2 OBUF=1)
  Clock Uncertainty:      0.025ns  ((TSJ^2 + TIJ^2)^1/2 + DJ) / 2 + PE
    Total System Jitter     (TSJ):    0.050ns
    Total Input Jitter      (TIJ):    0.000ns
    Discrete Jitter          (DJ):    0.000ns
    Phase Error              (PE):    0.000ns
  Clock Net Delay (Source):      2.437ns (routing 1.289ns, distribution 1.148ns)

    Location             Delay type                Incr(ns)  Path(ns)    Netlist Resource(s)
  -------------------------------------------------------------------    -------------------
                         (clock clk rise edge)        0.000     0.000 r  
    P11                                               0.000     0.000 r  clk (IN)
                         net (fo=0)                   0.000     0.000    clk_IBUF_inst/I
    P11                  INBUF (Prop_INBUF_HPIOB_M_PAD_O)
                                                      0.548     0.548 r  clk_IBUF_inst/INBUF_INST/O
                         net (fo=1, routed)           0.000     0.548    clk_IBUF_inst/OUT
    P11                  IBUFCTRL (Prop_IBUFCTRL_HPIOB_M_I_O)
                                                      0.000     0.548 r  clk_IBUF_inst/IBUFCTRL_INST/O
                         net (fo=1, routed)           0.319     0.867    clk_IBUF
    BUFGCE_X0Y77         BUFGCE (Prop_BUFCE_BUFGCE_I_O)
                                                      0.028     0.895 r  clk_IBUF_BUFG_inst/O
    X2Y1 (CLOCK_ROOT)    net (fo=6241, routed)        2.437     3.332    clk_IBUF_BUFG
    SLICE_X86Y36         FDCE                                         r  counter_reg[7]/C
  -------------------------------------------------------------------    -------------------
    SLICE_X86Y36         FDCE (Prop_DFF2_SLICEL_C_Q)
                                                      0.081     3.413 r  counter_reg[7]/Q
                         net (fo=6, routed)           0.154     3.567    counter_reg_n_0_[7]
    SLICE_X87Y35         LUT3 (Prop_D5LUT_SLICEM_I0_O)
                                                      0.135     3.702 r  out0_OBUF[15]_inst_i_4/O
                         net (fo=1, routed)           0.252     3.954    out0_OBUF[15]_inst_i_4_n_0
    SLICE_X88Y35         LUT6 (Prop_G6LUT_SLICEM_I5_O)
                                                      0.123     4.077 r  out0_OBUF[15]_inst_i_2/O
                         net (fo=49, routed)          1.552     5.629    out0_OBUF[15]_inst_i_2_n_0
    SLICE_X86Y66         LUT6 (Prop_H6LUT_SLICEL_I0_O)
                                                      0.036     5.665 r  out0_OBUF[2]_inst_i_1/O
                         net (fo=1, routed)           2.537     8.202    out0_OBUF[2]
    L13                  OBUF (Prop_OUTBUF_HPIOB_M_I_O)
                                                      0.891     9.093 r  out0_OBUF[2]_inst/O
                         net (fo=0)                   0.000     9.093    out0[2]
    L13                                                               r  out0[2] (OUT)
  -------------------------------------------------------------------    -------------------

Slack:                    inf
  Source:                 counter_reg[7]/C
                            (rising edge-triggered cell FDCE clocked by clk  {rise@0.000ns fall@2.500ns period=5.000ns})
  Destination:            out1[3]
                            (output port)
  Path Group:             (none)
  Path Type:              Max at Slow Process Corner
  Data Path Delay:        5.734ns  (logic 1.372ns (23.929%)  route 4.362ns (76.071%))
  Logic Levels:           4  (LUT3=1 LUT6=2 OBUF=1)
  Clock Uncertainty:      0.025ns  ((TSJ^2 + TIJ^2)^1/2 + DJ) / 2 + PE
    Total System Jitter     (TSJ):    0.050ns
    Total Input Jitter      (TIJ):    0.000ns
    Discrete Jitter          (DJ):    0.000ns
    Phase Error              (PE):    0.000ns
  Clock Net Delay (Source):      2.437ns (routing 1.289ns, distribution 1.148ns)

    Location             Delay type                Incr(ns)  Path(ns)    Netlist Resource(s)
  -------------------------------------------------------------------    -------------------
                         (clock clk rise edge)        0.000     0.000 r  
    P11                                               0.000     0.000 r  clk (IN)
                         net (fo=0)                   0.000     0.000    clk_IBUF_inst/I
    P11                  INBUF (Prop_INBUF_HPIOB_M_PAD_O)
                                                      0.548     0.548 r  clk_IBUF_inst/INBUF_INST/O
                         net (fo=1, routed)           0.000     0.548    clk_IBUF_inst/OUT
    P11                  IBUFCTRL (Prop_IBUFCTRL_HPIOB_M_I_O)
                                                      0.000     0.548 r  clk_IBUF_inst/IBUFCTRL_INST/O
                         net (fo=1, routed)           0.319     0.867    clk_IBUF
    BUFGCE_X0Y77         BUFGCE (Prop_BUFCE_BUFGCE_I_O)
                                                      0.028     0.895 r  clk_IBUF_BUFG_inst/O
    X2Y1 (CLOCK_ROOT)    net (fo=6241, routed)        2.437     3.332    clk_IBUF_BUFG
    SLICE_X86Y36         FDCE                                         r  counter_reg[7]/C
  -------------------------------------------------------------------    -------------------
    SLICE_X86Y36         FDCE (Prop_DFF2_SLICEL_C_Q)
                                                      0.081     3.413 r  counter_reg[7]/Q
                         net (fo=6, routed)           0.154     3.567    counter_reg_n_0_[7]
    SLICE_X87Y35         LUT3 (Prop_D5LUT_SLICEM_I0_O)
                                                      0.135     3.702 r  out0_OBUF[15]_inst_i_4/O
                         net (fo=1, routed)           0.252     3.954    out0_OBUF[15]_inst_i_4_n_0
    SLICE_X88Y35         LUT6 (Prop_G6LUT_SLICEM_I5_O)
                                                      0.123     4.077 r  out0_OBUF[15]_inst_i_2/O
                         net (fo=49, routed)          1.676     5.753    out0_OBUF[15]_inst_i_2_n_0
    SLICE_X90Y70         LUT6 (Prop_H6LUT_SLICEM_I0_O)
                                                      0.090     5.843 r  out1_OBUF[3]_inst_i_1/O
                         net (fo=1, routed)           2.280     8.123    out1_OBUF[3]
    L10                  OBUF (Prop_OUTBUF_HPIOB_S_I_O)
                                                      0.943     9.067 r  out1_OBUF[3]_inst/O
                         net (fo=0)                   0.000     9.067    out1[3]
    L10                                                               r  out1[3] (OUT)
  -------------------------------------------------------------------    -------------------

Slack:                    inf
  Source:                 counter_reg[7]/C
                            (rising edge-triggered cell FDCE clocked by clk  {rise@0.000ns fall@2.500ns period=5.000ns})
  Destination:            out0[8]
                            (output port)
  Path Group:             (none)
  Path Type:              Max at Slow Process Corner
  Data Path Delay:        5.705ns  (logic 1.407ns (24.664%)  route 4.298ns (75.336%))
  Logic Levels:           4  (LUT3=1 LUT6=2 OBUF=1)
  Clock Uncertainty:      0.025ns  ((TSJ^2 + TIJ^2)^1/2 + DJ) / 2 + PE
    Total System Jitter     (TSJ):    0.050ns
    Total Input Jitter      (TIJ):    0.000ns
    Discrete Jitter          (DJ):    0.000ns
    Phase Error              (PE):    0.000ns
  Clock Net Delay (Source):      2.437ns (routing 1.289ns, distribution 1.148ns)

    Location             Delay type                Incr(ns)  Path(ns)    Netlist Resource(s)
  -------------------------------------------------------------------    -------------------
                         (clock clk rise edge)        0.000     0.000 r  
    P11                                               0.000     0.000 r  clk (IN)
                         net (fo=0)                   0.000     0.000    clk_IBUF_inst/I
    P11                  INBUF (Prop_INBUF_HPIOB_M_PAD_O)
                                                      0.548     0.548 r  clk_IBUF_inst/INBUF_INST/O
                         net (fo=1, routed)           0.000     0.548    clk_IBUF_inst/OUT
    P11                  IBUFCTRL (Prop_IBUFCTRL_HPIOB_M_I_O)
                                                      0.000     0.548 r  clk_IBUF_inst/IBUFCTRL_INST/O
                         net (fo=1, routed)           0.319     0.867    clk_IBUF
    BUFGCE_X0Y77         BUFGCE (Prop_BUFCE_BUFGCE_I_O)
                                                      0.028     0.895 r  clk_IBUF_BUFG_inst/O
    X2Y1 (CLOCK_ROOT)    net (fo=6241, routed)        2.437     3.332    clk_IBUF_BUFG
    SLICE_X86Y36         FDCE                                         r  counter_reg[7]/C
  -------------------------------------------------------------------    -------------------
    SLICE_X86Y36         FDCE (Prop_DFF2_SLICEL_C_Q)
                                                      0.081     3.413 r  counter_reg[7]/Q
                         net (fo=6, routed)           0.154     3.567    counter_reg_n_0_[7]
    SLICE_X87Y35         LUT3 (Prop_D5LUT_SLICEM_I0_O)
                                                      0.135     3.702 r  out0_OBUF[15]_inst_i_4/O
                         net (fo=1, routed)           0.252     3.954    out0_OBUF[15]_inst_i_4_n_0
    SLICE_X88Y35         LUT6 (Prop_G6LUT_SLICEM_I5_O)
                                                      0.123     4.077 r  out0_OBUF[15]_inst_i_2/O
                         net (fo=49, routed)          1.080     5.158    out0_OBUF[15]_inst_i_2_n_0
    SLICE_X84Y55         LUT6 (Prop_G6LUT_SLICEL_I0_O)
                                                      0.149     5.307 r  out0_OBUF[8]_inst_i_1/O
                         net (fo=1, routed)           2.812     8.119    out0_OBUF[8]
    M15                  OBUF (Prop_OUTBUF_HPIOB_M_I_O)
                                                      0.919     9.038 r  out0_OBUF[8]_inst/O
                         net (fo=0)                   0.000     9.038    out0[8]
    M15                                                               r  out0[8] (OUT)
  -------------------------------------------------------------------    -------------------

Slack:                    inf
  Source:                 counter_reg[7]/C
                            (rising edge-triggered cell FDCE clocked by clk  {rise@0.000ns fall@2.500ns period=5.000ns})
  Destination:            out0[4]
                            (output port)
  Path Group:             (none)
  Path Type:              Max at Slow Process Corner
  Data Path Delay:        5.687ns  (logic 1.280ns (22.513%)  route 4.407ns (77.487%))
  Logic Levels:           4  (LUT3=1 LUT6=2 OBUF=1)
  Clock Uncertainty:      0.025ns  ((TSJ^2 + TIJ^2)^1/2 + DJ) / 2 + PE
    Total System Jitter     (TSJ):    0.050ns
    Total Input Jitter      (TIJ):    0.000ns
    Discrete Jitter          (DJ):    0.000ns
    Phase Error              (PE):    0.000ns
  Clock Net Delay (Source):      2.437ns (routing 1.289ns, distribution 1.148ns)

    Location             Delay type                Incr(ns)  Path(ns)    Netlist Resource(s)
  -------------------------------------------------------------------    -------------------
                         (clock clk rise edge)        0.000     0.000 r  
    P11                                               0.000     0.000 r  clk (IN)
                         net (fo=0)                   0.000     0.000    clk_IBUF_inst/I
    P11                  INBUF (Prop_INBUF_HPIOB_M_PAD_O)
                                                      0.548     0.548 r  clk_IBUF_inst/INBUF_INST/O
                         net (fo=1, routed)           0.000     0.548    clk_IBUF_inst/OUT
    P11                  IBUFCTRL (Prop_IBUFCTRL_HPIOB_M_I_O)
                                                      0.000     0.548 r  clk_IBUF_inst/IBUFCTRL_INST/O
                         net (fo=1, routed)           0.319     0.867    clk_IBUF
    BUFGCE_X0Y77         BUFGCE (Prop_BUFCE_BUFGCE_I_O)
                                                      0.028     0.895 r  clk_IBUF_BUFG_inst/O
    X2Y1 (CLOCK_ROOT)    net (fo=6241, routed)        2.437     3.332    clk_IBUF_BUFG
    SLICE_X86Y36         FDCE                                         r  counter_reg[7]/C
  -------------------------------------------------------------------    -------------------
    SLICE_X86Y36         FDCE (Prop_DFF2_SLICEL_C_Q)
                                                      0.081     3.413 r  counter_reg[7]/Q
                         net (fo=6, routed)           0.154     3.567    counter_reg_n_0_[7]
    SLICE_X87Y35         LUT3 (Prop_D5LUT_SLICEM_I0_O)
                                                      0.135     3.702 r  out0_OBUF[15]_inst_i_4/O
                         net (fo=1, routed)           0.252     3.954    out0_OBUF[15]_inst_i_4_n_0
    SLICE_X88Y35         LUT6 (Prop_G6LUT_SLICEM_I5_O)
                                                      0.123     4.077 r  out0_OBUF[15]_inst_i_2/O
                         net (fo=49, routed)          1.550     5.627    out0_OBUF[15]_inst_i_2_n_0
    SLICE_X86Y66         LUT6 (Prop_G6LUT_SLICEL_I0_O)
                                                      0.050     5.677 r  out0_OBUF[4]_inst_i_1/O
                         net (fo=1, routed)           2.451     8.128    out0_OBUF[4]
    N13                  OBUF (Prop_OUTBUF_HPIOB_M_I_O)
                                                      0.891     9.019 r  out0_OBUF[4]_inst/O
                         net (fo=0)                   0.000     9.019    out0[4]
    N13                                                               r  out0[4] (OUT)
  -------------------------------------------------------------------    -------------------

Slack:                    inf
  Source:                 counter_reg[7]/C
                            (rising edge-triggered cell FDCE clocked by clk  {rise@0.000ns fall@2.500ns period=5.000ns})
  Destination:            out0[12]
                            (output port)
  Path Group:             (none)
  Path Type:              Max at Slow Process Corner
  Data Path Delay:        5.661ns  (logic 1.298ns (22.923%)  route 4.363ns (77.077%))
  Logic Levels:           4  (LUT3=1 LUT6=2 OBUF=1)
  Clock Uncertainty:      0.025ns  ((TSJ^2 + TIJ^2)^1/2 + DJ) / 2 + PE
    Total System Jitter     (TSJ):    0.050ns
    Total Input Jitter      (TIJ):    0.000ns
    Discrete Jitter          (DJ):    0.000ns
    Phase Error              (PE):    0.000ns
  Clock Net Delay (Source):      2.437ns (routing 1.289ns, distribution 1.148ns)

    Location             Delay type                Incr(ns)  Path(ns)    Netlist Resource(s)
  -------------------------------------------------------------------    -------------------
                         (clock clk rise edge)        0.000     0.000 r  
    P11                                               0.000     0.000 r  clk (IN)
                         net (fo=0)                   0.000     0.000    clk_IBUF_inst/I
    P11                  INBUF (Prop_INBUF_HPIOB_M_PAD_O)
                                                      0.548     0.548 r  clk_IBUF_inst/INBUF_INST/O
                         net (fo=1, routed)           0.000     0.548    clk_IBUF_inst/OUT
    P11                  IBUFCTRL (Prop_IBUFCTRL_HPIOB_M_I_O)
                                                      0.000     0.548 r  clk_IBUF_inst/IBUFCTRL_INST/O
                         net (fo=1, routed)           0.319     0.867    clk_IBUF
    BUFGCE_X0Y77         BUFGCE (Prop_BUFCE_BUFGCE_I_O)
                                                      0.028     0.895 r  clk_IBUF_BUFG_inst/O
    X2Y1 (CLOCK_ROOT)    net (fo=6241, routed)        2.437     3.332    clk_IBUF_BUFG
    SLICE_X86Y36         FDCE                                         r  counter_reg[7]/C
  -------------------------------------------------------------------    -------------------
    SLICE_X86Y36         FDCE (Prop_DFF2_SLICEL_C_Q)
                                                      0.081     3.413 r  counter_reg[7]/Q
                         net (fo=6, routed)           0.154     3.567    counter_reg_n_0_[7]
    SLICE_X87Y35         LUT3 (Prop_D5LUT_SLICEM_I0_O)
                                                      0.135     3.702 r  out0_OBUF[15]_inst_i_4/O
                         net (fo=1, routed)           0.252     3.954    out0_OBUF[15]_inst_i_4_n_0
    SLICE_X88Y35         LUT6 (Prop_G6LUT_SLICEM_I5_O)
                                                      0.123     4.077 r  out0_OBUF[15]_inst_i_2/O
                         net (fo=49, routed)          1.642     5.720    out0_OBUF[15]_inst_i_2_n_0
    SLICE_X90Y64         LUT6 (Prop_G6LUT_SLICEM_I0_O)
                                                      0.037     5.757 r  out0_OBUF[12]_inst_i_1/O
                         net (fo=1, routed)           2.315     8.072    out0_OBUF[12]
    L12                  OBUF (Prop_OUTBUF_HPIOB_M_I_O)
                                                      0.922     8.993 r  out0_OBUF[12]_inst/O
                         net (fo=0)                   0.000     8.993    out0[12]
    L12                                                               r  out0[12] (OUT)
  -------------------------------------------------------------------    -------------------





Min Delay Paths
--------------------------------------------------------------------------------------
Slack:                    inf
  Source:                 reg_done_compute_reg/C
                            (rising edge-triggered cell FDCE clocked by clk  {rise@0.000ns fall@2.500ns period=5.000ns})
  Destination:            done_compute
                            (output port)
  Path Group:             (none)
  Path Type:              Min at Fast Process Corner
  Data Path Delay:        1.554ns  (logic 0.419ns (26.964%)  route 1.135ns (73.036%))
  Logic Levels:           1  (OBUF=1)
  Clock Uncertainty:      0.025ns  ((TSJ^2 + TIJ^2)^1/2 + DJ) / 2 + PE
    Total System Jitter     (TSJ):    0.050ns
    Total Input Jitter      (TIJ):    0.000ns
    Discrete Jitter          (DJ):    0.000ns
    Phase Error              (PE):    0.000ns
  Clock Net Delay (Source):      1.335ns (routing 0.705ns, distribution 0.630ns)

    Location             Delay type                Incr(ns)  Path(ns)    Netlist Resource(s)
  -------------------------------------------------------------------    -------------------
                         (clock clk rise edge)        0.000     0.000 r  
    P11                                               0.000     0.000 r  clk (IN)
                         net (fo=0)                   0.000     0.000    clk_IBUF_inst/I
    P11                  INBUF (Prop_INBUF_HPIOB_M_PAD_O)
                                                      0.183     0.183 r  clk_IBUF_inst/INBUF_INST/O
                         net (fo=1, routed)           0.000     0.183    clk_IBUF_inst/OUT
    P11                  IBUFCTRL (Prop_IBUFCTRL_HPIOB_M_I_O)
                                                      0.000     0.183 r  clk_IBUF_inst/IBUFCTRL_INST/O
                         net (fo=1, routed)           0.149     0.332    clk_IBUF
    BUFGCE_X0Y77         BUFGCE (Prop_BUFCE_BUFGCE_I_O)
                                                      0.017     0.349 r  clk_IBUF_BUFG_inst/O
    X2Y1 (CLOCK_ROOT)    net (fo=6241, routed)        1.335     1.684    clk_IBUF_BUFG
    SLICE_X85Y40         FDCE                                         r  reg_done_compute_reg/C
  -------------------------------------------------------------------    -------------------
    SLICE_X85Y40         FDCE (Prop_DFF_SLICEM_C_Q)
                                                      0.039     1.723 r  reg_done_compute_reg/Q
                         net (fo=1, routed)           1.135     2.858    done_compute_OBUF
    T10                  OBUF (Prop_OUTBUF_HPIOB_S_I_O)
                                                      0.380     3.238 r  done_compute_OBUF_inst/O
                         net (fo=0)                   0.000     3.238    done_compute
    T10                                                               r  done_compute (OUT)
  -------------------------------------------------------------------    -------------------

Slack:                    inf
  Source:                 counter_reg[9]/C
                            (rising edge-triggered cell FDCE clocked by clk  {rise@0.000ns fall@2.500ns period=5.000ns})
  Destination:            addr1[6]
                            (output port)
  Path Group:             (none)
  Path Type:              Min at Fast Process Corner
  Data Path Delay:        1.542ns  (logic 0.455ns (29.489%)  route 1.087ns (70.511%))
  Logic Levels:           2  (LUT6=1 OBUF=1)
  Clock Uncertainty:      0.025ns  ((TSJ^2 + TIJ^2)^1/2 + DJ) / 2 + PE
    Total System Jitter     (TSJ):    0.050ns
    Total Input Jitter      (TIJ):    0.000ns
    Discrete Jitter          (DJ):    0.000ns
    Phase Error              (PE):    0.000ns
  Clock Net Delay (Source):      1.356ns (routing 0.705ns, distribution 0.651ns)

    Location             Delay type                Incr(ns)  Path(ns)    Netlist Resource(s)
  -------------------------------------------------------------------    -------------------
                         (clock clk rise edge)        0.000     0.000 r  
    P11                                               0.000     0.000 r  clk (IN)
                         net (fo=0)                   0.000     0.000    clk_IBUF_inst/I
    P11                  INBUF (Prop_INBUF_HPIOB_M_PAD_O)
                                                      0.183     0.183 r  clk_IBUF_inst/INBUF_INST/O
                         net (fo=1, routed)           0.000     0.183    clk_IBUF_inst/OUT
    P11                  IBUFCTRL (Prop_IBUFCTRL_HPIOB_M_I_O)
                                                      0.000     0.183 r  clk_IBUF_inst/IBUFCTRL_INST/O
                         net (fo=1, routed)           0.149     0.332    clk_IBUF
    BUFGCE_X0Y77         BUFGCE (Prop_BUFCE_BUFGCE_I_O)
                                                      0.017     0.349 r  clk_IBUF_BUFG_inst/O
    X2Y1 (CLOCK_ROOT)    net (fo=6241, routed)        1.356     1.705    clk_IBUF_BUFG
    SLICE_X88Y36         FDCE                                         r  counter_reg[9]/C
  -------------------------------------------------------------------    -------------------
    SLICE_X88Y36         FDCE (Prop_EFF_SLICEM_C_Q)
                                                      0.038     1.743 r  counter_reg[9]/Q
                         net (fo=54, routed)          0.091     1.834    counter_reg_n_0_[9]
    SLICE_X88Y40         LUT6 (Prop_F6LUT_SLICEM_I2_O)
                                                      0.022     1.856 r  addr1_OBUF[6]_inst_i_1/O
                         net (fo=1, routed)           0.996     2.852    addr1_OBUF[6]
    AA2                  OBUF (Prop_OUTBUF_HPIOB_M_I_O)
                                                      0.395     3.247 r  addr1_OBUF[6]_inst/O
                         net (fo=0)                   0.000     3.247    addr1[6]
    AA2                                                               r  addr1[6] (OUT)
  -------------------------------------------------------------------    -------------------

Slack:                    inf
  Source:                 FSM_sequential_state_reg[0]/C
                            (rising edge-triggered cell FDCE clocked by clk  {rise@0.000ns fall@2.500ns period=5.000ns})
  Destination:            ostate[0]
                            (output port)
  Path Group:             (none)
  Path Type:              Min at Fast Process Corner
  Data Path Delay:        1.607ns  (logic 0.425ns (26.427%)  route 1.183ns (73.573%))
  Logic Levels:           1  (OBUF=1)
  Clock Uncertainty:      0.025ns  ((TSJ^2 + TIJ^2)^1/2 + DJ) / 2 + PE
    Total System Jitter     (TSJ):    0.050ns
    Total Input Jitter      (TIJ):    0.000ns
    Discrete Jitter          (DJ):    0.000ns
    Phase Error              (PE):    0.000ns
  Clock Net Delay (Source):      1.355ns (routing 0.705ns, distribution 0.650ns)

    Location             Delay type                Incr(ns)  Path(ns)    Netlist Resource(s)
  -------------------------------------------------------------------    -------------------
                         (clock clk rise edge)        0.000     0.000 r  
    P11                                               0.000     0.000 r  clk (IN)
                         net (fo=0)                   0.000     0.000    clk_IBUF_inst/I
    P11                  INBUF (Prop_INBUF_HPIOB_M_PAD_O)
                                                      0.183     0.183 r  clk_IBUF_inst/INBUF_INST/O
                         net (fo=1, routed)           0.000     0.183    clk_IBUF_inst/OUT
    P11                  IBUFCTRL (Prop_IBUFCTRL_HPIOB_M_I_O)
                                                      0.000     0.183 r  clk_IBUF_inst/IBUFCTRL_INST/O
                         net (fo=1, routed)           0.149     0.332    clk_IBUF
    BUFGCE_X0Y77         BUFGCE (Prop_BUFCE_BUFGCE_I_O)
                                                      0.017     0.349 r  clk_IBUF_BUFG_inst/O
    X2Y1 (CLOCK_ROOT)    net (fo=6241, routed)        1.355     1.704    clk_IBUF_BUFG
    SLICE_X88Y34         FDCE                                         r  FSM_sequential_state_reg[0]/C
  -------------------------------------------------------------------    -------------------
    SLICE_X88Y34         FDCE (Prop_HFF2_SLICEM_C_Q)
                                                      0.039     1.743 r  FSM_sequential_state_reg[0]/Q
                         net (fo=189, routed)         1.183     2.925    ostate_OBUF[0]
    R12                  OBUF (Prop_OUTBUF_HPIOB_S_I_O)
                                                      0.386     3.311 r  ostate_OBUF[0]_inst/O
                         net (fo=0)                   0.000     3.311    ostate[0]
    R12                                                               r  ostate[0] (OUT)
  -------------------------------------------------------------------    -------------------

Slack:                    inf
  Source:                 counter_reg[9]/C
                            (rising edge-triggered cell FDCE clocked by clk  {rise@0.000ns fall@2.500ns period=5.000ns})
  Destination:            addr1[7]
                            (output port)
  Path Group:             (none)
  Path Type:              Min at Fast Process Corner
  Data Path Delay:        1.623ns  (logic 0.495ns (30.523%)  route 1.128ns (69.477%))
  Logic Levels:           2  (LUT6=1 OBUF=1)
  Clock Uncertainty:      0.025ns  ((TSJ^2 + TIJ^2)^1/2 + DJ) / 2 + PE
    Total System Jitter     (TSJ):    0.050ns
    Total Input Jitter      (TIJ):    0.000ns
    Discrete Jitter          (DJ):    0.000ns
    Phase Error              (PE):    0.000ns
  Clock Net Delay (Source):      1.356ns (routing 0.705ns, distribution 0.651ns)

    Location             Delay type                Incr(ns)  Path(ns)    Netlist Resource(s)
  -------------------------------------------------------------------    -------------------
                         (clock clk rise edge)        0.000     0.000 r  
    P11                                               0.000     0.000 r  clk (IN)
                         net (fo=0)                   0.000     0.000    clk_IBUF_inst/I
    P11                  INBUF (Prop_INBUF_HPIOB_M_PAD_O)
                                                      0.183     0.183 r  clk_IBUF_inst/INBUF_INST/O
                         net (fo=1, routed)           0.000     0.183    clk_IBUF_inst/OUT
    P11                  IBUFCTRL (Prop_IBUFCTRL_HPIOB_M_I_O)
                                                      0.000     0.183 r  clk_IBUF_inst/IBUFCTRL_INST/O
                         net (fo=1, routed)           0.149     0.332    clk_IBUF
    BUFGCE_X0Y77         BUFGCE (Prop_BUFCE_BUFGCE_I_O)
                                                      0.017     0.349 r  clk_IBUF_BUFG_inst/O
    X2Y1 (CLOCK_ROOT)    net (fo=6241, routed)        1.356     1.705    clk_IBUF_BUFG
    SLICE_X88Y36         FDCE                                         r  counter_reg[9]/C
  -------------------------------------------------------------------    -------------------
    SLICE_X88Y36         FDCE (Prop_EFF_SLICEM_C_Q)
                                                      0.038     1.743 r  counter_reg[9]/Q
                         net (fo=54, routed)          0.079     1.821    counter_reg_n_0_[9]
    SLICE_X88Y39         LUT6 (Prop_H6LUT_SLICEM_I2_O)
                                                      0.061     1.882 r  addr1_OBUF[7]_inst_i_1/O
                         net (fo=1, routed)           1.049     2.931    addr1_OBUF[7]
    AA1                  OBUF (Prop_OUTBUF_HPIOB_S_I_O)
                                                      0.396     3.328 r  addr1_OBUF[7]_inst/O
                         net (fo=0)                   0.000     3.328    addr1[7]
    AA1                                                               r  addr1[7] (OUT)
  -------------------------------------------------------------------    -------------------

Slack:                    inf
  Source:                 counter_reg[9]/C
                            (rising edge-triggered cell FDCE clocked by clk  {rise@0.000ns fall@2.500ns period=5.000ns})
  Destination:            addr0[7]
                            (output port)
  Path Group:             (none)
  Path Type:              Min at Fast Process Corner
  Data Path Delay:        1.627ns  (logic 0.473ns (29.051%)  route 1.154ns (70.949%))
  Logic Levels:           2  (LUT6=1 OBUF=1)
  Clock Uncertainty:      0.025ns  ((TSJ^2 + TIJ^2)^1/2 + DJ) / 2 + PE
    Total System Jitter     (TSJ):    0.050ns
    Total Input Jitter      (TIJ):    0.000ns
    Discrete Jitter          (DJ):    0.000ns
    Phase Error              (PE):    0.000ns
  Clock Net Delay (Source):      1.356ns (routing 0.705ns, distribution 0.651ns)

    Location             Delay type                Incr(ns)  Path(ns)    Netlist Resource(s)
  -------------------------------------------------------------------    -------------------
                         (clock clk rise edge)        0.000     0.000 r  
    P11                                               0.000     0.000 r  clk (IN)
                         net (fo=0)                   0.000     0.000    clk_IBUF_inst/I
    P11                  INBUF (Prop_INBUF_HPIOB_M_PAD_O)
                                                      0.183     0.183 r  clk_IBUF_inst/INBUF_INST/O
                         net (fo=1, routed)           0.000     0.183    clk_IBUF_inst/OUT
    P11                  IBUFCTRL (Prop_IBUFCTRL_HPIOB_M_I_O)
                                                      0.000     0.183 r  clk_IBUF_inst/IBUFCTRL_INST/O
                         net (fo=1, routed)           0.149     0.332    clk_IBUF
    BUFGCE_X0Y77         BUFGCE (Prop_BUFCE_BUFGCE_I_O)
                                                      0.017     0.349 r  clk_IBUF_BUFG_inst/O
    X2Y1 (CLOCK_ROOT)    net (fo=6241, routed)        1.356     1.705    clk_IBUF_BUFG
    SLICE_X88Y36         FDCE                                         r  counter_reg[9]/C
  -------------------------------------------------------------------    -------------------
    SLICE_X88Y36         FDCE (Prop_EFF_SLICEM_C_Q)
                                                      0.038     1.743 r  counter_reg[9]/Q
                         net (fo=54, routed)          0.095     1.838    counter_reg_n_0_[9]
    SLICE_X88Y40         LUT6 (Prop_G6LUT_SLICEM_I2_O)
                                                      0.050     1.888 r  addr0_OBUF[7]_inst_i_1/O
                         net (fo=1, routed)           1.059     2.947    addr0_OBUF[7]
    T12                  OBUF (Prop_OUTBUF_HPIOB_M_I_O)
                                                      0.385     3.332 r  addr0_OBUF[7]_inst/O
                         net (fo=0)                   0.000     3.332    addr0[7]
    T12                                                               r  addr0[7] (OUT)
  -------------------------------------------------------------------    -------------------

Slack:                    inf
  Source:                 waddr2_reg[1]_rep__4/C
                            (rising edge-triggered cell FDCE clocked by clk  {rise@0.000ns fall@2.500ns period=5.000ns})
  Destination:            addr1[1]
                            (output port)
  Path Group:             (none)
  Path Type:              Min at Fast Process Corner
  Data Path Delay:        1.686ns  (logic 0.474ns (28.112%)  route 1.212ns (71.888%))
  Logic Levels:           2  (LUT6=1 OBUF=1)
  Clock Uncertainty:      0.025ns  ((TSJ^2 + TIJ^2)^1/2 + DJ) / 2 + PE
    Total System Jitter     (TSJ):    0.050ns
    Total Input Jitter      (TIJ):    0.000ns
    Discrete Jitter          (DJ):    0.000ns
    Phase Error              (PE):    0.000ns
  Clock Net Delay (Source):      1.334ns (routing 0.705ns, distribution 0.629ns)

    Location             Delay type                Incr(ns)  Path(ns)    Netlist Resource(s)
  -------------------------------------------------------------------    -------------------
                         (clock clk rise edge)        0.000     0.000 r  
    P11                                               0.000     0.000 r  clk (IN)
                         net (fo=0)                   0.000     0.000    clk_IBUF_inst/I
    P11                  INBUF (Prop_INBUF_HPIOB_M_PAD_O)
                                                      0.183     0.183 r  clk_IBUF_inst/INBUF_INST/O
                         net (fo=1, routed)           0.000     0.183    clk_IBUF_inst/OUT
    P11                  IBUFCTRL (Prop_IBUFCTRL_HPIOB_M_I_O)
                                                      0.000     0.183 r  clk_IBUF_inst/IBUFCTRL_INST/O
                         net (fo=1, routed)           0.149     0.332    clk_IBUF
    BUFGCE_X0Y77         BUFGCE (Prop_BUFCE_BUFGCE_I_O)
                                                      0.017     0.349 r  clk_IBUF_BUFG_inst/O
    X2Y1 (CLOCK_ROOT)    net (fo=6241, routed)        1.334     1.683    clk_IBUF_BUFG
    SLICE_X85Y34         FDCE                                         r  waddr2_reg[1]_rep__4/C
  -------------------------------------------------------------------    -------------------
    SLICE_X85Y34         FDCE (Prop_EFF_SLICEM_C_Q)
                                                      0.038     1.721 r  waddr2_reg[1]_rep__4/Q
                         net (fo=86, routed)          0.103     1.824    waddr2_reg[1]_rep__4_n_0
    SLICE_X85Y41         LUT6 (Prop_B6LUT_SLICEM_I0_O)
                                                      0.041     1.865 r  addr1_OBUF[1]_inst_i_1/O
                         net (fo=1, routed)           1.109     2.974    addr1_OBUF[1]
    W1                   OBUF (Prop_OUTBUF_HPIOB_S_I_O)
                                                      0.395     3.369 r  addr1_OBUF[1]_inst/O
                         net (fo=0)                   0.000     3.369    addr1[1]
    W1                                                                r  addr1[1] (OUT)
  -------------------------------------------------------------------    -------------------

Slack:                    inf
  Source:                 FSM_sequential_state_reg[0]/C
                            (rising edge-triggered cell FDCE clocked by clk  {rise@0.000ns fall@2.500ns period=5.000ns})
  Destination:            output_valid
                            (output port)
  Path Group:             (none)
  Path Type:              Min at Fast Process Corner
  Data Path Delay:        1.672ns  (logic 0.472ns (28.210%)  route 1.201ns (71.790%))
  Logic Levels:           2  (LUT6=1 OBUF=1)
  Clock Uncertainty:      0.025ns  ((TSJ^2 + TIJ^2)^1/2 + DJ) / 2 + PE
    Total System Jitter     (TSJ):    0.050ns
    Total Input Jitter      (TIJ):    0.000ns
    Discrete Jitter          (DJ):    0.000ns
    Phase Error              (PE):    0.000ns
  Clock Net Delay (Source):      1.355ns (routing 0.705ns, distribution 0.650ns)

    Location             Delay type                Incr(ns)  Path(ns)    Netlist Resource(s)
  -------------------------------------------------------------------    -------------------
                         (clock clk rise edge)        0.000     0.000 r  
    P11                                               0.000     0.000 r  clk (IN)
                         net (fo=0)                   0.000     0.000    clk_IBUF_inst/I
    P11                  INBUF (Prop_INBUF_HPIOB_M_PAD_O)
                                                      0.183     0.183 r  clk_IBUF_inst/INBUF_INST/O
                         net (fo=1, routed)           0.000     0.183    clk_IBUF_inst/OUT
    P11                  IBUFCTRL (Prop_IBUFCTRL_HPIOB_M_I_O)
                                                      0.000     0.183 r  clk_IBUF_inst/IBUFCTRL_INST/O
                         net (fo=1, routed)           0.149     0.332    clk_IBUF
    BUFGCE_X0Y77         BUFGCE (Prop_BUFCE_BUFGCE_I_O)
                                                      0.017     0.349 r  clk_IBUF_BUFG_inst/O
    X2Y1 (CLOCK_ROOT)    net (fo=6241, routed)        1.355     1.704    clk_IBUF_BUFG
    SLICE_X88Y34         FDCE                                         r  FSM_sequential_state_reg[0]/C
  -------------------------------------------------------------------    -------------------
    SLICE_X88Y34         FDCE (Prop_HFF2_SLICEM_C_Q)
                                                      0.039     1.743 f  FSM_sequential_state_reg[0]/Q
                         net (fo=189, routed)         0.275     2.017    ostate_OBUF[0]
    SLICE_X89Y71         LUT6 (Prop_G6LUT_SLICEL_I3_O)
                                                      0.035     2.052 r  output_valid_OBUF_inst_i_1/O
                         net (fo=1, routed)           0.926     2.978    output_valid_OBUF
    T13                  OBUF (Prop_OUTBUF_HPIOB_M_I_O)
                                                      0.398     3.376 r  output_valid_OBUF_inst/O
                         net (fo=0)                   0.000     3.376    output_valid
    T13                                                               r  output_valid (OUT)
  -------------------------------------------------------------------    -------------------

Slack:                    inf
  Source:                 counter_reg[10]/C
                            (rising edge-triggered cell FDCE clocked by clk  {rise@0.000ns fall@2.500ns period=5.000ns})
  Destination:            addr0[6]
                            (output port)
  Path Group:             (none)
  Path Type:              Min at Fast Process Corner
  Data Path Delay:        1.681ns  (logic 0.489ns (29.086%)  route 1.192ns (70.914%))
  Logic Levels:           2  (LUT6=1 OBUF=1)
  Clock Uncertainty:      0.025ns  ((TSJ^2 + TIJ^2)^1/2 + DJ) / 2 + PE
    Total System Jitter     (TSJ):    0.050ns
    Total Input Jitter      (TIJ):    0.000ns
    Discrete Jitter          (DJ):    0.000ns
    Phase Error              (PE):    0.000ns
  Clock Net Delay (Source):      1.357ns (routing 0.705ns, distribution 0.652ns)

    Location             Delay type                Incr(ns)  Path(ns)    Netlist Resource(s)
  -------------------------------------------------------------------    -------------------
                         (clock clk rise edge)        0.000     0.000 r  
    P11                                               0.000     0.000 r  clk (IN)
                         net (fo=0)                   0.000     0.000    clk_IBUF_inst/I
    P11                  INBUF (Prop_INBUF_HPIOB_M_PAD_O)
                                                      0.183     0.183 r  clk_IBUF_inst/INBUF_INST/O
                         net (fo=1, routed)           0.000     0.183    clk_IBUF_inst/OUT
    P11                  IBUFCTRL (Prop_IBUFCTRL_HPIOB_M_I_O)
                                                      0.000     0.183 r  clk_IBUF_inst/IBUFCTRL_INST/O
                         net (fo=1, routed)           0.149     0.332    clk_IBUF
    BUFGCE_X0Y77         BUFGCE (Prop_BUFCE_BUFGCE_I_O)
                                                      0.017     0.349 r  clk_IBUF_BUFG_inst/O
    X2Y1 (CLOCK_ROOT)    net (fo=6241, routed)        1.357     1.706    clk_IBUF_BUFG
    SLICE_X88Y36         FDCE                                         r  counter_reg[10]/C
  -------------------------------------------------------------------    -------------------
    SLICE_X88Y36         FDCE (Prop_CFF_SLICEM_C_Q)
                                                      0.038     1.744 r  counter_reg[10]/Q
                         net (fo=53, routed)          0.109     1.853    counter_reg_n_0_[10]
    SLICE_X88Y40         LUT6 (Prop_H6LUT_SLICEM_I4_O)
                                                      0.061     1.914 r  addr0_OBUF[6]_inst_i_1/O
                         net (fo=1, routed)           1.083     2.997    addr0_OBUF[6]
    V11                  OBUF (Prop_OUTBUF_HPIOB_S_I_O)
                                                      0.390     3.387 r  addr0_OBUF[6]_inst/O
                         net (fo=0)                   0.000     3.387    addr0[6]
    V11                                                               r  addr0[6] (OUT)
  -------------------------------------------------------------------    -------------------

Slack:                    inf
  Source:                 waddr1_reg[5]/C
                            (rising edge-triggered cell FDCE clocked by clk  {rise@0.000ns fall@2.500ns period=5.000ns})
  Destination:            addr0[5]
                            (output port)
  Path Group:             (none)
  Path Type:              Min at Fast Process Corner
  Data Path Delay:        1.772ns  (logic 0.445ns (25.103%)  route 1.327ns (74.897%))
  Logic Levels:           2  (LUT6=1 OBUF=1)
  Clock Uncertainty:      0.025ns  ((TSJ^2 + TIJ^2)^1/2 + DJ) / 2 + PE
    Total System Jitter     (TSJ):    0.050ns
    Total Input Jitter      (TIJ):    0.000ns
    Discrete Jitter          (DJ):    0.000ns
    Phase Error              (PE):    0.000ns
  Clock Net Delay (Source):      1.329ns (routing 0.705ns, distribution 0.624ns)

    Location             Delay type                Incr(ns)  Path(ns)    Netlist Resource(s)
  -------------------------------------------------------------------    -------------------
                         (clock clk rise edge)        0.000     0.000 r  
    P11                                               0.000     0.000 r  clk (IN)
                         net (fo=0)                   0.000     0.000    clk_IBUF_inst/I
    P11                  INBUF (Prop_INBUF_HPIOB_M_PAD_O)
                                                      0.183     0.183 r  clk_IBUF_inst/INBUF_INST/O
                         net (fo=1, routed)           0.000     0.183    clk_IBUF_inst/OUT
    P11                  IBUFCTRL (Prop_IBUFCTRL_HPIOB_M_I_O)
                                                      0.000     0.183 r  clk_IBUF_inst/IBUFCTRL_INST/O
                         net (fo=1, routed)           0.149     0.332    clk_IBUF
    BUFGCE_X0Y77         BUFGCE (Prop_BUFCE_BUFGCE_I_O)
                                                      0.017     0.349 r  clk_IBUF_BUFG_inst/O
    X2Y1 (CLOCK_ROOT)    net (fo=6241, routed)        1.329     1.678    clk_IBUF_BUFG
    SLICE_X84Y34         FDCE                                         r  waddr1_reg[5]/C
  -------------------------------------------------------------------    -------------------
    SLICE_X84Y34         FDCE (Prop_CFF_SLICEL_C_Q)
                                                      0.039     1.717 r  waddr1_reg[5]/Q
                         net (fo=94, routed)          0.148     1.865    waddr1[5]
    SLICE_X84Y45         LUT6 (Prop_D6LUT_SLICEL_I5_O)
                                                      0.014     1.879 r  addr0_OBUF[5]_inst_i_1/O
                         net (fo=1, routed)           1.179     3.058    addr0_OBUF[5]
    V12                  OBUF (Prop_OUTBUF_HPIOB_M_I_O)
                                                      0.392     3.450 r  addr0_OBUF[5]_inst/O
                         net (fo=0)                   0.000     3.450    addr0[5]
    V12                                                               r  addr0[5] (OUT)
  -------------------------------------------------------------------    -------------------

Slack:                    inf
  Source:                 din_a_reg[12]_rep__0/C
                            (rising edge-triggered cell FDCE clocked by clk  {rise@0.000ns fall@2.500ns period=5.000ns})
  Destination:            out0[12]
                            (output port)
  Path Group:             (none)
  Path Type:              Min at Fast Process Corner
  Data Path Delay:        1.759ns  (logic 0.501ns (28.503%)  route 1.258ns (71.497%))
  Logic Levels:           2  (LUT6=1 OBUF=1)
  Clock Uncertainty:      0.025ns  ((TSJ^2 + TIJ^2)^1/2 + DJ) / 2 + PE
    Total System Jitter     (TSJ):    0.050ns
    Total Input Jitter      (TIJ):    0.000ns
    Discrete Jitter          (DJ):    0.000ns
    Phase Error              (PE):    0.000ns
  Clock Net Delay (Source):      1.345ns (routing 0.705ns, distribution 0.640ns)

    Location             Delay type                Incr(ns)  Path(ns)    Netlist Resource(s)
  -------------------------------------------------------------------    -------------------
                         (clock clk rise edge)        0.000     0.000 r  
    P11                                               0.000     0.000 r  clk (IN)
                         net (fo=0)                   0.000     0.000    clk_IBUF_inst/I
    P11                  INBUF (Prop_INBUF_HPIOB_M_PAD_O)
                                                      0.183     0.183 r  clk_IBUF_inst/INBUF_INST/O
                         net (fo=1, routed)           0.000     0.183    clk_IBUF_inst/OUT
    P11                  IBUFCTRL (Prop_IBUFCTRL_HPIOB_M_I_O)
                                                      0.000     0.183 r  clk_IBUF_inst/IBUFCTRL_INST/O
                         net (fo=1, routed)           0.149     0.332    clk_IBUF
    BUFGCE_X0Y77         BUFGCE (Prop_BUFCE_BUFGCE_I_O)
                                                      0.017     0.349 r  clk_IBUF_BUFG_inst/O
    X2Y1 (CLOCK_ROOT)    net (fo=6241, routed)        1.345     1.694    clk_IBUF_BUFG
    SLICE_X87Y60         FDCE                                         r  din_a_reg[12]_rep__0/C
  -------------------------------------------------------------------    -------------------
    SLICE_X87Y60         FDCE (Prop_CFF_SLICEM_C_Q)
                                                      0.038     1.732 r  din_a_reg[12]_rep__0/Q
                         net (fo=72, routed)          0.149     1.881    din_a_reg[12]_rep__0_n_0
    SLICE_X90Y64         LUT6 (Prop_G6LUT_SLICEM_I5_O)
                                                      0.050     1.931 r  out0_OBUF[12]_inst_i_1/O
                         net (fo=1, routed)           1.109     3.040    out0_OBUF[12]
    L12                  OBUF (Prop_OUTBUF_HPIOB_M_I_O)
                                                      0.413     3.453 r  out0_OBUF[12]_inst/O
                         net (fo=0)                   0.000     3.453    out0[12]
    L12                                                               r  out0[12] (OUT)
  -------------------------------------------------------------------    -------------------





--------------------------------------------------------------------------------------
Path Group:  (none)
From Clock:  
  To Clock:  clk

Max Delay          6176 Endpoints
Min Delay          6176 Endpoints
--------------------------------------------------------------------------------------


Max Delay Paths
--------------------------------------------------------------------------------------
Slack:                    inf
  Source:                 rst_n
                            (input port)
  Destination:            MyReg_inst/mem_reg[135][4]/CLR
                            (recovery check against rising-edge clock clk  {rise@0.000ns fall@2.500ns period=5.000ns})
  Path Group:             (none)
  Path Type:              Recovery (Max at Slow Process Corner)
  Data Path Delay:        4.372ns  (logic 0.511ns (11.690%)  route 3.861ns (88.310%))
  Logic Levels:           2  (IBUFCTRL=1 INBUF=1)
  Clock Path Skew:        2.696ns (DCD - SCD + CPR)
    Destination Clock Delay (DCD):    2.696ns
    Source Clock Delay      (SCD):    0.000ns
    Clock Pessimism Removal (CPR):    0.000ns
  Clock Uncertainty:      0.025ns  ((TSJ^2 + TIJ^2)^1/2 + DJ) / 2 + PE
    Total System Jitter     (TSJ):    0.050ns
    Total Input Jitter      (TIJ):    0.000ns
    Discrete Jitter          (DJ):    0.000ns
    Phase Error              (PE):    0.000ns
  Clock Net Delay (Destination): 2.092ns (routing 1.173ns, distribution 0.919ns)

    Location             Delay type                Incr(ns)  Path(ns)    Netlist Resource(s)
  -------------------------------------------------------------------    -------------------
    W12                                               0.000     0.000 r  rst_n (IN)
                         net (fo=0)                   0.000     0.000    rst_n_IBUF_inst/I
    W12                  INBUF (Prop_INBUF_HPIOB_M_PAD_O)
                                                      0.511     0.511 r  rst_n_IBUF_inst/INBUF_INST/O
                         net (fo=1, routed)           0.000     0.511    rst_n_IBUF_inst/OUT
    W12                  IBUFCTRL (Prop_IBUFCTRL_HPIOB_M_I_O)
                                                      0.000     0.511 r  rst_n_IBUF_inst/IBUFCTRL_INST/O
                         net (fo=6085, routed)        3.861     4.372    MyReg_inst/rst_n_IBUF
    SLICE_X74Y1          FDCE                                         f  MyReg_inst/mem_reg[135][4]/CLR  (IS_INVERTED)
  -------------------------------------------------------------------    -------------------

                         (clock clk rise edge)        0.000     0.000 r  
    P11                                               0.000     0.000 r  clk (IN)
                         net (fo=0)                   0.000     0.000    clk_IBUF_inst/I
    P11                  INBUF (Prop_INBUF_HPIOB_M_PAD_O)
                                                      0.298     0.298 r  clk_IBUF_inst/INBUF_INST/O
                         net (fo=1, routed)           0.000     0.298    clk_IBUF_inst/OUT
    P11                  IBUFCTRL (Prop_IBUFCTRL_HPIOB_M_I_O)
                                                      0.000     0.298 r  clk_IBUF_inst/IBUFCTRL_INST/O
                         net (fo=1, routed)           0.282     0.580    clk_IBUF
    BUFGCE_X0Y77         BUFGCE (Prop_BUFCE_BUFGCE_I_O)
                                                      0.024     0.604 r  clk_IBUF_BUFG_inst/O
    X2Y1 (CLOCK_ROOT)    net (fo=6241, routed)        2.092     2.696    MyReg_inst/clk_IBUF_BUFG
    SLICE_X74Y1          FDCE                                         r  MyReg_inst/mem_reg[135][4]/C

Slack:                    inf
  Source:                 rst_n
                            (input port)
  Destination:            MyReg_inst/mem_reg[209][5]/CLR
                            (recovery check against rising-edge clock clk  {rise@0.000ns fall@2.500ns period=5.000ns})
  Path Group:             (none)
  Path Type:              Recovery (Max at Slow Process Corner)
  Data Path Delay:        4.372ns  (logic 0.511ns (11.690%)  route 3.861ns (88.310%))
  Logic Levels:           2  (IBUFCTRL=1 INBUF=1)
  Clock Path Skew:        2.696ns (DCD - SCD + CPR)
    Destination Clock Delay (DCD):    2.696ns
    Source Clock Delay      (SCD):    0.000ns
    Clock Pessimism Removal (CPR):    0.000ns
  Clock Uncertainty:      0.025ns  ((TSJ^2 + TIJ^2)^1/2 + DJ) / 2 + PE
    Total System Jitter     (TSJ):    0.050ns
    Total Input Jitter      (TIJ):    0.000ns
    Discrete Jitter          (DJ):    0.000ns
    Phase Error              (PE):    0.000ns
  Clock Net Delay (Destination): 2.092ns (routing 1.173ns, distribution 0.919ns)

    Location             Delay type                Incr(ns)  Path(ns)    Netlist Resource(s)
  -------------------------------------------------------------------    -------------------
    W12                                               0.000     0.000 r  rst_n (IN)
                         net (fo=0)                   0.000     0.000    rst_n_IBUF_inst/I
    W12                  INBUF (Prop_INBUF_HPIOB_M_PAD_O)
                                                      0.511     0.511 r  rst_n_IBUF_inst/INBUF_INST/O
                         net (fo=1, routed)           0.000     0.511    rst_n_IBUF_inst/OUT
    W12                  IBUFCTRL (Prop_IBUFCTRL_HPIOB_M_I_O)
                                                      0.000     0.511 r  rst_n_IBUF_inst/IBUFCTRL_INST/O
                         net (fo=6085, routed)        3.861     4.372    MyReg_inst/rst_n_IBUF
    SLICE_X74Y2          FDCE                                         f  MyReg_inst/mem_reg[209][5]/CLR  (IS_INVERTED)
  -------------------------------------------------------------------    -------------------

                         (clock clk rise edge)        0.000     0.000 r  
    P11                                               0.000     0.000 r  clk (IN)
                         net (fo=0)                   0.000     0.000    clk_IBUF_inst/I
    P11                  INBUF (Prop_INBUF_HPIOB_M_PAD_O)
                                                      0.298     0.298 r  clk_IBUF_inst/INBUF_INST/O
                         net (fo=1, routed)           0.000     0.298    clk_IBUF_inst/OUT
    P11                  IBUFCTRL (Prop_IBUFCTRL_HPIOB_M_I_O)
                                                      0.000     0.298 r  clk_IBUF_inst/IBUFCTRL_INST/O
                         net (fo=1, routed)           0.282     0.580    clk_IBUF
    BUFGCE_X0Y77         BUFGCE (Prop_BUFCE_BUFGCE_I_O)
                                                      0.024     0.604 r  clk_IBUF_BUFG_inst/O
    X2Y1 (CLOCK_ROOT)    net (fo=6241, routed)        2.092     2.696    MyReg_inst/clk_IBUF_BUFG
    SLICE_X74Y2          FDCE                                         r  MyReg_inst/mem_reg[209][5]/C

Slack:                    inf
  Source:                 rst_n
                            (input port)
  Destination:            MyReg_inst/mem_reg[210][5]/CLR
                            (recovery check against rising-edge clock clk  {rise@0.000ns fall@2.500ns period=5.000ns})
  Path Group:             (none)
  Path Type:              Recovery (Max at Slow Process Corner)
  Data Path Delay:        4.372ns  (logic 0.511ns (11.690%)  route 3.861ns (88.310%))
  Logic Levels:           2  (IBUFCTRL=1 INBUF=1)
  Clock Path Skew:        2.696ns (DCD - SCD + CPR)
    Destination Clock Delay (DCD):    2.696ns
    Source Clock Delay      (SCD):    0.000ns
    Clock Pessimism Removal (CPR):    0.000ns
  Clock Uncertainty:      0.025ns  ((TSJ^2 + TIJ^2)^1/2 + DJ) / 2 + PE
    Total System Jitter     (TSJ):    0.050ns
    Total Input Jitter      (TIJ):    0.000ns
    Discrete Jitter          (DJ):    0.000ns
    Phase Error              (PE):    0.000ns
  Clock Net Delay (Destination): 2.092ns (routing 1.173ns, distribution 0.919ns)

    Location             Delay type                Incr(ns)  Path(ns)    Netlist Resource(s)
  -------------------------------------------------------------------    -------------------
    W12                                               0.000     0.000 r  rst_n (IN)
                         net (fo=0)                   0.000     0.000    rst_n_IBUF_inst/I
    W12                  INBUF (Prop_INBUF_HPIOB_M_PAD_O)
                                                      0.511     0.511 r  rst_n_IBUF_inst/INBUF_INST/O
                         net (fo=1, routed)           0.000     0.511    rst_n_IBUF_inst/OUT
    W12                  IBUFCTRL (Prop_IBUFCTRL_HPIOB_M_I_O)
                                                      0.000     0.511 r  rst_n_IBUF_inst/IBUFCTRL_INST/O
                         net (fo=6085, routed)        3.861     4.372    MyReg_inst/rst_n_IBUF
    SLICE_X74Y2          FDCE                                         f  MyReg_inst/mem_reg[210][5]/CLR  (IS_INVERTED)
  -------------------------------------------------------------------    -------------------

                         (clock clk rise edge)        0.000     0.000 r  
    P11                                               0.000     0.000 r  clk (IN)
                         net (fo=0)                   0.000     0.000    clk_IBUF_inst/I
    P11                  INBUF (Prop_INBUF_HPIOB_M_PAD_O)
                                                      0.298     0.298 r  clk_IBUF_inst/INBUF_INST/O
                         net (fo=1, routed)           0.000     0.298    clk_IBUF_inst/OUT
    P11                  IBUFCTRL (Prop_IBUFCTRL_HPIOB_M_I_O)
                                                      0.000     0.298 r  clk_IBUF_inst/IBUFCTRL_INST/O
                         net (fo=1, routed)           0.282     0.580    clk_IBUF
    BUFGCE_X0Y77         BUFGCE (Prop_BUFCE_BUFGCE_I_O)
                                                      0.024     0.604 r  clk_IBUF_BUFG_inst/O
    X2Y1 (CLOCK_ROOT)    net (fo=6241, routed)        2.092     2.696    MyReg_inst/clk_IBUF_BUFG
    SLICE_X74Y2          FDCE                                         r  MyReg_inst/mem_reg[210][5]/C

Slack:                    inf
  Source:                 rst_n
                            (input port)
  Destination:            MyReg_inst/mem_reg[132][3]/CLR
                            (recovery check against rising-edge clock clk  {rise@0.000ns fall@2.500ns period=5.000ns})
  Path Group:             (none)
  Path Type:              Recovery (Max at Slow Process Corner)
  Data Path Delay:        4.370ns  (logic 0.511ns (11.696%)  route 3.859ns (88.304%))
  Logic Levels:           2  (IBUFCTRL=1 INBUF=1)
  Clock Path Skew:        2.694ns (DCD - SCD + CPR)
    Destination Clock Delay (DCD):    2.694ns
    Source Clock Delay      (SCD):    0.000ns
    Clock Pessimism Removal (CPR):    0.000ns
  Clock Uncertainty:      0.025ns  ((TSJ^2 + TIJ^2)^1/2 + DJ) / 2 + PE
    Total System Jitter     (TSJ):    0.050ns
    Total Input Jitter      (TIJ):    0.000ns
    Discrete Jitter          (DJ):    0.000ns
    Phase Error              (PE):    0.000ns
  Clock Net Delay (Destination): 2.090ns (routing 1.173ns, distribution 0.917ns)

    Location             Delay type                Incr(ns)  Path(ns)    Netlist Resource(s)
  -------------------------------------------------------------------    -------------------
    W12                                               0.000     0.000 r  rst_n (IN)
                         net (fo=0)                   0.000     0.000    rst_n_IBUF_inst/I
    W12                  INBUF (Prop_INBUF_HPIOB_M_PAD_O)
                                                      0.511     0.511 r  rst_n_IBUF_inst/INBUF_INST/O
                         net (fo=1, routed)           0.000     0.511    rst_n_IBUF_inst/OUT
    W12                  IBUFCTRL (Prop_IBUFCTRL_HPIOB_M_I_O)
                                                      0.000     0.511 r  rst_n_IBUF_inst/IBUFCTRL_INST/O
                         net (fo=6085, routed)        3.859     4.370    MyReg_inst/rst_n_IBUF
    SLICE_X74Y8          FDCE                                         f  MyReg_inst/mem_reg[132][3]/CLR  (IS_INVERTED)
  -------------------------------------------------------------------    -------------------

                         (clock clk rise edge)        0.000     0.000 r  
    P11                                               0.000     0.000 r  clk (IN)
                         net (fo=0)                   0.000     0.000    clk_IBUF_inst/I
    P11                  INBUF (Prop_INBUF_HPIOB_M_PAD_O)
                                                      0.298     0.298 r  clk_IBUF_inst/INBUF_INST/O
                         net (fo=1, routed)           0.000     0.298    clk_IBUF_inst/OUT
    P11                  IBUFCTRL (Prop_IBUFCTRL_HPIOB_M_I_O)
                                                      0.000     0.298 r  clk_IBUF_inst/IBUFCTRL_INST/O
                         net (fo=1, routed)           0.282     0.580    clk_IBUF
    BUFGCE_X0Y77         BUFGCE (Prop_BUFCE_BUFGCE_I_O)
                                                      0.024     0.604 r  clk_IBUF_BUFG_inst/O
    X2Y1 (CLOCK_ROOT)    net (fo=6241, routed)        2.090     2.694    MyReg_inst/clk_IBUF_BUFG
    SLICE_X74Y8          FDCE                                         r  MyReg_inst/mem_reg[132][3]/C

Slack:                    inf
  Source:                 rst_n
                            (input port)
  Destination:            MyReg_inst/mem_reg[217][5]/CLR
                            (recovery check against rising-edge clock clk  {rise@0.000ns fall@2.500ns period=5.000ns})
  Path Group:             (none)
  Path Type:              Recovery (Max at Slow Process Corner)
  Data Path Delay:        4.369ns  (logic 0.511ns (11.699%)  route 3.858ns (88.301%))
  Logic Levels:           2  (IBUFCTRL=1 INBUF=1)
  Clock Path Skew:        2.695ns (DCD - SCD + CPR)
    Destination Clock Delay (DCD):    2.695ns
    Source Clock Delay      (SCD):    0.000ns
    Clock Pessimism Removal (CPR):    0.000ns
  Clock Uncertainty:      0.025ns  ((TSJ^2 + TIJ^2)^1/2 + DJ) / 2 + PE
    Total System Jitter     (TSJ):    0.050ns
    Total Input Jitter      (TIJ):    0.000ns
    Discrete Jitter          (DJ):    0.000ns
    Phase Error              (PE):    0.000ns
  Clock Net Delay (Destination): 2.091ns (routing 1.173ns, distribution 0.918ns)

    Location             Delay type                Incr(ns)  Path(ns)    Netlist Resource(s)
  -------------------------------------------------------------------    -------------------
    W12                                               0.000     0.000 r  rst_n (IN)
                         net (fo=0)                   0.000     0.000    rst_n_IBUF_inst/I
    W12                  INBUF (Prop_INBUF_HPIOB_M_PAD_O)
                                                      0.511     0.511 r  rst_n_IBUF_inst/INBUF_INST/O
                         net (fo=1, routed)           0.000     0.511    rst_n_IBUF_inst/OUT
    W12                  IBUFCTRL (Prop_IBUFCTRL_HPIOB_M_I_O)
                                                      0.000     0.511 r  rst_n_IBUF_inst/IBUFCTRL_INST/O
                         net (fo=6085, routed)        3.858     4.369    MyReg_inst/rst_n_IBUF
    SLICE_X74Y2          FDCE                                         f  MyReg_inst/mem_reg[217][5]/CLR  (IS_INVERTED)
  -------------------------------------------------------------------    -------------------

                         (clock clk rise edge)        0.000     0.000 r  
    P11                                               0.000     0.000 r  clk (IN)
                         net (fo=0)                   0.000     0.000    clk_IBUF_inst/I
    P11                  INBUF (Prop_INBUF_HPIOB_M_PAD_O)
                                                      0.298     0.298 r  clk_IBUF_inst/INBUF_INST/O
                         net (fo=1, routed)           0.000     0.298    clk_IBUF_inst/OUT
    P11                  IBUFCTRL (Prop_IBUFCTRL_HPIOB_M_I_O)
                                                      0.000     0.298 r  clk_IBUF_inst/IBUFCTRL_INST/O
                         net (fo=1, routed)           0.282     0.580    clk_IBUF
    BUFGCE_X0Y77         BUFGCE (Prop_BUFCE_BUFGCE_I_O)
                                                      0.024     0.604 r  clk_IBUF_BUFG_inst/O
    X2Y1 (CLOCK_ROOT)    net (fo=6241, routed)        2.091     2.695    MyReg_inst/clk_IBUF_BUFG
    SLICE_X74Y2          FDCE                                         r  MyReg_inst/mem_reg[217][5]/C

Slack:                    inf
  Source:                 rst_n
                            (input port)
  Destination:            MyReg_inst/mem_reg[217][7]/CLR
                            (recovery check against rising-edge clock clk  {rise@0.000ns fall@2.500ns period=5.000ns})
  Path Group:             (none)
  Path Type:              Recovery (Max at Slow Process Corner)
  Data Path Delay:        4.369ns  (logic 0.511ns (11.699%)  route 3.858ns (88.301%))
  Logic Levels:           2  (IBUFCTRL=1 INBUF=1)
  Clock Path Skew:        2.695ns (DCD - SCD + CPR)
    Destination Clock Delay (DCD):    2.695ns
    Source Clock Delay      (SCD):    0.000ns
    Clock Pessimism Removal (CPR):    0.000ns
  Clock Uncertainty:      0.025ns  ((TSJ^2 + TIJ^2)^1/2 + DJ) / 2 + PE
    Total System Jitter     (TSJ):    0.050ns
    Total Input Jitter      (TIJ):    0.000ns
    Discrete Jitter          (DJ):    0.000ns
    Phase Error              (PE):    0.000ns
  Clock Net Delay (Destination): 2.091ns (routing 1.173ns, distribution 0.918ns)

    Location             Delay type                Incr(ns)  Path(ns)    Netlist Resource(s)
  -------------------------------------------------------------------    -------------------
    W12                                               0.000     0.000 r  rst_n (IN)
                         net (fo=0)                   0.000     0.000    rst_n_IBUF_inst/I
    W12                  INBUF (Prop_INBUF_HPIOB_M_PAD_O)
                                                      0.511     0.511 r  rst_n_IBUF_inst/INBUF_INST/O
                         net (fo=1, routed)           0.000     0.511    rst_n_IBUF_inst/OUT
    W12                  IBUFCTRL (Prop_IBUFCTRL_HPIOB_M_I_O)
                                                      0.000     0.511 r  rst_n_IBUF_inst/IBUFCTRL_INST/O
                         net (fo=6085, routed)        3.858     4.369    MyReg_inst/rst_n_IBUF
    SLICE_X74Y2          FDCE                                         f  MyReg_inst/mem_reg[217][7]/CLR  (IS_INVERTED)
  -------------------------------------------------------------------    -------------------

                         (clock clk rise edge)        0.000     0.000 r  
    P11                                               0.000     0.000 r  clk (IN)
                         net (fo=0)                   0.000     0.000    clk_IBUF_inst/I
    P11                  INBUF (Prop_INBUF_HPIOB_M_PAD_O)
                                                      0.298     0.298 r  clk_IBUF_inst/INBUF_INST/O
                         net (fo=1, routed)           0.000     0.298    clk_IBUF_inst/OUT
    P11                  IBUFCTRL (Prop_IBUFCTRL_HPIOB_M_I_O)
                                                      0.000     0.298 r  clk_IBUF_inst/IBUFCTRL_INST/O
                         net (fo=1, routed)           0.282     0.580    clk_IBUF
    BUFGCE_X0Y77         BUFGCE (Prop_BUFCE_BUFGCE_I_O)
                                                      0.024     0.604 r  clk_IBUF_BUFG_inst/O
    X2Y1 (CLOCK_ROOT)    net (fo=6241, routed)        2.091     2.695    MyReg_inst/clk_IBUF_BUFG
    SLICE_X74Y2          FDCE                                         r  MyReg_inst/mem_reg[217][7]/C

Slack:                    inf
  Source:                 rst_n
                            (input port)
  Destination:            MyReg_inst/mem_reg[223][4]/CLR
                            (recovery check against rising-edge clock clk  {rise@0.000ns fall@2.500ns period=5.000ns})
  Path Group:             (none)
  Path Type:              Recovery (Max at Slow Process Corner)
  Data Path Delay:        4.369ns  (logic 0.511ns (11.699%)  route 3.858ns (88.301%))
  Logic Levels:           2  (IBUFCTRL=1 INBUF=1)
  Clock Path Skew:        2.695ns (DCD - SCD + CPR)
    Destination Clock Delay (DCD):    2.695ns
    Source Clock Delay      (SCD):    0.000ns
    Clock Pessimism Removal (CPR):    0.000ns
  Clock Uncertainty:      0.025ns  ((TSJ^2 + TIJ^2)^1/2 + DJ) / 2 + PE
    Total System Jitter     (TSJ):    0.050ns
    Total Input Jitter      (TIJ):    0.000ns
    Discrete Jitter          (DJ):    0.000ns
    Phase Error              (PE):    0.000ns
  Clock Net Delay (Destination): 2.091ns (routing 1.173ns, distribution 0.918ns)

    Location             Delay type                Incr(ns)  Path(ns)    Netlist Resource(s)
  -------------------------------------------------------------------    -------------------
    W12                                               0.000     0.000 r  rst_n (IN)
                         net (fo=0)                   0.000     0.000    rst_n_IBUF_inst/I
    W12                  INBUF (Prop_INBUF_HPIOB_M_PAD_O)
                                                      0.511     0.511 r  rst_n_IBUF_inst/INBUF_INST/O
                         net (fo=1, routed)           0.000     0.511    rst_n_IBUF_inst/OUT
    W12                  IBUFCTRL (Prop_IBUFCTRL_HPIOB_M_I_O)
                                                      0.000     0.511 r  rst_n_IBUF_inst/IBUFCTRL_INST/O
                         net (fo=6085, routed)        3.858     4.369    MyReg_inst/rst_n_IBUF
    SLICE_X74Y1          FDCE                                         f  MyReg_inst/mem_reg[223][4]/CLR  (IS_INVERTED)
  -------------------------------------------------------------------    -------------------

                         (clock clk rise edge)        0.000     0.000 r  
    P11                                               0.000     0.000 r  clk (IN)
                         net (fo=0)                   0.000     0.000    clk_IBUF_inst/I
    P11                  INBUF (Prop_INBUF_HPIOB_M_PAD_O)
                                                      0.298     0.298 r  clk_IBUF_inst/INBUF_INST/O
                         net (fo=1, routed)           0.000     0.298    clk_IBUF_inst/OUT
    P11                  IBUFCTRL (Prop_IBUFCTRL_HPIOB_M_I_O)
                                                      0.000     0.298 r  clk_IBUF_inst/IBUFCTRL_INST/O
                         net (fo=1, routed)           0.282     0.580    clk_IBUF
    BUFGCE_X0Y77         BUFGCE (Prop_BUFCE_BUFGCE_I_O)
                                                      0.024     0.604 r  clk_IBUF_BUFG_inst/O
    X2Y1 (CLOCK_ROOT)    net (fo=6241, routed)        2.091     2.695    MyReg_inst/clk_IBUF_BUFG
    SLICE_X74Y1          FDCE                                         r  MyReg_inst/mem_reg[223][4]/C

Slack:                    inf
  Source:                 rst_n
                            (input port)
  Destination:            MyReg_inst/mem_reg[223][5]/CLR
                            (recovery check against rising-edge clock clk  {rise@0.000ns fall@2.500ns period=5.000ns})
  Path Group:             (none)
  Path Type:              Recovery (Max at Slow Process Corner)
  Data Path Delay:        4.369ns  (logic 0.511ns (11.699%)  route 3.858ns (88.301%))
  Logic Levels:           2  (IBUFCTRL=1 INBUF=1)
  Clock Path Skew:        2.695ns (DCD - SCD + CPR)
    Destination Clock Delay (DCD):    2.695ns
    Source Clock Delay      (SCD):    0.000ns
    Clock Pessimism Removal (CPR):    0.000ns
  Clock Uncertainty:      0.025ns  ((TSJ^2 + TIJ^2)^1/2 + DJ) / 2 + PE
    Total System Jitter     (TSJ):    0.050ns
    Total Input Jitter      (TIJ):    0.000ns
    Discrete Jitter          (DJ):    0.000ns
    Phase Error              (PE):    0.000ns
  Clock Net Delay (Destination): 2.091ns (routing 1.173ns, distribution 0.918ns)

    Location             Delay type                Incr(ns)  Path(ns)    Netlist Resource(s)
  -------------------------------------------------------------------    -------------------
    W12                                               0.000     0.000 r  rst_n (IN)
                         net (fo=0)                   0.000     0.000    rst_n_IBUF_inst/I
    W12                  INBUF (Prop_INBUF_HPIOB_M_PAD_O)
                                                      0.511     0.511 r  rst_n_IBUF_inst/INBUF_INST/O
                         net (fo=1, routed)           0.000     0.511    rst_n_IBUF_inst/OUT
    W12                  IBUFCTRL (Prop_IBUFCTRL_HPIOB_M_I_O)
                                                      0.000     0.511 r  rst_n_IBUF_inst/IBUFCTRL_INST/O
                         net (fo=6085, routed)        3.858     4.369    MyReg_inst/rst_n_IBUF
    SLICE_X74Y1          FDCE                                         f  MyReg_inst/mem_reg[223][5]/CLR  (IS_INVERTED)
  -------------------------------------------------------------------    -------------------

                         (clock clk rise edge)        0.000     0.000 r  
    P11                                               0.000     0.000 r  clk (IN)
                         net (fo=0)                   0.000     0.000    clk_IBUF_inst/I
    P11                  INBUF (Prop_INBUF_HPIOB_M_PAD_O)
                                                      0.298     0.298 r  clk_IBUF_inst/INBUF_INST/O
                         net (fo=1, routed)           0.000     0.298    clk_IBUF_inst/OUT
    P11                  IBUFCTRL (Prop_IBUFCTRL_HPIOB_M_I_O)
                                                      0.000     0.298 r  clk_IBUF_inst/IBUFCTRL_INST/O
                         net (fo=1, routed)           0.282     0.580    clk_IBUF
    BUFGCE_X0Y77         BUFGCE (Prop_BUFCE_BUFGCE_I_O)
                                                      0.024     0.604 r  clk_IBUF_BUFG_inst/O
    X2Y1 (CLOCK_ROOT)    net (fo=6241, routed)        2.091     2.695    MyReg_inst/clk_IBUF_BUFG
    SLICE_X74Y1          FDCE                                         r  MyReg_inst/mem_reg[223][5]/C

Slack:                    inf
  Source:                 rst_n
                            (input port)
  Destination:            MyReg_inst/mem_reg[42][2]/CLR
                            (recovery check against rising-edge clock clk  {rise@0.000ns fall@2.500ns period=5.000ns})
  Path Group:             (none)
  Path Type:              Recovery (Max at Slow Process Corner)
  Data Path Delay:        4.369ns  (logic 0.511ns (11.699%)  route 3.858ns (88.301%))
  Logic Levels:           2  (IBUFCTRL=1 INBUF=1)
  Clock Path Skew:        2.694ns (DCD - SCD + CPR)
    Destination Clock Delay (DCD):    2.694ns
    Source Clock Delay      (SCD):    0.000ns
    Clock Pessimism Removal (CPR):    0.000ns
  Clock Uncertainty:      0.025ns  ((TSJ^2 + TIJ^2)^1/2 + DJ) / 2 + PE
    Total System Jitter     (TSJ):    0.050ns
    Total Input Jitter      (TIJ):    0.000ns
    Discrete Jitter          (DJ):    0.000ns
    Phase Error              (PE):    0.000ns
  Clock Net Delay (Destination): 2.090ns (routing 1.173ns, distribution 0.917ns)

    Location             Delay type                Incr(ns)  Path(ns)    Netlist Resource(s)
  -------------------------------------------------------------------    -------------------
    W12                                               0.000     0.000 r  rst_n (IN)
                         net (fo=0)                   0.000     0.000    rst_n_IBUF_inst/I
    W12                  INBUF (Prop_INBUF_HPIOB_M_PAD_O)
                                                      0.511     0.511 r  rst_n_IBUF_inst/INBUF_INST/O
                         net (fo=1, routed)           0.000     0.511    rst_n_IBUF_inst/OUT
    W12                  IBUFCTRL (Prop_IBUFCTRL_HPIOB_M_I_O)
                                                      0.000     0.511 r  rst_n_IBUF_inst/IBUFCTRL_INST/O
                         net (fo=6085, routed)        3.858     4.369    MyReg_inst/rst_n_IBUF
    SLICE_X74Y10         FDCE                                         f  MyReg_inst/mem_reg[42][2]/CLR  (IS_INVERTED)
  -------------------------------------------------------------------    -------------------

                         (clock clk rise edge)        0.000     0.000 r  
    P11                                               0.000     0.000 r  clk (IN)
                         net (fo=0)                   0.000     0.000    clk_IBUF_inst/I
    P11                  INBUF (Prop_INBUF_HPIOB_M_PAD_O)
                                                      0.298     0.298 r  clk_IBUF_inst/INBUF_INST/O
                         net (fo=1, routed)           0.000     0.298    clk_IBUF_inst/OUT
    P11                  IBUFCTRL (Prop_IBUFCTRL_HPIOB_M_I_O)
                                                      0.000     0.298 r  clk_IBUF_inst/IBUFCTRL_INST/O
                         net (fo=1, routed)           0.282     0.580    clk_IBUF
    BUFGCE_X0Y77         BUFGCE (Prop_BUFCE_BUFGCE_I_O)
                                                      0.024     0.604 r  clk_IBUF_BUFG_inst/O
    X2Y1 (CLOCK_ROOT)    net (fo=6241, routed)        2.090     2.694    MyReg_inst/clk_IBUF_BUFG
    SLICE_X74Y10         FDCE                                         r  MyReg_inst/mem_reg[42][2]/C

Slack:                    inf
  Source:                 rst_n
                            (input port)
  Destination:            bu_ntt0/regA_reg[6]/CLR
                            (recovery check against rising-edge clock clk  {rise@0.000ns fall@2.500ns period=5.000ns})
  Path Group:             (none)
  Path Type:              Recovery (Max at Slow Process Corner)
  Data Path Delay:        4.369ns  (logic 0.511ns (11.699%)  route 3.858ns (88.301%))
  Logic Levels:           2  (IBUFCTRL=1 INBUF=1)
  Clock Path Skew:        2.693ns (DCD - SCD + CPR)
    Destination Clock Delay (DCD):    2.693ns
    Source Clock Delay      (SCD):    0.000ns
    Clock Pessimism Removal (CPR):    0.000ns
  Clock Uncertainty:      0.025ns  ((TSJ^2 + TIJ^2)^1/2 + DJ) / 2 + PE
    Total System Jitter     (TSJ):    0.050ns
    Total Input Jitter      (TIJ):    0.000ns
    Discrete Jitter          (DJ):    0.000ns
    Phase Error              (PE):    0.000ns
  Clock Net Delay (Destination): 2.089ns (routing 1.173ns, distribution 0.916ns)

    Location             Delay type                Incr(ns)  Path(ns)    Netlist Resource(s)
  -------------------------------------------------------------------    -------------------
    W12                                               0.000     0.000 r  rst_n (IN)
                         net (fo=0)                   0.000     0.000    rst_n_IBUF_inst/I
    W12                  INBUF (Prop_INBUF_HPIOB_M_PAD_O)
                                                      0.511     0.511 r  rst_n_IBUF_inst/INBUF_INST/O
                         net (fo=1, routed)           0.000     0.511    rst_n_IBUF_inst/OUT
    W12                  IBUFCTRL (Prop_IBUFCTRL_HPIOB_M_I_O)
                                                      0.000     0.511 r  rst_n_IBUF_inst/IBUFCTRL_INST/O
                         net (fo=6085, routed)        3.858     4.369    bu_ntt0/p_0_in__0
    SLICE_X74Y11         FDCE                                         f  bu_ntt0/regA_reg[6]/CLR  (IS_INVERTED)
  -------------------------------------------------------------------    -------------------

                         (clock clk rise edge)        0.000     0.000 r  
    P11                                               0.000     0.000 r  clk (IN)
                         net (fo=0)                   0.000     0.000    clk_IBUF_inst/I
    P11                  INBUF (Prop_INBUF_HPIOB_M_PAD_O)
                                                      0.298     0.298 r  clk_IBUF_inst/INBUF_INST/O
                         net (fo=1, routed)           0.000     0.298    clk_IBUF_inst/OUT
    P11                  IBUFCTRL (Prop_IBUFCTRL_HPIOB_M_I_O)
                                                      0.000     0.298 r  clk_IBUF_inst/IBUFCTRL_INST/O
                         net (fo=1, routed)           0.282     0.580    clk_IBUF
    BUFGCE_X0Y77         BUFGCE (Prop_BUFCE_BUFGCE_I_O)
                                                      0.024     0.604 r  clk_IBUF_BUFG_inst/O
    X2Y1 (CLOCK_ROOT)    net (fo=6241, routed)        2.089     2.693    bu_ntt0/clk_IBUF_BUFG
    SLICE_X74Y11         FDCE                                         r  bu_ntt0/regA_reg[6]/C





Min Delay Paths
--------------------------------------------------------------------------------------
Slack:                    inf
  Source:                 in1[2]
                            (input port)
  Destination:            din_b_reg[2]/D
                            (rising edge-triggered cell FDCE clocked by clk  {rise@0.000ns fall@2.500ns period=5.000ns})
  Path Group:             (none)
  Path Type:              Hold (Min at Fast Process Corner)
  Data Path Delay:        0.521ns  (logic 0.139ns (26.671%)  route 0.382ns (73.329%))
  Logic Levels:           3  (IBUFCTRL=1 INBUF=1 LUT6=1)
  Clock Path Skew:        2.117ns (DCD - SCD - CPR)
    Destination Clock Delay (DCD):    2.117ns
    Source Clock Delay      (SCD):    0.000ns
    Clock Pessimism Removal (CPR):    -0.000ns
  Clock Net Delay (Destination): 1.541ns (routing 0.784ns, distribution 0.757ns)

    Location             Delay type                Incr(ns)  Path(ns)    Netlist Resource(s)
  -------------------------------------------------------------------    -------------------
    Y8                                                0.000     0.000 r  in1[2] (IN)
                         net (fo=0)                   0.000     0.000    in1_IBUF[2]_inst/I
    Y8                   INBUF (Prop_INBUF_HPIOB_M_PAD_O)
                                                      0.117     0.117 r  in1_IBUF[2]_inst/INBUF_INST/O
                         net (fo=1, routed)           0.000     0.117    in1_IBUF[2]_inst/OUT
    Y8                   IBUFCTRL (Prop_IBUFCTRL_HPIOB_M_I_O)
                                                      0.000     0.117 r  in1_IBUF[2]_inst/IBUFCTRL_INST/O
                         net (fo=1, routed)           0.366     0.483    bu_ntt0/in1_IBUF[2]
    SLICE_X94Y145        LUT6 (Prop_D6LUT_SLICEL_I1_O)
                                                      0.022     0.505 r  bu_ntt0/din_b[2]_i_1/O
                         net (fo=1, routed)           0.016     0.521    din_b_next[2]
    SLICE_X94Y145        FDCE                                         r  din_b_reg[2]/D
  -------------------------------------------------------------------    -------------------

                         (clock clk rise edge)        0.000     0.000 r  
    P11                                               0.000     0.000 r  clk (IN)
                         net (fo=0)                   0.000     0.000    clk_IBUF_inst/I
    P11                  INBUF (Prop_INBUF_HPIOB_M_PAD_O)
                                                      0.368     0.368 r  clk_IBUF_inst/INBUF_INST/O
                         net (fo=1, routed)           0.000     0.368    clk_IBUF_inst/OUT
    P11                  IBUFCTRL (Prop_IBUFCTRL_HPIOB_M_I_O)
                                                      0.000     0.368 r  clk_IBUF_inst/IBUFCTRL_INST/O
                         net (fo=1, routed)           0.189     0.557    clk_IBUF
    BUFGCE_X0Y77         BUFGCE (Prop_BUFCE_BUFGCE_I_O)
                                                      0.019     0.576 r  clk_IBUF_BUFG_inst/O
    X2Y1 (CLOCK_ROOT)    net (fo=6241, routed)        1.541     2.117    clk_IBUF_BUFG
    SLICE_X94Y145        FDCE                                         r  din_b_reg[2]/C

Slack:                    inf
  Source:                 in1[4]
                            (input port)
  Destination:            din_b_reg[4]/D
                            (rising edge-triggered cell FDCE clocked by clk  {rise@0.000ns fall@2.500ns period=5.000ns})
  Path Group:             (none)
  Path Type:              Hold (Min at Fast Process Corner)
  Data Path Delay:        0.555ns  (logic 0.169ns (30.433%)  route 0.386ns (69.567%))
  Logic Levels:           3  (IBUFCTRL=1 INBUF=1 LUT6=1)
  Clock Path Skew:        2.118ns (DCD - SCD - CPR)
    Destination Clock Delay (DCD):    2.118ns
    Source Clock Delay      (SCD):    0.000ns
    Clock Pessimism Removal (CPR):    -0.000ns
  Clock Net Delay (Destination): 1.542ns (routing 0.784ns, distribution 0.758ns)

    Location             Delay type                Incr(ns)  Path(ns)    Netlist Resource(s)
  -------------------------------------------------------------------    -------------------
    AB6                                               0.000     0.000 r  in1[4] (IN)
                         net (fo=0)                   0.000     0.000    in1_IBUF[4]_inst/I
    AB6                  INBUF (Prop_INBUF_HPIOB_M_PAD_O)
                                                      0.134     0.134 r  in1_IBUF[4]_inst/INBUF_INST/O
                         net (fo=1, routed)           0.000     0.134    in1_IBUF[4]_inst/OUT
    AB6                  IBUFCTRL (Prop_IBUFCTRL_HPIOB_M_I_O)
                                                      0.000     0.134 r  in1_IBUF[4]_inst/IBUFCTRL_INST/O
                         net (fo=1, routed)           0.370     0.504    bu_ntt0/in1_IBUF[4]
    SLICE_X94Y144        LUT6 (Prop_D6LUT_SLICEL_I1_O)
                                                      0.035     0.539 r  bu_ntt0/din_b[4]_i_1/O
                         net (fo=1, routed)           0.016     0.555    din_b_next[4]
    SLICE_X94Y144        FDCE                                         r  din_b_reg[4]/D
  -------------------------------------------------------------------    -------------------

                         (clock clk rise edge)        0.000     0.000 r  
    P11                                               0.000     0.000 r  clk (IN)
                         net (fo=0)                   0.000     0.000    clk_IBUF_inst/I
    P11                  INBUF (Prop_INBUF_HPIOB_M_PAD_O)
                                                      0.368     0.368 r  clk_IBUF_inst/INBUF_INST/O
                         net (fo=1, routed)           0.000     0.368    clk_IBUF_inst/OUT
    P11                  IBUFCTRL (Prop_IBUFCTRL_HPIOB_M_I_O)
                                                      0.000     0.368 r  clk_IBUF_inst/IBUFCTRL_INST/O
                         net (fo=1, routed)           0.189     0.557    clk_IBUF
    BUFGCE_X0Y77         BUFGCE (Prop_BUFCE_BUFGCE_I_O)
                                                      0.019     0.576 r  clk_IBUF_BUFG_inst/O
    X2Y1 (CLOCK_ROOT)    net (fo=6241, routed)        1.542     2.118    clk_IBUF_BUFG
    SLICE_X94Y144        FDCE                                         r  din_b_reg[4]/C

Slack:                    inf
  Source:                 in1[7]
                            (input port)
  Destination:            din_b_reg[7]/D
                            (rising edge-triggered cell FDCE clocked by clk  {rise@0.000ns fall@2.500ns period=5.000ns})
  Path Group:             (none)
  Path Type:              Hold (Min at Fast Process Corner)
  Data Path Delay:        0.569ns  (logic 0.170ns (29.922%)  route 0.399ns (70.078%))
  Logic Levels:           3  (IBUFCTRL=1 INBUF=1 LUT6=1)
  Clock Path Skew:        2.116ns (DCD - SCD - CPR)
    Destination Clock Delay (DCD):    2.116ns
    Source Clock Delay      (SCD):    0.000ns
    Clock Pessimism Removal (CPR):    -0.000ns
  Clock Net Delay (Destination): 1.540ns (routing 0.784ns, distribution 0.756ns)

    Location             Delay type                Incr(ns)  Path(ns)    Netlist Resource(s)
  -------------------------------------------------------------------    -------------------
    W6                                                0.000     0.000 r  in1[7] (IN)
                         net (fo=0)                   0.000     0.000    in1_IBUF[7]_inst/I
    W6                   INBUF (Prop_INBUF_HPIOB_S_PAD_O)
                                                      0.129     0.129 r  in1_IBUF[7]_inst/INBUF_INST/O
                         net (fo=1, routed)           0.000     0.129    in1_IBUF[7]_inst/OUT
    W6                   IBUFCTRL (Prop_IBUFCTRL_HPIOB_S_I_O)
                                                      0.000     0.129 r  in1_IBUF[7]_inst/IBUFCTRL_INST/O
                         net (fo=1, routed)           0.378     0.507    bu_ntt0/in1_IBUF[7]
    SLICE_X93Y140        LUT6 (Prop_B6LUT_SLICEM_I1_O)
                                                      0.041     0.548 r  bu_ntt0/din_b[7]_i_1/O
                         net (fo=1, routed)           0.021     0.569    din_b_next[7]
    SLICE_X93Y140        FDCE                                         r  din_b_reg[7]/D
  -------------------------------------------------------------------    -------------------

                         (clock clk rise edge)        0.000     0.000 r  
    P11                                               0.000     0.000 r  clk (IN)
                         net (fo=0)                   0.000     0.000    clk_IBUF_inst/I
    P11                  INBUF (Prop_INBUF_HPIOB_M_PAD_O)
                                                      0.368     0.368 r  clk_IBUF_inst/INBUF_INST/O
                         net (fo=1, routed)           0.000     0.368    clk_IBUF_inst/OUT
    P11                  IBUFCTRL (Prop_IBUFCTRL_HPIOB_M_I_O)
                                                      0.000     0.368 r  clk_IBUF_inst/IBUFCTRL_INST/O
                         net (fo=1, routed)           0.189     0.557    clk_IBUF
    BUFGCE_X0Y77         BUFGCE (Prop_BUFCE_BUFGCE_I_O)
                                                      0.019     0.576 r  clk_IBUF_BUFG_inst/O
    X2Y1 (CLOCK_ROOT)    net (fo=6241, routed)        1.540     2.116    clk_IBUF_BUFG
    SLICE_X93Y140        FDCE                                         r  din_b_reg[7]/C

Slack:                    inf
  Source:                 in1[5]
                            (input port)
  Destination:            din_b_reg[5]/D
                            (rising edge-triggered cell FDCE clocked by clk  {rise@0.000ns fall@2.500ns period=5.000ns})
  Path Group:             (none)
  Path Type:              Hold (Min at Fast Process Corner)
  Data Path Delay:        0.571ns  (logic 0.183ns (32.074%)  route 0.388ns (67.926%))
  Logic Levels:           3  (IBUFCTRL=1 INBUF=1 LUT6=1)
  Clock Path Skew:        2.118ns (DCD - SCD - CPR)
    Destination Clock Delay (DCD):    2.118ns
    Source Clock Delay      (SCD):    0.000ns
    Clock Pessimism Removal (CPR):    -0.000ns
  Clock Net Delay (Destination): 1.542ns (routing 0.784ns, distribution 0.758ns)

    Location             Delay type                Incr(ns)  Path(ns)    Netlist Resource(s)
  -------------------------------------------------------------------    -------------------
    AB5                                               0.000     0.000 r  in1[5] (IN)
                         net (fo=0)                   0.000     0.000    in1_IBUF[5]_inst/I
    AB5                  INBUF (Prop_INBUF_HPIOB_S_PAD_O)
                                                      0.133     0.133 r  in1_IBUF[5]_inst/INBUF_INST/O
                         net (fo=1, routed)           0.000     0.133    in1_IBUF[5]_inst/OUT
    AB5                  IBUFCTRL (Prop_IBUFCTRL_HPIOB_S_I_O)
                                                      0.000     0.133 r  in1_IBUF[5]_inst/IBUFCTRL_INST/O
                         net (fo=1, routed)           0.371     0.504    bu_ntt0/in1_IBUF[5]
    SLICE_X94Y144        LUT6 (Prop_C6LUT_SLICEL_I1_O)
                                                      0.050     0.554 r  bu_ntt0/din_b[5]_i_1/O
                         net (fo=1, routed)           0.017     0.571    din_b_next[5]
    SLICE_X94Y144        FDCE                                         r  din_b_reg[5]/D
  -------------------------------------------------------------------    -------------------

                         (clock clk rise edge)        0.000     0.000 r  
    P11                                               0.000     0.000 r  clk (IN)
                         net (fo=0)                   0.000     0.000    clk_IBUF_inst/I
    P11                  INBUF (Prop_INBUF_HPIOB_M_PAD_O)
                                                      0.368     0.368 r  clk_IBUF_inst/INBUF_INST/O
                         net (fo=1, routed)           0.000     0.368    clk_IBUF_inst/OUT
    P11                  IBUFCTRL (Prop_IBUFCTRL_HPIOB_M_I_O)
                                                      0.000     0.368 r  clk_IBUF_inst/IBUFCTRL_INST/O
                         net (fo=1, routed)           0.189     0.557    clk_IBUF
    BUFGCE_X0Y77         BUFGCE (Prop_BUFCE_BUFGCE_I_O)
                                                      0.019     0.576 r  clk_IBUF_BUFG_inst/O
    X2Y1 (CLOCK_ROOT)    net (fo=6241, routed)        1.542     2.118    clk_IBUF_BUFG
    SLICE_X94Y144        FDCE                                         r  din_b_reg[5]/C

Slack:                    inf
  Source:                 in1[9]
                            (input port)
  Destination:            din_b_reg[9]/D
                            (rising edge-triggered cell FDCE clocked by clk  {rise@0.000ns fall@2.500ns period=5.000ns})
  Path Group:             (none)
  Path Type:              Hold (Min at Fast Process Corner)
  Data Path Delay:        0.573ns  (logic 0.131ns (22.917%)  route 0.442ns (77.083%))
  Logic Levels:           3  (IBUFCTRL=1 INBUF=1 LUT6=1)
  Clock Path Skew:        2.111ns (DCD - SCD - CPR)
    Destination Clock Delay (DCD):    2.111ns
    Source Clock Delay      (SCD):    0.000ns
    Clock Pessimism Removal (CPR):    -0.000ns
  Clock Net Delay (Destination): 1.534ns (routing 0.784ns, distribution 0.750ns)

    Location             Delay type                Incr(ns)  Path(ns)    Netlist Resource(s)
  -------------------------------------------------------------------    -------------------
    AC8                                               0.000     0.000 r  in1[9] (IN)
                         net (fo=0)                   0.000     0.000    in1_IBUF[9]_inst/I
    AC8                  INBUF (Prop_INBUF_HPIOB_S_PAD_O)
                                                      0.117     0.117 r  in1_IBUF[9]_inst/INBUF_INST/O
                         net (fo=1, routed)           0.000     0.117    in1_IBUF[9]_inst/OUT
    AC8                  IBUFCTRL (Prop_IBUFCTRL_HPIOB_S_I_O)
                                                      0.000     0.117 r  in1_IBUF[9]_inst/IBUFCTRL_INST/O
                         net (fo=1, routed)           0.427     0.544    bu_ntt0/in1_IBUF[8]
    SLICE_X92Y150        LUT6 (Prop_E6LUT_SLICEL_I1_O)
                                                      0.014     0.558 r  bu_ntt0/din_b[9]_i_1/O
                         net (fo=1, routed)           0.015     0.573    din_b_next[9]
    SLICE_X92Y150        FDCE                                         r  din_b_reg[9]/D
  -------------------------------------------------------------------    -------------------

                         (clock clk rise edge)        0.000     0.000 r  
    P11                                               0.000     0.000 r  clk (IN)
                         net (fo=0)                   0.000     0.000    clk_IBUF_inst/I
    P11                  INBUF (Prop_INBUF_HPIOB_M_PAD_O)
                                                      0.368     0.368 r  clk_IBUF_inst/INBUF_INST/O
                         net (fo=1, routed)           0.000     0.368    clk_IBUF_inst/OUT
    P11                  IBUFCTRL (Prop_IBUFCTRL_HPIOB_M_I_O)
                                                      0.000     0.368 r  clk_IBUF_inst/IBUFCTRL_INST/O
                         net (fo=1, routed)           0.189     0.557    clk_IBUF
    BUFGCE_X0Y77         BUFGCE (Prop_BUFCE_BUFGCE_I_O)
                                                      0.019     0.576 r  clk_IBUF_BUFG_inst/O
    X2Y1 (CLOCK_ROOT)    net (fo=6241, routed)        1.534     2.111    clk_IBUF_BUFG
    SLICE_X92Y150        FDCE                                         r  din_b_reg[9]/C

Slack:                    inf
  Source:                 in1[3]
                            (input port)
  Destination:            din_b_reg[3]/D
                            (rising edge-triggered cell FDCE clocked by clk  {rise@0.000ns fall@2.500ns period=5.000ns})
  Path Group:             (none)
  Path Type:              Hold (Min at Fast Process Corner)
  Data Path Delay:        0.586ns  (logic 0.168ns (28.610%)  route 0.418ns (71.390%))
  Logic Levels:           3  (IBUFCTRL=1 INBUF=1 LUT6=1)
  Clock Path Skew:        2.117ns (DCD - SCD - CPR)
    Destination Clock Delay (DCD):    2.117ns
    Source Clock Delay      (SCD):    0.000ns
    Clock Pessimism Removal (CPR):    -0.000ns
  Clock Net Delay (Destination): 1.541ns (routing 0.784ns, distribution 0.757ns)

    Location             Delay type                Incr(ns)  Path(ns)    Netlist Resource(s)
  -------------------------------------------------------------------    -------------------
    Y7                                                0.000     0.000 r  in1[3] (IN)
                         net (fo=0)                   0.000     0.000    in1_IBUF[3]_inst/I
    Y7                   INBUF (Prop_INBUF_HPIOB_S_PAD_O)
                                                      0.118     0.118 r  in1_IBUF[3]_inst/INBUF_INST/O
                         net (fo=1, routed)           0.000     0.118    in1_IBUF[3]_inst/OUT
    Y7                   IBUFCTRL (Prop_IBUFCTRL_HPIOB_S_I_O)
                                                      0.000     0.118 r  in1_IBUF[3]_inst/IBUFCTRL_INST/O
                         net (fo=1, routed)           0.401     0.519    bu_ntt0/in1_IBUF[3]
    SLICE_X94Y145        LUT6 (Prop_C6LUT_SLICEL_I1_O)
                                                      0.050     0.569 r  bu_ntt0/din_b[3]_i_1/O
                         net (fo=1, routed)           0.017     0.586    din_b_next[3]
    SLICE_X94Y145        FDCE                                         r  din_b_reg[3]/D
  -------------------------------------------------------------------    -------------------

                         (clock clk rise edge)        0.000     0.000 r  
    P11                                               0.000     0.000 r  clk (IN)
                         net (fo=0)                   0.000     0.000    clk_IBUF_inst/I
    P11                  INBUF (Prop_INBUF_HPIOB_M_PAD_O)
                                                      0.368     0.368 r  clk_IBUF_inst/INBUF_INST/O
                         net (fo=1, routed)           0.000     0.368    clk_IBUF_inst/OUT
    P11                  IBUFCTRL (Prop_IBUFCTRL_HPIOB_M_I_O)
                                                      0.000     0.368 r  clk_IBUF_inst/IBUFCTRL_INST/O
                         net (fo=1, routed)           0.189     0.557    clk_IBUF
    BUFGCE_X0Y77         BUFGCE (Prop_BUFCE_BUFGCE_I_O)
                                                      0.019     0.576 r  clk_IBUF_BUFG_inst/O
    X2Y1 (CLOCK_ROOT)    net (fo=6241, routed)        1.541     2.117    clk_IBUF_BUFG
    SLICE_X94Y145        FDCE                                         r  din_b_reg[3]/C

Slack:                    inf
  Source:                 in1[6]
                            (input port)
  Destination:            din_b_reg[6]/D
                            (rising edge-triggered cell FDCE clocked by clk  {rise@0.000ns fall@2.500ns period=5.000ns})
  Path Group:             (none)
  Path Type:              Hold (Min at Fast Process Corner)
  Data Path Delay:        0.592ns  (logic 0.150ns (25.349%)  route 0.442ns (74.651%))
  Logic Levels:           3  (IBUFCTRL=1 INBUF=1 LUT6=1)
  Clock Path Skew:        2.116ns (DCD - SCD - CPR)
    Destination Clock Delay (DCD):    2.116ns
    Source Clock Delay      (SCD):    0.000ns
    Clock Pessimism Removal (CPR):    -0.000ns
  Clock Net Delay (Destination): 1.540ns (routing 0.784ns, distribution 0.756ns)

    Location             Delay type                Incr(ns)  Path(ns)    Netlist Resource(s)
  -------------------------------------------------------------------    -------------------
    W7                                                0.000     0.000 r  in1[6] (IN)
                         net (fo=0)                   0.000     0.000    in1_IBUF[6]_inst/I
    W7                   INBUF (Prop_INBUF_HPIOB_M_PAD_O)
                                                      0.136     0.136 r  in1_IBUF[6]_inst/INBUF_INST/O
                         net (fo=1, routed)           0.000     0.136    in1_IBUF[6]_inst/OUT
    W7                   IBUFCTRL (Prop_IBUFCTRL_HPIOB_M_I_O)
                                                      0.000     0.136 r  in1_IBUF[6]_inst/IBUFCTRL_INST/O
                         net (fo=1, routed)           0.418     0.554    bu_ntt0/in1_IBUF[6]
    SLICE_X93Y140        LUT6 (Prop_C6LUT_SLICEM_I1_O)
                                                      0.014     0.568 r  bu_ntt0/din_b[6]_i_1/O
                         net (fo=1, routed)           0.024     0.592    din_b_next[6]
    SLICE_X93Y140        FDCE                                         r  din_b_reg[6]/D
  -------------------------------------------------------------------    -------------------

                         (clock clk rise edge)        0.000     0.000 r  
    P11                                               0.000     0.000 r  clk (IN)
                         net (fo=0)                   0.000     0.000    clk_IBUF_inst/I
    P11                  INBUF (Prop_INBUF_HPIOB_M_PAD_O)
                                                      0.368     0.368 r  clk_IBUF_inst/INBUF_INST/O
                         net (fo=1, routed)           0.000     0.368    clk_IBUF_inst/OUT
    P11                  IBUFCTRL (Prop_IBUFCTRL_HPIOB_M_I_O)
                                                      0.000     0.368 r  clk_IBUF_inst/IBUFCTRL_INST/O
                         net (fo=1, routed)           0.189     0.557    clk_IBUF
    BUFGCE_X0Y77         BUFGCE (Prop_BUFCE_BUFGCE_I_O)
                                                      0.019     0.576 r  clk_IBUF_BUFG_inst/O
    X2Y1 (CLOCK_ROOT)    net (fo=6241, routed)        1.540     2.116    clk_IBUF_BUFG
    SLICE_X93Y140        FDCE                                         r  din_b_reg[6]/C

Slack:                    inf
  Source:                 in1[0]
                            (input port)
  Destination:            din_b_reg[0]/D
                            (rising edge-triggered cell FDCE clocked by clk  {rise@0.000ns fall@2.500ns period=5.000ns})
  Path Group:             (none)
  Path Type:              Hold (Min at Fast Process Corner)
  Data Path Delay:        0.594ns  (logic 0.165ns (27.767%)  route 0.429ns (72.233%))
  Logic Levels:           3  (IBUFCTRL=1 INBUF=1 LUT6=1)
  Clock Path Skew:        2.111ns (DCD - SCD - CPR)
    Destination Clock Delay (DCD):    2.111ns
    Source Clock Delay      (SCD):    0.000ns
    Clock Pessimism Removal (CPR):    -0.000ns
  Clock Net Delay (Destination): 1.534ns (routing 0.784ns, distribution 0.750ns)

    Location             Delay type                Incr(ns)  Path(ns)    Netlist Resource(s)
  -------------------------------------------------------------------    -------------------
    AA7                                               0.000     0.000 r  in1[0] (IN)
                         net (fo=0)                   0.000     0.000    in1_IBUF[0]_inst/I
    AA7                  INBUF (Prop_INBUF_HPIOB_M_PAD_O)
                                                      0.124     0.124 r  in1_IBUF[0]_inst/INBUF_INST/O
                         net (fo=1, routed)           0.000     0.124    in1_IBUF[0]_inst/OUT
    AA7                  IBUFCTRL (Prop_IBUFCTRL_HPIOB_M_I_O)
                                                      0.000     0.124 r  in1_IBUF[0]_inst/IBUFCTRL_INST/O
                         net (fo=1, routed)           0.412     0.536    bu_ntt0/in1_IBUF[0]
    SLICE_X92Y150        LUT6 (Prop_H6LUT_SLICEL_I1_O)
                                                      0.041     0.577 r  bu_ntt0/din_b[0]_i_1/O
                         net (fo=1, routed)           0.017     0.594    din_b_next[0]
    SLICE_X92Y150        FDCE                                         r  din_b_reg[0]/D
  -------------------------------------------------------------------    -------------------

                         (clock clk rise edge)        0.000     0.000 r  
    P11                                               0.000     0.000 r  clk (IN)
                         net (fo=0)                   0.000     0.000    clk_IBUF_inst/I
    P11                  INBUF (Prop_INBUF_HPIOB_M_PAD_O)
                                                      0.368     0.368 r  clk_IBUF_inst/INBUF_INST/O
                         net (fo=1, routed)           0.000     0.368    clk_IBUF_inst/OUT
    P11                  IBUFCTRL (Prop_IBUFCTRL_HPIOB_M_I_O)
                                                      0.000     0.368 r  clk_IBUF_inst/IBUFCTRL_INST/O
                         net (fo=1, routed)           0.189     0.557    clk_IBUF
    BUFGCE_X0Y77         BUFGCE (Prop_BUFCE_BUFGCE_I_O)
                                                      0.019     0.576 r  clk_IBUF_BUFG_inst/O
    X2Y1 (CLOCK_ROOT)    net (fo=6241, routed)        1.534     2.111    clk_IBUF_BUFG
    SLICE_X92Y150        FDCE                                         r  din_b_reg[0]/C

Slack:                    inf
  Source:                 in1[1]
                            (input port)
  Destination:            din_b_reg[1]/D
                            (rising edge-triggered cell FDCE clocked by clk  {rise@0.000ns fall@2.500ns period=5.000ns})
  Path Group:             (none)
  Path Type:              Hold (Min at Fast Process Corner)
  Data Path Delay:        0.607ns  (logic 0.147ns (24.186%)  route 0.460ns (75.814%))
  Logic Levels:           3  (IBUFCTRL=1 INBUF=1 LUT6=1)
  Clock Path Skew:        2.111ns (DCD - SCD - CPR)
    Destination Clock Delay (DCD):    2.111ns
    Source Clock Delay      (SCD):    0.000ns
    Clock Pessimism Removal (CPR):    -0.000ns
  Clock Net Delay (Destination): 1.534ns (routing 0.784ns, distribution 0.750ns)

    Location             Delay type                Incr(ns)  Path(ns)    Netlist Resource(s)
  -------------------------------------------------------------------    -------------------
    AA6                                               0.000     0.000 r  in1[1] (IN)
                         net (fo=0)                   0.000     0.000    in1_IBUF[1]_inst/I
    AA6                  INBUF (Prop_INBUF_HPIOB_S_PAD_O)
                                                      0.125     0.125 r  in1_IBUF[1]_inst/INBUF_INST/O
                         net (fo=1, routed)           0.000     0.125    in1_IBUF[1]_inst/OUT
    AA6                  IBUFCTRL (Prop_IBUFCTRL_HPIOB_S_I_O)
                                                      0.000     0.125 r  in1_IBUF[1]_inst/IBUFCTRL_INST/O
                         net (fo=1, routed)           0.442     0.567    bu_ntt0/in1_IBUF[1]
    SLICE_X92Y150        LUT6 (Prop_F6LUT_SLICEL_I1_O)
                                                      0.022     0.589 r  bu_ntt0/din_b[1]_i_1/O
                         net (fo=1, routed)           0.018     0.607    din_b_next[1]
    SLICE_X92Y150        FDCE                                         r  din_b_reg[1]/D
  -------------------------------------------------------------------    -------------------

                         (clock clk rise edge)        0.000     0.000 r  
    P11                                               0.000     0.000 r  clk (IN)
                         net (fo=0)                   0.000     0.000    clk_IBUF_inst/I
    P11                  INBUF (Prop_INBUF_HPIOB_M_PAD_O)
                                                      0.368     0.368 r  clk_IBUF_inst/INBUF_INST/O
                         net (fo=1, routed)           0.000     0.368    clk_IBUF_inst/OUT
    P11                  IBUFCTRL (Prop_IBUFCTRL_HPIOB_M_I_O)
                                                      0.000     0.368 r  clk_IBUF_inst/IBUFCTRL_INST/O
                         net (fo=1, routed)           0.189     0.557    clk_IBUF
    BUFGCE_X0Y77         BUFGCE (Prop_BUFCE_BUFGCE_I_O)
                                                      0.019     0.576 r  clk_IBUF_BUFG_inst/O
    X2Y1 (CLOCK_ROOT)    net (fo=6241, routed)        1.534     2.111    clk_IBUF_BUFG
    SLICE_X92Y150        FDCE                                         r  din_b_reg[1]/C

Slack:                    inf
  Source:                 in1[13]
                            (input port)
  Destination:            din_b_reg[13]/D
                            (rising edge-triggered cell FDCE clocked by clk  {rise@0.000ns fall@2.500ns period=5.000ns})
  Path Group:             (none)
  Path Type:              Hold (Min at Fast Process Corner)
  Data Path Delay:        0.634ns  (logic 0.152ns (23.948%)  route 0.482ns (76.052%))
  Logic Levels:           3  (IBUFCTRL=1 INBUF=1 LUT6=1)
  Clock Path Skew:        2.111ns (DCD - SCD - CPR)
    Destination Clock Delay (DCD):    2.111ns
    Source Clock Delay      (SCD):    0.000ns
    Clock Pessimism Removal (CPR):    -0.000ns
  Clock Net Delay (Destination): 1.534ns (routing 0.784ns, distribution 0.750ns)

    Location             Delay type                Incr(ns)  Path(ns)    Netlist Resource(s)
  -------------------------------------------------------------------    -------------------
    Y9                                                0.000     0.000 r  in1[13] (IN)
                         net (fo=0)                   0.000     0.000    in1_IBUF[13]_inst/I
    Y9                   INBUF (Prop_INBUF_HPIOB_S_PAD_O)
                                                      0.112     0.112 r  in1_IBUF[13]_inst/INBUF_INST/O
                         net (fo=1, routed)           0.000     0.112    in1_IBUF[13]_inst/OUT
    Y9                   IBUFCTRL (Prop_IBUFCTRL_HPIOB_S_I_O)
                                                      0.000     0.112 r  in1_IBUF[13]_inst/IBUFCTRL_INST/O
                         net (fo=1, routed)           0.466     0.578    bu_ntt0/in1_IBUF[12]
    SLICE_X92Y150        LUT6 (Prop_G6LUT_SLICEL_I1_O)
                                                      0.040     0.618 r  bu_ntt0/din_b[13]_i_1/O
                         net (fo=1, routed)           0.016     0.634    din_b_next[13]
    SLICE_X92Y150        FDCE                                         r  din_b_reg[13]/D
  -------------------------------------------------------------------    -------------------

                         (clock clk rise edge)        0.000     0.000 r  
    P11                                               0.000     0.000 r  clk (IN)
                         net (fo=0)                   0.000     0.000    clk_IBUF_inst/I
    P11                  INBUF (Prop_INBUF_HPIOB_M_PAD_O)
                                                      0.368     0.368 r  clk_IBUF_inst/INBUF_INST/O
                         net (fo=1, routed)           0.000     0.368    clk_IBUF_inst/OUT
    P11                  IBUFCTRL (Prop_IBUFCTRL_HPIOB_M_I_O)
                                                      0.000     0.368 r  clk_IBUF_inst/IBUFCTRL_INST/O
                         net (fo=1, routed)           0.189     0.557    clk_IBUF
    BUFGCE_X0Y77         BUFGCE (Prop_BUFCE_BUFGCE_I_O)
                                                      0.019     0.576 r  clk_IBUF_BUFG_inst/O
    X2Y1 (CLOCK_ROOT)    net (fo=6241, routed)        1.534     2.111    clk_IBUF_BUFG
    SLICE_X92Y150        FDCE                                         r  din_b_reg[13]/C





