#
# A fatal error has been detected by the Java Runtime Environment:
#
#  EXCEPTION_ACCESS_VIOLATION (0xc0000005) at pc=0x00007ffff8308ebd, pid=22200, tid=22640
#
# JRE version: OpenJDK Runtime Environment 18.9 (11.0.11+9) (build 11.0.11+9)
# Java VM: OpenJDK 64-Bit Server VM 18.9 (11.0.11+9, mixed mode, tiered, compressed oops, g1 gc, windows-amd64)
# Problematic frame:
# C  [librdi_common.dll+0xa8ebd]
#
# No core dump will be written. Minidumps are not enabled by default on client versions of Windows
#
# If you would like to submit a bug report, please visit:
#   https://bugreport.java.com/bugreport/crash.jsp
# The crash happened outside the Java Virtual Machine in native code.
# See problematic frame for where to report the bug.
#

---------------  S U M M A R Y ------------

Command Line: -Dsun.java2d.pmoffscreen=false -Dhttps.protocols=TLSv1,TLSv1.1,TLSv1.2 -Dsun.java2d.xrender=false -Dsun.java2d.d3d=false -Dsun.awt.nopixfmt=true -Dsun.java2d.dpiaware=true -Dsun.java2d.uiScale.enabled=false -Xverify:none -Dswing.aatext=true -XX:-UsePerfData -Djdk.map.althashing.threshold=512 -XX:StringTableSize=4072 --add-opens=java.desktop/com.sun.awt=ALL-UNNAMED --add-opens=java.desktop/javax.swing.plaf.synth=ALL-UNNAMED --add-opens=java.base/java.nio=ALL-UNNAMED --add-opens=java.desktop/sun.swing=ALL-UNNAMED --add-opens=java.desktop/javax.swing=ALL-UNNAMED --add-opens=java.desktop/javax.swing.tree=ALL-UNNAMED --add-opens=java.desktop/javax.swing.plaf.basic=ALL-UNNAMED --add-opens=java.desktop/javax.swing.plaf.synth=ALL-UNNAMED --add-opens=java.desktop/javax.swing.plaf.basic=ALL-UNNAMED --add-opens=java.desktop/javax.swing=ALL-UNNAMED --add-opens=java.desktop/javax.swing.tree=ALL-UNNAMED --add-opens=java.desktop/java.awt.event=ALL-UNNAMED --add-exports=java.desktop/javax.swing.plaf.synth=ALL-UNNAMED --add-exports=java.base/java.nio=ALL-UNNAMED --add-exports=java.desktop/sun.swing=ALL-UNNAMED --add-exports=java.desktop/javax.swing=ALL-UNNAMED --add-exports=java.desktop/javax.swing.tree=ALL-UNNAMED --add-exports=java.desktop/javax.swing.plaf.basic=ALL-UNNAMED --add-exports=java.desktop/sun.swing=ALL-UNNAMED --add-exports=java.desktop/sun.swing.table=ALL-UNNAMED --add-exports=java.desktop/sun.swing.plaf.synth=ALL-UNNAMED --add-exports=java.desktop/sun.awt.shell=ALL-UNNAMED --add-exports=java.base/sun.security.action=ALL-UNNAMED --add-exports=java.desktop/sun.font=ALL-UNNAMED -XX:NewSize=60m -XX:MaxNewSize=60m -Xms256m -Xmx3072m -Xss5m 

Host: 11th Gen Intel(R) Core(TM) i7-11800H @ 2.30GHz, 16 cores, 15G,  Windows 10 , 64 bit Build 26100 (10.0.26100.4768)
Time: Sat Aug 30 14:23:45 2025 SE Asia Standard Time elapsed time: 287.628579 seconds (0d 0h 4m 47s)

---------------  T H R E A D  ---------------

Current thread (0x00000208e2f68000):  JavaThread "AWT-EventQueue-0" [_thread_in_native, id=22640, stack(0x00000081aec00000,0x00000081af100000)]

Stack: [0x00000081aec00000,0x00000081af100000],  sp=0x00000081af0f3760,  free space=5069k
Native frames: (J=compiled Java code, j=interpreted, Vv=VM code, C=native code)
C  [librdi_common.dll+0xa8ebd]
C  0x00007fffd434d885
C  0x00007fffd44d12b5
C  0x00007fffd454d333
C  0x00007fffd456e105
C  0x00007fffd454e9b1
C  0x00007fffd454ea2f
C  0x00007fffd454eae1
C  0x00007fffd45327c9
C  0x00007fffd4578cff
C  0x00000208c681f377

Java frames: (J=compiled Java code, j=interpreted, Vv=VM code)
j  ui.views.waveform.waveformi.WVExecutive_getValueDataSize(J)J+0
j  ui.views.waveform.executive.a.kxP()Lui/views/waveform/executive/protobuf/WVNameValue$WVValueTreeMessage;+4
j  ui.views.waveform.g.F.kzU()[Ljava/lang/String;+7
j  ui.views.waveform.g.F.IY(Z)V+22
j  ui.views.waveform.g.w.IY(Z)V+16
j  ui.views.waveform.a.IZ(Z)V+5
j  ui.views.waveform.a.IY(Z)V+20
j  ui.views.waveform.u.aP(ZZ)V+30
J 20630 c1 ui.views.waveform.d.b.j(Lui/frmwork/a/k;)V (605 bytes) @ 0x00000208c8b3366c [0x00000208c8b2ab00+0x0000000000008b6c]
J 20629 c1 ui.views.waveform.u.handleTclEvent(Lui/frmwork/a/k;)V (17 bytes) @ 0x00000208c7b8343c [0x00000208c7b83360+0x00000000000000dc]
J 16098 c1 ui.frmwork.a.m.c(Lui/frmwork/a/k;)V (61 bytes) @ 0x00000208c93d2b8c [0x00000208c93d21e0+0x00000000000009ac]
J 16076 c1 ui.frmwork.D.i(JZ)V (471 bytes) @ 0x00000208c939f244 [0x00000208c939b0c0+0x0000000000004184]
J 16080 c1 ui.frmwork.D.fireTclEvent(J)I (113 bytes) @ 0x00000208c93a3e14 [0x00000208c93a3640+0x00000000000007d4]
v  ~StubRoutines::call_stub
j  ui.views.waveform.waveformi.WVExecutive_processModelEvent(JJ)V+0
j  ui.views.waveform.executive.a.fV(J)V+5
j  ui.views.waveform.d.b.fT(J)V+8
J 20630 c1 ui.views.waveform.d.b.j(Lui/frmwork/a/k;)V (605 bytes) @ 0x00000208c8b34404 [0x00000208c8b2ab00+0x0000000000009904]
J 20629 c1 ui.views.waveform.u.handleTclEvent(Lui/frmwork/a/k;)V (17 bytes) @ 0x00000208c7b8343c [0x00000208c7b83360+0x00000000000000dc]
J 16098 c1 ui.frmwork.a.m.c(Lui/frmwork/a/k;)V (61 bytes) @ 0x00000208c93d2b8c [0x00000208c93d21e0+0x00000000000009ac]
J 16076 c1 ui.frmwork.D.i(JZ)V (471 bytes) @ 0x00000208c939f244 [0x00000208c939b0c0+0x0000000000004184]
J 16080 c1 ui.frmwork.D.fireTclEvent(J)I (113 bytes) @ 0x00000208c93a3e14 [0x00000208c93a3640+0x00000000000007d4]
v  ~StubRoutines::call_stub
j  ui.views.waveform.waveformi.WVExecutive_processModelEvent(JJ)V+0
j  ui.views.waveform.executive.a.fV(J)V+5
j  ui.views.waveform.d.b.fT(J)V+8
j  ui.views.waveform.d.e.actionPerformed(Ljava/awt/event/ActionEvent;)V+8
J 12036 c1 javax.swing.Timer.fireActionPerformed(Ljava/awt/event/ActionEvent;)V java.desktop@11.0.11 (46 bytes) @ 0x00000208c8e38f64 [0x00000208c8e38c80+0x00000000000002e4]
J 11782 c1 javax.swing.Timer$DoPostEvent.run()V java.desktop@11.0.11 (82 bytes) @ 0x00000208c8d5939c [0x00000208c8d58be0+0x00000000000007bc]
J 14020 c2 java.awt.EventQueue$4.run()Ljava/lang/Object; java.desktop@11.0.11 (5 bytes) @ 0x00000208cefc2368 [0x00000208cefc2280+0x00000000000000e8]
v  ~StubRoutines::call_stub
J 4607  java.security.AccessController.doPrivileged(Ljava/security/PrivilegedAction;Ljava/security/AccessControlContext;)Ljava/lang/Object; java.base@11.0.11 (0 bytes) @ 0x00000208ce648836 [0x00000208ce6487c0+0x0000000000000076]
J 13446 c2 java.awt.EventQueue.dispatchEvent(Ljava/awt/AWTEvent;)V java.desktop@11.0.11 (80 bytes) @ 0x00000208cef32058 [0x00000208cef31ac0+0x0000000000000598]
J 13453 c2 ui.frmwork.a.d.dispatchEvent(Ljava/awt/AWTEvent;)V (42 bytes) @ 0x00000208cef377c4 [0x00000208cef37600+0x00000000000001c4]
J 16391 c2 java.awt.EventDispatchThread.pumpOneEventForFilters(I)V java.desktop@11.0.11 (113 bytes) @ 0x00000208ceaed8b8 [0x00000208ceaed600+0x00000000000002b8]
j  java.awt.EventDispatchThread.pumpEventsForFilter(ILjava/awt/Conditional;Ljava/awt/EventFilter;)V+35 java.desktop@11.0.11
j  java.awt.EventDispatchThread.pumpEventsForFilter(Ljava/awt/Conditional;Ljava/awt/EventFilter;)V+4 java.desktop@11.0.11
j  java.awt.WaitDispatchSupport$2.run()V+59 java.desktop@11.0.11
j  java.awt.WaitDispatchSupport$4.run()Ljava/lang/Void;+4 java.desktop@11.0.11
j  java.awt.WaitDispatchSupport$4.run()Ljava/lang/Object;+1 java.desktop@11.0.11
v  ~StubRoutines::call_stub
J 1622  java.security.AccessController.doPrivileged(Ljava/security/PrivilegedAction;)Ljava/lang/Object; java.base@11.0.11 (0 bytes) @ 0x00000208ce4593a2 [0x00000208ce459340+0x0000000000000062]
j  java.awt.WaitDispatchSupport.enter()Z+260 java.desktop@11.0.11
j  java.awt.Dialog.show()V+224 java.desktop@11.0.11
J 7413 c1 java.awt.Component.setVisible(Z)V java.desktop@11.0.11 (6 bytes) @ 0x00000208c8168ee4 [0x00000208c8168ce0+0x0000000000000204]
j  java.awt.Window.setVisible(Z)V+2 java.desktop@11.0.11
j  java.awt.Dialog.setVisible(Z)V+2 java.desktop@11.0.11
j  ui.dlg.c.e.setVisible(Z)V+2
j  ui.dlg.c.bq.bBK()V+65
j  ui.dlg.c.bq$c.actionPerformed(Ljava/awt/event/ActionEvent;)V+8
j  ui.dlg.c.bq.eKr()V+388
j  ui.views.c.u.b.a.run()V+60
j  ui.frmwork.cmd.a.gXj()Z+96
j  ui.frmwork.cmd.d.gXv()V+42
j  ui.F$b.actionPerformed(Ljava/awt/event/ActionEvent;)V+25
j  javax.swing.AbstractButton.fireActionPerformed(Ljava/awt/event/ActionEvent;)V+83 java.desktop@11.0.11
j  ui.utils.swing.b.B.fireActionPerformed(Ljava/awt/event/ActionEvent;)V+7
j  javax.swing.AbstractButton$Handler.actionPerformed(Ljava/awt/event/ActionEvent;)V+5 java.desktop@11.0.11
j  javax.swing.DefaultButtonModel.fireActionPerformed(Ljava/awt/event/ActionEvent;)V+34 java.desktop@11.0.11
j  javax.swing.DefaultButtonModel.setPressed(Z)V+117 java.desktop@11.0.11
j  javax.swing.plaf.basic.BasicButtonListener.mouseReleased(Ljava/awt/event/MouseEvent;)V+35 java.desktop@11.0.11
j  com.jidesoft.plaf.basic.BasicJideButtonListener.mouseReleased(Ljava/awt/event/MouseEvent;)V+61
j  java.awt.AWTEventMulticaster.mouseReleased(Ljava/awt/event/MouseEvent;)V+8 java.desktop@11.0.11
j  java.awt.AWTEventMulticaster.mouseReleased(Ljava/awt/event/MouseEvent;)V+8 java.desktop@11.0.11
j  java.awt.AWTEventMulticaster.mouseReleased(Ljava/awt/event/MouseEvent;)V+8 java.desktop@11.0.11
j  java.awt.AWTEventMulticaster.mouseReleased(Ljava/awt/event/MouseEvent;)V+8 java.desktop@11.0.11
J 16307 c1 java.awt.Component.processMouseEvent(Ljava/awt/event/MouseEvent;)V java.desktop@11.0.11 (100 bytes) @ 0x00000208c7327c1c [0x00000208c73277a0+0x000000000000047c]
J 16310 c1 javax.swing.JComponent.processMouseEvent(Ljava/awt/event/MouseEvent;)V java.desktop@11.0.11 (27 bytes) @ 0x00000208c725e1f4 [0x00000208c725dfe0+0x0000000000000214]
J 16347 c2 java.awt.Container.processEvent(Ljava/awt/AWTEvent;)V java.desktop@11.0.11 (22 bytes) @ 0x00000208ce9c23a8 [0x00000208ce9c20e0+0x00000000000002c8]
J 20140 c2 java.awt.Component.dispatchEventImpl(Ljava/awt/AWTEvent;)V java.desktop@11.0.11 (777 bytes) @ 0x00000208cf7383c0 [0x00000208cf737c40+0x0000000000000780]
J 18004 c2 java.awt.Container.dispatchEventImpl(Ljava/awt/AWTEvent;)V java.desktop@11.0.11 (129 bytes) @ 0x00000208cf45f744 [0x00000208cf45efc0+0x0000000000000784]
J 16323 c2 java.awt.LightweightDispatcher.retargetMouseEvent(Ljava/awt/Component;ILjava/awt/event/MouseEvent;)V java.desktop@11.0.11 (372 bytes) @ 0x00000208cea3947c [0x00000208cea38f40+0x000000000000053c]
J 18004 c2 java.awt.Container.dispatchEventImpl(Ljava/awt/AWTEvent;)V java.desktop@11.0.11 (129 bytes) @ 0x00000208cf45fbe8 [0x00000208cf45efc0+0x0000000000000c28]
J 19413 c2 java.awt.Window.dispatchEventImpl(Ljava/awt/AWTEvent;)V java.desktop@11.0.11 (23 bytes) @ 0x00000208cf63850c [0x00000208cf6384c0+0x000000000000004c]
J 14020 c2 java.awt.EventQueue$4.run()Ljava/lang/Object; java.desktop@11.0.11 (5 bytes) @ 0x00000208cefc2424 [0x00000208cefc2280+0x00000000000001a4]
v  ~StubRoutines::call_stub
J 4607  java.security.AccessController.doPrivileged(Ljava/security/PrivilegedAction;Ljava/security/AccessControlContext;)Ljava/lang/Object; java.base@11.0.11 (0 bytes) @ 0x00000208ce648836 [0x00000208ce6487c0+0x0000000000000076]
J 15783 c2 java.awt.EventQueue$5.run()Ljava/lang/Object; java.desktop@11.0.11 (5 bytes) @ 0x00000208cf18d93c [0x00000208cf18d6e0+0x000000000000025c]
v  ~StubRoutines::call_stub
J 4607  java.security.AccessController.doPrivileged(Ljava/security/PrivilegedAction;Ljava/security/AccessControlContext;)Ljava/lang/Object; java.base@11.0.11 (0 bytes) @ 0x00000208ce648836 [0x00000208ce6487c0+0x0000000000000076]
J 13446 c2 java.awt.EventQueue.dispatchEvent(Ljava/awt/AWTEvent;)V java.desktop@11.0.11 (80 bytes) @ 0x00000208cef31e60 [0x00000208cef31ac0+0x00000000000003a0]
J 13453 c2 ui.frmwork.a.d.dispatchEvent(Ljava/awt/AWTEvent;)V (42 bytes) @ 0x00000208cef377c4 [0x00000208cef37600+0x00000000000001c4]
J 16391 c2 java.awt.EventDispatchThread.pumpOneEventForFilters(I)V java.desktop@11.0.11 (113 bytes) @ 0x00000208ceaed8b8 [0x00000208ceaed600+0x00000000000002b8]
j  java.awt.EventDispatchThread.pumpEventsForFilter(ILjava/awt/Conditional;Ljava/awt/EventFilter;)V+35 java.desktop@11.0.11
j  java.awt.EventDispatchThread.pumpEventsForHierarchy(ILjava/awt/Conditional;Ljava/awt/Component;)V+11 java.desktop@11.0.11
j  java.awt.EventDispatchThread.pumpEvents(ILjava/awt/Conditional;)V+4 java.desktop@11.0.11
j  java.awt.EventDispatchThread.pumpEvents(Ljava/awt/Conditional;)V+3 java.desktop@11.0.11
j  java.awt.EventDispatchThread.run()V+9 java.desktop@11.0.11
v  ~StubRoutines::call_stub

siginfo: EXCEPTION_ACCESS_VIOLATION (0xc0000005), reading address 0x0000000000000017


Register to memory mapping:

RIP=0x00007ffff8308ebd librdi_common.dll
RAX=0x00007ffff8e7b058 librdi_common.dll
RBX=0x00000208f9fe6ea0 points into unknown readable memory: 0x00007ffff8e7b058 | 58 b0 e7 f8 ff 7f 00 00
RCX=0x000000000000001f is an unknown value
RDX=0x900265720891c62a is an unknown value
RSP=0x00000081af0f3760 is pointing into the stack for thread: 0x00000208e2f68000
RBP=0x00000081af0f38c0 is pointing into the stack for thread: 0x00000208e2f68000
RSI=0x00000208f9fe6ea0 points into unknown readable memory: 0x00007ffff8e7b058 | 58 b0 e7 f8 ff 7f 00 00
RDI=0x00000208f9fe6ea0 points into unknown readable memory: 0x00007ffff8e7b058 | 58 b0 e7 f8 ff 7f 00 00
R8 =0x00007fffd4766584 points into unknown readable memory: 00 00 00 00
R9 =0x0 is NULL
R10=0x0000000000000001 is an unknown value
R11=0x00000081af0f3790 is pointing into the stack for thread: 0x00000208e2f68000
R12=0x00000081af0f3978 is pointing into the stack for thread: 0x00000208e2f68000
R13=0x0000020881f06ec8 points into unknown readable memory: 0x00007fffd473b6b0 | b0 b6 73 d4 ff 7f 00 00
R14=0x00000081af0f3a70 is pointing into the stack for thread: 0x00000208e2f68000
R15=0x00000208feaf9a30 points into unknown readable memory: 0x00007fffd473a008 | 08 a0 73 d4 ff 7f 00 00


Registers:
RAX=0x00007ffff8e7b058, RBX=0x00000208f9fe6ea0, RCX=0x000000000000001f, RDX=0x900265720891c62a
RSP=0x00000081af0f3760, RBP=0x00000081af0f38c0, RSI=0x00000208f9fe6ea0, RDI=0x00000208f9fe6ea0
R8 =0x00007fffd4766584, R9 =0x0000000000000000, R10=0x0000000000000001, R11=0x00000081af0f3790
R12=0x00000081af0f3978, R13=0x0000020881f06ec8, R14=0x00000081af0f3a70, R15=0x00000208feaf9a30
RIP=0x00007ffff8308ebd, EFLAGS=0x0000000000010282

Top of Stack: (sp=0x00000081af0f3760)
0x00000081af0f3760:   0000020881f06ec8 0000000000000000
0x00000081af0f3770:   000000000000000f 0000cc597ed7fbc2
0x00000081af0f3780:   0000000000000000 00007fffd434d885
0x00000081af0f3790:   00000208feaf9a30 00000081af0f3a70
0x00000081af0f37a0:   0000020881f06ec8 00000081af0f3978
0x00000081af0f37b0:   0000020884a336f0 00007fffd44d12b5
0x00000081af0f37c0:   0000000000000000 0000000000000000
0x00000081af0f37d0:   00000208f9fe6ea0 0000000000000000
0x00000081af0f37e0:   0000000000000000 0000000000000028
0x00000081af0f37f0:   0000000000000000 0000000000000000
0x00000081af0f3800:   fffffffffffffffe 00000208b2030000
0x00000081af0f3810:   00000081af0f3b91 00007ff8c64ef164
0x00000081af0f3820:   0000020800000002 00000000000039f7
0x00000081af0f3830:   0000008100000002 0000000000000000
0x00000081af0f3840:   0000020880c8a460 00007ff8c64ef164
0x00000081af0f3850:   0000000000000002 0000000000000000 

Instructions: (pc=0x00007ffff8308ebd)
0x00007ffff8308dbd:   48 8b fa 48 8b d9 33 c0 48 89 41 08 48 89 41 10
0x00007ffff8308dcd:   48 8d 05 84 22 b7 00 48 89 01 33 f6 48 89 71 18
0x00007ffff8308ddd:   48 89 71 30 48 c7 41 38 0f 00 00 00 40 88 71 20
0x00007ffff8308ded:   8d 4e 58 e8 57 35 9a 00 48 89 44 24 50 48 85 c0
0x00007ffff8308dfd:   74 0e 48 8b d7 48 8b c8 e8 36 56 0f 00 48 8b f0
0x00007ffff8308e0d:   48 8b 7b 18 48 89 73 18 48 85 ff 74 16 48 8b cf
0x00007ffff8308e1d:   e8 6e 60 0f 00 ba 58 00 00 00 48 8b cf e8 59 35
0x00007ffff8308e2d:   9a 00 90 48 8b c3 48 8b 5c 24 48 48 8b 74 24 58
0x00007ffff8308e3d:   48 83 c4 30 5f c3 48 8b 44 24 40 48 8b 5c 24 48
0x00007ffff8308e4d:   48 8b 74 24 58 48 83 c4 30 5f c3 cc cc cc cc cc
0x00007ffff8308e5d:   cc cc cc 40 53 48 83 ec 20 48 8b 19 48 85 db 74
0x00007ffff8308e6d:   1a 48 8b cb e8 1a 60 0f 00 ba 58 00 00 00 48 8b
0x00007ffff8308e7d:   cb 48 83 c4 20 5b e9 00 35 9a 00 48 83 c4 20 5b
0x00007ffff8308e8d:   c3 cc cc 40 53 48 83 ec 20 48 8d 05 bb 21 b7 00
0x00007ffff8308e9d:   48 8b d9 48 89 01 48 8b 51 38 48 83 fa 10 72 2d
0x00007ffff8308ead:   48 8b 49 20 48 ff c2 48 81 fa 00 10 00 00 72 18
0x00007ffff8308ebd:   4c 8b 41 f8 48 83 c2 27 49 2b c8 48 8d 41 f8 48
0x00007ffff8308ecd:   83 f8 1f 77 5c 49 8b c8 e8 ae 34 9a 00 48 c7 43
0x00007ffff8308edd:   30 00 00 00 00 48 c7 43 38 0f 00 00 00 c6 43 20
0x00007ffff8308eed:   00 48 89 7c 24 30 48 8b 7b 18 48 85 ff 74 15 48
0x00007ffff8308efd:   8b cf e8 8c 5f 0f 00 ba 58 00 00 00 48 8b cf e8
0x00007ffff8308f0d:   77 34 9a 00 48 8d 05 e8 24 b6 00 48 8d 4b 08 48
0x00007ffff8308f1d:   89 03 48 8b 7c 24 30 48 83 c4 20 5b e9 c0 4c 9a
0x00007ffff8308f2d:   00 ff 15 ac df b5 00 cc cc cc cc cc cc cc cc cc
0x00007ffff8308f3d:   cc cc cc 40 57 48 83 ec 30 48 c7 44 24 20 fe ff
0x00007ffff8308f4d:   ff ff 48 89 5c 24 40 48 89 74 24 48 48 8b d9 8b
0x00007ffff8308f5d:   f2 83 e6 01 f6 c2 02 74 44 4c 8d 0d 23 ff ff ff
0x00007ffff8308f6d:   4c 8b 41 f8 ba 40 00 00 00 e8 95 3c 9a 00 90 85
0x00007ffff8308f7d:   f6 74 16 48 8b 53 f8 48 c1 e2 06 48 83 c2 08 48
0x00007ffff8308f8d:   8d 4b f8 e8 4b 3d 9a 00 90 48 8d 43 f8 48 8b 5c
0x00007ffff8308f9d:   24 40 48 8b 74 24 48 48 83 c4 30 5f c3 e8 e1 fe
0x00007ffff8308fad:   ff ff 90 85 f6 74 0e ba 40 00 00 00 48 8b cb e8 


Stack slot to memory mapping:
stack at sp + 0 slots: 0x0000020881f06ec8 points into unknown readable memory: 0x00007fffd473b6b0 | b0 b6 73 d4 ff 7f 00 00
stack at sp + 1 slots: 0x0 is NULL
stack at sp + 2 slots: 0x000000000000000f is an unknown value
stack at sp + 3 slots: 0x0000cc597ed7fbc2 is an unknown value
stack at sp + 4 slots: 0x0 is NULL
stack at sp + 5 slots: 0x00007fffd434d885 points into unknown readable memory: f6 c3 01
stack at sp + 6 slots: 0x00000208feaf9a30 points into unknown readable memory: 0x00007fffd473a008 | 08 a0 73 d4 ff 7f 00 00
stack at sp + 7 slots: 0x00000081af0f3a70 is pointing into the stack for thread: 0x00000208e2f68000


---------------  P R O C E S S  ---------------

Threads class SMR info:
_java_thread_list=0x00000208fdcb0360, length=32, elements={
0x00000208b99e9800, 0x00000208b9ccb000, 0x00000208b9ccd800, 0x00000208b9cee800,
0x00000208b9cef800, 0x00000208b9cf1000, 0x00000208b9cf5800, 0x00000208b9cf7000,
0x00000208b9cf8800, 0x00000208de2b8800, 0x00000208dedaa000, 0x00000208deb16000,
0x00000208deb61800, 0x00000208e2f67000, 0x00000208e2f68000, 0x00000208e146e000,
0x00000208e4201800, 0x00000208de0da800, 0x00000208de0da000, 0x00000208e74f6000,
0x00000208e74f7800, 0x00000208e74f7000, 0x00000208e74fb000, 0x00000208e74f8800,
0x00000208e74fc000, 0x00000208e74fe800, 0x00000208e7501800, 0x00000208e7504000,
0x00000208e7502800, 0x00000208e7500800, 0x00000208e74fd800, 0x00000208e7064800
}

Java Threads: ( => current thread )
  0x00000208b99e9800 JavaThread "main" [_thread_blocked, id=24744, stack(0x00000081a9700000,0x00000081a9800000)]
  0x00000208b9ccb000 JavaThread "Reference Handler" daemon [_thread_blocked, id=21464, stack(0x00000081a9e00000,0x00000081aa300000)]
  0x00000208b9ccd800 JavaThread "Finalizer" daemon [_thread_blocked, id=26004, stack(0x00000081aa300000,0x00000081aa800000)]
  0x00000208b9cee800 JavaThread "Signal Dispatcher" daemon [_thread_blocked, id=2848, stack(0x00000081aa800000,0x00000081aad00000)]
  0x00000208b9cef800 JavaThread "Attach Listener" daemon [_thread_blocked, id=27496, stack(0x00000081aad00000,0x00000081ab200000)]
  0x00000208b9cf1000 JavaThread "Service Thread" daemon [_thread_blocked, id=20048, stack(0x00000081ab200000,0x00000081ab700000)]
  0x00000208b9cf5800 JavaThread "C2 CompilerThread0" daemon [_thread_blocked, id=356, stack(0x00000081ab700000,0x00000081ab800000)]
  0x00000208b9cf7000 JavaThread "C1 CompilerThread0" daemon [_thread_blocked, id=15920, stack(0x00000081ab800000,0x00000081ab900000)]
  0x00000208b9cf8800 JavaThread "Sweeper thread" daemon [_thread_blocked, id=26376, stack(0x00000081ab900000,0x00000081abe00000)]
  0x00000208de2b8800 JavaThread "Common-Cleaner" daemon [_thread_blocked, id=27812, stack(0x00000081ac300000,0x00000081ac800000)]
  0x00000208dedaa000 JavaThread "Java2D Disposer" daemon [_thread_blocked, id=26136, stack(0x00000081ac900000,0x00000081ace00000)]
  0x00000208deb16000 JavaThread "AWT-Windows" daemon [_thread_in_native, id=18776, stack(0x00000081ad300000,0x00000081ad800000)]
  0x00000208deb61800 JavaThread "TimerQueue" daemon [_thread_blocked, id=11816, stack(0x00000081adf00000,0x00000081ae400000)]
  0x00000208e2f67000 JavaThread "AWT-Shutdown" [_thread_blocked, id=8688, stack(0x00000081ace00000,0x00000081ad300000)]
=>0x00000208e2f68000 JavaThread "AWT-EventQueue-0" [_thread_in_native, id=22640, stack(0x00000081aec00000,0x00000081af100000)]
  0x00000208e146e000 JavaThread "Thread-1" [_thread_in_native, id=10768, stack(0x00000081a8100000,0x00000081a9500000)]
  0x00000208e4201800 JavaThread "Process Messages Thread" [_thread_blocked, id=25872, stack(0x00000081afa00000,0x00000081aff00000)]
  0x00000208de0da800 JavaThread "Batik CleanerThread" daemon [_thread_blocked, id=1644, stack(0x00000081af100000,0x00000081af600000)]
  0x00000208de0da000 JavaThread "SyntheticaCleanerThread" daemon [_thread_blocked, id=15040, stack(0x00000081b0600000,0x00000081b0b00000)]
  0x00000208e74f6000 JavaThread "Monitor HEventQueue Thread" [_thread_blocked, id=22760, stack(0x00000081b1300000,0x00000081b1800000)]
  0x00000208e74f7800 JavaThread "SyntheticaAnimation 50" daemon [_thread_blocked, id=18540, stack(0x00000081b1900000,0x00000081b1e00000)]
  0x00000208e74f7000 JavaThread "SyntheticaAnimation 25" daemon [_thread_blocked, id=23900, stack(0x00000081b1f00000,0x00000081b2400000)]
  0x00000208e74fb000 JavaThread "SyntheticaAnimation 70" daemon [_thread_blocked, id=22824, stack(0x00000081b2900000,0x00000081b2e00000)]
  0x00000208e74f8800 JavaThread "Refresh Filesets Swing Worker Thread" [_thread_blocked, id=18264, stack(0x00000081aff00000,0x00000081b0400000)]
  0x00000208e74fc000 JavaThread "hw_ila_monitor" [_thread_blocked, id=25736, stack(0x00000081ae400000,0x00000081ae900000)]
  0x00000208e74fe800 JavaThread "pool-1-thread-1" [_thread_blocked, id=11032, stack(0x00000081b2e00000,0x00000081b3300000)]
  0x00000208e7501800 JavaThread "pool-2-thread-1" [_thread_blocked, id=23240, stack(0x00000081b3300000,0x00000081b3800000)]
  0x00000208e7504000 JavaThread "pool-3-thread-1" [_thread_blocked, id=26420, stack(0x00000081b3800000,0x00000081b3d00000)]
  0x00000208e7502800 JavaThread "Update Runs Swing Worker Thread" [_thread_blocked, id=6304, stack(0x00000081b3d00000,0x00000081b4200000)]
  0x00000208e7500800 JavaThread "SyntheticaAnimation 50" daemon [_thread_blocked, id=15692, stack(0x00000081b4700000,0x00000081b4c00000)]
  0x00000208e74fd800 JavaThread "Image Animator 0" daemon [_thread_blocked, id=15564, stack(0x00000081b5100000,0x00000081b5600000)]
  0x00000208e7064800 JavaThread "Relaunch Simulation Thread" [_thread_blocked, id=26912, stack(0x00000081b0b00000,0x00000081b1000000)]

Other Threads:
  0x00000208b9ca2000 VMThread "VM Thread" [stack: 0x00000081a9d00000,0x00000081a9e00000] [id=22580]
  0x00000208de2be000 WatcherThread [stack: 0x00000081ac800000,0x00000081ac900000] [id=28184]
  0x00000208b99fc800 GCTaskThread "GC Thread#0" [stack: 0x00000081a9800000,0x00000081a9900000] [id=5724]
  0x00000208e1804000 GCTaskThread "GC Thread#1" [stack: 0x00000081ad900000,0x00000081ada00000] [id=11876]
  0x00000208e1804800 GCTaskThread "GC Thread#2" [stack: 0x00000081ada00000,0x00000081adb00000] [id=4596]
  0x00000208deb62000 GCTaskThread "GC Thread#3" [stack: 0x00000081adb00000,0x00000081adc00000] [id=9980]
  0x00000208deb63000 GCTaskThread "GC Thread#4" [stack: 0x00000081adc00000,0x00000081add00000] [id=27556]
  0x00000208e1676000 GCTaskThread "GC Thread#5" [stack: 0x00000081add00000,0x00000081ade00000] [id=8652]
  0x00000208e4042800 GCTaskThread "GC Thread#6" [stack: 0x00000081af600000,0x00000081af700000] [id=19228]
  0x00000208e2615800 GCTaskThread "GC Thread#7" [stack: 0x00000081af700000,0x00000081af800000] [id=20068]
  0x00000208dee36800 GCTaskThread "GC Thread#8" [stack: 0x00000081ac100000,0x00000081ac200000] [id=20936]
  0x00000208dedca800 GCTaskThread "GC Thread#9" [stack: 0x00000081ac200000,0x00000081ac300000] [id=4484]
  0x00000208e9592800 GCTaskThread "GC Thread#10" [stack: 0x00000081b0400000,0x00000081b0500000] [id=17012]
  0x00000208ecf8c800 GCTaskThread "GC Thread#11" [stack: 0x00000081b0500000,0x00000081b0600000] [id=16092]
  0x00000208de04c800 GCTaskThread "GC Thread#12" [stack: 0x00000081b1800000,0x00000081b1900000] [id=21472]
  0x00000208b9a3b000 ConcurrentGCThread "G1 Main Marker" [stack: 0x00000081a9900000,0x00000081a9a00000] [id=1696]
  0x00000208b9a3f000 ConcurrentGCThread "G1 Conc#0" [stack: 0x00000081a9a00000,0x00000081a9b00000] [id=21968]
  0x00000208e1a73800 ConcurrentGCThread "G1 Conc#1" [stack: 0x00000081af800000,0x00000081af900000] [id=25828]
  0x00000208e1a76800 ConcurrentGCThread "G1 Conc#2" [stack: 0x00000081af900000,0x00000081afa00000] [id=14432]
  0x00000208b9b5b800 ConcurrentGCThread "G1 Refine#0" [stack: 0x00000081a9b00000,0x00000081a9c00000] [id=22212]
  0x00000208de051000 ConcurrentGCThread "G1 Refine#1" [stack: 0x00000081ade00000,0x00000081adf00000] [id=9076]
  0x00000208b9b5f800 ConcurrentGCThread "G1 Young RemSet Sampling" [stack: 0x00000081a9c00000,0x00000081a9d00000] [id=25384]

Threads with active compile tasks:

VM state:not at safepoint (normal execution)

VM Mutex/Monitor currently owned by a thread: None

Heap address: 0x0000000740000000, size: 3072 MB, Compressed Oops mode: Zero based, Oop shift amount: 3
Narrow klass base: 0x0000000800000000, Narrow klass shift: 0
Compressed class space size: 1073741824 Address: 0x0000000800000000

Heap:
 garbage-first heap   total 262144K, used 99260K [0x0000000740000000, 0x0000000800000000)
  region size 1024K, 13 young (13312K), 1 survivors (1024K)
 Metaspace       used 91329K, capacity 93741K, committed 94084K, reserved 1130496K
  class space    used 11828K, capacity 12937K, committed 13056K, reserved 1048576K
Heap Regions: E=young(eden), S=young(survivor), O=old, HS=humongous(starts), HC=humongous(continues), CS=collection set, F=free, A=archive, TAMS=top-at-mark-start (previous, next)
|   0|0x0000000740000000, 0x0000000740100000, 0x0000000740100000|100%|HS|  |TAMS 0x0000000740000000, 0x0000000740000000| Untracked 
|   1|0x0000000740100000, 0x0000000740200000, 0x0000000740200000|100%|HC|  |TAMS 0x0000000740100000, 0x0000000740100000| Untracked 
|   2|0x0000000740200000, 0x0000000740300000, 0x0000000740300000|100%|HS|  |TAMS 0x0000000740200000, 0x0000000740200000| Untracked 
|   3|0x0000000740300000, 0x00000007403fffe8, 0x0000000740400000| 99%| O|  |TAMS 0x0000000740300000, 0x0000000740300000| Untracked 
|   4|0x0000000740400000, 0x00000007404ffff8, 0x0000000740500000| 99%| O|  |TAMS 0x0000000740400000, 0x0000000740400000| Untracked 
|   5|0x0000000740500000, 0x0000000740600000, 0x0000000740600000|100%| O|  |TAMS 0x0000000740500000, 0x0000000740500000| Untracked 
|   6|0x0000000740600000, 0x00000007406ffff8, 0x0000000740700000| 99%| O|  |TAMS 0x0000000740600000, 0x0000000740600000| Untracked 
|   7|0x0000000740700000, 0x0000000740800000, 0x0000000740800000|100%| O|  |TAMS 0x0000000740700000, 0x0000000740700000| Untracked 
|   8|0x0000000740800000, 0x0000000740900000, 0x0000000740900000|100%| O|  |TAMS 0x0000000740800000, 0x0000000740800000| Untracked 
|   9|0x0000000740900000, 0x00000007409ffff0, 0x0000000740a00000| 99%| O|  |TAMS 0x0000000740900000, 0x0000000740900000| Untracked 
|  10|0x0000000740a00000, 0x0000000740affff8, 0x0000000740b00000| 99%| O|  |TAMS 0x0000000740a00000, 0x0000000740a00000| Untracked 
|  11|0x0000000740b00000, 0x0000000740bfffe0, 0x0000000740c00000| 99%| O|  |TAMS 0x0000000740b00000, 0x0000000740b00000| Untracked 
|  12|0x0000000740c00000, 0x0000000740cffac0, 0x0000000740d00000| 99%| O|  |TAMS 0x0000000740c00000, 0x0000000740c00000| Untracked 
|  13|0x0000000740d00000, 0x0000000740dffff8, 0x0000000740e00000| 99%| O|  |TAMS 0x0000000740d00000, 0x0000000740d00000| Untracked 
|  14|0x0000000740e00000, 0x0000000740efffd8, 0x0000000740f00000| 99%| O|  |TAMS 0x0000000740e00000, 0x0000000740e00000| Untracked 
|  15|0x0000000740f00000, 0x0000000741000000, 0x0000000741000000|100%| O|  |TAMS 0x0000000740f00000, 0x0000000740f00000| Untracked 
|  16|0x0000000741000000, 0x0000000741100000, 0x0000000741100000|100%| O|  |TAMS 0x0000000741000000, 0x0000000741000000| Untracked 
|  17|0x0000000741100000, 0x00000007411ffff8, 0x0000000741200000| 99%| O|  |TAMS 0x0000000741100000, 0x0000000741100000| Untracked 
|  18|0x0000000741200000, 0x0000000741300000, 0x0000000741300000|100%| O|  |TAMS 0x0000000741200000, 0x0000000741200000| Untracked 
|  19|0x0000000741300000, 0x00000007413ffff0, 0x0000000741400000| 99%| O|  |TAMS 0x0000000741300000, 0x0000000741300000| Untracked 
|  20|0x0000000741400000, 0x0000000741500000, 0x0000000741500000|100%| O|  |TAMS 0x0000000741400000, 0x0000000741400000| Untracked 
|  21|0x0000000741500000, 0x00000007415ffff0, 0x0000000741600000| 99%| O|  |TAMS 0x0000000741500000, 0x0000000741500000| Untracked 
|  22|0x0000000741600000, 0x00000007416ffff8, 0x0000000741700000| 99%| O|  |TAMS 0x0000000741600000, 0x0000000741600000| Untracked 
|  23|0x0000000741700000, 0x0000000741800000, 0x0000000741800000|100%| O|  |TAMS 0x0000000741700000, 0x0000000741700000| Untracked 
|  24|0x0000000741800000, 0x00000007418ffff8, 0x0000000741900000| 99%| O|  |TAMS 0x0000000741800000, 0x0000000741800000| Untracked 
|  25|0x0000000741900000, 0x00000007419fffd8, 0x0000000741a00000| 99%| O|  |TAMS 0x0000000741900000, 0x0000000741900000| Untracked 
|  26|0x0000000741a00000, 0x0000000741b00000, 0x0000000741b00000|100%| O|  |TAMS 0x0000000741a00000, 0x0000000741a00000| Untracked 
|  27|0x0000000741b00000, 0x0000000741c00000, 0x0000000741c00000|100%| O|  |TAMS 0x0000000741b00000, 0x0000000741b00000| Untracked 
|  28|0x0000000741c00000, 0x0000000741cffff0, 0x0000000741d00000| 99%| O|  |TAMS 0x0000000741c00000, 0x0000000741c00000| Untracked 
|  29|0x0000000741d00000, 0x0000000741dffff0, 0x0000000741e00000| 99%| O|  |TAMS 0x0000000741d00000, 0x0000000741d00000| Untracked 
|  30|0x0000000741e00000, 0x0000000741f00000, 0x0000000741f00000|100%| O|  |TAMS 0x0000000741e00000, 0x0000000741e00000| Untracked 
|  31|0x0000000741f00000, 0x0000000741fffff8, 0x0000000742000000| 99%| O|  |TAMS 0x0000000741f00000, 0x0000000741f00000| Untracked 
|  32|0x0000000742000000, 0x00000007420ffff8, 0x0000000742100000| 99%| O|  |TAMS 0x0000000742000000, 0x0000000742000000| Untracked 
|  33|0x0000000742100000, 0x00000007421ffff8, 0x0000000742200000| 99%| O|  |TAMS 0x0000000742100000, 0x0000000742100000| Untracked 
|  34|0x0000000742200000, 0x00000007422ffff8, 0x0000000742300000| 99%| O|  |TAMS 0x0000000742200000, 0x0000000742200000| Untracked 
|  35|0x0000000742300000, 0x00000007423ffff8, 0x0000000742400000| 99%| O|  |TAMS 0x0000000742300000, 0x0000000742300000| Untracked 
|  36|0x0000000742400000, 0x0000000742500000, 0x0000000742500000|100%| O|  |TAMS 0x0000000742400000, 0x0000000742400000| Untracked 
|  37|0x0000000742500000, 0x00000007425ffff0, 0x0000000742600000| 99%| O|  |TAMS 0x0000000742500000, 0x0000000742500000| Untracked 
|  38|0x0000000742600000, 0x0000000742700000, 0x0000000742700000|100%| O|  |TAMS 0x0000000742600000, 0x0000000742600000| Untracked 
|  39|0x0000000742700000, 0x0000000742800000, 0x0000000742800000|100%| O|  |TAMS 0x0000000742700000, 0x0000000742700000| Untracked 
|  40|0x0000000742800000, 0x0000000742900000, 0x0000000742900000|100%| O|  |TAMS 0x0000000742800000, 0x0000000742800000| Untracked 
|  41|0x0000000742900000, 0x00000007429ffff0, 0x0000000742a00000| 99%| O|  |TAMS 0x0000000742900000, 0x0000000742900000| Untracked 
|  42|0x0000000742a00000, 0x0000000742b00000, 0x0000000742b00000|100%|HS|  |TAMS 0x0000000742a00000, 0x0000000742a00000| Untracked 
|  43|0x0000000742b00000, 0x0000000742c00000, 0x0000000742c00000|100%|HC|  |TAMS 0x0000000742b00000, 0x0000000742b00000| Untracked 
|  44|0x0000000742c00000, 0x0000000742d00000, 0x0000000742d00000|100%|HC|  |TAMS 0x0000000742c00000, 0x0000000742c00000| Untracked 
|  45|0x0000000742d00000, 0x0000000742e00000, 0x0000000742e00000|100%|HC|  |TAMS 0x0000000742d00000, 0x0000000742d00000| Untracked 
|  46|0x0000000742e00000, 0x0000000742f00000, 0x0000000742f00000|100%|HC|  |TAMS 0x0000000742e00000, 0x0000000742e00000| Untracked 
|  47|0x0000000742f00000, 0x0000000743000000, 0x0000000743000000|100%|HC|  |TAMS 0x0000000742f00000, 0x0000000742f00000| Untracked 
|  48|0x0000000743000000, 0x0000000743100000, 0x0000000743100000|100%|HC|  |TAMS 0x0000000743000000, 0x0000000743000000| Untracked 
|  49|0x0000000743100000, 0x0000000743200000, 0x0000000743200000|100%|HC|  |TAMS 0x0000000743100000, 0x0000000743100000| Untracked 
|  50|0x0000000743200000, 0x0000000743300000, 0x0000000743300000|100%|HC|  |TAMS 0x0000000743200000, 0x0000000743200000| Untracked 
|  51|0x0000000743300000, 0x0000000743400000, 0x0000000743400000|100%|HC|  |TAMS 0x0000000743300000, 0x0000000743300000| Untracked 
|  52|0x0000000743400000, 0x0000000743500000, 0x0000000743500000|100%|HC|  |TAMS 0x0000000743400000, 0x0000000743400000| Untracked 
|  53|0x0000000743500000, 0x0000000743600000, 0x0000000743600000|100%|HC|  |TAMS 0x0000000743500000, 0x0000000743500000| Untracked 
|  54|0x0000000743600000, 0x0000000743700000, 0x0000000743700000|100%|HC|  |TAMS 0x0000000743600000, 0x0000000743600000| Untracked 
|  55|0x0000000743700000, 0x0000000743800000, 0x0000000743800000|100%|HC|  |TAMS 0x0000000743700000, 0x0000000743700000| Untracked 
|  56|0x0000000743800000, 0x00000007438ffff0, 0x0000000743900000| 99%| O|  |TAMS 0x0000000743800000, 0x0000000743800000| Untracked 
|  57|0x0000000743900000, 0x0000000743a00000, 0x0000000743a00000|100%| O|  |TAMS 0x0000000743900000, 0x0000000743900000| Untracked 
|  58|0x0000000743a00000, 0x0000000743b00000, 0x0000000743b00000|100%| O|  |TAMS 0x0000000743a00000, 0x0000000743a00000| Untracked 
|  59|0x0000000743b00000, 0x0000000743c00000, 0x0000000743c00000|100%| O|  |TAMS 0x0000000743b00000, 0x0000000743b00000| Untracked 
|  60|0x0000000743c00000, 0x0000000743d00000, 0x0000000743d00000|100%| O|  |TAMS 0x0000000743c00000, 0x0000000743c00000| Untracked 
|  61|0x0000000743d00000, 0x0000000743e00000, 0x0000000743e00000|100%| O|  |TAMS 0x0000000743d00000, 0x0000000743d00000| Untracked 
|  62|0x0000000743e00000, 0x0000000743f00000, 0x0000000743f00000|100%|HS|  |TAMS 0x0000000743e00000, 0x0000000743e00000| Untracked 
|  63|0x0000000743f00000, 0x0000000744000000, 0x0000000744000000|100%|HC|  |TAMS 0x0000000743f00000, 0x0000000743f00000| Untracked 
|  64|0x0000000744000000, 0x00000007440ffff0, 0x0000000744100000| 99%| O|  |TAMS 0x0000000744000000, 0x0000000744000000| Untracked 
|  65|0x0000000744100000, 0x0000000744200000, 0x0000000744200000|100%| O|  |TAMS 0x0000000744100000, 0x0000000744100000| Untracked 
|  66|0x0000000744200000, 0x00000007442ffff0, 0x0000000744300000| 99%| O|  |TAMS 0x0000000744200000, 0x0000000744200000| Untracked 
|  67|0x0000000744300000, 0x0000000744400000, 0x0000000744400000|100%| O|  |TAMS 0x0000000744300000, 0x0000000744300000| Untracked 
|  68|0x0000000744400000, 0x00000007444ffff0, 0x0000000744500000| 99%| O|  |TAMS 0x0000000744400000, 0x0000000744400000| Untracked 
|  69|0x0000000744500000, 0x00000007445ffff8, 0x0000000744600000| 99%| O|  |TAMS 0x0000000744500000, 0x0000000744500000| Untracked 
|  70|0x0000000744600000, 0x00000007446fffe8, 0x0000000744700000| 99%| O|  |TAMS 0x0000000744600000, 0x0000000744600000| Untracked 
|  71|0x0000000744700000, 0x00000007447fffe0, 0x0000000744800000| 99%| O|  |TAMS 0x0000000744700000, 0x0000000744700000| Untracked 
|  72|0x0000000744800000, 0x00000007448ffff8, 0x0000000744900000| 99%| O|  |TAMS 0x0000000744800000, 0x0000000744800000| Untracked 
|  73|0x0000000744900000, 0x00000007449ffff8, 0x0000000744a00000| 99%| O|  |TAMS 0x0000000744900000, 0x0000000744900000| Untracked 
|  74|0x0000000744a00000, 0x0000000744affff8, 0x0000000744b00000| 99%| O|  |TAMS 0x0000000744a00000, 0x0000000744a00000| Untracked 
|  75|0x0000000744b00000, 0x0000000744bffff8, 0x0000000744c00000| 99%| O|  |TAMS 0x0000000744b00000, 0x0000000744b00000| Untracked 
|  76|0x0000000744c00000, 0x0000000744cffff8, 0x0000000744d00000| 99%| O|  |TAMS 0x0000000744c00000, 0x0000000744c00000| Untracked 
|  77|0x0000000744d00000, 0x0000000744dfffc0, 0x0000000744e00000| 99%| O|  |TAMS 0x0000000744d00000, 0x0000000744d00000| Untracked 
|  78|0x0000000744e00000, 0x0000000744ebfce0, 0x0000000744f00000| 74%| O|  |TAMS 0x0000000744e00000, 0x0000000744e00000| Untracked 
|  79|0x0000000744f00000, 0x0000000744f90e68, 0x0000000745000000| 56%| O|  |TAMS 0x0000000744f00000, 0x0000000744f00000| Untracked 
|  80|0x0000000745000000, 0x0000000745093570, 0x0000000745100000| 57%| O|  |TAMS 0x0000000745000000, 0x0000000745000000| Untracked 
|  81|0x0000000745100000, 0x000000074516c3f8, 0x0000000745200000| 42%| O|  |TAMS 0x0000000745100000, 0x0000000745100000| Untracked 
|  82|0x0000000745200000, 0x0000000745200060, 0x0000000745300000|  0%| O|  |TAMS 0x0000000745200000, 0x0000000745200000| Untracked 
|  83|0x0000000745300000, 0x0000000745300000, 0x0000000745400000|  0%| F|  |TAMS 0x0000000745300000, 0x0000000745300000| Untracked 
|  84|0x0000000745400000, 0x0000000745400000, 0x0000000745500000|  0%| F|  |TAMS 0x0000000745400000, 0x0000000745400000| Untracked 
|  85|0x0000000745500000, 0x0000000745500000, 0x0000000745600000|  0%| F|  |TAMS 0x0000000745500000, 0x0000000745500000| Untracked 
|  86|0x0000000745600000, 0x0000000745600000, 0x0000000745700000|  0%| F|  |TAMS 0x0000000745600000, 0x0000000745600000| Untracked 
|  87|0x0000000745700000, 0x0000000745800000, 0x0000000745800000|100%|HS|  |TAMS 0x0000000745700000, 0x0000000745700000| Untracked 
|  88|0x0000000745800000, 0x0000000745900000, 0x0000000745900000|100%|HC|  |TAMS 0x0000000745800000, 0x0000000745800000| Untracked 
|  89|0x0000000745900000, 0x0000000745a00000, 0x0000000745a00000|100%|HC|  |TAMS 0x0000000745900000, 0x0000000745900000| Untracked 
|  90|0x0000000745a00000, 0x0000000745b00000, 0x0000000745b00000|100%|HC|  |TAMS 0x0000000745a00000, 0x0000000745a00000| Untracked 
|  91|0x0000000745b00000, 0x0000000745c00000, 0x0000000745c00000|100%|HC|  |TAMS 0x0000000745b00000, 0x0000000745b00000| Untracked 
|  92|0x0000000745c00000, 0x0000000745c00000, 0x0000000745d00000|  0%| F|  |TAMS 0x0000000745c00000, 0x0000000745c00000| Untracked 
|  93|0x0000000745d00000, 0x0000000745d00000, 0x0000000745e00000|  0%| F|  |TAMS 0x0000000745d00000, 0x0000000745d00000| Untracked 
|  94|0x0000000745e00000, 0x0000000745e00000, 0x0000000745f00000|  0%| F|  |TAMS 0x0000000745e00000, 0x0000000745e00000| Untracked 
|  95|0x0000000745f00000, 0x0000000745f00000, 0x0000000746000000|  0%| F|  |TAMS 0x0000000745f00000, 0x0000000745f00000| Untracked 
|  96|0x0000000746000000, 0x0000000746000000, 0x0000000746100000|  0%| F|  |TAMS 0x0000000746000000, 0x0000000746000000| Untracked 
|  97|0x0000000746100000, 0x0000000746100000, 0x0000000746200000|  0%| F|  |TAMS 0x0000000746100000, 0x0000000746100000| Untracked 
|  98|0x0000000746200000, 0x0000000746200000, 0x0000000746300000|  0%| F|  |TAMS 0x0000000746200000, 0x0000000746200000| Untracked 
|  99|0x0000000746300000, 0x0000000746300000, 0x0000000746400000|  0%| F|  |TAMS 0x0000000746300000, 0x0000000746300000| Untracked 
| 100|0x0000000746400000, 0x0000000746400000, 0x0000000746500000|  0%| F|  |TAMS 0x0000000746400000, 0x0000000746400000| Untracked 
| 101|0x0000000746500000, 0x0000000746500000, 0x0000000746600000|  0%| F|  |TAMS 0x0000000746500000, 0x0000000746500000| Untracked 
| 102|0x0000000746600000, 0x0000000746600000, 0x0000000746700000|  0%| F|  |TAMS 0x0000000746600000, 0x0000000746600000| Untracked 
| 103|0x0000000746700000, 0x0000000746700000, 0x0000000746800000|  0%| F|  |TAMS 0x0000000746700000, 0x0000000746700000| Untracked 
| 104|0x0000000746800000, 0x0000000746800000, 0x0000000746900000|  0%| F|  |TAMS 0x0000000746800000, 0x0000000746800000| Untracked 
| 105|0x0000000746900000, 0x0000000746900000, 0x0000000746a00000|  0%| F|  |TAMS 0x0000000746900000, 0x0000000746900000| Untracked 
| 106|0x0000000746a00000, 0x0000000746a00000, 0x0000000746b00000|  0%| F|  |TAMS 0x0000000746a00000, 0x0000000746a00000| Untracked 
| 107|0x0000000746b00000, 0x0000000746b00000, 0x0000000746c00000|  0%| F|  |TAMS 0x0000000746b00000, 0x0000000746b00000| Untracked 
| 108|0x0000000746c00000, 0x0000000746c00000, 0x0000000746d00000|  0%| F|  |TAMS 0x0000000746c00000, 0x0000000746c00000| Untracked 
| 109|0x0000000746d00000, 0x0000000746d00000, 0x0000000746e00000|  0%| F|  |TAMS 0x0000000746d00000, 0x0000000746d00000| Untracked 
| 110|0x0000000746e00000, 0x0000000746e00000, 0x0000000746f00000|  0%| F|  |TAMS 0x0000000746e00000, 0x0000000746e00000| Untracked 
| 111|0x0000000746f00000, 0x0000000746f00000, 0x0000000747000000|  0%| F|  |TAMS 0x0000000746f00000, 0x0000000746f00000| Untracked 
| 112|0x0000000747000000, 0x0000000747000000, 0x0000000747100000|  0%| F|  |TAMS 0x0000000747000000, 0x0000000747000000| Untracked 
| 113|0x0000000747100000, 0x0000000747100000, 0x0000000747200000|  0%| F|  |TAMS 0x0000000747100000, 0x0000000747100000| Untracked 
| 114|0x0000000747200000, 0x0000000747200000, 0x0000000747300000|  0%| F|  |TAMS 0x0000000747200000, 0x0000000747200000| Untracked 
| 115|0x0000000747300000, 0x0000000747300000, 0x0000000747400000|  0%| F|  |TAMS 0x0000000747300000, 0x0000000747300000| Untracked 
| 116|0x0000000747400000, 0x0000000747400000, 0x0000000747500000|  0%| F|  |TAMS 0x0000000747400000, 0x0000000747400000| Untracked 
| 117|0x0000000747500000, 0x0000000747500000, 0x0000000747600000|  0%| F|  |TAMS 0x0000000747500000, 0x0000000747500000| Untracked 
| 118|0x0000000747600000, 0x0000000747600000, 0x0000000747700000|  0%| F|  |TAMS 0x0000000747600000, 0x0000000747600000| Untracked 
| 119|0x0000000747700000, 0x0000000747700000, 0x0000000747800000|  0%| F|  |TAMS 0x0000000747700000, 0x0000000747700000| Untracked 
| 120|0x0000000747800000, 0x0000000747800000, 0x0000000747900000|  0%| F|  |TAMS 0x0000000747800000, 0x0000000747800000| Untracked 
| 121|0x0000000747900000, 0x0000000747900000, 0x0000000747a00000|  0%| F|  |TAMS 0x0000000747900000, 0x0000000747900000| Untracked 
| 122|0x0000000747a00000, 0x0000000747a00000, 0x0000000747b00000|  0%| F|  |TAMS 0x0000000747a00000, 0x0000000747a00000| Untracked 
| 123|0x0000000747b00000, 0x0000000747b00000, 0x0000000747c00000|  0%| F|  |TAMS 0x0000000747b00000, 0x0000000747b00000| Untracked 
| 124|0x0000000747c00000, 0x0000000747c00000, 0x0000000747d00000|  0%| F|  |TAMS 0x0000000747c00000, 0x0000000747c00000| Untracked 
| 125|0x0000000747d00000, 0x0000000747d00000, 0x0000000747e00000|  0%| F|  |TAMS 0x0000000747d00000, 0x0000000747d00000| Untracked 
| 126|0x0000000747e00000, 0x0000000747e00000, 0x0000000747f00000|  0%| F|  |TAMS 0x0000000747e00000, 0x0000000747e00000| Untracked 
| 127|0x0000000747f00000, 0x0000000747f00000, 0x0000000748000000|  0%| F|  |TAMS 0x0000000747f00000, 0x0000000747f00000| Untracked 
| 128|0x0000000748000000, 0x0000000748000000, 0x0000000748100000|  0%| F|  |TAMS 0x0000000748000000, 0x0000000748000000| Untracked 
| 129|0x0000000748100000, 0x0000000748100000, 0x0000000748200000|  0%| F|  |TAMS 0x0000000748100000, 0x0000000748100000| Untracked 
| 130|0x0000000748200000, 0x0000000748200000, 0x0000000748300000|  0%| F|  |TAMS 0x0000000748200000, 0x0000000748200000| Untracked 
| 131|0x0000000748300000, 0x0000000748300000, 0x0000000748400000|  0%| F|  |TAMS 0x0000000748300000, 0x0000000748300000| Untracked 
| 132|0x0000000748400000, 0x0000000748400000, 0x0000000748500000|  0%| F|  |TAMS 0x0000000748400000, 0x0000000748400000| Untracked 
| 133|0x0000000748500000, 0x0000000748500000, 0x0000000748600000|  0%| F|  |TAMS 0x0000000748500000, 0x0000000748500000| Untracked 
| 134|0x0000000748600000, 0x0000000748600000, 0x0000000748700000|  0%| F|  |TAMS 0x0000000748600000, 0x0000000748600000| Untracked 
| 135|0x0000000748700000, 0x0000000748700000, 0x0000000748800000|  0%| F|  |TAMS 0x0000000748700000, 0x0000000748700000| Untracked 
| 136|0x0000000748800000, 0x0000000748800000, 0x0000000748900000|  0%| F|  |TAMS 0x0000000748800000, 0x0000000748800000| Untracked 
| 137|0x0000000748900000, 0x0000000748900000, 0x0000000748a00000|  0%| F|  |TAMS 0x0000000748900000, 0x0000000748900000| Untracked 
| 138|0x0000000748a00000, 0x0000000748a00000, 0x0000000748b00000|  0%| F|  |TAMS 0x0000000748a00000, 0x0000000748a00000| Untracked 
| 139|0x0000000748b00000, 0x0000000748b00000, 0x0000000748c00000|  0%| F|  |TAMS 0x0000000748b00000, 0x0000000748b00000| Untracked 
| 140|0x0000000748c00000, 0x0000000748c00000, 0x0000000748d00000|  0%| F|  |TAMS 0x0000000748c00000, 0x0000000748c00000| Untracked 
| 141|0x0000000748d00000, 0x0000000748d00000, 0x0000000748e00000|  0%| F|  |TAMS 0x0000000748d00000, 0x0000000748d00000| Untracked 
| 142|0x0000000748e00000, 0x0000000748e00000, 0x0000000748f00000|  0%| F|  |TAMS 0x0000000748e00000, 0x0000000748e00000| Untracked 
| 143|0x0000000748f00000, 0x0000000748f00000, 0x0000000749000000|  0%| F|  |TAMS 0x0000000748f00000, 0x0000000748f00000| Untracked 
| 144|0x0000000749000000, 0x0000000749000000, 0x0000000749100000|  0%| F|  |TAMS 0x0000000749000000, 0x0000000749000000| Untracked 
| 145|0x0000000749100000, 0x0000000749100000, 0x0000000749200000|  0%| F|  |TAMS 0x0000000749100000, 0x0000000749100000| Untracked 
| 146|0x0000000749200000, 0x0000000749200000, 0x0000000749300000|  0%| F|  |TAMS 0x0000000749200000, 0x0000000749200000| Untracked 
| 147|0x0000000749300000, 0x0000000749300000, 0x0000000749400000|  0%| F|  |TAMS 0x0000000749300000, 0x0000000749300000| Untracked 
| 148|0x0000000749400000, 0x0000000749400000, 0x0000000749500000|  0%| F|  |TAMS 0x0000000749400000, 0x0000000749400000| Untracked 
| 149|0x0000000749500000, 0x0000000749500000, 0x0000000749600000|  0%| F|  |TAMS 0x0000000749500000, 0x0000000749500000| Untracked 
| 150|0x0000000749600000, 0x0000000749600000, 0x0000000749700000|  0%| F|  |TAMS 0x0000000749600000, 0x0000000749600000| Untracked 
| 151|0x0000000749700000, 0x0000000749700000, 0x0000000749800000|  0%| F|  |TAMS 0x0000000749700000, 0x0000000749700000| Untracked 
| 152|0x0000000749800000, 0x0000000749800000, 0x0000000749900000|  0%| F|  |TAMS 0x0000000749800000, 0x0000000749800000| Untracked 
| 153|0x0000000749900000, 0x0000000749900000, 0x0000000749a00000|  0%| F|  |TAMS 0x0000000749900000, 0x0000000749900000| Untracked 
| 154|0x0000000749a00000, 0x0000000749a00000, 0x0000000749b00000|  0%| F|  |TAMS 0x0000000749a00000, 0x0000000749a00000| Untracked 
| 155|0x0000000749b00000, 0x0000000749b00000, 0x0000000749c00000|  0%| F|  |TAMS 0x0000000749b00000, 0x0000000749b00000| Untracked 
| 156|0x0000000749c00000, 0x0000000749c00000, 0x0000000749d00000|  0%| F|  |TAMS 0x0000000749c00000, 0x0000000749c00000| Untracked 
| 157|0x0000000749d00000, 0x0000000749d00000, 0x0000000749e00000|  0%| F|  |TAMS 0x0000000749d00000, 0x0000000749d00000| Untracked 
| 158|0x0000000749e00000, 0x0000000749e00000, 0x0000000749f00000|  0%| F|  |TAMS 0x0000000749e00000, 0x0000000749e00000| Untracked 
| 159|0x0000000749f00000, 0x0000000749f00000, 0x000000074a000000|  0%| F|  |TAMS 0x0000000749f00000, 0x0000000749f00000| Untracked 
| 160|0x000000074a000000, 0x000000074a000000, 0x000000074a100000|  0%| F|  |TAMS 0x000000074a000000, 0x000000074a000000| Untracked 
| 161|0x000000074a100000, 0x000000074a100000, 0x000000074a200000|  0%| F|  |TAMS 0x000000074a100000, 0x000000074a100000| Untracked 
| 162|0x000000074a200000, 0x000000074a200000, 0x000000074a300000|  0%| F|  |TAMS 0x000000074a200000, 0x000000074a200000| Untracked 
| 163|0x000000074a300000, 0x000000074a300000, 0x000000074a400000|  0%| F|  |TAMS 0x000000074a300000, 0x000000074a300000| Untracked 
| 164|0x000000074a400000, 0x000000074a400000, 0x000000074a500000|  0%| F|  |TAMS 0x000000074a400000, 0x000000074a400000| Untracked 
| 165|0x000000074a500000, 0x000000074a500000, 0x000000074a600000|  0%| F|  |TAMS 0x000000074a500000, 0x000000074a500000| Untracked 
| 166|0x000000074a600000, 0x000000074a600000, 0x000000074a700000|  0%| F|  |TAMS 0x000000074a600000, 0x000000074a600000| Untracked 
| 167|0x000000074a700000, 0x000000074a700000, 0x000000074a800000|  0%| F|  |TAMS 0x000000074a700000, 0x000000074a700000| Untracked 
| 168|0x000000074a800000, 0x000000074a800000, 0x000000074a900000|  0%| F|  |TAMS 0x000000074a800000, 0x000000074a800000| Untracked 
| 169|0x000000074a900000, 0x000000074a900000, 0x000000074aa00000|  0%| F|  |TAMS 0x000000074a900000, 0x000000074a900000| Untracked 
| 170|0x000000074aa00000, 0x000000074aa00000, 0x000000074ab00000|  0%| F|  |TAMS 0x000000074aa00000, 0x000000074aa00000| Untracked 
| 171|0x000000074ab00000, 0x000000074ab00000, 0x000000074ac00000|  0%| F|  |TAMS 0x000000074ab00000, 0x000000074ab00000| Untracked 
| 172|0x000000074ac00000, 0x000000074ac00000, 0x000000074ad00000|  0%| F|  |TAMS 0x000000074ac00000, 0x000000074ac00000| Untracked 
| 173|0x000000074ad00000, 0x000000074ad00000, 0x000000074ae00000|  0%| F|  |TAMS 0x000000074ad00000, 0x000000074ad00000| Untracked 
| 174|0x000000074ae00000, 0x000000074ae00000, 0x000000074af00000|  0%| F|  |TAMS 0x000000074ae00000, 0x000000074ae00000| Untracked 
| 175|0x000000074af00000, 0x000000074af00000, 0x000000074b000000|  0%| F|  |TAMS 0x000000074af00000, 0x000000074af00000| Untracked 
| 176|0x000000074b000000, 0x000000074b000000, 0x000000074b100000|  0%| F|  |TAMS 0x000000074b000000, 0x000000074b000000| Untracked 
| 177|0x000000074b100000, 0x000000074b100000, 0x000000074b200000|  0%| F|  |TAMS 0x000000074b100000, 0x000000074b100000| Untracked 
| 178|0x000000074b200000, 0x000000074b200000, 0x000000074b300000|  0%| F|  |TAMS 0x000000074b200000, 0x000000074b200000| Untracked 
| 179|0x000000074b300000, 0x000000074b300000, 0x000000074b400000|  0%| F|  |TAMS 0x000000074b300000, 0x000000074b300000| Untracked 
| 180|0x000000074b400000, 0x000000074b400000, 0x000000074b500000|  0%| F|  |TAMS 0x000000074b400000, 0x000000074b400000| Untracked 
| 181|0x000000074b500000, 0x000000074b500000, 0x000000074b600000|  0%| F|  |TAMS 0x000000074b500000, 0x000000074b500000| Untracked 
| 182|0x000000074b600000, 0x000000074b600000, 0x000000074b700000|  0%| F|  |TAMS 0x000000074b600000, 0x000000074b600000| Untracked 
| 183|0x000000074b700000, 0x000000074b700000, 0x000000074b800000|  0%| F|  |TAMS 0x000000074b700000, 0x000000074b700000| Untracked 
| 184|0x000000074b800000, 0x000000074b800000, 0x000000074b900000|  0%| F|  |TAMS 0x000000074b800000, 0x000000074b800000| Untracked 
| 185|0x000000074b900000, 0x000000074b900000, 0x000000074ba00000|  0%| F|  |TAMS 0x000000074b900000, 0x000000074b900000| Untracked 
| 186|0x000000074ba00000, 0x000000074ba00000, 0x000000074bb00000|  0%| F|  |TAMS 0x000000074ba00000, 0x000000074ba00000| Untracked 
| 187|0x000000074bb00000, 0x000000074bb00000, 0x000000074bc00000|  0%| F|  |TAMS 0x000000074bb00000, 0x000000074bb00000| Untracked 
| 188|0x000000074bc00000, 0x000000074bc00000, 0x000000074bd00000|  0%| F|  |TAMS 0x000000074bc00000, 0x000000074bc00000| Untracked 
| 189|0x000000074bd00000, 0x000000074bd00000, 0x000000074be00000|  0%| F|  |TAMS 0x000000074bd00000, 0x000000074bd00000| Untracked 
| 190|0x000000074be00000, 0x000000074be00000, 0x000000074bf00000|  0%| F|  |TAMS 0x000000074be00000, 0x000000074be00000| Untracked 
| 191|0x000000074bf00000, 0x000000074bf00000, 0x000000074c000000|  0%| F|  |TAMS 0x000000074bf00000, 0x000000074bf00000| Untracked 
| 192|0x000000074c000000, 0x000000074c000000, 0x000000074c100000|  0%| F|  |TAMS 0x000000074c000000, 0x000000074c000000| Untracked 
| 193|0x000000074c100000, 0x000000074c100000, 0x000000074c200000|  0%| F|  |TAMS 0x000000074c100000, 0x000000074c100000| Untracked 
| 194|0x000000074c200000, 0x000000074c200000, 0x000000074c300000|  0%| F|  |TAMS 0x000000074c200000, 0x000000074c200000| Untracked 
| 195|0x000000074c300000, 0x000000074c39a0f0, 0x000000074c400000| 60%| S|CS|TAMS 0x000000074c300000, 0x000000074c300000| Complete 
| 196|0x000000074c400000, 0x000000074c400000, 0x000000074c500000|  0%| F|  |TAMS 0x000000074c400000, 0x000000074c400000| Untracked 
| 197|0x000000074c500000, 0x000000074c500000, 0x000000074c600000|  0%| F|  |TAMS 0x000000074c500000, 0x000000074c500000| Untracked 
| 198|0x000000074c600000, 0x000000074c600000, 0x000000074c700000|  0%| F|  |TAMS 0x000000074c600000, 0x000000074c600000| Untracked 
| 199|0x000000074c700000, 0x000000074c700000, 0x000000074c800000|  0%| F|  |TAMS 0x000000074c700000, 0x000000074c700000| Untracked 
| 200|0x000000074c800000, 0x000000074c800000, 0x000000074c900000|  0%| F|  |TAMS 0x000000074c800000, 0x000000074c800000| Untracked 
| 201|0x000000074c900000, 0x000000074c900000, 0x000000074ca00000|  0%| F|  |TAMS 0x000000074c900000, 0x000000074c900000| Untracked 
| 202|0x000000074ca00000, 0x000000074ca00000, 0x000000074cb00000|  0%| F|  |TAMS 0x000000074ca00000, 0x000000074ca00000| Untracked 
| 203|0x000000074cb00000, 0x000000074cb00000, 0x000000074cc00000|  0%| F|  |TAMS 0x000000074cb00000, 0x000000074cb00000| Untracked 
| 204|0x000000074cc00000, 0x000000074cc00000, 0x000000074cd00000|  0%| F|  |TAMS 0x000000074cc00000, 0x000000074cc00000| Untracked 
| 205|0x000000074cd00000, 0x000000074cd05248, 0x000000074ce00000|  2%| O|  |TAMS 0x000000074cd00000, 0x000000074cd00000| Untracked 
| 206|0x000000074ce00000, 0x000000074ce00000, 0x000000074cf00000|  0%| F|  |TAMS 0x000000074ce00000, 0x000000074ce00000| Untracked 
| 207|0x000000074cf00000, 0x000000074cf00000, 0x000000074d000000|  0%| F|  |TAMS 0x000000074cf00000, 0x000000074cf00000| Untracked 
| 208|0x000000074d000000, 0x000000074d000000, 0x000000074d100000|  0%| F|  |TAMS 0x000000074d000000, 0x000000074d000000| Untracked 
| 209|0x000000074d100000, 0x000000074d100000, 0x000000074d200000|  0%| F|  |TAMS 0x000000074d100000, 0x000000074d100000| Untracked 
| 210|0x000000074d200000, 0x000000074d200000, 0x000000074d300000|  0%| F|  |TAMS 0x000000074d200000, 0x000000074d200000| Untracked 
| 211|0x000000074d300000, 0x000000074d300000, 0x000000074d400000|  0%| F|  |TAMS 0x000000074d300000, 0x000000074d300000| Untracked 
| 212|0x000000074d400000, 0x000000074d400000, 0x000000074d500000|  0%| F|  |TAMS 0x000000074d400000, 0x000000074d400000| Untracked 
| 213|0x000000074d500000, 0x000000074d500000, 0x000000074d600000|  0%| F|  |TAMS 0x000000074d500000, 0x000000074d500000| Untracked 
| 214|0x000000074d600000, 0x000000074d600000, 0x000000074d700000|  0%| F|  |TAMS 0x000000074d600000, 0x000000074d600000| Untracked 
| 215|0x000000074d700000, 0x000000074d700000, 0x000000074d800000|  0%| F|  |TAMS 0x000000074d700000, 0x000000074d700000| Untracked 
| 216|0x000000074d800000, 0x000000074d800000, 0x000000074d900000|  0%| F|  |TAMS 0x000000074d800000, 0x000000074d800000| Untracked 
| 217|0x000000074d900000, 0x000000074d900000, 0x000000074da00000|  0%| F|  |TAMS 0x000000074d900000, 0x000000074d900000| Untracked 
| 218|0x000000074da00000, 0x000000074da00000, 0x000000074db00000|  0%| F|  |TAMS 0x000000074da00000, 0x000000074da00000| Untracked 
| 219|0x000000074db00000, 0x000000074db00000, 0x000000074dc00000|  0%| F|  |TAMS 0x000000074db00000, 0x000000074db00000| Untracked 
| 220|0x000000074dc00000, 0x000000074dc00000, 0x000000074dd00000|  0%| F|  |TAMS 0x000000074dc00000, 0x000000074dc00000| Untracked 
| 221|0x000000074dd00000, 0x000000074dd00000, 0x000000074de00000|  0%| F|  |TAMS 0x000000074dd00000, 0x000000074dd00000| Untracked 
| 222|0x000000074de00000, 0x000000074de00000, 0x000000074df00000|  0%| F|  |TAMS 0x000000074de00000, 0x000000074de00000| Untracked 
| 223|0x000000074df00000, 0x000000074df00000, 0x000000074e000000|  0%| F|  |TAMS 0x000000074df00000, 0x000000074df00000| Untracked 
| 224|0x000000074e000000, 0x000000074e000000, 0x000000074e100000|  0%| F|  |TAMS 0x000000074e000000, 0x000000074e000000| Untracked 
| 225|0x000000074e100000, 0x000000074e100000, 0x000000074e200000|  0%| F|  |TAMS 0x000000074e100000, 0x000000074e100000| Untracked 
| 226|0x000000074e200000, 0x000000074e200000, 0x000000074e300000|  0%| F|  |TAMS 0x000000074e200000, 0x000000074e200000| Untracked 
| 227|0x000000074e300000, 0x000000074e300000, 0x000000074e400000|  0%| F|  |TAMS 0x000000074e300000, 0x000000074e300000| Untracked 
| 228|0x000000074e400000, 0x000000074e400000, 0x000000074e500000|  0%| F|  |TAMS 0x000000074e400000, 0x000000074e400000| Untracked 
| 229|0x000000074e500000, 0x000000074e500000, 0x000000074e600000|  0%| F|  |TAMS 0x000000074e500000, 0x000000074e500000| Untracked 
| 230|0x000000074e600000, 0x000000074e600000, 0x000000074e700000|  0%| F|  |TAMS 0x000000074e600000, 0x000000074e600000| Untracked 
| 231|0x000000074e700000, 0x000000074e700000, 0x000000074e800000|  0%| F|  |TAMS 0x000000074e700000, 0x000000074e700000| Untracked 
| 232|0x000000074e800000, 0x000000074e800000, 0x000000074e900000|  0%| F|  |TAMS 0x000000074e800000, 0x000000074e800000| Untracked 
| 233|0x000000074e900000, 0x000000074e900000, 0x000000074ea00000|  0%| F|  |TAMS 0x000000074e900000, 0x000000074e900000| Untracked 
| 234|0x000000074ea00000, 0x000000074ea00000, 0x000000074eb00000|  0%| F|  |TAMS 0x000000074ea00000, 0x000000074ea00000| Untracked 
| 235|0x000000074eb00000, 0x000000074eb00000, 0x000000074ec00000|  0%| F|  |TAMS 0x000000074eb00000, 0x000000074eb00000| Untracked 
| 236|0x000000074ec00000, 0x000000074ec00000, 0x000000074ed00000|  0%| F|  |TAMS 0x000000074ec00000, 0x000000074ec00000| Untracked 
| 237|0x000000074ed00000, 0x000000074ed00000, 0x000000074ee00000|  0%| F|  |TAMS 0x000000074ed00000, 0x000000074ed00000| Untracked 
| 238|0x000000074ee00000, 0x000000074ee00000, 0x000000074ef00000|  0%| F|  |TAMS 0x000000074ee00000, 0x000000074ee00000| Untracked 
| 239|0x000000074ef00000, 0x000000074ef00000, 0x000000074f000000|  0%| F|  |TAMS 0x000000074ef00000, 0x000000074ef00000| Untracked 
| 240|0x000000074f000000, 0x000000074f000000, 0x000000074f100000|  0%| F|  |TAMS 0x000000074f000000, 0x000000074f000000| Untracked 
| 241|0x000000074f100000, 0x000000074f100000, 0x000000074f200000|  0%| F|  |TAMS 0x000000074f100000, 0x000000074f100000| Untracked 
| 242|0x000000074f200000, 0x000000074f200000, 0x000000074f300000|  0%| F|  |TAMS 0x000000074f200000, 0x000000074f200000| Untracked 
| 243|0x000000074f300000, 0x000000074f300000, 0x000000074f400000|  0%| F|  |TAMS 0x000000074f300000, 0x000000074f300000| Untracked 
| 244|0x000000074f400000, 0x000000074f42e8b0, 0x000000074f500000| 18%| E|  |TAMS 0x000000074f400000, 0x000000074f400000| Complete 
| 245|0x000000074f500000, 0x000000074f600000, 0x000000074f600000|100%| E|CS|TAMS 0x000000074f500000, 0x000000074f500000| Complete 
| 246|0x000000074f600000, 0x000000074f700000, 0x000000074f700000|100%| E|CS|TAMS 0x000000074f600000, 0x000000074f600000| Complete 
| 247|0x000000074f700000, 0x000000074f800000, 0x000000074f800000|100%| E|CS|TAMS 0x000000074f700000, 0x000000074f700000| Complete 
| 248|0x000000074f800000, 0x000000074f900000, 0x000000074f900000|100%| E|CS|TAMS 0x000000074f800000, 0x000000074f800000| Complete 
| 249|0x000000074f900000, 0x000000074fa00000, 0x000000074fa00000|100%| E|CS|TAMS 0x000000074f900000, 0x000000074f900000| Complete 
| 250|0x000000074fa00000, 0x000000074fb00000, 0x000000074fb00000|100%| E|CS|TAMS 0x000000074fa00000, 0x000000074fa00000| Complete 
| 251|0x000000074fb00000, 0x000000074fc00000, 0x000000074fc00000|100%| E|CS|TAMS 0x000000074fb00000, 0x000000074fb00000| Complete 
| 252|0x000000074fc00000, 0x000000074fd00000, 0x000000074fd00000|100%| E|CS|TAMS 0x000000074fc00000, 0x000000074fc00000| Complete 
| 253|0x000000074fd00000, 0x000000074fe00000, 0x000000074fe00000|100%| E|CS|TAMS 0x000000074fd00000, 0x000000074fd00000| Complete 
| 254|0x000000074fe00000, 0x000000074ff00000, 0x000000074ff00000|100%| E|CS|TAMS 0x000000074fe00000, 0x000000074fe00000| Complete 
| 255|0x000000074ff00000, 0x0000000750000000, 0x0000000750000000|100%| E|CS|TAMS 0x000000074ff00000, 0x000000074ff00000| Complete 

Card table byte_map: [0x00000208bac90000,0x00000208bb290000] _byte_map_base: 0x00000208b7290000

Marking Bits (Prev, Next): (CMBitMap*) 0x00000208b9a2e930, (CMBitMap*) 0x00000208b9a2e8f8
 Prev Bits: [0x00000208d8810000, 0x00000208db810000)
 Next Bits: [0x00000208d5810000, 0x00000208d8810000)

Polling page: 0x00000208b2480000

Metaspace:

Usage:
  Non-class:     78.91 MB capacity,    77.64 MB ( 98%) used,   979.35 KB (  1%) free+waste,   324.50 KB ( <1%) overhead. 
      Class:     12.63 MB capacity,    11.55 MB ( 91%) used,   952.02 KB (  7%) free+waste,   156.06 KB (  1%) overhead. 
       Both:     91.54 MB capacity,    89.19 MB ( 97%) used,     1.89 MB (  2%) free+waste,   480.56 KB ( <1%) overhead. 

Virtual space:
  Non-class space:       80.00 MB reserved,      79.13 MB ( 99%) committed 
      Class space:        1.00 GB reserved,      12.75 MB (  1%) committed 
             Both:        1.08 GB reserved,      91.88 MB (  8%) committed 

Chunk freelists:
   Non-Class:  32.00 KB
       Class:  0 bytes
        Both:  32.00 KB

MaxMetaspaceSize: 17179869184.00 GB
CompressedClassSpaceSize: 1.00 GB

CodeHeap 'non-profiled nmethods': size=119168Kb used=20551Kb max_used=20551Kb free=98616Kb
 bounds [0x00000208ce3b0000, 0x00000208cf7d0000, 0x00000208d5810000]
CodeHeap 'profiled nmethods': size=119168Kb used=41630Kb max_used=42472Kb free=77537Kb
 bounds [0x00000208c6f50000, 0x00000208c9900000, 0x00000208ce3b0000]
CodeHeap 'non-nmethods': size=7424Kb used=1653Kb max_used=3384Kb free=5771Kb
 bounds [0x00000208c6810000, 0x00000208c6bc0000, 0x00000208c6f50000]
 total_blobs=18433 nmethods=17239 adapters=1097
 compilation: enabled
              stopped_count=0, restarted_count=0
 full_count=0

Compilation events (20 events):
Event: 286.609 Thread 0x00000208b9cf5800 20840       4       de.javasoft.plaf.synthetica.SyntheticaLookAndFeel::isOpaque (74 bytes)
Event: 286.611 Thread 0x00000208b9cf5800 nmethod 20840 0x00000208cf209c10 code [0x00000208cf209de0, 0x00000208cf209fc8]
Event: 286.981 Thread 0x00000208b9cf7000 20842       3       ui.utils.lnf.a$a::f (96 bytes)
Event: 286.982 Thread 0x00000208b9cf7000 nmethod 20842 0x00000208c8958f90 code [0x00000208c89591c0, 0x00000208c8959ae8]
Event: 286.982 Thread 0x00000208b9cf7000 20843       3       ui.utils.lnf.o::a (530 bytes)
Event: 286.983 Thread 0x00000208b9cf7000 nmethod 20843 0x00000208c8b4f190 code [0x00000208c8b4f6a0, 0x00000208c8b52208]
Event: 287.086 Thread 0x00000208b9cf7000 20844       3       sun.awt.windows.WComponentPeer::getDeviceColorModel (19 bytes)
Event: 287.087 Thread 0x00000208b9cf7000 nmethod 20844 0x00000208c8967690 code [0x00000208c89678a0, 0x00000208c89680a8]
Event: 287.087 Thread 0x00000208b9cf7000 20845       3       sun.awt.Win32GraphicsConfig::getDeviceColorModel (8 bytes)
Event: 287.087 Thread 0x00000208b9cf7000 nmethod 20845 0x00000208c86fc790 code [0x00000208c86fc960, 0x00000208c86fcbc8]
Event: 287.087 Thread 0x00000208b9cf7000 20846       3       sun.awt.Win32GraphicsDevice::getDynamicColorModel (25 bytes)
Event: 287.087 Thread 0x00000208b9cf7000 nmethod 20846 0x00000208c86ff010 code [0x00000208c86ff1c0, 0x00000208c86ff3a8]
Event: 287.103 Thread 0x00000208b9cf5800 20847       4       sun.swing.SwingUtilities2::convertColumnIndexToView (42 bytes)
Event: 287.106 Thread 0x00000208b9cf5800 nmethod 20847 0x00000208cf209010 code [0x00000208cf2091c0, 0x00000208cf2098d8]
Event: 287.486 Thread 0x00000208b9cf7000 20849       3       ui.views.x.b.ab::v (108 bytes)
Event: 287.487 Thread 0x00000208b9cf7000 nmethod 20849 0x00000208c8a71f10 code [0x00000208c8a72220, 0x00000208c8a73658]
Event: 287.487 Thread 0x00000208b9cf7000 20848       3       ui.views.x.b.al::aQy (16 bytes)
Event: 287.487 Thread 0x00000208b9cf7000 nmethod 20848 0x00000208c879a810 code [0x00000208c879a9c0, 0x00000208c879ab08]
Event: 287.487 Thread 0x00000208b9cf7000 20850       3       ui.views.x.b.al::aQz (84 bytes)
Event: 287.487 Thread 0x00000208b9cf7000 nmethod 20850 0x00000208c89e4010 code [0x00000208c89e4220, 0x00000208c89e4f58]

GC Heap History (20 events):
Event: 265.534 GC heap before
{Heap before GC invocations=91 (full 33):
 garbage-first heap   total 262144K, used 93514K [0x0000000740000000, 0x0000000800000000)
  region size 1024K, 2 young (2048K), 0 survivors (0K)
 Metaspace       used 91177K, capacity 93599K, committed 93828K, reserved 1130496K
  class space    used 11827K, capacity 12937K, committed 13056K, reserved 1048576K
}
Event: 265.578 GC heap after
{Heap after GC invocations=92 (full 34):
 garbage-first heap   total 262144K, used 87373K [0x0000000740000000, 0x0000000800000000)
  region size 1024K, 0 young (0K), 0 survivors (0K)
 Metaspace       used 91177K, capacity 93599K, committed 93828K, reserved 1130496K
  class space    used 11827K, capacity 12937K, committed 13056K, reserved 1048576K
}
Event: 265.661 GC heap before
{Heap before GC invocations=92 (full 34):
 garbage-first heap   total 262144K, used 93517K [0x0000000740000000, 0x0000000800000000)
  region size 1024K, 2 young (2048K), 0 survivors (0K)
 Metaspace       used 91179K, capacity 93599K, committed 93828K, reserved 1130496K
  class space    used 11827K, capacity 12937K, committed 13056K, reserved 1048576K
}
Event: 265.705 GC heap after
{Heap after GC invocations=93 (full 35):
 garbage-first heap   total 262144K, used 87377K [0x0000000740000000, 0x0000000800000000)
  region size 1024K, 0 young (0K), 0 survivors (0K)
 Metaspace       used 91179K, capacity 93599K, committed 93828K, reserved 1130496K
  class space    used 11827K, capacity 12937K, committed 13056K, reserved 1048576K
}
Event: 265.740 GC heap before
{Heap before GC invocations=93 (full 35):
 garbage-first heap   total 262144K, used 93521K [0x0000000740000000, 0x0000000800000000)
  region size 1024K, 2 young (2048K), 0 survivors (0K)
 Metaspace       used 91179K, capacity 93599K, committed 93828K, reserved 1130496K
  class space    used 11827K, capacity 12937K, committed 13056K, reserved 1048576K
}
Event: 265.786 GC heap after
{Heap after GC invocations=94 (full 36):
 garbage-first heap   total 262144K, used 87379K [0x0000000740000000, 0x0000000800000000)
  region size 1024K, 0 young (0K), 0 survivors (0K)
 Metaspace       used 91179K, capacity 93599K, committed 93828K, reserved 1130496K
  class space    used 11827K, capacity 12937K, committed 13056K, reserved 1048576K
}
Event: 268.219 GC heap before
{Heap before GC invocations=94 (full 36):
 garbage-first heap   total 262144K, used 91475K [0x0000000740000000, 0x0000000800000000)
  region size 1024K, 5 young (5120K), 0 survivors (0K)
 Metaspace       used 91192K, capacity 93599K, committed 93828K, reserved 1130496K
  class space    used 11827K, capacity 12937K, committed 13056K, reserved 1048576K
}
Event: 268.220 GC heap after
{Heap after GC invocations=95 (full 36):
 garbage-first heap   total 262144K, used 87580K [0x0000000740000000, 0x0000000800000000)
  region size 1024K, 1 young (1024K), 1 survivors (1024K)
 Metaspace       used 91192K, capacity 93599K, committed 93828K, reserved 1130496K
  class space    used 11827K, capacity 12937K, committed 13056K, reserved 1048576K
}
Event: 272.546 GC heap before
{Heap before GC invocations=95 (full 36):
 garbage-first heap   total 262144K, used 147996K [0x0000000740000000, 0x0000000800000000)
  region size 1024K, 60 young (61440K), 1 survivors (1024K)
 Metaspace       used 91248K, capacity 93673K, committed 93828K, reserved 1130496K
  class space    used 11827K, capacity 12937K, committed 13056K, reserved 1048576K
}
Event: 272.547 GC heap after
{Heap after GC invocations=96 (full 36):
 garbage-first heap   total 262144K, used 87956K [0x0000000740000000, 0x0000000800000000)
  region size 1024K, 1 young (1024K), 1 survivors (1024K)
 Metaspace       used 91248K, capacity 93673K, committed 93828K, reserved 1130496K
  class space    used 11827K, capacity 12937K, committed 13056K, reserved 1048576K
}
Event: 280.022 GC heap before
{Heap before GC invocations=96 (full 36):
 garbage-first heap   total 262144K, used 148372K [0x0000000740000000, 0x0000000800000000)
  region size 1024K, 60 young (61440K), 1 survivors (1024K)
 Metaspace       used 91269K, capacity 93677K, committed 93828K, reserved 1130496K
  class space    used 11827K, capacity 12937K, committed 13056K, reserved 1048576K
}
Event: 280.024 GC heap after
{Heap after GC invocations=97 (full 36):
 garbage-first heap   total 262144K, used 87831K [0x0000000740000000, 0x0000000800000000)
  region size 1024K, 1 young (1024K), 1 survivors (1024K)
 Metaspace       used 91269K, capacity 93677K, committed 93828K, reserved 1130496K
  class space    used 11827K, capacity 12937K, committed 13056K, reserved 1048576K
}
Event: 281.488 GC heap before
{Heap before GC invocations=97 (full 36):
 garbage-first heap   total 262144K, used 148247K [0x0000000740000000, 0x0000000800000000)
  region size 1024K, 60 young (61440K), 1 survivors (1024K)
 Metaspace       used 91273K, capacity 93677K, committed 93828K, reserved 1130496K
  class space    used 11827K, capacity 12937K, committed 13056K, reserved 1048576K
}
Event: 281.489 GC heap after
{Heap after GC invocations=98 (full 36):
 garbage-first heap   total 262144K, used 87787K [0x0000000740000000, 0x0000000800000000)
  region size 1024K, 1 young (1024K), 1 survivors (1024K)
 Metaspace       used 91273K, capacity 93677K, committed 93828K, reserved 1130496K
  class space    used 11827K, capacity 12937K, committed 13056K, reserved 1048576K
}
Event: 282.183 GC heap before
{Heap before GC invocations=98 (full 36):
 garbage-first heap   total 262144K, used 148203K [0x0000000740000000, 0x0000000800000000)
  region size 1024K, 60 young (61440K), 1 survivors (1024K)
 Metaspace       used 91273K, capacity 93677K, committed 93828K, reserved 1130496K
  class space    used 11827K, capacity 12937K, committed 13056K, reserved 1048576K
}
Event: 282.184 GC heap after
{Heap after GC invocations=99 (full 36):
 garbage-first heap   total 262144K, used 87747K [0x0000000740000000, 0x0000000800000000)
  region size 1024K, 1 young (1024K), 1 survivors (1024K)
 Metaspace       used 91273K, capacity 93677K, committed 93828K, reserved 1130496K
  class space    used 11827K, capacity 12937K, committed 13056K, reserved 1048576K
}
Event: 283.969 GC heap before
{Heap before GC invocations=99 (full 36):
 garbage-first heap   total 262144K, used 148163K [0x0000000740000000, 0x0000000800000000)
  region size 1024K, 60 young (61440K), 1 survivors (1024K)
 Metaspace       used 91292K, capacity 93741K, committed 94084K, reserved 1130496K
  class space    used 11828K, capacity 12937K, committed 13056K, reserved 1048576K
}
Event: 283.970 GC heap after
{Heap after GC invocations=100 (full 36):
 garbage-first heap   total 262144K, used 87873K [0x0000000740000000, 0x0000000800000000)
  region size 1024K, 1 young (1024K), 1 survivors (1024K)
 Metaspace       used 91292K, capacity 93741K, committed 94084K, reserved 1130496K
  class space    used 11828K, capacity 12937K, committed 13056K, reserved 1048576K
}
Event: 286.560 GC heap before
{Heap before GC invocations=100 (full 36):
 garbage-first heap   total 262144K, used 148289K [0x0000000740000000, 0x0000000800000000)
  region size 1024K, 60 young (61440K), 1 survivors (1024K)
 Metaspace       used 91314K, capacity 93741K, committed 94084K, reserved 1130496K
  class space    used 11828K, capacity 12937K, committed 13056K, reserved 1048576K
}
Event: 286.562 GC heap after
{Heap after GC invocations=101 (full 36):
 garbage-first heap   total 262144K, used 87996K [0x0000000740000000, 0x0000000800000000)
  region size 1024K, 1 young (1024K), 1 survivors (1024K)
 Metaspace       used 91314K, capacity 93741K, committed 94084K, reserved 1130496K
  class space    used 11828K, capacity 12937K, committed 13056K, reserved 1048576K
}

Deoptimization events (20 events):
Event: 264.121 Thread 0x00000208e2f68000 DEOPT PACKING pc=0x00000208ce9d1874 sp=0x00000081af0f8df0
Event: 264.121 Thread 0x00000208e2f68000 DEOPT UNPACKING pc=0x00000208c68183af sp=0x00000081af0f8d40 mode 2
Event: 264.121 Thread 0x00000208e2f68000 Uncommon trap: trap_request=0xffffff6e fr.pc=0x00000208ce9d1874 relative=0x00000000000006b4
Event: 264.121 Thread 0x00000208e2f68000 Uncommon trap: reason=speculate_class_check action=maybe_recompile pc=0x00000208ce9d1874 method=javax.swing.AbstractButton.setTextFromAction(Ljavax/swing/Action;Z)V @ 33 c2
Event: 264.121 Thread 0x00000208e2f68000 DEOPT PACKING pc=0x00000208ce9d1874 sp=0x00000081af0f8df0
Event: 264.121 Thread 0x00000208e2f68000 DEOPT UNPACKING pc=0x00000208c68183af sp=0x00000081af0f8d40 mode 2
Event: 265.590 Thread 0x00000208e2f68000 Uncommon trap: trap_request=0xffffff4d fr.pc=0x00000208cf727534 relative=0x0000000000000ad4
Event: 265.590 Thread 0x00000208e2f68000 Uncommon trap: reason=unstable_if action=reinterpret pc=0x00000208cf727534 method=sun.java2d.pipe.PixelToParallelogramConverter.drawRectangle(Lsun/java2d/SunGraphics2D;DDDDD)V @ 263 c2
Event: 265.590 Thread 0x00000208e2f68000 DEOPT PACKING pc=0x00000208cf727534 sp=0x00000081af0fa920
Event: 265.590 Thread 0x00000208e2f68000 DEOPT UNPACKING pc=0x00000208c68183af sp=0x00000081af0fa838 mode 2
Event: 269.082 Thread 0x00000208e2f68000 Uncommon trap: trap_request=0xffffff4d fr.pc=0x00000208cf5f5094 relative=0x0000000000004074
Event: 269.082 Thread 0x00000208e2f68000 Uncommon trap: reason=unstable_if action=reinterpret pc=0x00000208cf5f5094 method=de.javasoft.plaf.synthetica.painter.LabelPainter.paintLabelBackground(Ljavax/swing/plaf/synth/SynthContext;Ljava/awt/Graphics;IIII)V @ 542 c2
Event: 269.082 Thread 0x00000208e2f68000 DEOPT PACKING pc=0x00000208cf5f5094 sp=0x00000081af0f8d20
Event: 269.082 Thread 0x00000208e2f68000 DEOPT UNPACKING pc=0x00000208c68183af sp=0x00000081af0f8cc8 mode 2
Event: 279.147 Thread 0x00000208e2f68000 Uncommon trap: trap_request=0xffffffc6 fr.pc=0x00000208cf731f7c relative=0x00000000000043dc
Event: 279.147 Thread 0x00000208e2f68000 Uncommon trap: reason=bimorphic_or_optimized_type_check action=maybe_recompile pc=0x00000208cf731f7c method=java.awt.DefaultKeyboardFocusManager.dispatchEvent(Ljava/awt/AWTEvent;)Z @ 469 c2
Event: 279.147 Thread 0x00000208e2f68000 DEOPT PACKING pc=0x00000208cf731f7c sp=0x00000081af0f7ed0
Event: 279.147 Thread 0x00000208e2f68000 DEOPT UNPACKING pc=0x00000208c68183af sp=0x00000081af0f7e88 mode 2
Event: 280.110 Thread 0x00000208e2f68000 DEOPT PACKING pc=0x00000208c96da174 sp=0x00000081af0faba0
Event: 280.110 Thread 0x00000208e2f68000 DEOPT UNPACKING pc=0x00000208c6837e8e sp=0x00000081af0fa088 mode 0

Classes redefined (0 events):
No events

Internal exceptions (20 events):
Event: 240.593 Thread 0x00000208e2f68000 Exception <a 'java/io/FileNotFoundException'{0x000000074fd528c0}> (0x000000074fd528c0) thrown at [./src/hotspot/share/prims/jni.cpp, line 615]
Event: 240.620 Thread 0x00000208e2f68000 Exception <a 'java/io/FileNotFoundException'{0x000000074fd53090}> (0x000000074fd53090) thrown at [./src/hotspot/share/prims/jni.cpp, line 615]
Event: 245.608 Thread 0x00000208e2f68000 Exception <a 'java/io/FileNotFoundException'{0x000000074f3728c0}> (0x000000074f3728c0) thrown at [./src/hotspot/share/prims/jni.cpp, line 615]
Event: 245.624 Thread 0x00000208e2f68000 Exception <a 'java/io/FileNotFoundException'{0x000000074f373090}> (0x000000074f373090) thrown at [./src/hotspot/share/prims/jni.cpp, line 615]
Event: 250.619 Thread 0x00000208e2f68000 Exception <a 'java/io/FileNotFoundException'{0x000000074e99bd68}> (0x000000074e99bd68) thrown at [./src/hotspot/share/prims/jni.cpp, line 615]
Event: 250.638 Thread 0x00000208e2f68000 Exception <a 'java/io/FileNotFoundException'{0x000000074e99c538}> (0x000000074e99c538) thrown at [./src/hotspot/share/prims/jni.cpp, line 615]
Event: 255.636 Thread 0x00000208e2f68000 Exception <a 'java/io/FileNotFoundException'{0x000000074ed28020}> (0x000000074ed28020) thrown at [./src/hotspot/share/prims/jni.cpp, line 615]
Event: 255.643 Thread 0x00000208e2f68000 Exception <a 'java/io/FileNotFoundException'{0x000000074ed2b390}> (0x000000074ed2b390) thrown at [./src/hotspot/share/prims/jni.cpp, line 615]
Event: 260.627 Thread 0x00000208e2f68000 Exception <a 'java/io/FileNotFoundException'{0x000000074f057c60}> (0x000000074f057c60) thrown at [./src/hotspot/share/prims/jni.cpp, line 615]
Event: 260.644 Thread 0x00000208e2f68000 Exception <a 'java/io/FileNotFoundException'{0x000000074f058980}> (0x000000074f058980) thrown at [./src/hotspot/share/prims/jni.cpp, line 615]
Event: 265.650 Thread 0x00000208e2f68000 Exception <a 'java/io/FileNotFoundException'{0x000000074fe21180}> (0x000000074fe21180) thrown at [./src/hotspot/share/prims/jni.cpp, line 615]
Event: 265.650 Thread 0x00000208e2f68000 Exception <a 'java/io/FileNotFoundException'{0x000000074fe21930}> (0x000000074fe21930) thrown at [./src/hotspot/share/prims/jni.cpp, line 615]
Event: 270.642 Thread 0x00000208e2f68000 Exception <a 'java/io/FileNotFoundException'{0x000000074e76e280}> (0x000000074e76e280) thrown at [./src/hotspot/share/prims/jni.cpp, line 615]
Event: 270.645 Thread 0x00000208e2f68000 Exception <a 'java/io/FileNotFoundException'{0x000000074e76ea50}> (0x000000074e76ea50) thrown at [./src/hotspot/share/prims/jni.cpp, line 615]
Event: 275.639 Thread 0x00000208e2f68000 Exception <a 'java/io/FileNotFoundException'{0x000000074de5d5b8}> (0x000000074de5d5b8) thrown at [./src/hotspot/share/prims/jni.cpp, line 615]
Event: 275.646 Thread 0x00000208e2f68000 Exception <a 'java/io/FileNotFoundException'{0x000000074de5dd88}> (0x000000074de5dd88) thrown at [./src/hotspot/share/prims/jni.cpp, line 615]
Event: 280.643 Thread 0x00000208e2f68000 Exception <a 'java/io/FileNotFoundException'{0x000000074c948160}> (0x000000074c948160) thrown at [./src/hotspot/share/prims/jni.cpp, line 615]
Event: 280.658 Thread 0x00000208e2f68000 Exception <a 'java/io/FileNotFoundException'{0x000000074c948930}> (0x000000074c948930) thrown at [./src/hotspot/share/prims/jni.cpp, line 615]
Event: 285.751 Thread 0x00000208e2f68000 Exception <a 'java/io/FileNotFoundException'{0x000000074e1cf310}> (0x000000074e1cf310) thrown at [./src/hotspot/share/prims/jni.cpp, line 615]
Event: 285.751 Thread 0x00000208e2f68000 Exception <a 'java/io/FileNotFoundException'{0x000000074e1cfac0}> (0x000000074e1cfac0) thrown at [./src/hotspot/share/prims/jni.cpp, line 615]

Events (20 events):
Event: 285.488 Thread 0x00000208e7065800 Thread added: 0x00000208e7065800
Event: 285.491 Thread 0x00000208e7065800 Thread exited: 0x00000208e7065800
Event: 285.751 Thread 0x00000208e7064800 Thread exited: 0x00000208e7064800
Event: 285.753 Executing VM operation: RevokeBias
Event: 285.753 Executing VM operation: RevokeBias done
Event: 286.482 Thread 0x00000208e7064800 Thread added: 0x00000208e7064800
Event: 286.485 Thread 0x00000208e7064800 Thread exited: 0x00000208e7064800
Event: 286.560 Executing VM operation: G1CollectForAllocation
Event: 286.562 Executing VM operation: G1CollectForAllocation done
Event: 287.064 Thread 0x00000208e7064800 Thread added: 0x00000208e7064800
Event: 287.071 Executing VM operation: RevokeBias
Event: 287.075 Executing VM operation: RevokeBias done
Event: 287.076 Executing VM operation: RevokeBias
Event: 287.076 Executing VM operation: RevokeBias done
Event: 287.103 Executing VM operation: BulkRevokeBias
Event: 287.103 Executing VM operation: BulkRevokeBias done
Event: 287.129 Executing VM operation: BulkRevokeBias
Event: 287.129 Executing VM operation: BulkRevokeBias done
Event: 287.483 Thread 0x00000208e7065800 Thread added: 0x00000208e7065800
Event: 287.486 Thread 0x00000208e7065800 Thread exited: 0x00000208e7065800


Dynamic libraries:
0x00007ff7c4720000 - 0x00007ff7c4751000 	C:\Xilinx\Vivado\2022.2\bin\unwrapped\win64.o\vivado.exe
0x00007ff8c64e0000 - 0x00007ff8c6747000 	C:\Windows\SYSTEM32\ntdll.dll
0x00007ff8c5650000 - 0x00007ff8c5719000 	C:\Windows\System32\KERNEL32.DLL
0x00007ff8c3bb0000 - 0x00007ff8c3fa0000 	C:\Windows\System32\KERNELBASE.dll
0x00007ff8c38c0000 - 0x00007ff8c3a0b000 	C:\Windows\System32\ucrtbase.dll
0x00007ff8912f0000 - 0x00007ff89137d000 	C:\Windows\SYSTEM32\MSVCP140.dll
0x00007ff8abf40000 - 0x00007ff8abf5e000 	C:\Windows\SYSTEM32\VCRUNTIME140.dll
0x00007ff8abf30000 - 0x00007ff8abf3c000 	C:\Windows\SYSTEM32\VCRUNTIME140_1.dll
0x00007ff8aff70000 - 0x00007ff8aff88000 	C:\Xilinx\Vivado\2022.2\lib\win64.o\librdi_commonmain.dll
0x00007ff89cad0000 - 0x00007ff89caf1000 	C:\Xilinx\Vivado\2022.2\lib\win64.o\libboost_filesystem.dll
0x00007ff8c4ad0000 - 0x00007ff8c4b84000 	C:\Windows\System32\ADVAPI32.dll
0x00007ff8c5720000 - 0x00007ff8c57c9000 	C:\Windows\System32\msvcrt.dll
0x00007ff8c5160000 - 0x00007ff8c5206000 	C:\Windows\System32\sechost.dll
0x00007ff8c4e50000 - 0x00007ff8c4f68000 	C:\Windows\System32\RPCRT4.dll
0x00007ff8bc3a0000 - 0x00007ff8bc3a9000 	C:\Xilinx\Vivado\2022.2\lib\win64.o\librdi_commonversion.dll
0x0000000075850000 - 0x000000007597b000 	C:\Xilinx\Vivado\2022.2\lib\win64.o\tcl85t.dll
0x00007ff8c5380000 - 0x00007ff8c5545000 	C:\Windows\System32\USER32.dll
0x00007ff8c3ad0000 - 0x00007ff8c3af7000 	C:\Windows\System32\win32u.dll
0x00007ff8c5620000 - 0x00007ff8c564b000 	C:\Windows\System32\GDI32.dll
0x00007ff8c4130000 - 0x00007ff8c4268000 	C:\Windows\System32\gdi32full.dll
0x00007ff8c3b00000 - 0x00007ff8c3ba3000 	C:\Windows\System32\msvcp_win.dll
0x00007ff8c6320000 - 0x00007ff8c6394000 	C:\Windows\System32\WS2_32.dll
0x00007ff816600000 - 0x00007ff8167b5000 	C:\Xilinx\Vivado\2022.2\lib\win64.o\librdi_commonxillic.dll
0x00007ff8162e0000 - 0x00007ff8165f6000 	C:\Xilinx\Vivado\2022.2\lib\win64.o\libXil_lmgr11.dll
0x00007ff8c63a0000 - 0x00007ff8c6498000 	C:\Windows\System32\COMDLG32.dll
0x00007ff8c5830000 - 0x00007ff8c5bb5000 	C:\Windows\System32\combase.dll
0x00007ff8c4340000 - 0x00007ff8c4435000 	C:\Windows\System32\shcore.dll
0x00007ff8c4a60000 - 0x00007ff8c4aca000 	C:\Windows\System32\SHLWAPI.dll
0x00007ff8c5bc0000 - 0x00007ff8c630d000 	C:\Windows\System32\SHELL32.dll
0x00007ff8c3610000 - 0x00007ff8c3783000 	C:\Windows\System32\wintypes.dll
0x00007ff8c44c0000 - 0x00007ff8c45a0000 	C:\Windows\System32\OLEAUT32.dll
0x00007ff8c4ca0000 - 0x00007ff8c4e40000 	C:\Windows\System32\ole32.dll
0x00007ff8c3790000 - 0x00007ff8c3814000 	C:\Windows\System32\WINTRUST.dll
0x00007ff8c3fb0000 - 0x00007ff8c4127000 	C:\Windows\System32\CRYPT32.dll
0x00007ff819ef0000 - 0x00007ff81a004000 	C:\Xilinx\Vivado\2022.2\lib\win64.o\libboost_regex.dll
0x00007ffff96a0000 - 0x00007ffffa61d200 	C:\Xilinx\Vivado\2022.2\lib\win64.o\libisl_iostreams.dll
0x00007ff8c3500000 - 0x00007ff8c3526000 	C:\Windows\SYSTEM32\bcrypt.dll
0x00007ff89c410000 - 0x00007ff89c42a000 	C:\Windows\SYSTEM32\NETAPI32.dll
0x00007ff89db80000 - 0x00007ff89dc34000 	C:\Windows\WinSxS\amd64_microsoft.windows.common-controls_6595b64144ccf1df_5.82.26100.4484_none_87ef4f277a2c8b1a\COMCTL32.dll
0x00007ff8bc3b0000 - 0x00007ff8bc3ba000 	C:\Windows\SYSTEM32\WSOCK32.dll
0x00007ff8b3590000 - 0x00007ff8b35b5000 	C:\Windows\SYSTEM32\dhcpcsvc.DLL
0x00007ff8c2a80000 - 0x00007ff8c2aab000 	C:\Windows\SYSTEM32\USERENV.dll
0x00007ff8aebf0000 - 0x00007ff8aec01000 	C:\Xilinx\Vivado\2022.2\lib\win64.o\libboost_date_time.dll
0x00007ffff8260000 - 0x00007ffff9691000 	C:\Xilinx\Vivado\2022.2\lib\win64.o\librdi_common.dll
0x00007ff8a66e0000 - 0x00007ff8a66fc000 	C:\Xilinx\Vivado\2022.2\lib\win64.o\libboost_thread.dll
0x00007ff8a6640000 - 0x00007ff8a6658000 	C:\Xilinx\Vivado\2022.2\lib\win64.o\libboost_iostreams.dll
0x00007ff89c870000 - 0x00007ff89c894000 	C:\Xilinx\Vivado\2022.2\lib\win64.o\libisl_iosutils.dll
0x00007ff89e8c0000 - 0x00007ff89e8da000 	C:\Xilinx\Vivado\2022.2\lib\win64.o\pthreadVC2.dll
0x00007ff8157b0000 - 0x00007ff815b1e000 	C:\Xilinx\Vivado\2022.2\lib\win64.o\libCOIN-all.dll
0x00007ff89c6f0000 - 0x00007ff89c769000 	C:\Xilinx\Vivado\2022.2\lib\win64.o\libboost_program_options.dll
0x00007ff8bb930000 - 0x00007ff8bb93c000 	C:\Xilinx\Vivado\2022.2\lib\win64.o\libboost_xilinx.dll
0x00007ff894920000 - 0x00007ff8949a2000 	C:\Xilinx\Vivado\2022.2\lib\win64.o\libhdlpsolve.dll
0x00007ff88ace0000 - 0x00007ff88ad85000 	C:\Xilinx\Vivado\2022.2\lib\win64.o\libhdxml.dll
0x00007ff89c840000 - 0x00007ff89c861000 	C:\Xilinx\Vivado\2022.2\lib\win64.o\librdizlib.dll
0x00007ff89c7d0000 - 0x00007ff89c7fa000 	C:\Xilinx\Vivado\2022.2\lib\win64.o\libisl_sysinfo.dll
0x00007ff899f70000 - 0x00007ff89a1f9000 	C:\Windows\SYSTEM32\WININET.dll
0x00007ff8b6870000 - 0x00007ff8b698e000 	C:\Windows\SYSTEM32\WINHTTP.dll
0x00007ff8ac970000 - 0x00007ff8acb55000 	C:\Windows\SYSTEM32\urlmon.dll
0x00007ff894450000 - 0x00007ff8944b5000 	C:\Xilinx\Vivado\2022.2\lib\win64.o\liblmx6.0.dll
0x00007ff8948f0000 - 0x00007ff894920000 	C:\Windows\SYSTEM32\VCOMP140.DLL
0x00007ff8ac4d0000 - 0x00007ff8ac79a000 	C:\Windows\SYSTEM32\iertutil.dll
0x00007ff8c11f0000 - 0x00007ff8c1a50000 	C:\Windows\SYSTEM32\windows.storage.dll
0x00007ff8b1400000 - 0x00007ff8b1429000 	C:\Windows\SYSTEM32\srvcli.dll
0x00007ff8c1dc0000 - 0x00007ff8c1dcd000 	C:\Windows\SYSTEM32\netutils.dll
0x00007ff89d300000 - 0x00007ff89d31c000 	C:\Xilinx\Vivado\2022.2\lib\win64.o\librdiconfig.dll
0x00007ff801bb0000 - 0x00007ff801e71000 	C:\Xilinx\Vivado\2022.2\lib\win64.o\xerces-c_3_2.dll
0x00007fffe6090000 - 0x00007fffe7fa7000 	C:\Xilinx\Vivado\2022.2\lib\win64.o\gurobi90.dll
0x00007ff8c4440000 - 0x00007ff8c44bc000 	C:\Windows\System32\WLDAP32.dll
0x00007ff8c45b0000 - 0x00007ff8c45b8000 	C:\Windows\System32\Normaliz.dll
0x00007ff8c29e0000 - 0x00007ff8c2a4b000 	C:\Windows\SYSTEM32\MSWSOCK.DLL
0x00007ff8c42a0000 - 0x00007ff8c42cf000 	C:\Windows\System32\IMM32.DLL
0x00007ff8c2e30000 - 0x00007ff8c2e43000 	C:\Windows\SYSTEM32\MSASN1.dll
0x00007ff8c2dc0000 - 0x00007ff8c2ddb000 	C:\Windows\SYSTEM32\CRYPTSP.dll
0x00007ff8c23f0000 - 0x00007ff8c242b000 	C:\Windows\system32\rsaenh.dll
0x00007ff8c2c20000 - 0x00007ff8c2c2c000 	C:\Windows\SYSTEM32\CRYPTBASE.dll
0x00007ff8c3820000 - 0x00007ff8c38b9000 	C:\Windows\System32\bcryptPrimitives.dll
0x00007ff8c4270000 - 0x00007ff8c4290000 	C:\Windows\System32\imagehlp.dll
0x00007ff8c23d0000 - 0x00007ff8c23eb000 	C:\Windows\SYSTEM32\kernel.appcore.dll
0x00007ffffb2f0000 - 0x00007ffffb823000 	C:\Xilinx\Vivado\2022.2\lib\win64.o\librdi_commontasks.dll
0x00007ff8b34a0000 - 0x00007ff8b34ab000 	C:\Windows\SYSTEM32\VERSION.dll
0x00007ffffa670000 - 0x00007ffffb1bd000 	C:\Xilinx\Vivado\2022.2\tps\win64\jre11.0.11_9\bin\server\jvm.dll
0x00007ff8c6310000 - 0x00007ff8c6318000 	C:\Windows\System32\PSAPI.DLL
0x00007ff8abfe0000 - 0x00007ff8ac015000 	C:\Windows\SYSTEM32\WINMM.dll
0x00007ff801880000 - 0x00007ff801ba5c00 	C:\Xilinx\Vivado\2022.2\lib\win64.o\librdi_sio.dll
0x00007ff8c1dd0000 - 0x00007ff8c1e03000 	C:\Windows\SYSTEM32\IPHLPAPI.DLL
0x00007ff8c2720000 - 0x00007ff8c2769000 	C:\Windows\SYSTEM32\SspiCli.dll
0x00007ff8883f0000 - 0x00007ff888408000 	C:\Windows\system32\napinsp.dll
0x00007ff8c1e60000 - 0x00007ff8c1f86000 	C:\Windows\SYSTEM32\DNSAPI.dll
0x00007ff8c45c0000 - 0x00007ff8c45ca000 	C:\Windows\System32\NSI.dll
0x00007ff8883d0000 - 0x00007ff8883e2000 	C:\Windows\System32\winrnr.dll
0x00007ff887d60000 - 0x00007ff887d90000 	C:\Windows\system32\nlansp_c.dll
0x00007ff8b67f0000 - 0x00007ff8b6810000 	C:\Windows\system32\wshbth.dll
0x00007fffde170000 - 0x00007fffe0e96000 	C:\Xilinx\Vivado\2022.2\lib\win64.o\librdi_tcltasks.dll
0x00007ff88be20000 - 0x00007ff88be64000 	C:\Xilinx\Vivado\2022.2\lib\win64.o\libboost_serialization.dll
0x00007ff888ae0000 - 0x00007ff888b60000 	C:\Xilinx\Vivado\2022.2\lib\win64.o\librdi_boarddep.dll
0x00007ff800d70000 - 0x00007ff80124d000 	C:\Xilinx\Vivado\2022.2\lib\win64.o\librdi_bitstream.dll
0x00007ff815c80000 - 0x00007ff815e63000 	C:\Xilinx\Vivado\2022.2\lib\win64.o\librdi_board.dll
0x00007ff813be0000 - 0x00007ff813de2000 	C:\Xilinx\Vivado\2022.2\lib\win64.o\librdi_chipscopeimpl.dll
0x00007ff816b20000 - 0x00007ff816c47000 	C:\Xilinx\Vivado\2022.2\lib\win64.o\librdi_chipscope.dll
0x00007ff815640000 - 0x00007ff8157a5000 	C:\Xilinx\Vivado\2022.2\lib\win64.o\librdi_containers.dll
0x00007fffdc140000 - 0x00007fffde161000 	C:\Xilinx\Vivado\2022.2\lib\win64.o\librdi_designutils.dll
0x00007ff800470000 - 0x00007ff8007f3000 	C:\Xilinx\Vivado\2022.2\lib\win64.o\librdi_dlyest.dll
0x00007ffff7b70000 - 0x00007ffff8255000 	C:\Xilinx\Vivado\2022.2\lib\win64.o\librdi_drc.dll
0x00007fffd9f10000 - 0x00007fffdc13f000 	C:\Xilinx\Vivado\2022.2\lib\win64.o\librdi_constraints.dll
0x00007ff836140000 - 0x00007ff8361f4000 	C:\Xilinx\Vivado\2022.2\lib\win64.o\librdi_dsp.dll
0x00007fffe9a20000 - 0x00007fffeaf05000 	C:\Xilinx\Vivado\2022.2\lib\win64.o\librdi_device.dll
0x00007ff88a5b0000 - 0x00007ff88a61b000 	C:\Xilinx\Vivado\2022.2\lib\win64.o\librdi_hdf.dll
0x00007ffff74c0000 - 0x00007ffff77eb000 	C:\Xilinx\Vivado\2022.2\lib\win64.o\librdi_guitools.dll
0x00007ffff6e20000 - 0x00007ffff74b5000 	C:\Xilinx\Vivado\2022.2\lib\win64.o\librdi_filemgmt.dll
0x00007ff8135e0000 - 0x00007ff813727000 	C:\Xilinx\Vivado\2022.2\lib\win64.o\librdi_hip_perf_analysis.dll
0x00007ffff5190000 - 0x00007ffff544d000 	C:\Xilinx\Vivado\2022.2\lib\win64.o\librdi_hip_devdesign.dll
0x00007fffd7920000 - 0x00007fffd9f05000 	C:\Xilinx\Vivado\2022.2\lib\win64.o\librdi_coregen.dll
0x00007ffff4350000 - 0x00007ffff5188000 	C:\Xilinx\Vivado\2022.2\lib\win64.o\librdi_ippcw.dll
0x00007ffff0990000 - 0x00007ffff1130000 	C:\Xilinx\Vivado\2022.2\lib\win64.o\librdi_lopt.dll
0x00007fffef280000 - 0x00007ffff019b000 	C:\Xilinx\Vivado\2022.2\lib\win64.o\librdi_implflow.dll
0x00007ffff0330000 - 0x00007ffff0985000 	C:\Xilinx\Vivado\2022.2\lib\win64.o\librdi_memdata.dll
0x00007ff884e00000 - 0x00007ff884e7d000 	C:\Xilinx\Vivado\2022.2\lib\win64.o\librdi_memoryarray.dll
0x00007ff884f40000 - 0x00007ff884f9b000 	C:\Xilinx\Vivado\2022.2\lib\win64.o\librdi_pfi.dll
0x00007fffe92b0000 - 0x00007fffe9a1d000 	C:\Xilinx\Vivado\2022.2\lib\win64.o\librdi_netlist.dll
0x00007fffd5050000 - 0x00007fffd7915000 	C:\Xilinx\Vivado\2022.2\lib\win64.o\librdi_mig.dll
0x00007fffe57b0000 - 0x00007fffe6088000 	C:\Xilinx\Vivado\2022.2\lib\win64.o\librdi_power.dll
0x00007fffeee10000 - 0x00007fffef280000 	C:\Xilinx\Vivado\2022.2\lib\win64.o\librdi_platform.dll
0x00007fffe5040000 - 0x00007fffe57a7000 	C:\Xilinx\Vivado\2022.2\lib\win64.o\librdi_project.dll
0x00007fffcc820000 - 0x00007fffcf943000 	C:\Xilinx\Vivado\2022.2\lib\win64.o\librdi_place.dll
0x00007fffe2e50000 - 0x00007fffe37a1000 	C:\Xilinx\Vivado\2022.2\lib\win64.o\librdi_rsb.dll
0x00007fffd4910000 - 0x00007fffd5045000 	C:\Xilinx\Vivado\2022.2\lib\win64.o\librdi_psta.dll
0x00007ff813270000 - 0x00007ff813389000 	C:\Xilinx\Vivado\2022.2\lib\win64.o\librdi_runsbase.dll
0x00007fffec9c0000 - 0x00007fffecf24000 	C:\Xilinx\Vivado\2022.2\lib\win64.o\librdi_runs.dll

dbghelp: loaded successfully - version: 4.0.5 - missing functions: none
symbol engine: initialized successfully - sym options: 0x614 - pdb path: .;C:\Xilinx\Vivado\2022.2\bin\unwrapped\win64.o;C:\Windows\SYSTEM32;C:\Xilinx\Vivado\2022.2\lib\win64.o;C:\Windows\WinSxS\amd64_microsoft.windows.common-controls_6595b64144ccf1df_5.82.26100.4484_none_87ef4f277a2c8b1a;C:\Xilinx\Vivado\2022.2\tps\win64\jre11.0.11_9\bin\server;C:\Xilinx\Vivado\2022.2\tps\win64\python-3.8.3;C:\Xilinx\Vivado\2022.2\tps\win64\jre11.0.11_9\bin;C:\Windows\WinSxS\amd64_microsoft.windows.common-controls_6595b64144ccf1df_6.0.26100.4768_none_3e0c112ce331287c

VM Arguments:
jvm_args: -Dsun.java2d.pmoffscreen=false -Dhttps.protocols=TLSv1,TLSv1.1,TLSv1.2 -Dsun.java2d.xrender=false -Dsun.java2d.d3d=false -Dsun.awt.nopixfmt=true -Dsun.java2d.dpiaware=true -Dsun.java2d.uiScale.enabled=false -Xverify:none -Dswing.aatext=true -XX:-UsePerfData -Djdk.map.althashing.threshold=512 -XX:StringTableSize=4072 --add-opens=java.desktop/com.sun.awt=ALL-UNNAMED --add-opens=java.desktop/javax.swing.plaf.synth=ALL-UNNAMED --add-opens=java.base/java.nio=ALL-UNNAMED --add-opens=java.desktop/sun.swing=ALL-UNNAMED --add-opens=java.desktop/javax.swing=ALL-UNNAMED --add-opens=java.desktop/javax.swing.tree=ALL-UNNAMED --add-opens=java.desktop/javax.swing.plaf.basic=ALL-UNNAMED --add-opens=java.desktop/javax.swing.plaf.synth=ALL-UNNAMED --add-opens=java.desktop/javax.swing.plaf.basic=ALL-UNNAMED --add-opens=java.desktop/javax.swing=ALL-UNNAMED --add-opens=java.desktop/javax.swing.tree=ALL-UNNAMED --add-opens=java.desktop/java.awt.event=ALL-UNNAMED --add-exports=java.desktop/javax.swing.plaf.synth=ALL-UNNAMED --add-exports=java.base/java.nio=ALL-UNNAMED --add-exports=java.desktop/sun.swing=ALL-UNNAMED --add-exports=java.desktop/javax.swing=ALL-UNNAMED --add-exports=java.desktop/javax.swing.tree=ALL-UNNAMED --add-exports=java.desktop/javax.swing.plaf.basic=ALL-UNNAMED --add-exports=java.desktop/sun.swing=ALL-UNNAMED --add-exports=java.desktop/sun.swing.table=ALL-UNNAMED --add-exports=java.desktop/sun.swing.plaf.synth=ALL-UNNAMED --add-exports=java.desktop/sun.awt.shell=ALL-UNNAMED --add-exports=java.base/sun.security.action=ALL-UNNAMED --add-exports=java.desktop/sun.font=ALL-UNNAMED -XX:NewSize=60m -XX:MaxNewSize=60m -Xms256m -Xmx3072m -Xss5m 
java_command: <unknown>
java_class_path (initial): C:/Xilinx/Vivado/2022.2\lib\classes\alloy.jar;C:/Xilinx/Vivado/2022.2\lib\classes\asm-9.3.jar;C:/Xilinx/Vivado/2022.2\lib\classes\asm-analysis-9.3.jar;C:/Xilinx/Vivado/2022.2\lib\classes\asm-commons-9.3.jar;C:/Xilinx/Vivado/2022.2\lib\classes\asm-tree-9.3.jar;C:/Xilinx/Vivado/2022.2\lib\classes\autoesl-models.jar;C:/Xilinx/Vivado/2022.2\lib\classes\batik-anim.jar;C:/Xilinx/Vivado/2022.2\lib\classes\batik-awt-util.jar;C:/Xilinx/Vivado/2022.2\lib\classes\batik-bridge.jar;C:/Xilinx/Vivado/2022.2\lib\classes\batik-codec.jar;C:/Xilinx/Vivado/2022.2\lib\classes\batik-css.jar;C:/Xilinx/Vivado/2022.2\lib\classes\batik-dom.jar;C:/Xilinx/Vivado/2022.2\lib\classes\batik-ext.jar;C:/Xilinx/Vivado/2022.2\lib\classes\batik-gui-util.jar;C:/Xilinx/Vivado/2022.2\lib\classes\batik-gvt.jar;C:/Xilinx/Vivado/2022.2\lib\classes\batik-parser.jar;C:/Xilinx/Vivado/2022.2\lib\classes\batik-script.jar;C:/Xilinx/Vivado/2022.2\lib\classes\batik-svg-dom.jar;C:/Xilinx/Vivado/2022.2\lib\classes\batik-svggen.jar;C:/Xilinx/Vivado/2022.2\lib\classes\batik-swing.jar;C:/Xilinx/Vivado/2022.2\lib\classes\batik-transcoder.jar;C:/Xilinx/Vivado/2022.2\lib\classes\batik-util.jar;C:/Xilinx/Vivado/2022.2\lib\classes\batik-xml.jar;C:/Xilinx/Vivado/2022.2\lib\classes\com.fasterxml.jackson.core.jackson-annotations_2.12.1.v20210128-1726.jar;C:/Xilinx/Vivado/2022.2\lib\classes\com.fasterxml.jackson.core.jackson-core_2.12.1.v20210128-1726.jar;C:/Xilinx/Vivado/2022.2\lib\classes\com.fasterxml.jackson.core.jackson-databind_2.12.1.v20210128-1726.jar;C:/Xilinx/Vivado/2022.2\lib\classes\com.google.gson_2.8.7.v20210624-1215.jar;C:/Xilinx/Vivado/2022.2\lib\classes\com.google.guava_30.1.0.v20210127-2300.jar;C:/Xilinx/Vivado/2022.2\lib\classes\com.sigasi.hdt.connection_4.15.0.202201101137.jar;C:/Xilinx/Vivado/2022.2\lib\classes\com.sigasi.hdt.epl_4.15.0.202201101137.jar;C:/Xilinx/Vivado/2022.2\lib\classes\com.sigasi.hdt.project_4.15.0.202201101137.jar;C:/Xilinx/Vivado/2022.2\lib\classes\com.sigasi
Launcher Type: generic

[Global flags]
     bool BytecodeVerificationLocal                = false                                     {product} {command line}
     bool BytecodeVerificationRemote               = false                                     {product} {command line}
     intx CICompilerCount                          = 12                                        {product} {ergonomic}
     uint ConcGCThreads                            = 3                                         {product} {ergonomic}
     uint G1ConcRefinementThreads                  = 13                                        {product} {ergonomic}
   size_t G1HeapRegionSize                         = 1048576                                   {product} {ergonomic}
    uintx GCDrainStackTargetSize                   = 64                                        {product} {ergonomic}
   size_t InitialHeapSize                          = 268435456                                 {product} {command line}
   size_t MarkStackSize                            = 4194304                                   {product} {ergonomic}
   size_t MaxHeapSize                              = 3221225472                                {product} {command line}
   size_t MaxNewSize                               = 62914560                                  {product} {command line}
   size_t MinHeapDeltaBytes                        = 1048576                                   {product} {ergonomic}
   size_t NewSize                                  = 62914560                                  {product} {command line}
    uintx NonNMethodCodeHeapSize                   = 7594288                                {pd product} {ergonomic}
    uintx NonProfiledCodeHeapSize                  = 122031976                              {pd product} {ergonomic}
    uintx ProfiledCodeHeapSize                     = 122031976                              {pd product} {ergonomic}
    uintx ReservedCodeCacheSize                    = 251658240                              {pd product} {ergonomic}
     bool SegmentedCodeCache                       = true                                      {product} {ergonomic}
    uintx StringTableSize                          = 4072                                      {product} {command line}
     intx ThreadStackSize                          = 5120                                   {pd product} {command line}
     bool UseCompressedClassPointers               = true                                 {lp64_product} {ergonomic}
     bool UseCompressedOops                        = true                                 {lp64_product} {ergonomic}
     bool UseG1GC                                  = true                                      {product} {ergonomic}
     bool UseLargePagesIndividualAllocation        = false                                  {pd product} {ergonomic}
     bool UsePerfData                              = false                                     {product} {command line}

Logging:
Log output configuration:
 #0: stdout all=warning uptime,level,tags
 #1: stderr all=off uptime,level,tags

Environment Variables:
PATH=C:/Xilinx/Vivado/2022.2\gnuwin\bin;C:/Xilinx/Vivado/2022.2\gnu\microblaze\nt\bin;C:/Xilinx/Vivado/2022.2/bin;C:/Xilinx/Vivado/2022.2/tps/win64/java-cef-95.0.4638.69/bin/lib/win64;C:/Xilinx/Vivado/2022.2/tps/win64/javafx-sdk-11.0.2/lib;C:/Xilinx/Vivado/2022.2/tps/win64/javafx-sdk-11.0.2/bin;C:/Xilinx/Vivado/2022.2/lib/win64.o;C:/Xilinx/Vivado/2022.2/tps/win64/jre11.0.11_9/bin/server;C:/Xilinx/Vivado/2022.2/tps/win64/jre11.0.11_9/bin;C:/Xilinx/Vivado/2022.2/ids_lite/ISE/bin/nt64;C:/Xilinx/Vivado/2022.2/ids_lite/ISE/lib/nt64;C:/Xilinx/Vitis_HLS/2022.2/bin;C:\Program Files (x86)\VMware\VMware Workstation\bin\;C:\Python312\Scripts\;C:\Python312\;C:\Windows\system32;C:\Windows;C:\Windows\System32\Wbem;C:\Windows\System32\WindowsPowerShell\v1.0\;C:\Windows\System32\OpenSSH\;C:\Users\MinzHung\AppData\Local\Programs\Python\Python313;C:\Users\MinzHung\AppData\Local\Programs\Python\Python313\Scripts;C:\ProgramData\chocolatey\bin;C:\Program Files\Git\cmd;C:\Users\MinzHung\AppData\Roaming\Python\Python312\Scripts;C:\Users\MinzHung\AppData\Roaming\Python\Python312\site-packages\flask;C:\Program Files\mosquitto;C:\Program Files (x86)\STMicroelectronics\STM32 ST-LINK Utility\ST-LINK Utility;C:\Program Files\Cloudflare\Cloudflare WARP\;C:\tbb2019_20190320oss\bin;C:\tbb2019_20190320oss\include;C:\tbb2019_20190320oss\lib\intel64\vc14;C:\msys64\mingw64\bin;C:\Program Files\NVIDIA Corporation\NVIDIA app\NvDLISR;C:\Program Files (x86)\NVIDIA Corporation\PhysX\Common;C:\msys64\ucrt64\bin;C:\Users\MinzHung\AppData\Local\Programs\Microsoft VS Code\bin;D:\iverilog\bin;D:\iverilog\gtkwave\bin;C:/Xilinx/Vivado/2022.2\tps\mingw\6.2.0\win64.o\nt\bin;C:/Xilinx/Vivado/2022.2\tps\mingw\6.2.0\win64.o\nt\libexec\gcc\x86_64-w64-mingw32\6.2.0;C:/Xilinx/Vivado/2022.2\tps\win64\python-3.8.3;C:/Xilinx/Vivado/2022.2\tps\win64\python-3.8.3\bin;C:/Xilinx/Vivado/2022.2\tps\win64\python-3.8.3\lib;C:/Xilinx/Vivado/2022.2\tps\win64\python-3.8.3\lib\site-packages
USERNAME=MinzHung
OS=Windows_NT
PROCESSOR_IDENTIFIER=Intel64 Family 6 Model 141 Stepping 1, GenuineIntel



---------------  S Y S T E M  ---------------

OS: Windows 10 , 64 bit Build 26100 (10.0.26100.4768)
OS uptime: 1 days 17:09 hours
Hyper-V role detected

CPU:total 16 (initial active 16) (8 cores per cpu, 2 threads per core) family 6 model 141 stepping 1 microcode 0x3c, cmov, cx8, fxsr, mmx, sse, sse2, sse3, ssse3, sse4.1, sse4.2, popcnt, avx, avx2, aes, clmul, erms, 3dnowpref, lzcnt, ht, tsc, tscinvbit, bmi1, bmi2, adx, evex, sha, fma

Memory: 4k page, system-wide physical 16163M (4462M free)
TotalPageFile size 29475M (AvailPageFile size 12271M)
current process WorkingSet (physical memory assigned to process): 1112M, peak: 1137M
current process commit charge ("private bytes"): 1206M, peak: 1254M

vm_info: OpenJDK 64-Bit Server VM (11.0.11+9) for windows-amd64 JRE (11.0.11+9), built on Apr  9 2021 19:32:08 by "" with MS VC++ 15.5 (VS2017)

END.
