#-----------------------------------------------------------
# Vivado v2022.2.2 (64-bit)
# SW Build 3788238 on Tue Feb 21 20:00:34 MST 2023
# IP Build 3783773 on Tue Feb 21 23:41:56 MST 2023
# Start of session at: Thu Sep  4 08:32:34 2025
# Process ID: 15644
# Current directory: C:/Hung/Viettel/Stage2/ML-KEM/ml_kem
# Command line: vivado.exe -gui_launcher_event rodinguilauncherevent13368 C:\Hung\Viettel\Stage2\ML-KEM\ml_kem\ml_kem.xpr
# Log file: C:/Hung/Viettel/Stage2/ML-KEM/ml_kem/vivado.log
# Journal file: C:/Hung/Viettel/Stage2/ML-KEM/ml_kem\vivado.jou
# Running On: DESKTOP-DA5EM0P, OS: Windows, CPU Frequency: 2304 MHz, CPU Physical cores: 8, Host memory: 16948 MB
#-----------------------------------------------------------
start_gui
open_project C:/Hung/Viettel/Stage2/ML-KEM/ml_kem/ml_kem.xpr
Scanning sources...
Finished scanning sources
WARNING: [Board 49-26] cannot add Board Part xilinx.com:vck190:part0:2.2 available at C:/Xilinx/Vivado/2022.2/data/xhub/boards/XilinxBoardStore/boards/Xilinx/vck190/production/2.2/board.xml as part xcvc1902-vsva2197-2mp-e-s specified in board_part file is either invalid or not available
WARNING: [Board 49-26] cannot add Board Part xilinx.com:vck190:part0:3.0 available at C:/Xilinx/Vivado/2022.2/data/xhub/boards/XilinxBoardStore/boards/Xilinx/vck190/production/3.0/board.xml as part xcvc1902-vsva2197-2mp-e-s specified in board_part file is either invalid or not available
WARNING: [Board 49-26] cannot add Board Part xilinx.com:vck190:part0:3.1 available at C:/Xilinx/Vivado/2022.2/data/xhub/boards/XilinxBoardStore/boards/Xilinx/vck190/production/3.1/board.xml as part xcvc1902-vsva2197-2mp-e-s specified in board_part file is either invalid or not available
WARNING: [Board 49-26] cannot add Board Part xilinx.com:vck190_newl:part0:1.0 available at C:/Xilinx/Vivado/2022.2/data/xhub/boards/XilinxBoardStore/boards/Xilinx/vck190_newl/production/1.0/board.xml as part xcvc1902-vsva2197-2mp-e-s specified in board_part file is either invalid or not available
WARNING: [Board 49-26] cannot add Board Part xilinx.com:vek280_es:part0:1.0 available at C:/Xilinx/Vivado/2022.2/data/xhub/boards/XilinxBoardStore/boards/Xilinx/vek280/es/rev_a/1.0/board.xml as part xcve2802-vsvh1760-2lp-e-s-es1 specified in board_part file is either invalid or not available
WARNING: [Board 49-26] cannot add Board Part xilinx.com:vek280_es_revb:part0:1.0 available at C:/Xilinx/Vivado/2022.2/data/xhub/boards/XilinxBoardStore/boards/Xilinx/vek280/es/rev_b/1.0/board.xml as part xcve2802-vsvh1760-2mp-e-s-es1 specified in board_part file is either invalid or not available
WARNING: [Board 49-26] cannot add Board Part xilinx.com:vhk158_es:part0:1.0 available at C:/Xilinx/Vivado/2022.2/data/xhub/boards/XilinxBoardStore/boards/Xilinx/vhk158/es/1.0/board.xml as part xcvh1582-vsva3697-2mp-e-s-es1 specified in board_part file is either invalid or not available
WARNING: [Board 49-26] cannot add Board Part xilinx.com:vmk180:part0:2.2 available at C:/Xilinx/Vivado/2022.2/data/xhub/boards/XilinxBoardStore/boards/Xilinx/vmk180/production/2.2/board.xml as part xcvm1802-vsva2197-2mp-e-s specified in board_part file is either invalid or not available
WARNING: [Board 49-26] cannot add Board Part xilinx.com:vmk180:part0:3.0 available at C:/Xilinx/Vivado/2022.2/data/xhub/boards/XilinxBoardStore/boards/Xilinx/vmk180/production/3.0/board.xml as part xcvm1802-vsva2197-2mp-e-s specified in board_part file is either invalid or not available
WARNING: [Board 49-26] cannot add Board Part xilinx.com:vmk180:part0:3.1 available at C:/Xilinx/Vivado/2022.2/data/xhub/boards/XilinxBoardStore/boards/Xilinx/vmk180/production/3.1/board.xml as part xcvm1802-vsva2197-2mp-e-s specified in board_part file is either invalid or not available
WARNING: [Board 49-26] cannot add Board Part xilinx.com:vmk180_newl:part0:1.0 available at C:/Xilinx/Vivado/2022.2/data/xhub/boards/XilinxBoardStore/boards/Xilinx/vmk180_newl/production/1.0/board.xml as part xcvm1802-vsva2197-2mp-e-s specified in board_part file is either invalid or not available
WARNING: [Board 49-26] cannot add Board Part xilinx.com:vpk120:part0:1.0 available at C:/Xilinx/Vivado/2022.2/data/xhub/boards/XilinxBoardStore/boards/Xilinx/vpk120/production/1.0/board.xml as part xcvp1202-vsva2785-2mp-e-s specified in board_part file is either invalid or not available
WARNING: [Board 49-26] cannot add Board Part xilinx.com:vpk120_es:part0:1.2 available at C:/Xilinx/Vivado/2022.2/data/xhub/boards/XilinxBoardStore/boards/Xilinx/vpk120/es/1.2/board.xml as part xcvp1202-vsva2785-2mp-e-s-es1 specified in board_part file is either invalid or not available
WARNING: [Board 49-26] cannot add Board Part xilinx.com:vpk120_es_revb:part0:1.0 available at C:/Xilinx/Vivado/2022.2/data/xhub/boards/XilinxBoardStore/boards/Xilinx/vpk120_revb/es/1.0/board.xml as part xcvp1202-vsva2785-2mp-e-s-es1 specified in board_part file is either invalid or not available
WARNING: [Board 49-26] cannot add Board Part xilinx.com:vpk180_es:part0:1.0 available at C:/Xilinx/Vivado/2022.2/data/xhub/boards/XilinxBoardStore/boards/Xilinx/vpk180/es/1.0/board.xml as part xcvp1802-lsvc4072-2mp-e-s-es1 specified in board_part file is either invalid or not available
WARNING: [Board 49-26] cannot add Board Part xilinx.com:zcu208ld:part0:2.0 available at C:/Xilinx/Vivado/2022.2/data/xhub/boards/XilinxBoardStore/boards/Xilinx/zcu208ld/production/2.0/board.xml as part xczu58dr-fsvg1517-2-i specified in board_part file is either invalid or not available
WARNING: [Board 49-26] cannot add Board Part xilinx.com:zcu216ld:part0:2.0 available at C:/Xilinx/Vivado/2022.2/data/xhub/boards/XilinxBoardStore/boards/Xilinx/zcu216ld/production/2.0/board.xml as part xczu59dr-ffvf1760-2-i specified in board_part file is either invalid or not available
WARNING: [Board 49-26] cannot add Board Part xilinx.com:zcu670:part0:2.0 available at C:/Xilinx/Vivado/2022.2/data/xhub/boards/XilinxBoardStore/boards/Xilinx/zcu670/2.0/board.xml as part xczu67dr-fsve1156-2-i specified in board_part file is either invalid or not available
WARNING: [Board 49-26] cannot add Board Part xilinx.com:zcu670ld:part0:1.0 available at C:/Xilinx/Vivado/2022.2/data/xhub/boards/XilinxBoardStore/boards/Xilinx/zcu670ld/1.0/board.xml as part xczu57dr-fsve1156-2-i specified in board_part file is either invalid or not available
INFO: [IP_Flow 19-234] Refreshing IP repositories
INFO: [IP_Flow 19-1704] No user IP repositories specified
INFO: [IP_Flow 19-2313] Loaded Vivado IP repository 'C:/Xilinx/Vivado/2022.2/data/ip'.
open_project: Time (s): cpu = 00:00:22 ; elapsed = 00:00:11 . Memory (MB): peak = 1203.074 ; gain = 377.520
update_compile_order -fileset sources_1
set_property top AddressGeneratortb [get_filesets sim_1]
set_property top_lib xil_defaultlib [get_filesets sim_1]
update_compile_order -fileset sim_1
launch_simulation
Command: launch_simulation 
INFO: [Vivado 12-12493] Simulation top is 'AddressGeneratortb'
WARNING: [Vivado 12-13340] Unable to auto find GCC executables from simulator install path! (path not set)
WARNING: [Vivado 12-13277] Compiled library path does not exist: ''
INFO: [Vivado 12-5682] Launching behavioral simulation in 'C:/Hung/Viettel/Stage2/ML-KEM/ml_kem/ml_kem.sim/sim_1/behav/xsim'
INFO: [SIM-utils-51] Simulation object is 'sim_1'
INFO: [SIM-utils-72] Using boost library from 'C:/Xilinx/Vivado/2022.2/tps/boost_1_72_0'
INFO: [USF-XSim-7] Finding pre-compiled libraries...
INFO: [USF-XSim-11] File 'C:/Xilinx/Vivado/2022.2/data/xsim/xsim.ini' copied to run dir:'C:/Hung/Viettel/Stage2/ML-KEM/ml_kem/ml_kem.sim/sim_1/behav/xsim'
INFO: [SIM-utils-54] Inspecting design source files for 'AddressGeneratortb' in fileset 'sim_1'...
INFO: [USF-XSim-97] Finding global include files...
INFO: [USF-XSim-98] Fetching design files from 'sim_1'...
INFO: [USF-XSim-2] XSim::Compile design
INFO: [USF-XSim-61] Executing 'COMPILE and ANALYZE' step in 'C:/Hung/Viettel/Stage2/ML-KEM/ml_kem/ml_kem.sim/sim_1/behav/xsim'
"xvlog --incr --relax -prj AddressGeneratortb_vlog.prj"
INFO: [VRFC 10-2263] Analyzing Verilog file "C:/Hung/Viettel/Stage2/ML-KEM/NTT/AddressGenerator.v" into library xil_defaultlib
INFO: [VRFC 10-311] analyzing module AddressGenerator
INFO: [VRFC 10-2263] Analyzing Verilog file "C:/Hung/Viettel/Stage2/ML-KEM/NTT/AddressGeneratortb.v" into library xil_defaultlib
INFO: [VRFC 10-311] analyzing module AddressGeneratortb
INFO: [USF-XSim-69] 'compile' step finished in '2' seconds
INFO: [USF-XSim-3] XSim::Elaborate design
INFO: [USF-XSim-61] Executing 'ELABORATE' step in 'C:/Hung/Viettel/Stage2/ML-KEM/ml_kem/ml_kem.sim/sim_1/behav/xsim'
"xelab --incr --debug typical --relax --mt 2 -L xil_defaultlib -L unisims_ver -L unimacro_ver -L secureip -L xpm --snapshot AddressGeneratortb_behav xil_defaultlib.AddressGeneratortb xil_defaultlib.glbl -log elaborate.log"
Vivado Simulator v2022.2.2
Copyright 1986-1999, 2001-2022 Xilinx, Inc. All Rights Reserved.
Running: C:/Xilinx/Vivado/2022.2/bin/unwrapped/win64.o/xelab.exe --incr --debug typical --relax --mt 2 -L xil_defaultlib -L unisims_ver -L unimacro_ver -L secureip -L xpm --snapshot AddressGeneratortb_behav xil_defaultlib.AddressGeneratortb xil_defaultlib.glbl -log elaborate.log 
Using 2 slave threads.
Starting static elaboration
Pass Through NonSizing Optimizer
Completed static elaboration
Starting simulation data flow analysis
Completed simulation data flow analysis
Time Resolution for simulation is 1ps
Compiling module xil_defaultlib.AddressGenerator
Compiling module xil_defaultlib.AddressGeneratortb
Compiling module xil_defaultlib.glbl
Built simulation snapshot AddressGeneratortb_behav
INFO: [USF-XSim-69] 'elaborate' step finished in '3' seconds
INFO: [USF-XSim-4] XSim::Simulate design
INFO: [USF-XSim-61] Executing 'SIMULATE' step in 'C:/Hung/Viettel/Stage2/ML-KEM/ml_kem/ml_kem.sim/sim_1/behav/xsim'
INFO: [USF-XSim-98] *** Running xsim
   with args "AddressGeneratortb_behav -key {Behavioral:sim_1:Functional:AddressGeneratortb} -tclbatch {AddressGeneratortb.tcl} -view {C:/Hung/Viettel/Stage2/ML-KEM/ml_kem/tb_top_func_impl.wcfg} -log {simulate.log}"
INFO: [USF-XSim-8] Loading simulator feature
Time resolution is 1 ps
open_wave_config C:/Hung/Viettel/Stage2/ML-KEM/ml_kem/tb_top_func_impl.wcfg
WARNING: Simulation object /tb_top/clk was not found in the design.
WARNING: Simulation object /tb_top/rst_n was not found in the design.
WARNING: Simulation object /tb_top/start was not found in the design.
WARNING: Simulation object /tb_top/is_ntt was not found in the design.
WARNING: Simulation object /tb_top/valid_input was not found in the design.
WARNING: Simulation object /tb_top/in0 was not found in the design.
WARNING: Simulation object /tb_top/in1 was not found in the design.
WARNING: Simulation object /tb_top/dut/barret1 was not found in the design.
WARNING: Simulation object /tb_top/dut/barret2 was not found in the design.
WARNING: Simulation object /tb_top/dut/barret3 was not found in the design.
WARNING: Simulation object /tb_top/dut/check_mul was not found in the design.
WARNING: Simulation object /tb_top/dut/bin0 was not found in the design.
WARNING: Simulation object /tb_top/dut/bin1 was not found in the design.
WARNING: Simulation object /tb_top/dut/oaddr0 was not found in the design.
WARNING: Simulation object /tb_top/dut/oaddr1 was not found in the design.
WARNING: Simulation object /tb_top/dut/bout0 was not found in the design.
WARNING: Simulation object /tb_top/dut/bout1 was not found in the design.
WARNING: Simulation object /tb_top/dut/ozeta was not found in the design.
WARNING: Simulation object /tb_top/dut/check_counter was not found in the design.
WARNING: Simulation object /tb_top/dut/check_toggle was not found in the design.
WARNING: Simulation object /tb_top/dut/check_write was not found in the design.
WARNING: Simulation object /tb_top/dut/done_compute was not found in the design.
WARNING: Simulation object /tb_top/dut/ostate was not found in the design.
WARNING: Simulation object /tb_top/dut/output_valid was not found in the design.
WARNING: Simulation object /tb_top/dut/addr0 was not found in the design.
WARNING: Simulation object /tb_top/dut/addr1 was not found in the design.
WARNING: Simulation object /tb_top/dut/out0 was not found in the design.
WARNING: Simulation object /tb_top/dut/out1 was not found in the design.
WARNING: Simulation object /tb_top/dut/bram_inst/clka was not found in the design.
WARNING: Simulation object /tb_top/dut/bram_inst/addra was not found in the design.
WARNING: Simulation object /tb_top/dut/bram_inst/dina was not found in the design.
WARNING: Simulation object /tb_top/dut/bram_inst/douta was not found in the design.
WARNING: Simulation object /tb_top/dut/bram_inst/wea was not found in the design.
WARNING: Simulation object /tb_top/dut/bram_inst/clkb was not found in the design.
WARNING: Simulation object /tb_top/dut/bram_inst/addrb was not found in the design.
WARNING: Simulation object /tb_top/dut/bram_inst/dinb was not found in the design.
WARNING: Simulation object /tb_top/dut/bram_inst/doutb was not found in the design.
WARNING: Simulation object /tb_top/dut/bram_inst/web was not found in the design.
source AddressGeneratortb.tcl
# set curr_wave [current_wave_config]
# if { [string length $curr_wave] == 0 } {
#   if { [llength [get_objects]] > 0} {
#     add_wave /
#     set_property needs_save false [current_wave_config]
#   } else {
#      send_msg_id Add_Wave-1 WARNING "No top level signals found. Simulator will start without a wave window. If you want to open a wave window go to 'File->New Waveform Configuration' or type 'create_wave_config' in the TCL console."
#   }
# }
# run 1000000ns
Finished
$finish called at time : 18020 ns : File "C:/Hung/Viettel/Stage2/ML-KEM/NTT/AddressGeneratortb.v" Line 41
INFO: [USF-XSim-96] XSim completed. Design snapshot 'AddressGeneratortb_behav' loaded.
INFO: [USF-XSim-97] XSim simulation ran for 1000000ns
launch_simulation: Time (s): cpu = 00:00:05 ; elapsed = 00:00:08 . Memory (MB): peak = 1254.801 ; gain = 32.816
current_wave_config {}
WARNING: [Wavedata 42-16] Error Unable to get wave configuration ''.
tb_top_func_impl.wcfg
add_wave {{/AddressGeneratortb/clk}} {{/AddressGeneratortb/rst_n}} {{/AddressGeneratortb/start}} {{/AddressGeneratortb/is_ntt}} {{/AddressGeneratortb/done}} {{/AddressGeneratortb/valid}} {{/AddressGeneratortb/addr0}} {{/AddressGeneratortb/addr1}} {{/AddressGeneratortb/addr_tw}} 
relaunch_sim
Command: launch_simulation -step compile -simset sim_1 -mode behavioral
INFO: [Vivado 12-12493] Simulation top is 'AddressGeneratortb'
WARNING: [Vivado 12-13340] Unable to auto find GCC executables from simulator install path! (path not set)
WARNING: [Vivado 12-13277] Compiled library path does not exist: ''
INFO: [Vivado 12-5682] Launching behavioral simulation in 'C:/Hung/Viettel/Stage2/ML-KEM/ml_kem/ml_kem.sim/sim_1/behav/xsim'
INFO: [SIM-utils-51] Simulation object is 'sim_1'
INFO: [SIM-utils-72] Using boost library from 'C:/Xilinx/Vivado/2022.2/tps/boost_1_72_0'
INFO: [USF-XSim-7] Finding pre-compiled libraries...
INFO: [USF-XSim-11] File 'C:/Xilinx/Vivado/2022.2/data/xsim/xsim.ini' copied to run dir:'C:/Hung/Viettel/Stage2/ML-KEM/ml_kem/ml_kem.sim/sim_1/behav/xsim'
INFO: [SIM-utils-54] Inspecting design source files for 'AddressGeneratortb' in fileset 'sim_1'...
INFO: [USF-XSim-97] Finding global include files...
INFO: [USF-XSim-98] Fetching design files from 'sim_1'...
INFO: [USF-XSim-2] XSim::Compile design
INFO: [USF-XSim-61] Executing 'COMPILE and ANALYZE' step in 'C:/Hung/Viettel/Stage2/ML-KEM/ml_kem/ml_kem.sim/sim_1/behav/xsim'
"xvlog --incr --relax -prj AddressGeneratortb_vlog.prj"
INFO: [USF-XSim-69] 'compile' step finished in '2' seconds
Command: launch_simulation -step elaborate -simset sim_1 -mode behavioral
INFO: [Vivado 12-12493] Simulation top is 'AddressGeneratortb'
WARNING: [Vivado 12-13340] Unable to auto find GCC executables from simulator install path! (path not set)
WARNING: [Vivado 12-13277] Compiled library path does not exist: ''
INFO: [Vivado 12-5682] Launching behavioral simulation in 'C:/Hung/Viettel/Stage2/ML-KEM/ml_kem/ml_kem.sim/sim_1/behav/xsim'
INFO: [SIM-utils-51] Simulation object is 'sim_1'
INFO: [USF-XSim-3] XSim::Elaborate design
INFO: [USF-XSim-61] Executing 'ELABORATE' step in 'C:/Hung/Viettel/Stage2/ML-KEM/ml_kem/ml_kem.sim/sim_1/behav/xsim'
"xelab --incr --debug typical --relax --mt 2 -L xil_defaultlib -L unisims_ver -L unimacro_ver -L secureip -L xpm --snapshot AddressGeneratortb_behav xil_defaultlib.AddressGeneratortb xil_defaultlib.glbl -log elaborate.log"
Vivado Simulator v2022.2.2
Copyright 1986-1999, 2001-2022 Xilinx, Inc. All Rights Reserved.
Running: C:/Xilinx/Vivado/2022.2/bin/unwrapped/win64.o/xelab.exe --incr --debug typical --relax --mt 2 -L xil_defaultlib -L unisims_ver -L unimacro_ver -L secureip -L xpm --snapshot AddressGeneratortb_behav xil_defaultlib.AddressGeneratortb xil_defaultlib.glbl -log elaborate.log 
Using 2 slave threads.
Starting static elaboration
Pass Through NonSizing Optimizer
Completed static elaboration
INFO: [XSIM 43-4323] No Change in HDL. Linking previously generated obj files to create kernel
INFO: [USF-XSim-69] 'elaborate' step finished in '2' seconds
Time resolution is 1 ps
Finished
$finish called at time : 18020 ns : File "C:/Hung/Viettel/Stage2/ML-KEM/NTT/AddressGeneratortb.v" Line 41
relaunch_sim: Time (s): cpu = 00:00:01 ; elapsed = 00:00:05 . Memory (MB): peak = 1267.684 ; gain = 0.000
save_wave_config {C:/Hung/Viettel/Stage2/ML-KEM/ml_kem/tb_top_func_impl.wcfg}
set_property top tb_top [get_filesets sim_1]
set_property top_lib xil_defaultlib [get_filesets sim_1]
update_compile_order -fileset sim_1
set_property SOURCE_SET sources_1 [get_filesets sim_1]
add_files -fileset sim_1 -norecurse C:/Hung/Viettel/Stage2/ML-KEM/NTT/tb_fpbu.v
close_sim
INFO: [Simtcl 6-16] Simulation closed
update_compile_order -fileset sim_1
set_property top tb_fpbu [get_filesets sim_1]
set_property top_lib xil_defaultlib [get_filesets sim_1]
update_compile_order -fileset sim_1
launch_simulation
Command: launch_simulation 
INFO: [Vivado 12-12493] Simulation top is 'tb_fpbu'
WARNING: [Vivado 12-13340] Unable to auto find GCC executables from simulator install path! (path not set)
WARNING: [Vivado 12-13277] Compiled library path does not exist: ''
INFO: [Vivado 12-5682] Launching behavioral simulation in 'C:/Hung/Viettel/Stage2/ML-KEM/ml_kem/ml_kem.sim/sim_1/behav/xsim'
INFO: [SIM-utils-51] Simulation object is 'sim_1'
INFO: [SIM-utils-72] Using boost library from 'C:/Xilinx/Vivado/2022.2/tps/boost_1_72_0'
INFO: [USF-XSim-7] Finding pre-compiled libraries...
INFO: [USF-XSim-11] File 'C:/Xilinx/Vivado/2022.2/data/xsim/xsim.ini' copied to run dir:'C:/Hung/Viettel/Stage2/ML-KEM/ml_kem/ml_kem.sim/sim_1/behav/xsim'
INFO: [SIM-utils-54] Inspecting design source files for 'tb_fpbu' in fileset 'sim_1'...
INFO: [USF-XSim-97] Finding global include files...
INFO: [USF-XSim-98] Fetching design files from 'sim_1'...
INFO: [USF-XSim-2] XSim::Compile design
INFO: [USF-XSim-61] Executing 'COMPILE and ANALYZE' step in 'C:/Hung/Viettel/Stage2/ML-KEM/ml_kem/ml_kem.sim/sim_1/behav/xsim'
"xvlog --incr --relax -prj tb_fpbu_vlog.prj"
INFO: [VRFC 10-2263] Analyzing Verilog file "C:/Hung/Viettel/Stage2/ML-KEM/NTT/BoothDecode.v" into library xil_defaultlib
INFO: [VRFC 10-311] analyzing module BoothDecode
INFO: [VRFC 10-2263] Analyzing Verilog file "C:/Hung/Viettel/Stage2/ML-KEM/NTT/barret.v" into library xil_defaultlib
INFO: [VRFC 10-311] analyzing module barret
INFO: [VRFC 10-2263] Analyzing Verilog file "C:/Hung/Viettel/Stage2/ML-KEM/NTT/bu_ntt.v" into library xil_defaultlib
INFO: [VRFC 10-311] analyzing module bu_ntt
INFO: [VRFC 10-2263] Analyzing Verilog file "C:/Hung/Viettel/Stage2/ML-KEM/NTT/mul.v" into library xil_defaultlib
INFO: [VRFC 10-311] analyzing module mul
INFO: [VRFC 10-2263] Analyzing Verilog file "C:/Hung/Viettel/Stage2/ML-KEM/NTT/tb_fpbu.v" into library xil_defaultlib
INFO: [VRFC 10-311] analyzing module tb_fpbu
INFO: [USF-XSim-69] 'compile' step finished in '2' seconds
INFO: [USF-XSim-3] XSim::Elaborate design
INFO: [USF-XSim-61] Executing 'ELABORATE' step in 'C:/Hung/Viettel/Stage2/ML-KEM/ml_kem/ml_kem.sim/sim_1/behav/xsim'
"xelab --incr --debug typical --relax --mt 2 -L xil_defaultlib -L unisims_ver -L unimacro_ver -L secureip -L xpm --snapshot tb_fpbu_behav xil_defaultlib.tb_fpbu xil_defaultlib.glbl -log elaborate.log"
Vivado Simulator v2022.2.2
Copyright 1986-1999, 2001-2022 Xilinx, Inc. All Rights Reserved.
Running: C:/Xilinx/Vivado/2022.2/bin/unwrapped/win64.o/xelab.exe --incr --debug typical --relax --mt 2 -L xil_defaultlib -L unisims_ver -L unimacro_ver -L secureip -L xpm --snapshot tb_fpbu_behav xil_defaultlib.tb_fpbu xil_defaultlib.glbl -log elaborate.log 
Using 2 slave threads.
Starting static elaboration
Pass Through NonSizing Optimizer
WARNING: [VRFC 10-3091] actual bit length 17 differs from formal bit length 16 for port 'A_In' [C:/Hung/Viettel/Stage2/ML-KEM/NTT/tb_fpbu.v:13]
WARNING: [VRFC 10-3091] actual bit length 17 differs from formal bit length 16 for port 'B_In' [C:/Hung/Viettel/Stage2/ML-KEM/NTT/tb_fpbu.v:14]
WARNING: [VRFC 10-3091] actual bit length 17 differs from formal bit length 16 for port 'W_In' [C:/Hung/Viettel/Stage2/ML-KEM/NTT/tb_fpbu.v:15]
WARNING: [VRFC 10-3091] actual bit length 17 differs from formal bit length 16 for port 'A_Out' [C:/Hung/Viettel/Stage2/ML-KEM/NTT/tb_fpbu.v:16]
WARNING: [VRFC 10-3091] actual bit length 17 differs from formal bit length 16 for port 'B_Out' [C:/Hung/Viettel/Stage2/ML-KEM/NTT/tb_fpbu.v:17]
Completed static elaboration
Starting simulation data flow analysis
Completed simulation data flow analysis
Time Resolution for simulation is 1ps
Compiling module xil_defaultlib.barret
Compiling module xil_defaultlib.BoothDecode
Compiling module xil_defaultlib.mul_default
Compiling module xil_defaultlib.bu_ntt
Compiling module xil_defaultlib.tb_fpbu
Compiling module xil_defaultlib.glbl
Built simulation snapshot tb_fpbu_behav
INFO: [USF-XSim-69] 'elaborate' step finished in '2' seconds
INFO: [USF-XSim-4] XSim::Simulate design
INFO: [USF-XSim-61] Executing 'SIMULATE' step in 'C:/Hung/Viettel/Stage2/ML-KEM/ml_kem/ml_kem.sim/sim_1/behav/xsim'
INFO: [USF-XSim-98] *** Running xsim
   with args "tb_fpbu_behav -key {Behavioral:sim_1:Functional:tb_fpbu} -tclbatch {tb_fpbu.tcl} -view {C:/Hung/Viettel/Stage2/ML-KEM/ml_kem/tb_top_func_impl.wcfg} -log {simulate.log}"
INFO: [USF-XSim-8] Loading simulator feature
Time resolution is 1 ps
open_wave_config C:/Hung/Viettel/Stage2/ML-KEM/ml_kem/tb_top_func_impl.wcfg
WARNING: Simulation object /AddressGeneratortb/clk was not found in the design.
WARNING: Simulation object /AddressGeneratortb/rst_n was not found in the design.
WARNING: Simulation object /AddressGeneratortb/start was not found in the design.
WARNING: Simulation object /AddressGeneratortb/is_ntt was not found in the design.
WARNING: Simulation object /AddressGeneratortb/done was not found in the design.
WARNING: Simulation object /AddressGeneratortb/valid was not found in the design.
WARNING: Simulation object /AddressGeneratortb/addr0 was not found in the design.
WARNING: Simulation object /AddressGeneratortb/addr1 was not found in the design.
WARNING: Simulation object /AddressGeneratortb/addr_tw was not found in the design.
source tb_fpbu.tcl
# set curr_wave [current_wave_config]
# if { [string length $curr_wave] == 0 } {
#   if { [llength [get_objects]] > 0} {
#     add_wave /
#     set_property needs_save false [current_wave_config]
#   } else {
#      send_msg_id Add_Wave-1 WARNING "No top level signals found. Simulator will start without a wave window. If you want to open a wave window go to 'File->New Waveform Configuration' or type 'create_wave_config' in the TCL console."
#   }
# }
# run 1000000ns
Start simulation
$finish called at time : 3830 ns : File "C:/Hung/Viettel/Stage2/ML-KEM/NTT/tb_fpbu.v" Line 55
INFO: [USF-XSim-96] XSim completed. Design snapshot 'tb_fpbu_behav' loaded.
INFO: [USF-XSim-97] XSim simulation ran for 1000000ns
launch_simulation: Time (s): cpu = 00:00:03 ; elapsed = 00:00:05 . Memory (MB): peak = 1283.633 ; gain = 8.434
current_wave_config {}
WARNING: [Wavedata 42-16] Error Unable to get wave configuration ''.
tb_top_func_impl.wcfg
add_wave {{/tb_fpbu/clk}} {{/tb_fpbu/rst_n}} {{/tb_fpbu/Sel_In}} {{/tb_fpbu/A_In}} {{/tb_fpbu/B_In}} {{/tb_fpbu/W_In}} {{/tb_fpbu/A_Out}} {{/tb_fpbu/B_Out}} 
save_wave_config {C:/Hung/Viettel/Stage2/ML-KEM/ml_kem/tb_top_func_impl.wcfg}
relaunch_sim
Command: launch_simulation -step compile -simset sim_1 -mode behavioral
INFO: [Vivado 12-12493] Simulation top is 'tb_fpbu'
WARNING: [Vivado 12-13340] Unable to auto find GCC executables from simulator install path! (path not set)
WARNING: [Vivado 12-13277] Compiled library path does not exist: ''
INFO: [Vivado 12-5682] Launching behavioral simulation in 'C:/Hung/Viettel/Stage2/ML-KEM/ml_kem/ml_kem.sim/sim_1/behav/xsim'
INFO: [SIM-utils-51] Simulation object is 'sim_1'
INFO: [USF-XSim-2] XSim::Compile design
INFO: [USF-XSim-61] Executing 'COMPILE and ANALYZE' step in 'C:/Hung/Viettel/Stage2/ML-KEM/ml_kem/ml_kem.sim/sim_1/behav/xsim'
"xvlog --incr --relax -prj tb_fpbu_vlog.prj"
INFO: [VRFC 10-2263] Analyzing Verilog file "C:/Hung/Viettel/Stage2/ML-KEM/NTT/tb_fpbu.v" into library xil_defaultlib
INFO: [VRFC 10-311] analyzing module tb_fpbu
INFO: [USF-XSim-69] 'compile' step finished in '2' seconds
Command: launch_simulation -step elaborate -simset sim_1 -mode behavioral
INFO: [Vivado 12-12493] Simulation top is 'tb_fpbu'
WARNING: [Vivado 12-13340] Unable to auto find GCC executables from simulator install path! (path not set)
WARNING: [Vivado 12-13277] Compiled library path does not exist: ''
INFO: [Vivado 12-5682] Launching behavioral simulation in 'C:/Hung/Viettel/Stage2/ML-KEM/ml_kem/ml_kem.sim/sim_1/behav/xsim'
INFO: [SIM-utils-51] Simulation object is 'sim_1'
INFO: [USF-XSim-3] XSim::Elaborate design
INFO: [USF-XSim-61] Executing 'ELABORATE' step in 'C:/Hung/Viettel/Stage2/ML-KEM/ml_kem/ml_kem.sim/sim_1/behav/xsim'
"xelab --incr --debug typical --relax --mt 2 -L xil_defaultlib -L unisims_ver -L unimacro_ver -L secureip -L xpm --snapshot tb_fpbu_behav xil_defaultlib.tb_fpbu xil_defaultlib.glbl -log elaborate.log"
Vivado Simulator v2022.2.2
Copyright 1986-1999, 2001-2022 Xilinx, Inc. All Rights Reserved.
Running: C:/Xilinx/Vivado/2022.2/bin/unwrapped/win64.o/xelab.exe --incr --debug typical --relax --mt 2 -L xil_defaultlib -L unisims_ver -L unimacro_ver -L secureip -L xpm --snapshot tb_fpbu_behav xil_defaultlib.tb_fpbu xil_defaultlib.glbl -log elaborate.log 
Using 2 slave threads.
Starting static elaboration
Pass Through NonSizing Optimizer
WARNING: [VRFC 10-3091] actual bit length 17 differs from formal bit length 16 for port 'A_In' [C:/Hung/Viettel/Stage2/ML-KEM/NTT/tb_fpbu.v:13]
WARNING: [VRFC 10-3091] actual bit length 17 differs from formal bit length 16 for port 'B_In' [C:/Hung/Viettel/Stage2/ML-KEM/NTT/tb_fpbu.v:14]
WARNING: [VRFC 10-3091] actual bit length 17 differs from formal bit length 16 for port 'W_In' [C:/Hung/Viettel/Stage2/ML-KEM/NTT/tb_fpbu.v:15]
WARNING: [VRFC 10-3091] actual bit length 17 differs from formal bit length 16 for port 'A_Out' [C:/Hung/Viettel/Stage2/ML-KEM/NTT/tb_fpbu.v:16]
WARNING: [VRFC 10-3091] actual bit length 17 differs from formal bit length 16 for port 'B_Out' [C:/Hung/Viettel/Stage2/ML-KEM/NTT/tb_fpbu.v:17]
Completed static elaboration
Starting simulation data flow analysis
Completed simulation data flow analysis
Time Resolution for simulation is 1ps
Compiling module xil_defaultlib.barret
Compiling module xil_defaultlib.BoothDecode
Compiling module xil_defaultlib.mul_default
Compiling module xil_defaultlib.bu_ntt
Compiling module xil_defaultlib.tb_fpbu
Compiling module xil_defaultlib.glbl
Built simulation snapshot tb_fpbu_behav
INFO: [USF-XSim-69] 'elaborate' step finished in '1' seconds
Time resolution is 1 ps
Start simulation
$finish called at time : 3830 ns : File "C:/Hung/Viettel/Stage2/ML-KEM/NTT/tb_fpbu.v" Line 55
relaunch_sim
Command: launch_simulation -step compile -simset sim_1 -mode behavioral
INFO: [Vivado 12-12493] Simulation top is 'tb_fpbu'
WARNING: [Vivado 12-13340] Unable to auto find GCC executables from simulator install path! (path not set)
WARNING: [Vivado 12-13277] Compiled library path does not exist: ''
INFO: [Vivado 12-5682] Launching behavioral simulation in 'C:/Hung/Viettel/Stage2/ML-KEM/ml_kem/ml_kem.sim/sim_1/behav/xsim'
INFO: [SIM-utils-51] Simulation object is 'sim_1'
INFO: [USF-XSim-2] XSim::Compile design
INFO: [USF-XSim-61] Executing 'COMPILE and ANALYZE' step in 'C:/Hung/Viettel/Stage2/ML-KEM/ml_kem/ml_kem.sim/sim_1/behav/xsim'
"xvlog --incr --relax -prj tb_fpbu_vlog.prj"
INFO: [VRFC 10-2263] Analyzing Verilog file "C:/Hung/Viettel/Stage2/ML-KEM/NTT/BoothDecode.v" into library xil_defaultlib
INFO: [VRFC 10-311] analyzing module BoothDecode
INFO: [VRFC 10-2263] Analyzing Verilog file "C:/Hung/Viettel/Stage2/ML-KEM/NTT/barret.v" into library xil_defaultlib
INFO: [VRFC 10-311] analyzing module barret
INFO: [VRFC 10-2263] Analyzing Verilog file "C:/Hung/Viettel/Stage2/ML-KEM/NTT/bu_ntt.v" into library xil_defaultlib
INFO: [VRFC 10-311] analyzing module bu_ntt
INFO: [VRFC 10-2263] Analyzing Verilog file "C:/Hung/Viettel/Stage2/ML-KEM/NTT/mul.v" into library xil_defaultlib
INFO: [VRFC 10-311] analyzing module mul
INFO: [VRFC 10-2263] Analyzing Verilog file "C:/Hung/Viettel/Stage2/ML-KEM/NTT/tb_fpbu.v" into library xil_defaultlib
INFO: [VRFC 10-311] analyzing module tb_fpbu
INFO: [USF-XSim-69] 'compile' step finished in '2' seconds
Command: launch_simulation -step elaborate -simset sim_1 -mode behavioral
INFO: [Vivado 12-12493] Simulation top is 'tb_fpbu'
WARNING: [Vivado 12-13340] Unable to auto find GCC executables from simulator install path! (path not set)
WARNING: [Vivado 12-13277] Compiled library path does not exist: ''
INFO: [Vivado 12-5682] Launching behavioral simulation in 'C:/Hung/Viettel/Stage2/ML-KEM/ml_kem/ml_kem.sim/sim_1/behav/xsim'
INFO: [SIM-utils-51] Simulation object is 'sim_1'
INFO: [USF-XSim-3] XSim::Elaborate design
INFO: [USF-XSim-61] Executing 'ELABORATE' step in 'C:/Hung/Viettel/Stage2/ML-KEM/ml_kem/ml_kem.sim/sim_1/behav/xsim'
"xelab --incr --debug typical --relax --mt 2 -L xil_defaultlib -L unisims_ver -L unimacro_ver -L secureip -L xpm --snapshot tb_fpbu_behav xil_defaultlib.tb_fpbu xil_defaultlib.glbl -log elaborate.log"
Vivado Simulator v2022.2.2
Copyright 1986-1999, 2001-2022 Xilinx, Inc. All Rights Reserved.
Running: C:/Xilinx/Vivado/2022.2/bin/unwrapped/win64.o/xelab.exe --incr --debug typical --relax --mt 2 -L xil_defaultlib -L unisims_ver -L unimacro_ver -L secureip -L xpm --snapshot tb_fpbu_behav xil_defaultlib.tb_fpbu xil_defaultlib.glbl -log elaborate.log 
Using 2 slave threads.
Starting static elaboration
Pass Through NonSizing Optimizer
Completed static elaboration
Starting simulation data flow analysis
Completed simulation data flow analysis
Time Resolution for simulation is 1ps
Compiling module xil_defaultlib.barret
Compiling module xil_defaultlib.BoothDecode
Compiling module xil_defaultlib.mul_default
Compiling module xil_defaultlib.bu_ntt
Compiling module xil_defaultlib.tb_fpbu
Compiling module xil_defaultlib.glbl
Built simulation snapshot tb_fpbu_behav
INFO: [USF-XSim-69] 'elaborate' step finished in '1' seconds
Time resolution is 1 ps
Start simulation
$finish called at time : 3830 ns : File "C:/Hung/Viettel/Stage2/ML-KEM/NTT/tb_fpbu.v" Line 55
relaunch_sim: Time (s): cpu = 00:00:00 ; elapsed = 00:00:06 . Memory (MB): peak = 1283.633 ; gain = 0.000
save_wave_config {C:/Hung/Viettel/Stage2/ML-KEM/ml_kem/tb_top_func_impl.wcfg}
relaunch_sim
Command: launch_simulation -step compile -simset sim_1 -mode behavioral
INFO: [Vivado 12-12493] Simulation top is 'tb_fpbu'
WARNING: [Vivado 12-13340] Unable to auto find GCC executables from simulator install path! (path not set)
WARNING: [Vivado 12-13277] Compiled library path does not exist: ''
INFO: [Vivado 12-5682] Launching behavioral simulation in 'C:/Hung/Viettel/Stage2/ML-KEM/ml_kem/ml_kem.sim/sim_1/behav/xsim'
INFO: [SIM-utils-51] Simulation object is 'sim_1'
INFO: [USF-XSim-2] XSim::Compile design
INFO: [USF-XSim-61] Executing 'COMPILE and ANALYZE' step in 'C:/Hung/Viettel/Stage2/ML-KEM/ml_kem/ml_kem.sim/sim_1/behav/xsim'
"xvlog --incr --relax -prj tb_fpbu_vlog.prj"
INFO: [VRFC 10-2263] Analyzing Verilog file "C:/Hung/Viettel/Stage2/ML-KEM/NTT/BoothDecode.v" into library xil_defaultlib
INFO: [VRFC 10-311] analyzing module BoothDecode
INFO: [VRFC 10-2263] Analyzing Verilog file "C:/Hung/Viettel/Stage2/ML-KEM/NTT/barret.v" into library xil_defaultlib
INFO: [VRFC 10-311] analyzing module barret
INFO: [VRFC 10-2263] Analyzing Verilog file "C:/Hung/Viettel/Stage2/ML-KEM/NTT/bu_ntt.v" into library xil_defaultlib
INFO: [VRFC 10-311] analyzing module bu_ntt
INFO: [VRFC 10-2263] Analyzing Verilog file "C:/Hung/Viettel/Stage2/ML-KEM/NTT/mul.v" into library xil_defaultlib
INFO: [VRFC 10-311] analyzing module mul
INFO: [VRFC 10-2263] Analyzing Verilog file "C:/Hung/Viettel/Stage2/ML-KEM/NTT/tb_fpbu.v" into library xil_defaultlib
INFO: [VRFC 10-311] analyzing module tb_fpbu
INFO: [USF-XSim-69] 'compile' step finished in '2' seconds
Command: launch_simulation -step elaborate -simset sim_1 -mode behavioral
INFO: [Vivado 12-12493] Simulation top is 'tb_fpbu'
WARNING: [Vivado 12-13340] Unable to auto find GCC executables from simulator install path! (path not set)
WARNING: [Vivado 12-13277] Compiled library path does not exist: ''
INFO: [Vivado 12-5682] Launching behavioral simulation in 'C:/Hung/Viettel/Stage2/ML-KEM/ml_kem/ml_kem.sim/sim_1/behav/xsim'
INFO: [SIM-utils-51] Simulation object is 'sim_1'
INFO: [USF-XSim-3] XSim::Elaborate design
INFO: [USF-XSim-61] Executing 'ELABORATE' step in 'C:/Hung/Viettel/Stage2/ML-KEM/ml_kem/ml_kem.sim/sim_1/behav/xsim'
"xelab --incr --debug typical --relax --mt 2 -L xil_defaultlib -L unisims_ver -L unimacro_ver -L secureip -L xpm --snapshot tb_fpbu_behav xil_defaultlib.tb_fpbu xil_defaultlib.glbl -log elaborate.log"
Vivado Simulator v2022.2.2
Copyright 1986-1999, 2001-2022 Xilinx, Inc. All Rights Reserved.
Running: C:/Xilinx/Vivado/2022.2/bin/unwrapped/win64.o/xelab.exe --incr --debug typical --relax --mt 2 -L xil_defaultlib -L unisims_ver -L unimacro_ver -L secureip -L xpm --snapshot tb_fpbu_behav xil_defaultlib.tb_fpbu xil_defaultlib.glbl -log elaborate.log 
Using 2 slave threads.
Starting static elaboration
Pass Through NonSizing Optimizer
Completed static elaboration
Starting simulation data flow analysis
Completed simulation data flow analysis
Time Resolution for simulation is 1ps
Compiling module xil_defaultlib.barret
Compiling module xil_defaultlib.BoothDecode
Compiling module xil_defaultlib.mul_default
Compiling module xil_defaultlib.bu_ntt
Compiling module xil_defaultlib.tb_fpbu
Compiling module xil_defaultlib.glbl
Built simulation snapshot tb_fpbu_behav
INFO: [USF-XSim-69] 'elaborate' step finished in '1' seconds
Time resolution is 1 ps
Start simulation
$finish called at time : 3830 ns : File "C:/Hung/Viettel/Stage2/ML-KEM/NTT/tb_fpbu.v" Line 67
relaunch_sim: Time (s): cpu = 00:00:00 ; elapsed = 00:00:05 . Memory (MB): peak = 1284.090 ; gain = 0.000
current_wave_config {tb_top_func_impl.wcfg}
C:/Hung/Viettel/Stage2/ML-KEM/ml_kem/tb_top_func_impl.wcfg
add_wave {{/tb_fpbu/count_clock}} 
relaunch_sim
Command: launch_simulation -step compile -simset sim_1 -mode behavioral
INFO: [Vivado 12-12493] Simulation top is 'tb_fpbu'
WARNING: [Vivado 12-13340] Unable to auto find GCC executables from simulator install path! (path not set)
WARNING: [Vivado 12-13277] Compiled library path does not exist: ''
INFO: [Vivado 12-5682] Launching behavioral simulation in 'C:/Hung/Viettel/Stage2/ML-KEM/ml_kem/ml_kem.sim/sim_1/behav/xsim'
INFO: [SIM-utils-51] Simulation object is 'sim_1'
INFO: [USF-XSim-2] XSim::Compile design
INFO: [USF-XSim-61] Executing 'COMPILE and ANALYZE' step in 'C:/Hung/Viettel/Stage2/ML-KEM/ml_kem/ml_kem.sim/sim_1/behav/xsim'
"xvlog --incr --relax -prj tb_fpbu_vlog.prj"
INFO: [USF-XSim-69] 'compile' step finished in '2' seconds
Command: launch_simulation -step elaborate -simset sim_1 -mode behavioral
INFO: [Vivado 12-12493] Simulation top is 'tb_fpbu'
WARNING: [Vivado 12-13340] Unable to auto find GCC executables from simulator install path! (path not set)
WARNING: [Vivado 12-13277] Compiled library path does not exist: ''
INFO: [Vivado 12-5682] Launching behavioral simulation in 'C:/Hung/Viettel/Stage2/ML-KEM/ml_kem/ml_kem.sim/sim_1/behav/xsim'
INFO: [SIM-utils-51] Simulation object is 'sim_1'
INFO: [USF-XSim-3] XSim::Elaborate design
INFO: [USF-XSim-61] Executing 'ELABORATE' step in 'C:/Hung/Viettel/Stage2/ML-KEM/ml_kem/ml_kem.sim/sim_1/behav/xsim'
"xelab --incr --debug typical --relax --mt 2 -L xil_defaultlib -L unisims_ver -L unimacro_ver -L secureip -L xpm --snapshot tb_fpbu_behav xil_defaultlib.tb_fpbu xil_defaultlib.glbl -log elaborate.log"
Vivado Simulator v2022.2.2
Copyright 1986-1999, 2001-2022 Xilinx, Inc. All Rights Reserved.
Running: C:/Xilinx/Vivado/2022.2/bin/unwrapped/win64.o/xelab.exe --incr --debug typical --relax --mt 2 -L xil_defaultlib -L unisims_ver -L unimacro_ver -L secureip -L xpm --snapshot tb_fpbu_behav xil_defaultlib.tb_fpbu xil_defaultlib.glbl -log elaborate.log 
Using 2 slave threads.
Starting static elaboration
Pass Through NonSizing Optimizer
Completed static elaboration
INFO: [XSIM 43-4323] No Change in HDL. Linking previously generated obj files to create kernel
INFO: [USF-XSim-69] 'elaborate' step finished in '1' seconds
Time resolution is 1 ps
Start simulation
$finish called at time : 3830 ns : File "C:/Hung/Viettel/Stage2/ML-KEM/NTT/tb_fpbu.v" Line 67
save_wave_config {C:/Hung/Viettel/Stage2/ML-KEM/ml_kem/tb_top_func_impl.wcfg}
save_wave_config {C:/Hung/Viettel/Stage2/ML-KEM/ml_kem/tb_top_func_impl.wcfg}
relaunch_sim
Command: launch_simulation -step compile -simset sim_1 -mode behavioral
INFO: [Vivado 12-12493] Simulation top is 'tb_fpbu'
WARNING: [Vivado 12-13340] Unable to auto find GCC executables from simulator install path! (path not set)
WARNING: [Vivado 12-13277] Compiled library path does not exist: ''
INFO: [Vivado 12-5682] Launching behavioral simulation in 'C:/Hung/Viettel/Stage2/ML-KEM/ml_kem/ml_kem.sim/sim_1/behav/xsim'
INFO: [SIM-utils-51] Simulation object is 'sim_1'
INFO: [USF-XSim-2] XSim::Compile design
INFO: [USF-XSim-61] Executing 'COMPILE and ANALYZE' step in 'C:/Hung/Viettel/Stage2/ML-KEM/ml_kem/ml_kem.sim/sim_1/behav/xsim'
"xvlog --incr --relax -prj tb_fpbu_vlog.prj"
INFO: [VRFC 10-2263] Analyzing Verilog file "C:/Hung/Viettel/Stage2/ML-KEM/NTT/BoothDecode.v" into library xil_defaultlib
INFO: [VRFC 10-311] analyzing module BoothDecode
INFO: [VRFC 10-2263] Analyzing Verilog file "C:/Hung/Viettel/Stage2/ML-KEM/NTT/barret.v" into library xil_defaultlib
INFO: [VRFC 10-311] analyzing module barret
INFO: [VRFC 10-2263] Analyzing Verilog file "C:/Hung/Viettel/Stage2/ML-KEM/NTT/bu_ntt.v" into library xil_defaultlib
INFO: [VRFC 10-311] analyzing module bu_ntt
INFO: [VRFC 10-2263] Analyzing Verilog file "C:/Hung/Viettel/Stage2/ML-KEM/NTT/mul.v" into library xil_defaultlib
INFO: [VRFC 10-311] analyzing module mul
INFO: [VRFC 10-2263] Analyzing Verilog file "C:/Hung/Viettel/Stage2/ML-KEM/NTT/tb_fpbu.v" into library xil_defaultlib
INFO: [VRFC 10-311] analyzing module tb_fpbu
INFO: [USF-XSim-69] 'compile' step finished in '1' seconds
Command: launch_simulation -step elaborate -simset sim_1 -mode behavioral
INFO: [Vivado 12-12493] Simulation top is 'tb_fpbu'
WARNING: [Vivado 12-13340] Unable to auto find GCC executables from simulator install path! (path not set)
WARNING: [Vivado 12-13277] Compiled library path does not exist: ''
INFO: [Vivado 12-5682] Launching behavioral simulation in 'C:/Hung/Viettel/Stage2/ML-KEM/ml_kem/ml_kem.sim/sim_1/behav/xsim'
INFO: [SIM-utils-51] Simulation object is 'sim_1'
INFO: [USF-XSim-3] XSim::Elaborate design
INFO: [USF-XSim-61] Executing 'ELABORATE' step in 'C:/Hung/Viettel/Stage2/ML-KEM/ml_kem/ml_kem.sim/sim_1/behav/xsim'
"xelab --incr --debug typical --relax --mt 2 -L xil_defaultlib -L unisims_ver -L unimacro_ver -L secureip -L xpm --snapshot tb_fpbu_behav xil_defaultlib.tb_fpbu xil_defaultlib.glbl -log elaborate.log"
Vivado Simulator v2022.2.2
Copyright 1986-1999, 2001-2022 Xilinx, Inc. All Rights Reserved.
Running: C:/Xilinx/Vivado/2022.2/bin/unwrapped/win64.o/xelab.exe --incr --debug typical --relax --mt 2 -L xil_defaultlib -L unisims_ver -L unimacro_ver -L secureip -L xpm --snapshot tb_fpbu_behav xil_defaultlib.tb_fpbu xil_defaultlib.glbl -log elaborate.log 
Using 2 slave threads.
Starting static elaboration
Pass Through NonSizing Optimizer
Completed static elaboration
Starting simulation data flow analysis
Completed simulation data flow analysis
Time Resolution for simulation is 1ps
Compiling module xil_defaultlib.barret
Compiling module xil_defaultlib.BoothDecode
Compiling module xil_defaultlib.mul_default
Compiling module xil_defaultlib.bu_ntt
Compiling module xil_defaultlib.tb_fpbu
Compiling module xil_defaultlib.glbl
Built simulation snapshot tb_fpbu_behav
INFO: [USF-XSim-69] 'elaborate' step finished in '2' seconds
Time resolution is 1 ps
Start simulation
$finish called at time : 3830 ns : File "C:/Hung/Viettel/Stage2/ML-KEM/NTT/tb_fpbu.v" Line 67
relaunch_sim: Time (s): cpu = 00:00:01 ; elapsed = 00:00:05 . Memory (MB): peak = 1289.598 ; gain = 0.000
relaunch_sim
Command: launch_simulation -step compile -simset sim_1 -mode behavioral
INFO: [Vivado 12-12493] Simulation top is 'tb_fpbu'
WARNING: [Vivado 12-13340] Unable to auto find GCC executables from simulator install path! (path not set)
WARNING: [Vivado 12-13277] Compiled library path does not exist: ''
INFO: [Vivado 12-5682] Launching behavioral simulation in 'C:/Hung/Viettel/Stage2/ML-KEM/ml_kem/ml_kem.sim/sim_1/behav/xsim'
INFO: [SIM-utils-51] Simulation object is 'sim_1'
INFO: [USF-XSim-2] XSim::Compile design
INFO: [USF-XSim-61] Executing 'COMPILE and ANALYZE' step in 'C:/Hung/Viettel/Stage2/ML-KEM/ml_kem/ml_kem.sim/sim_1/behav/xsim'
"xvlog --incr --relax -prj tb_fpbu_vlog.prj"
INFO: [VRFC 10-2263] Analyzing Verilog file "C:/Hung/Viettel/Stage2/ML-KEM/NTT/BoothDecode.v" into library xil_defaultlib
INFO: [VRFC 10-311] analyzing module BoothDecode
INFO: [VRFC 10-2263] Analyzing Verilog file "C:/Hung/Viettel/Stage2/ML-KEM/NTT/barret.v" into library xil_defaultlib
INFO: [VRFC 10-311] analyzing module barret
INFO: [VRFC 10-2263] Analyzing Verilog file "C:/Hung/Viettel/Stage2/ML-KEM/NTT/bu_ntt.v" into library xil_defaultlib
INFO: [VRFC 10-311] analyzing module bu_ntt
INFO: [VRFC 10-2263] Analyzing Verilog file "C:/Hung/Viettel/Stage2/ML-KEM/NTT/mul.v" into library xil_defaultlib
INFO: [VRFC 10-311] analyzing module mul
INFO: [VRFC 10-2263] Analyzing Verilog file "C:/Hung/Viettel/Stage2/ML-KEM/NTT/tb_fpbu.v" into library xil_defaultlib
INFO: [VRFC 10-311] analyzing module tb_fpbu
INFO: [USF-XSim-69] 'compile' step finished in '2' seconds
Command: launch_simulation -step elaborate -simset sim_1 -mode behavioral
INFO: [Vivado 12-12493] Simulation top is 'tb_fpbu'
WARNING: [Vivado 12-13340] Unable to auto find GCC executables from simulator install path! (path not set)
WARNING: [Vivado 12-13277] Compiled library path does not exist: ''
INFO: [Vivado 12-5682] Launching behavioral simulation in 'C:/Hung/Viettel/Stage2/ML-KEM/ml_kem/ml_kem.sim/sim_1/behav/xsim'
INFO: [SIM-utils-51] Simulation object is 'sim_1'
INFO: [USF-XSim-3] XSim::Elaborate design
INFO: [USF-XSim-61] Executing 'ELABORATE' step in 'C:/Hung/Viettel/Stage2/ML-KEM/ml_kem/ml_kem.sim/sim_1/behav/xsim'
"xelab --incr --debug typical --relax --mt 2 -L xil_defaultlib -L unisims_ver -L unimacro_ver -L secureip -L xpm --snapshot tb_fpbu_behav xil_defaultlib.tb_fpbu xil_defaultlib.glbl -log elaborate.log"
Vivado Simulator v2022.2.2
Copyright 1986-1999, 2001-2022 Xilinx, Inc. All Rights Reserved.
Running: C:/Xilinx/Vivado/2022.2/bin/unwrapped/win64.o/xelab.exe --incr --debug typical --relax --mt 2 -L xil_defaultlib -L unisims_ver -L unimacro_ver -L secureip -L xpm --snapshot tb_fpbu_behav xil_defaultlib.tb_fpbu xil_defaultlib.glbl -log elaborate.log 
Using 2 slave threads.
Starting static elaboration
Pass Through NonSizing Optimizer
WARNING: [VRFC 10-3705] select index 17 into 'regx' is out of bounds [C:/Hung/Viettel/Stage2/ML-KEM/NTT/bu_ntt.v:30]
Completed static elaboration
Starting simulation data flow analysis
Completed simulation data flow analysis
Time Resolution for simulation is 1ps
Compiling module xil_defaultlib.barret
Compiling module xil_defaultlib.BoothDecode
Compiling module xil_defaultlib.mul_default
Compiling module xil_defaultlib.bu_ntt
Compiling module xil_defaultlib.tb_fpbu
Compiling module xil_defaultlib.glbl
Built simulation snapshot tb_fpbu_behav
INFO: [USF-XSim-69] 'elaborate' step finished in '2' seconds
Time resolution is 1 ps
Start simulation
$finish called at time : 3830 ns : File "C:/Hung/Viettel/Stage2/ML-KEM/NTT/tb_fpbu.v" Line 67
relaunch_sim
Command: launch_simulation -step compile -simset sim_1 -mode behavioral
INFO: [Vivado 12-12493] Simulation top is 'tb_fpbu'
WARNING: [Vivado 12-13340] Unable to auto find GCC executables from simulator install path! (path not set)
WARNING: [Vivado 12-13277] Compiled library path does not exist: ''
INFO: [Vivado 12-5682] Launching behavioral simulation in 'C:/Hung/Viettel/Stage2/ML-KEM/ml_kem/ml_kem.sim/sim_1/behav/xsim'
INFO: [SIM-utils-51] Simulation object is 'sim_1'
INFO: [USF-XSim-2] XSim::Compile design
INFO: [USF-XSim-61] Executing 'COMPILE and ANALYZE' step in 'C:/Hung/Viettel/Stage2/ML-KEM/ml_kem/ml_kem.sim/sim_1/behav/xsim'
"xvlog --incr --relax -prj tb_fpbu_vlog.prj"
INFO: [VRFC 10-2263] Analyzing Verilog file "C:/Hung/Viettel/Stage2/ML-KEM/NTT/BoothDecode.v" into library xil_defaultlib
INFO: [VRFC 10-311] analyzing module BoothDecode
INFO: [VRFC 10-2263] Analyzing Verilog file "C:/Hung/Viettel/Stage2/ML-KEM/NTT/barret.v" into library xil_defaultlib
INFO: [VRFC 10-311] analyzing module barret
INFO: [VRFC 10-2263] Analyzing Verilog file "C:/Hung/Viettel/Stage2/ML-KEM/NTT/bu_ntt.v" into library xil_defaultlib
INFO: [VRFC 10-311] analyzing module bu_ntt
INFO: [VRFC 10-2263] Analyzing Verilog file "C:/Hung/Viettel/Stage2/ML-KEM/NTT/mul.v" into library xil_defaultlib
INFO: [VRFC 10-311] analyzing module mul
INFO: [VRFC 10-2263] Analyzing Verilog file "C:/Hung/Viettel/Stage2/ML-KEM/NTT/tb_fpbu.v" into library xil_defaultlib
INFO: [VRFC 10-311] analyzing module tb_fpbu
INFO: [USF-XSim-69] 'compile' step finished in '2' seconds
Command: launch_simulation -step elaborate -simset sim_1 -mode behavioral
INFO: [Vivado 12-12493] Simulation top is 'tb_fpbu'
WARNING: [Vivado 12-13340] Unable to auto find GCC executables from simulator install path! (path not set)
WARNING: [Vivado 12-13277] Compiled library path does not exist: ''
INFO: [Vivado 12-5682] Launching behavioral simulation in 'C:/Hung/Viettel/Stage2/ML-KEM/ml_kem/ml_kem.sim/sim_1/behav/xsim'
INFO: [SIM-utils-51] Simulation object is 'sim_1'
INFO: [USF-XSim-3] XSim::Elaborate design
INFO: [USF-XSim-61] Executing 'ELABORATE' step in 'C:/Hung/Viettel/Stage2/ML-KEM/ml_kem/ml_kem.sim/sim_1/behav/xsim'
"xelab --incr --debug typical --relax --mt 2 -L xil_defaultlib -L unisims_ver -L unimacro_ver -L secureip -L xpm --snapshot tb_fpbu_behav xil_defaultlib.tb_fpbu xil_defaultlib.glbl -log elaborate.log"
Vivado Simulator v2022.2.2
Copyright 1986-1999, 2001-2022 Xilinx, Inc. All Rights Reserved.
Running: C:/Xilinx/Vivado/2022.2/bin/unwrapped/win64.o/xelab.exe --incr --debug typical --relax --mt 2 -L xil_defaultlib -L unisims_ver -L unimacro_ver -L secureip -L xpm --snapshot tb_fpbu_behav xil_defaultlib.tb_fpbu xil_defaultlib.glbl -log elaborate.log 
Using 2 slave threads.
Starting static elaboration
Pass Through NonSizing Optimizer
Completed static elaboration
Starting simulation data flow analysis
Completed simulation data flow analysis
Time Resolution for simulation is 1ps
Compiling module xil_defaultlib.barret
Compiling module xil_defaultlib.BoothDecode
Compiling module xil_defaultlib.mul_default
Compiling module xil_defaultlib.bu_ntt
Compiling module xil_defaultlib.tb_fpbu
Compiling module xil_defaultlib.glbl
Built simulation snapshot tb_fpbu_behav
INFO: [USF-XSim-69] 'elaborate' step finished in '2' seconds
Time resolution is 1 ps
Start simulation
$finish called at time : 3830 ns : File "C:/Hung/Viettel/Stage2/ML-KEM/NTT/tb_fpbu.v" Line 67
relaunch_sim: Time (s): cpu = 00:00:00 ; elapsed = 00:00:06 . Memory (MB): peak = 1347.078 ; gain = 0.000
save_wave_config {C:/Hung/Viettel/Stage2/ML-KEM/ml_kem/tb_top_func_impl.wcfg}
relaunch_sim
Command: launch_simulation -step compile -simset sim_1 -mode behavioral
INFO: [Vivado 12-12493] Simulation top is 'tb_fpbu'
WARNING: [Vivado 12-13340] Unable to auto find GCC executables from simulator install path! (path not set)
WARNING: [Vivado 12-13277] Compiled library path does not exist: ''
INFO: [Vivado 12-5682] Launching behavioral simulation in 'C:/Hung/Viettel/Stage2/ML-KEM/ml_kem/ml_kem.sim/sim_1/behav/xsim'
INFO: [SIM-utils-51] Simulation object is 'sim_1'
INFO: [USF-XSim-2] XSim::Compile design
INFO: [USF-XSim-61] Executing 'COMPILE and ANALYZE' step in 'C:/Hung/Viettel/Stage2/ML-KEM/ml_kem/ml_kem.sim/sim_1/behav/xsim'
"xvlog --incr --relax -prj tb_fpbu_vlog.prj"
INFO: [VRFC 10-2263] Analyzing Verilog file "C:/Hung/Viettel/Stage2/ML-KEM/NTT/BoothDecode.v" into library xil_defaultlib
INFO: [VRFC 10-311] analyzing module BoothDecode
INFO: [VRFC 10-2263] Analyzing Verilog file "C:/Hung/Viettel/Stage2/ML-KEM/NTT/barret.v" into library xil_defaultlib
INFO: [VRFC 10-311] analyzing module barret
INFO: [VRFC 10-2263] Analyzing Verilog file "C:/Hung/Viettel/Stage2/ML-KEM/NTT/bu_ntt.v" into library xil_defaultlib
INFO: [VRFC 10-311] analyzing module bu_ntt
INFO: [VRFC 10-2263] Analyzing Verilog file "C:/Hung/Viettel/Stage2/ML-KEM/NTT/mul.v" into library xil_defaultlib
INFO: [VRFC 10-311] analyzing module mul
INFO: [VRFC 10-2263] Analyzing Verilog file "C:/Hung/Viettel/Stage2/ML-KEM/NTT/tb_fpbu.v" into library xil_defaultlib
INFO: [VRFC 10-311] analyzing module tb_fpbu
INFO: [USF-XSim-69] 'compile' step finished in '1' seconds
Command: launch_simulation -step elaborate -simset sim_1 -mode behavioral
INFO: [Vivado 12-12493] Simulation top is 'tb_fpbu'
WARNING: [Vivado 12-13340] Unable to auto find GCC executables from simulator install path! (path not set)
WARNING: [Vivado 12-13277] Compiled library path does not exist: ''
INFO: [Vivado 12-5682] Launching behavioral simulation in 'C:/Hung/Viettel/Stage2/ML-KEM/ml_kem/ml_kem.sim/sim_1/behav/xsim'
INFO: [SIM-utils-51] Simulation object is 'sim_1'
INFO: [USF-XSim-3] XSim::Elaborate design
INFO: [USF-XSim-61] Executing 'ELABORATE' step in 'C:/Hung/Viettel/Stage2/ML-KEM/ml_kem/ml_kem.sim/sim_1/behav/xsim'
"xelab --incr --debug typical --relax --mt 2 -L xil_defaultlib -L unisims_ver -L unimacro_ver -L secureip -L xpm --snapshot tb_fpbu_behav xil_defaultlib.tb_fpbu xil_defaultlib.glbl -log elaborate.log"
Vivado Simulator v2022.2.2
Copyright 1986-1999, 2001-2022 Xilinx, Inc. All Rights Reserved.
Running: C:/Xilinx/Vivado/2022.2/bin/unwrapped/win64.o/xelab.exe --incr --debug typical --relax --mt 2 -L xil_defaultlib -L unisims_ver -L unimacro_ver -L secureip -L xpm --snapshot tb_fpbu_behav xil_defaultlib.tb_fpbu xil_defaultlib.glbl -log elaborate.log 
Using 2 slave threads.
Starting static elaboration
Pass Through NonSizing Optimizer
Completed static elaboration
Starting simulation data flow analysis
Completed simulation data flow analysis
Time Resolution for simulation is 1ps
Compiling module xil_defaultlib.barret
Compiling module xil_defaultlib.BoothDecode
Compiling module xil_defaultlib.mul_default
Compiling module xil_defaultlib.bu_intt
Compiling module xil_defaultlib.tb_fpbu
Compiling module xil_defaultlib.glbl
Built simulation snapshot tb_fpbu_behav
INFO: [USF-XSim-69] 'elaborate' step finished in '2' seconds
Time resolution is 1 ps
Start simulation
$finish called at time : 3830 ns : File "C:/Hung/Viettel/Stage2/ML-KEM/NTT/tb_fpbu.v" Line 67
close_sim
INFO: [Simtcl 6-16] Simulation closed
launch_simulation
Command: launch_simulation 
INFO: [Vivado 12-12493] Simulation top is 'tb_fpbu'
WARNING: [Vivado 12-13340] Unable to auto find GCC executables from simulator install path! (path not set)
WARNING: [Vivado 12-13277] Compiled library path does not exist: ''
INFO: [Vivado 12-5682] Launching behavioral simulation in 'C:/Hung/Viettel/Stage2/ML-KEM/ml_kem/ml_kem.sim/sim_1/behav/xsim'
INFO: [SIM-utils-51] Simulation object is 'sim_1'
INFO: [SIM-utils-72] Using boost library from 'C:/Xilinx/Vivado/2022.2/tps/boost_1_72_0'
INFO: [USF-XSim-7] Finding pre-compiled libraries...
INFO: [USF-XSim-11] File 'C:/Xilinx/Vivado/2022.2/data/xsim/xsim.ini' copied to run dir:'C:/Hung/Viettel/Stage2/ML-KEM/ml_kem/ml_kem.sim/sim_1/behav/xsim'
INFO: [SIM-utils-54] Inspecting design source files for 'tb_fpbu' in fileset 'sim_1'...
INFO: [USF-XSim-97] Finding global include files...
INFO: [USF-XSim-98] Fetching design files from 'sim_1'...
INFO: [USF-XSim-2] XSim::Compile design
INFO: [USF-XSim-61] Executing 'COMPILE and ANALYZE' step in 'C:/Hung/Viettel/Stage2/ML-KEM/ml_kem/ml_kem.sim/sim_1/behav/xsim'
"xvlog --incr --relax -prj tb_fpbu_vlog.prj"
INFO: [VRFC 10-2263] Analyzing Verilog file "C:/Hung/Viettel/Stage2/ML-KEM/NTT/BoothDecode.v" into library xil_defaultlib
INFO: [VRFC 10-311] analyzing module BoothDecode
INFO: [VRFC 10-2263] Analyzing Verilog file "C:/Hung/Viettel/Stage2/ML-KEM/NTT/barret.v" into library xil_defaultlib
INFO: [VRFC 10-311] analyzing module barret
INFO: [VRFC 10-2263] Analyzing Verilog file "C:/Hung/Viettel/Stage2/ML-KEM/NTT/bu_intt.v" into library xil_defaultlib
INFO: [VRFC 10-311] analyzing module bu_intt
INFO: [VRFC 10-2263] Analyzing Verilog file "C:/Hung/Viettel/Stage2/ML-KEM/NTT/mul.v" into library xil_defaultlib
INFO: [VRFC 10-311] analyzing module mul
INFO: [VRFC 10-2263] Analyzing Verilog file "C:/Hung/Viettel/Stage2/ML-KEM/NTT/tb_fpbu.v" into library xil_defaultlib
INFO: [VRFC 10-311] analyzing module tb_fpbu
INFO: [USF-XSim-69] 'compile' step finished in '1' seconds
INFO: [USF-XSim-3] XSim::Elaborate design
INFO: [USF-XSim-61] Executing 'ELABORATE' step in 'C:/Hung/Viettel/Stage2/ML-KEM/ml_kem/ml_kem.sim/sim_1/behav/xsim'
"xelab --incr --debug typical --relax --mt 2 -L xil_defaultlib -L unisims_ver -L unimacro_ver -L secureip -L xpm --snapshot tb_fpbu_behav xil_defaultlib.tb_fpbu xil_defaultlib.glbl -log elaborate.log"
Vivado Simulator v2022.2.2
Copyright 1986-1999, 2001-2022 Xilinx, Inc. All Rights Reserved.
Running: C:/Xilinx/Vivado/2022.2/bin/unwrapped/win64.o/xelab.exe --incr --debug typical --relax --mt 2 -L xil_defaultlib -L unisims_ver -L unimacro_ver -L secureip -L xpm --snapshot tb_fpbu_behav xil_defaultlib.tb_fpbu xil_defaultlib.glbl -log elaborate.log 
Using 2 slave threads.
Starting static elaboration
Pass Through NonSizing Optimizer
Completed static elaboration
Starting simulation data flow analysis
Completed simulation data flow analysis
Time Resolution for simulation is 1ps
Compiling module xil_defaultlib.barret
Compiling module xil_defaultlib.BoothDecode
Compiling module xil_defaultlib.mul_default
Compiling module xil_defaultlib.bu_intt
Compiling module xil_defaultlib.tb_fpbu
Compiling module xil_defaultlib.glbl
Built simulation snapshot tb_fpbu_behav
INFO: [USF-XSim-69] 'elaborate' step finished in '2' seconds
INFO: [USF-XSim-4] XSim::Simulate design
INFO: [USF-XSim-61] Executing 'SIMULATE' step in 'C:/Hung/Viettel/Stage2/ML-KEM/ml_kem/ml_kem.sim/sim_1/behav/xsim'
INFO: [USF-XSim-98] *** Running xsim
   with args "tb_fpbu_behav -key {Behavioral:sim_1:Functional:tb_fpbu} -tclbatch {tb_fpbu.tcl} -view {C:/Hung/Viettel/Stage2/ML-KEM/ml_kem/tb_top_func_impl.wcfg} -log {simulate.log}"
INFO: [USF-XSim-8] Loading simulator feature
Time resolution is 1 ps
open_wave_config C:/Hung/Viettel/Stage2/ML-KEM/ml_kem/tb_top_func_impl.wcfg
source tb_fpbu.tcl
# set curr_wave [current_wave_config]
# if { [string length $curr_wave] == 0 } {
#   if { [llength [get_objects]] > 0} {
#     add_wave /
#     set_property needs_save false [current_wave_config]
#   } else {
#      send_msg_id Add_Wave-1 WARNING "No top level signals found. Simulator will start without a wave window. If you want to open a wave window go to 'File->New Waveform Configuration' or type 'create_wave_config' in the TCL console."
#   }
# }
# run 1000000ns
Start simulation
$finish called at time : 3830 ns : File "C:/Hung/Viettel/Stage2/ML-KEM/NTT/tb_fpbu.v" Line 67
INFO: [USF-XSim-96] XSim completed. Design snapshot 'tb_fpbu_behav' loaded.
INFO: [USF-XSim-97] XSim simulation ran for 1000000ns
launch_simulation: Time (s): cpu = 00:00:02 ; elapsed = 00:00:05 . Memory (MB): peak = 1347.078 ; gain = 0.000
relaunch_sim
Command: launch_simulation -step compile -simset sim_1 -mode behavioral
INFO: [Vivado 12-12493] Simulation top is 'tb_fpbu'
WARNING: [Vivado 12-13340] Unable to auto find GCC executables from simulator install path! (path not set)
WARNING: [Vivado 12-13277] Compiled library path does not exist: ''
INFO: [Vivado 12-5682] Launching behavioral simulation in 'C:/Hung/Viettel/Stage2/ML-KEM/ml_kem/ml_kem.sim/sim_1/behav/xsim'
INFO: [SIM-utils-51] Simulation object is 'sim_1'
INFO: [USF-XSim-2] XSim::Compile design
INFO: [USF-XSim-61] Executing 'COMPILE and ANALYZE' step in 'C:/Hung/Viettel/Stage2/ML-KEM/ml_kem/ml_kem.sim/sim_1/behav/xsim'
"xvlog --incr --relax -prj tb_fpbu_vlog.prj"
INFO: [VRFC 10-2263] Analyzing Verilog file "C:/Hung/Viettel/Stage2/ML-KEM/NTT/BoothDecode.v" into library xil_defaultlib
INFO: [VRFC 10-311] analyzing module BoothDecode
INFO: [VRFC 10-2263] Analyzing Verilog file "C:/Hung/Viettel/Stage2/ML-KEM/NTT/barret.v" into library xil_defaultlib
INFO: [VRFC 10-311] analyzing module barret
INFO: [VRFC 10-2263] Analyzing Verilog file "C:/Hung/Viettel/Stage2/ML-KEM/NTT/bu_intt.v" into library xil_defaultlib
INFO: [VRFC 10-311] analyzing module bu_intt
INFO: [VRFC 10-2263] Analyzing Verilog file "C:/Hung/Viettel/Stage2/ML-KEM/NTT/mul.v" into library xil_defaultlib
INFO: [VRFC 10-311] analyzing module mul
INFO: [VRFC 10-2263] Analyzing Verilog file "C:/Hung/Viettel/Stage2/ML-KEM/NTT/tb_fpbu.v" into library xil_defaultlib
INFO: [VRFC 10-311] analyzing module tb_fpbu
INFO: [USF-XSim-69] 'compile' step finished in '1' seconds
Command: launch_simulation -step elaborate -simset sim_1 -mode behavioral
INFO: [Vivado 12-12493] Simulation top is 'tb_fpbu'
WARNING: [Vivado 12-13340] Unable to auto find GCC executables from simulator install path! (path not set)
WARNING: [Vivado 12-13277] Compiled library path does not exist: ''
INFO: [Vivado 12-5682] Launching behavioral simulation in 'C:/Hung/Viettel/Stage2/ML-KEM/ml_kem/ml_kem.sim/sim_1/behav/xsim'
INFO: [SIM-utils-51] Simulation object is 'sim_1'
INFO: [USF-XSim-3] XSim::Elaborate design
INFO: [USF-XSim-61] Executing 'ELABORATE' step in 'C:/Hung/Viettel/Stage2/ML-KEM/ml_kem/ml_kem.sim/sim_1/behav/xsim'
"xelab --incr --debug typical --relax --mt 2 -L xil_defaultlib -L unisims_ver -L unimacro_ver -L secureip -L xpm --snapshot tb_fpbu_behav xil_defaultlib.tb_fpbu xil_defaultlib.glbl -log elaborate.log"
Vivado Simulator v2022.2.2
Copyright 1986-1999, 2001-2022 Xilinx, Inc. All Rights Reserved.
Running: C:/Xilinx/Vivado/2022.2/bin/unwrapped/win64.o/xelab.exe --incr --debug typical --relax --mt 2 -L xil_defaultlib -L unisims_ver -L unimacro_ver -L secureip -L xpm --snapshot tb_fpbu_behav xil_defaultlib.tb_fpbu xil_defaultlib.glbl -log elaborate.log 
Using 2 slave threads.
Starting static elaboration
Pass Through NonSizing Optimizer
Completed static elaboration
Starting simulation data flow analysis
Completed simulation data flow analysis
Time Resolution for simulation is 1ps
Compiling module xil_defaultlib.barret
Compiling module xil_defaultlib.BoothDecode
Compiling module xil_defaultlib.mul_default
Compiling module xil_defaultlib.bu_intt
Compiling module xil_defaultlib.tb_fpbu
Compiling module xil_defaultlib.glbl
Built simulation snapshot tb_fpbu_behav
INFO: [USF-XSim-69] 'elaborate' step finished in '2' seconds
Time resolution is 1 ps
Start simulation
$finish called at time : 3830 ns : File "C:/Hung/Viettel/Stage2/ML-KEM/NTT/tb_fpbu.v" Line 67
relaunch_sim: Time (s): cpu = 00:00:01 ; elapsed = 00:00:06 . Memory (MB): peak = 1347.078 ; gain = 0.000
current_wave_config {tb_top_func_impl.wcfg}
tb_top_func_impl.wcfg
add_wave {{/tb_fpbu/uut/subb_tmp}} 
relaunch_sim
Command: launch_simulation -step compile -simset sim_1 -mode behavioral
INFO: [Vivado 12-12493] Simulation top is 'tb_fpbu'
WARNING: [Vivado 12-13340] Unable to auto find GCC executables from simulator install path! (path not set)
WARNING: [Vivado 12-13277] Compiled library path does not exist: ''
INFO: [Vivado 12-5682] Launching behavioral simulation in 'C:/Hung/Viettel/Stage2/ML-KEM/ml_kem/ml_kem.sim/sim_1/behav/xsim'
INFO: [SIM-utils-51] Simulation object is 'sim_1'
INFO: [USF-XSim-2] XSim::Compile design
INFO: [USF-XSim-61] Executing 'COMPILE and ANALYZE' step in 'C:/Hung/Viettel/Stage2/ML-KEM/ml_kem/ml_kem.sim/sim_1/behav/xsim'
"xvlog --incr --relax -prj tb_fpbu_vlog.prj"
INFO: [VRFC 10-2263] Analyzing Verilog file "C:/Hung/Viettel/Stage2/ML-KEM/NTT/BoothDecode.v" into library xil_defaultlib
INFO: [VRFC 10-311] analyzing module BoothDecode
INFO: [VRFC 10-2263] Analyzing Verilog file "C:/Hung/Viettel/Stage2/ML-KEM/NTT/barret.v" into library xil_defaultlib
INFO: [VRFC 10-311] analyzing module barret
INFO: [VRFC 10-2263] Analyzing Verilog file "C:/Hung/Viettel/Stage2/ML-KEM/NTT/bu_intt.v" into library xil_defaultlib
INFO: [VRFC 10-311] analyzing module bu_intt
INFO: [VRFC 10-2263] Analyzing Verilog file "C:/Hung/Viettel/Stage2/ML-KEM/NTT/mul.v" into library xil_defaultlib
INFO: [VRFC 10-311] analyzing module mul
INFO: [VRFC 10-2263] Analyzing Verilog file "C:/Hung/Viettel/Stage2/ML-KEM/NTT/tb_fpbu.v" into library xil_defaultlib
INFO: [VRFC 10-311] analyzing module tb_fpbu
INFO: [USF-XSim-69] 'compile' step finished in '1' seconds
Command: launch_simulation -step elaborate -simset sim_1 -mode behavioral
INFO: [Vivado 12-12493] Simulation top is 'tb_fpbu'
WARNING: [Vivado 12-13340] Unable to auto find GCC executables from simulator install path! (path not set)
WARNING: [Vivado 12-13277] Compiled library path does not exist: ''
INFO: [Vivado 12-5682] Launching behavioral simulation in 'C:/Hung/Viettel/Stage2/ML-KEM/ml_kem/ml_kem.sim/sim_1/behav/xsim'
INFO: [SIM-utils-51] Simulation object is 'sim_1'
INFO: [USF-XSim-3] XSim::Elaborate design
INFO: [USF-XSim-61] Executing 'ELABORATE' step in 'C:/Hung/Viettel/Stage2/ML-KEM/ml_kem/ml_kem.sim/sim_1/behav/xsim'
"xelab --incr --debug typical --relax --mt 2 -L xil_defaultlib -L unisims_ver -L unimacro_ver -L secureip -L xpm --snapshot tb_fpbu_behav xil_defaultlib.tb_fpbu xil_defaultlib.glbl -log elaborate.log"
Vivado Simulator v2022.2.2
Copyright 1986-1999, 2001-2022 Xilinx, Inc. All Rights Reserved.
Running: C:/Xilinx/Vivado/2022.2/bin/unwrapped/win64.o/xelab.exe --incr --debug typical --relax --mt 2 -L xil_defaultlib -L unisims_ver -L unimacro_ver -L secureip -L xpm --snapshot tb_fpbu_behav xil_defaultlib.tb_fpbu xil_defaultlib.glbl -log elaborate.log 
Using 2 slave threads.
Starting static elaboration
Pass Through NonSizing Optimizer
Completed static elaboration
Starting simulation data flow analysis
Completed simulation data flow analysis
Time Resolution for simulation is 1ps
Compiling module xil_defaultlib.barret
Compiling module xil_defaultlib.BoothDecode
Compiling module xil_defaultlib.mul_default
Compiling module xil_defaultlib.bu_intt
Compiling module xil_defaultlib.tb_fpbu
Compiling module xil_defaultlib.glbl
Built simulation snapshot tb_fpbu_behav
INFO: [USF-XSim-69] 'elaborate' step finished in '1' seconds
Time resolution is 1 ps
Start simulation
$finish called at time : 3830 ns : File "C:/Hung/Viettel/Stage2/ML-KEM/NTT/tb_fpbu.v" Line 67
current_wave_config {tb_top_func_impl.wcfg}
tb_top_func_impl.wcfg
log_wave {/tb_fpbu/uut/mul_out} 
current_wave_config {tb_top_func_impl.wcfg}
tb_top_func_impl.wcfg
add_wave {{/tb_fpbu/uut/mul_out}} 
save_wave_config {C:/Hung/Viettel/Stage2/ML-KEM/ml_kem/tb_top_func_impl.wcfg}
relaunch_sim
Command: launch_simulation -step compile -simset sim_1 -mode behavioral
INFO: [Vivado 12-12493] Simulation top is 'tb_fpbu'
WARNING: [Vivado 12-13340] Unable to auto find GCC executables from simulator install path! (path not set)
WARNING: [Vivado 12-13277] Compiled library path does not exist: ''
INFO: [Vivado 12-5682] Launching behavioral simulation in 'C:/Hung/Viettel/Stage2/ML-KEM/ml_kem/ml_kem.sim/sim_1/behav/xsim'
INFO: [SIM-utils-51] Simulation object is 'sim_1'
INFO: [USF-XSim-2] XSim::Compile design
INFO: [USF-XSim-61] Executing 'COMPILE and ANALYZE' step in 'C:/Hung/Viettel/Stage2/ML-KEM/ml_kem/ml_kem.sim/sim_1/behav/xsim'
"xvlog --incr --relax -prj tb_fpbu_vlog.prj"
INFO: [USF-XSim-69] 'compile' step finished in '1' seconds
Command: launch_simulation -step elaborate -simset sim_1 -mode behavioral
INFO: [Vivado 12-12493] Simulation top is 'tb_fpbu'
WARNING: [Vivado 12-13340] Unable to auto find GCC executables from simulator install path! (path not set)
WARNING: [Vivado 12-13277] Compiled library path does not exist: ''
INFO: [Vivado 12-5682] Launching behavioral simulation in 'C:/Hung/Viettel/Stage2/ML-KEM/ml_kem/ml_kem.sim/sim_1/behav/xsim'
INFO: [SIM-utils-51] Simulation object is 'sim_1'
INFO: [USF-XSim-3] XSim::Elaborate design
INFO: [USF-XSim-61] Executing 'ELABORATE' step in 'C:/Hung/Viettel/Stage2/ML-KEM/ml_kem/ml_kem.sim/sim_1/behav/xsim'
"xelab --incr --debug typical --relax --mt 2 -L xil_defaultlib -L unisims_ver -L unimacro_ver -L secureip -L xpm --snapshot tb_fpbu_behav xil_defaultlib.tb_fpbu xil_defaultlib.glbl -log elaborate.log"
Vivado Simulator v2022.2.2
Copyright 1986-1999, 2001-2022 Xilinx, Inc. All Rights Reserved.
Running: C:/Xilinx/Vivado/2022.2/bin/unwrapped/win64.o/xelab.exe --incr --debug typical --relax --mt 2 -L xil_defaultlib -L unisims_ver -L unimacro_ver -L secureip -L xpm --snapshot tb_fpbu_behav xil_defaultlib.tb_fpbu xil_defaultlib.glbl -log elaborate.log 
Using 2 slave threads.
Starting static elaboration
Pass Through NonSizing Optimizer
Completed static elaboration
INFO: [XSIM 43-4323] No Change in HDL. Linking previously generated obj files to create kernel
INFO: [USF-XSim-69] 'elaborate' step finished in '1' seconds
Time resolution is 1 ps
Start simulation
$finish called at time : 3830 ns : File "C:/Hung/Viettel/Stage2/ML-KEM/NTT/tb_fpbu.v" Line 67
save_wave_config {C:/Hung/Viettel/Stage2/ML-KEM/ml_kem/tb_top_func_impl.wcfg}
relaunch_sim
Command: launch_simulation -step compile -simset sim_1 -mode behavioral
INFO: [Vivado 12-12493] Simulation top is 'tb_fpbu'
WARNING: [Vivado 12-13340] Unable to auto find GCC executables from simulator install path! (path not set)
WARNING: [Vivado 12-13277] Compiled library path does not exist: ''
INFO: [Vivado 12-5682] Launching behavioral simulation in 'C:/Hung/Viettel/Stage2/ML-KEM/ml_kem/ml_kem.sim/sim_1/behav/xsim'
INFO: [SIM-utils-51] Simulation object is 'sim_1'
INFO: [USF-XSim-2] XSim::Compile design
INFO: [USF-XSim-61] Executing 'COMPILE and ANALYZE' step in 'C:/Hung/Viettel/Stage2/ML-KEM/ml_kem/ml_kem.sim/sim_1/behav/xsim'
"xvlog --incr --relax -prj tb_fpbu_vlog.prj"
INFO: [VRFC 10-2263] Analyzing Verilog file "C:/Hung/Viettel/Stage2/ML-KEM/NTT/BoothDecode.v" into library xil_defaultlib
INFO: [VRFC 10-311] analyzing module BoothDecode
INFO: [VRFC 10-2263] Analyzing Verilog file "C:/Hung/Viettel/Stage2/ML-KEM/NTT/barret.v" into library xil_defaultlib
INFO: [VRFC 10-311] analyzing module barret
INFO: [VRFC 10-2263] Analyzing Verilog file "C:/Hung/Viettel/Stage2/ML-KEM/NTT/bu_intt.v" into library xil_defaultlib
INFO: [VRFC 10-311] analyzing module bu_intt
INFO: [VRFC 10-2263] Analyzing Verilog file "C:/Hung/Viettel/Stage2/ML-KEM/NTT/mul.v" into library xil_defaultlib
INFO: [VRFC 10-311] analyzing module mul
INFO: [VRFC 10-2263] Analyzing Verilog file "C:/Hung/Viettel/Stage2/ML-KEM/NTT/tb_fpbu.v" into library xil_defaultlib
INFO: [VRFC 10-311] analyzing module tb_fpbu
INFO: [USF-XSim-69] 'compile' step finished in '1' seconds
Command: launch_simulation -step elaborate -simset sim_1 -mode behavioral
INFO: [Vivado 12-12493] Simulation top is 'tb_fpbu'
WARNING: [Vivado 12-13340] Unable to auto find GCC executables from simulator install path! (path not set)
WARNING: [Vivado 12-13277] Compiled library path does not exist: ''
INFO: [Vivado 12-5682] Launching behavioral simulation in 'C:/Hung/Viettel/Stage2/ML-KEM/ml_kem/ml_kem.sim/sim_1/behav/xsim'
INFO: [SIM-utils-51] Simulation object is 'sim_1'
INFO: [USF-XSim-3] XSim::Elaborate design
INFO: [USF-XSim-61] Executing 'ELABORATE' step in 'C:/Hung/Viettel/Stage2/ML-KEM/ml_kem/ml_kem.sim/sim_1/behav/xsim'
"xelab --incr --debug typical --relax --mt 2 -L xil_defaultlib -L unisims_ver -L unimacro_ver -L secureip -L xpm --snapshot tb_fpbu_behav xil_defaultlib.tb_fpbu xil_defaultlib.glbl -log elaborate.log"
Vivado Simulator v2022.2.2
Copyright 1986-1999, 2001-2022 Xilinx, Inc. All Rights Reserved.
Running: C:/Xilinx/Vivado/2022.2/bin/unwrapped/win64.o/xelab.exe --incr --debug typical --relax --mt 2 -L xil_defaultlib -L unisims_ver -L unimacro_ver -L secureip -L xpm --snapshot tb_fpbu_behav xil_defaultlib.tb_fpbu xil_defaultlib.glbl -log elaborate.log 
Using 2 slave threads.
Starting static elaboration
Pass Through NonSizing Optimizer
Completed static elaboration
Starting simulation data flow analysis
Completed simulation data flow analysis
Time Resolution for simulation is 1ps
Compiling module xil_defaultlib.barret
Compiling module xil_defaultlib.BoothDecode
Compiling module xil_defaultlib.mul_default
Compiling module xil_defaultlib.bu_intt
Compiling module xil_defaultlib.tb_fpbu
Compiling module xil_defaultlib.glbl
Built simulation snapshot tb_fpbu_behav
INFO: [USF-XSim-69] 'elaborate' step finished in '2' seconds
Time resolution is 1 ps
Start simulation
$finish called at time : 3830 ns : File "C:/Hung/Viettel/Stage2/ML-KEM/NTT/tb_fpbu.v" Line 67
current_wave_config {tb_top_func_impl.wcfg}
C:/Hung/Viettel/Stage2/ML-KEM/ml_kem/tb_top_func_impl.wcfg
add_wave {{/tb_fpbu/uut/mul_inst/A}} {{/tb_fpbu/uut/mul_inst/B}} {{/tb_fpbu/uut/mul_inst/R}} 
relaunch_sim
Command: launch_simulation -step compile -simset sim_1 -mode behavioral
INFO: [Vivado 12-12493] Simulation top is 'tb_fpbu'
WARNING: [Vivado 12-13340] Unable to auto find GCC executables from simulator install path! (path not set)
WARNING: [Vivado 12-13277] Compiled library path does not exist: ''
INFO: [Vivado 12-5682] Launching behavioral simulation in 'C:/Hung/Viettel/Stage2/ML-KEM/ml_kem/ml_kem.sim/sim_1/behav/xsim'
INFO: [SIM-utils-51] Simulation object is 'sim_1'
INFO: [USF-XSim-2] XSim::Compile design
INFO: [USF-XSim-61] Executing 'COMPILE and ANALYZE' step in 'C:/Hung/Viettel/Stage2/ML-KEM/ml_kem/ml_kem.sim/sim_1/behav/xsim'
"xvlog --incr --relax -prj tb_fpbu_vlog.prj"
INFO: [USF-XSim-69] 'compile' step finished in '1' seconds
Command: launch_simulation -step elaborate -simset sim_1 -mode behavioral
INFO: [Vivado 12-12493] Simulation top is 'tb_fpbu'
WARNING: [Vivado 12-13340] Unable to auto find GCC executables from simulator install path! (path not set)
WARNING: [Vivado 12-13277] Compiled library path does not exist: ''
INFO: [Vivado 12-5682] Launching behavioral simulation in 'C:/Hung/Viettel/Stage2/ML-KEM/ml_kem/ml_kem.sim/sim_1/behav/xsim'
INFO: [SIM-utils-51] Simulation object is 'sim_1'
INFO: [USF-XSim-3] XSim::Elaborate design
INFO: [USF-XSim-61] Executing 'ELABORATE' step in 'C:/Hung/Viettel/Stage2/ML-KEM/ml_kem/ml_kem.sim/sim_1/behav/xsim'
"xelab --incr --debug typical --relax --mt 2 -L xil_defaultlib -L unisims_ver -L unimacro_ver -L secureip -L xpm --snapshot tb_fpbu_behav xil_defaultlib.tb_fpbu xil_defaultlib.glbl -log elaborate.log"
Vivado Simulator v2022.2.2
Copyright 1986-1999, 2001-2022 Xilinx, Inc. All Rights Reserved.
Running: C:/Xilinx/Vivado/2022.2/bin/unwrapped/win64.o/xelab.exe --incr --debug typical --relax --mt 2 -L xil_defaultlib -L unisims_ver -L unimacro_ver -L secureip -L xpm --snapshot tb_fpbu_behav xil_defaultlib.tb_fpbu xil_defaultlib.glbl -log elaborate.log 
Using 2 slave threads.
Starting static elaboration
Pass Through NonSizing Optimizer
Completed static elaboration
INFO: [XSIM 43-4323] No Change in HDL. Linking previously generated obj files to create kernel
INFO: [USF-XSim-69] 'elaborate' step finished in '1' seconds
Time resolution is 1 ps
Start simulation
$finish called at time : 3830 ns : File "C:/Hung/Viettel/Stage2/ML-KEM/NTT/tb_fpbu.v" Line 67
save_wave_config {C:/Hung/Viettel/Stage2/ML-KEM/ml_kem/tb_top_func_impl.wcfg}
relaunch_sim
Command: launch_simulation -step compile -simset sim_1 -mode behavioral
INFO: [Vivado 12-12493] Simulation top is 'tb_fpbu'
WARNING: [Vivado 12-13340] Unable to auto find GCC executables from simulator install path! (path not set)
WARNING: [Vivado 12-13277] Compiled library path does not exist: ''
INFO: [Vivado 12-5682] Launching behavioral simulation in 'C:/Hung/Viettel/Stage2/ML-KEM/ml_kem/ml_kem.sim/sim_1/behav/xsim'
INFO: [SIM-utils-51] Simulation object is 'sim_1'
INFO: [USF-XSim-2] XSim::Compile design
INFO: [USF-XSim-61] Executing 'COMPILE and ANALYZE' step in 'C:/Hung/Viettel/Stage2/ML-KEM/ml_kem/ml_kem.sim/sim_1/behav/xsim'
"xvlog --incr --relax -prj tb_fpbu_vlog.prj"
INFO: [VRFC 10-2263] Analyzing Verilog file "C:/Hung/Viettel/Stage2/ML-KEM/NTT/BoothDecode.v" into library xil_defaultlib
INFO: [VRFC 10-311] analyzing module BoothDecode
INFO: [VRFC 10-2263] Analyzing Verilog file "C:/Hung/Viettel/Stage2/ML-KEM/NTT/barret.v" into library xil_defaultlib
INFO: [VRFC 10-311] analyzing module barret
INFO: [VRFC 10-2263] Analyzing Verilog file "C:/Hung/Viettel/Stage2/ML-KEM/NTT/bu_intt.v" into library xil_defaultlib
INFO: [VRFC 10-311] analyzing module bu_intt
INFO: [VRFC 10-2263] Analyzing Verilog file "C:/Hung/Viettel/Stage2/ML-KEM/NTT/mul.v" into library xil_defaultlib
INFO: [VRFC 10-311] analyzing module mul
INFO: [VRFC 10-2263] Analyzing Verilog file "C:/Hung/Viettel/Stage2/ML-KEM/NTT/tb_fpbu.v" into library xil_defaultlib
INFO: [VRFC 10-311] analyzing module tb_fpbu
INFO: [USF-XSim-69] 'compile' step finished in '1' seconds
Command: launch_simulation -step elaborate -simset sim_1 -mode behavioral
INFO: [Vivado 12-12493] Simulation top is 'tb_fpbu'
WARNING: [Vivado 12-13340] Unable to auto find GCC executables from simulator install path! (path not set)
WARNING: [Vivado 12-13277] Compiled library path does not exist: ''
INFO: [Vivado 12-5682] Launching behavioral simulation in 'C:/Hung/Viettel/Stage2/ML-KEM/ml_kem/ml_kem.sim/sim_1/behav/xsim'
INFO: [SIM-utils-51] Simulation object is 'sim_1'
INFO: [USF-XSim-3] XSim::Elaborate design
INFO: [USF-XSim-61] Executing 'ELABORATE' step in 'C:/Hung/Viettel/Stage2/ML-KEM/ml_kem/ml_kem.sim/sim_1/behav/xsim'
"xelab --incr --debug typical --relax --mt 2 -L xil_defaultlib -L unisims_ver -L unimacro_ver -L secureip -L xpm --snapshot tb_fpbu_behav xil_defaultlib.tb_fpbu xil_defaultlib.glbl -log elaborate.log"
Vivado Simulator v2022.2.2
Copyright 1986-1999, 2001-2022 Xilinx, Inc. All Rights Reserved.
Running: C:/Xilinx/Vivado/2022.2/bin/unwrapped/win64.o/xelab.exe --incr --debug typical --relax --mt 2 -L xil_defaultlib -L unisims_ver -L unimacro_ver -L secureip -L xpm --snapshot tb_fpbu_behav xil_defaultlib.tb_fpbu xil_defaultlib.glbl -log elaborate.log 
Using 2 slave threads.
Starting static elaboration
Pass Through NonSizing Optimizer
Completed static elaboration
Starting simulation data flow analysis
Completed simulation data flow analysis
Time Resolution for simulation is 1ps
Compiling module xil_defaultlib.barret
Compiling module xil_defaultlib.BoothDecode
Compiling module xil_defaultlib.mul_default
Compiling module xil_defaultlib.bu_intt
Compiling module xil_defaultlib.tb_fpbu
Compiling module xil_defaultlib.glbl
Built simulation snapshot tb_fpbu_behav
INFO: [USF-XSim-69] 'elaborate' step finished in '2' seconds
Time resolution is 1 ps
Start simulation
$finish called at time : 3830 ns : File "C:/Hung/Viettel/Stage2/ML-KEM/NTT/tb_fpbu.v" Line 67
relaunch_sim: Time (s): cpu = 00:00:01 ; elapsed = 00:00:06 . Memory (MB): peak = 1379.016 ; gain = 0.000
relaunch_sim
Command: launch_simulation -step compile -simset sim_1 -mode behavioral
INFO: [Vivado 12-12493] Simulation top is 'tb_fpbu'
WARNING: [Vivado 12-13340] Unable to auto find GCC executables from simulator install path! (path not set)
WARNING: [Vivado 12-13277] Compiled library path does not exist: ''
INFO: [Vivado 12-5682] Launching behavioral simulation in 'C:/Hung/Viettel/Stage2/ML-KEM/ml_kem/ml_kem.sim/sim_1/behav/xsim'
INFO: [SIM-utils-51] Simulation object is 'sim_1'
INFO: [USF-XSim-2] XSim::Compile design
INFO: [USF-XSim-61] Executing 'COMPILE and ANALYZE' step in 'C:/Hung/Viettel/Stage2/ML-KEM/ml_kem/ml_kem.sim/sim_1/behav/xsim'
"xvlog --incr --relax -prj tb_fpbu_vlog.prj"
INFO: [VRFC 10-2263] Analyzing Verilog file "C:/Hung/Viettel/Stage2/ML-KEM/NTT/BoothDecode.v" into library xil_defaultlib
INFO: [VRFC 10-311] analyzing module BoothDecode
INFO: [VRFC 10-2263] Analyzing Verilog file "C:/Hung/Viettel/Stage2/ML-KEM/NTT/barret.v" into library xil_defaultlib
INFO: [VRFC 10-311] analyzing module barret
INFO: [VRFC 10-2263] Analyzing Verilog file "C:/Hung/Viettel/Stage2/ML-KEM/NTT/bu_intt.v" into library xil_defaultlib
INFO: [VRFC 10-311] analyzing module bu_intt
INFO: [VRFC 10-2263] Analyzing Verilog file "C:/Hung/Viettel/Stage2/ML-KEM/NTT/mul.v" into library xil_defaultlib
INFO: [VRFC 10-311] analyzing module mul
INFO: [VRFC 10-2263] Analyzing Verilog file "C:/Hung/Viettel/Stage2/ML-KEM/NTT/tb_fpbu.v" into library xil_defaultlib
INFO: [VRFC 10-311] analyzing module tb_fpbu
INFO: [USF-XSim-69] 'compile' step finished in '1' seconds
Command: launch_simulation -step elaborate -simset sim_1 -mode behavioral
INFO: [Vivado 12-12493] Simulation top is 'tb_fpbu'
WARNING: [Vivado 12-13340] Unable to auto find GCC executables from simulator install path! (path not set)
WARNING: [Vivado 12-13277] Compiled library path does not exist: ''
INFO: [Vivado 12-5682] Launching behavioral simulation in 'C:/Hung/Viettel/Stage2/ML-KEM/ml_kem/ml_kem.sim/sim_1/behav/xsim'
INFO: [SIM-utils-51] Simulation object is 'sim_1'
INFO: [USF-XSim-3] XSim::Elaborate design
INFO: [USF-XSim-61] Executing 'ELABORATE' step in 'C:/Hung/Viettel/Stage2/ML-KEM/ml_kem/ml_kem.sim/sim_1/behav/xsim'
"xelab --incr --debug typical --relax --mt 2 -L xil_defaultlib -L unisims_ver -L unimacro_ver -L secureip -L xpm --snapshot tb_fpbu_behav xil_defaultlib.tb_fpbu xil_defaultlib.glbl -log elaborate.log"
Vivado Simulator v2022.2.2
Copyright 1986-1999, 2001-2022 Xilinx, Inc. All Rights Reserved.
Running: C:/Xilinx/Vivado/2022.2/bin/unwrapped/win64.o/xelab.exe --incr --debug typical --relax --mt 2 -L xil_defaultlib -L unisims_ver -L unimacro_ver -L secureip -L xpm --snapshot tb_fpbu_behav xil_defaultlib.tb_fpbu xil_defaultlib.glbl -log elaborate.log 
Using 2 slave threads.
Starting static elaboration
Pass Through NonSizing Optimizer
ERROR: [VRFC 10-1219] part-select direction is opposite from prefix index direction [C:/Hung/Viettel/Stage2/ML-KEM/NTT/bu_intt.v:49]
ERROR: [XSIM 43-3322] Static elaboration of top level Verilog design unit(s) in library work failed.
INFO: [USF-XSim-69] 'elaborate' step finished in '1' seconds
INFO: [USF-XSim-99] Step results log file:'C:/Hung/Viettel/Stage2/ML-KEM/ml_kem/ml_kem.sim/sim_1/behav/xsim/elaborate.log'
ERROR: [USF-XSim-62] 'elaborate' step failed with error(s). Please check the Tcl console output or 'C:/Hung/Viettel/Stage2/ML-KEM/ml_kem/ml_kem.sim/sim_1/behav/xsim/elaborate.log' file for more information.
ERROR: [Vivado 12-4473] Detected error while running simulation. Please correct the issue and retry this operation.
ERROR: [Common 17-39] 'launch_simulation' failed due to earlier errors.
ERROR: [Common 17-69] Command failed: ERROR: [Common 17-39] 'launch_simulation' failed due to earlier errors.

relaunch_sim
Command: launch_simulation -step compile -simset sim_1 -mode behavioral
INFO: [Vivado 12-12493] Simulation top is 'tb_fpbu'
WARNING: [Vivado 12-13340] Unable to auto find GCC executables from simulator install path! (path not set)
WARNING: [Vivado 12-13277] Compiled library path does not exist: ''
INFO: [Vivado 12-5682] Launching behavioral simulation in 'C:/Hung/Viettel/Stage2/ML-KEM/ml_kem/ml_kem.sim/sim_1/behav/xsim'
INFO: [SIM-utils-51] Simulation object is 'sim_1'
INFO: [USF-XSim-2] XSim::Compile design
INFO: [USF-XSim-61] Executing 'COMPILE and ANALYZE' step in 'C:/Hung/Viettel/Stage2/ML-KEM/ml_kem/ml_kem.sim/sim_1/behav/xsim'
"xvlog --incr --relax -prj tb_fpbu_vlog.prj"
INFO: [VRFC 10-2263] Analyzing Verilog file "C:/Hung/Viettel/Stage2/ML-KEM/NTT/BoothDecode.v" into library xil_defaultlib
INFO: [VRFC 10-311] analyzing module BoothDecode
INFO: [VRFC 10-2263] Analyzing Verilog file "C:/Hung/Viettel/Stage2/ML-KEM/NTT/barret.v" into library xil_defaultlib
INFO: [VRFC 10-311] analyzing module barret
INFO: [VRFC 10-2263] Analyzing Verilog file "C:/Hung/Viettel/Stage2/ML-KEM/NTT/bu_intt.v" into library xil_defaultlib
INFO: [VRFC 10-311] analyzing module bu_intt
INFO: [VRFC 10-2263] Analyzing Verilog file "C:/Hung/Viettel/Stage2/ML-KEM/NTT/mul.v" into library xil_defaultlib
INFO: [VRFC 10-311] analyzing module mul
INFO: [VRFC 10-2263] Analyzing Verilog file "C:/Hung/Viettel/Stage2/ML-KEM/NTT/tb_fpbu.v" into library xil_defaultlib
INFO: [VRFC 10-311] analyzing module tb_fpbu
INFO: [USF-XSim-69] 'compile' step finished in '2' seconds
Command: launch_simulation -step elaborate -simset sim_1 -mode behavioral
INFO: [Vivado 12-12493] Simulation top is 'tb_fpbu'
WARNING: [Vivado 12-13340] Unable to auto find GCC executables from simulator install path! (path not set)
WARNING: [Vivado 12-13277] Compiled library path does not exist: ''
INFO: [Vivado 12-5682] Launching behavioral simulation in 'C:/Hung/Viettel/Stage2/ML-KEM/ml_kem/ml_kem.sim/sim_1/behav/xsim'
INFO: [SIM-utils-51] Simulation object is 'sim_1'
INFO: [USF-XSim-3] XSim::Elaborate design
INFO: [USF-XSim-61] Executing 'ELABORATE' step in 'C:/Hung/Viettel/Stage2/ML-KEM/ml_kem/ml_kem.sim/sim_1/behav/xsim'
"xelab --incr --debug typical --relax --mt 2 -L xil_defaultlib -L unisims_ver -L unimacro_ver -L secureip -L xpm --snapshot tb_fpbu_behav xil_defaultlib.tb_fpbu xil_defaultlib.glbl -log elaborate.log"
Vivado Simulator v2022.2.2
Copyright 1986-1999, 2001-2022 Xilinx, Inc. All Rights Reserved.
Running: C:/Xilinx/Vivado/2022.2/bin/unwrapped/win64.o/xelab.exe --incr --debug typical --relax --mt 2 -L xil_defaultlib -L unisims_ver -L unimacro_ver -L secureip -L xpm --snapshot tb_fpbu_behav xil_defaultlib.tb_fpbu xil_defaultlib.glbl -log elaborate.log 
Using 2 slave threads.
Starting static elaboration
Pass Through NonSizing Optimizer
ERROR: [VRFC 10-1219] part-select direction is opposite from prefix index direction [C:/Hung/Viettel/Stage2/ML-KEM/NTT/bu_intt.v:49]
ERROR: [XSIM 43-3322] Static elaboration of top level Verilog design unit(s) in library work failed.
INFO: [USF-XSim-69] 'elaborate' step finished in '1' seconds
INFO: [USF-XSim-99] Step results log file:'C:/Hung/Viettel/Stage2/ML-KEM/ml_kem/ml_kem.sim/sim_1/behav/xsim/elaborate.log'
ERROR: [USF-XSim-62] 'elaborate' step failed with error(s). Please check the Tcl console output or 'C:/Hung/Viettel/Stage2/ML-KEM/ml_kem/ml_kem.sim/sim_1/behav/xsim/elaborate.log' file for more information.
ERROR: [Vivado 12-4473] Detected error while running simulation. Please correct the issue and retry this operation.
ERROR: [Common 17-39] 'launch_simulation' failed due to earlier errors.
ERROR: [Common 17-69] Command failed: ERROR: [Common 17-39] 'launch_simulation' failed due to earlier errors.

relaunch_sim
Command: launch_simulation -step compile -simset sim_1 -mode behavioral
INFO: [Vivado 12-12493] Simulation top is 'tb_fpbu'
WARNING: [Vivado 12-13340] Unable to auto find GCC executables from simulator install path! (path not set)
WARNING: [Vivado 12-13277] Compiled library path does not exist: ''
INFO: [Vivado 12-5682] Launching behavioral simulation in 'C:/Hung/Viettel/Stage2/ML-KEM/ml_kem/ml_kem.sim/sim_1/behav/xsim'
INFO: [SIM-utils-51] Simulation object is 'sim_1'
INFO: [USF-XSim-2] XSim::Compile design
INFO: [USF-XSim-61] Executing 'COMPILE and ANALYZE' step in 'C:/Hung/Viettel/Stage2/ML-KEM/ml_kem/ml_kem.sim/sim_1/behav/xsim'
"xvlog --incr --relax -prj tb_fpbu_vlog.prj"
INFO: [VRFC 10-2263] Analyzing Verilog file "C:/Hung/Viettel/Stage2/ML-KEM/NTT/BoothDecode.v" into library xil_defaultlib
INFO: [VRFC 10-311] analyzing module BoothDecode
INFO: [VRFC 10-2263] Analyzing Verilog file "C:/Hung/Viettel/Stage2/ML-KEM/NTT/barret.v" into library xil_defaultlib
INFO: [VRFC 10-311] analyzing module barret
INFO: [VRFC 10-2263] Analyzing Verilog file "C:/Hung/Viettel/Stage2/ML-KEM/NTT/bu_intt.v" into library xil_defaultlib
INFO: [VRFC 10-311] analyzing module bu_intt
INFO: [VRFC 10-2263] Analyzing Verilog file "C:/Hung/Viettel/Stage2/ML-KEM/NTT/mul.v" into library xil_defaultlib
INFO: [VRFC 10-311] analyzing module mul
INFO: [VRFC 10-2263] Analyzing Verilog file "C:/Hung/Viettel/Stage2/ML-KEM/NTT/tb_fpbu.v" into library xil_defaultlib
INFO: [VRFC 10-311] analyzing module tb_fpbu
INFO: [USF-XSim-69] 'compile' step finished in '1' seconds
Command: launch_simulation -step elaborate -simset sim_1 -mode behavioral
INFO: [Vivado 12-12493] Simulation top is 'tb_fpbu'
WARNING: [Vivado 12-13340] Unable to auto find GCC executables from simulator install path! (path not set)
WARNING: [Vivado 12-13277] Compiled library path does not exist: ''
INFO: [Vivado 12-5682] Launching behavioral simulation in 'C:/Hung/Viettel/Stage2/ML-KEM/ml_kem/ml_kem.sim/sim_1/behav/xsim'
INFO: [SIM-utils-51] Simulation object is 'sim_1'
INFO: [USF-XSim-3] XSim::Elaborate design
INFO: [USF-XSim-61] Executing 'ELABORATE' step in 'C:/Hung/Viettel/Stage2/ML-KEM/ml_kem/ml_kem.sim/sim_1/behav/xsim'
"xelab --incr --debug typical --relax --mt 2 -L xil_defaultlib -L unisims_ver -L unimacro_ver -L secureip -L xpm --snapshot tb_fpbu_behav xil_defaultlib.tb_fpbu xil_defaultlib.glbl -log elaborate.log"
Vivado Simulator v2022.2.2
Copyright 1986-1999, 2001-2022 Xilinx, Inc. All Rights Reserved.
Running: C:/Xilinx/Vivado/2022.2/bin/unwrapped/win64.o/xelab.exe --incr --debug typical --relax --mt 2 -L xil_defaultlib -L unisims_ver -L unimacro_ver -L secureip -L xpm --snapshot tb_fpbu_behav xil_defaultlib.tb_fpbu xil_defaultlib.glbl -log elaborate.log 
Using 2 slave threads.
Starting static elaboration
Pass Through NonSizing Optimizer
Completed static elaboration
Starting simulation data flow analysis
Completed simulation data flow analysis
Time Resolution for simulation is 1ps
Compiling module xil_defaultlib.barret
Compiling module xil_defaultlib.BoothDecode
Compiling module xil_defaultlib.mul_default
Compiling module xil_defaultlib.bu_intt
Compiling module xil_defaultlib.tb_fpbu
Compiling module xil_defaultlib.glbl
Built simulation snapshot tb_fpbu_behav
INFO: [USF-XSim-69] 'elaborate' step finished in '2' seconds
Time resolution is 1 ps
Start simulation
$finish called at time : 3830 ns : File "C:/Hung/Viettel/Stage2/ML-KEM/NTT/tb_fpbu.v" Line 67
save_wave_config {C:/Hung/Viettel/Stage2/ML-KEM/ml_kem/tb_top_func_impl.wcfg}
current_wave_config {tb_top_func_impl.wcfg}
C:/Hung/Viettel/Stage2/ML-KEM/ml_kem/tb_top_func_impl.wcfg
add_wave {{/tb_fpbu/uut/barret_inst3/C}} {{/tb_fpbu/uut/barret_inst3/R}} 
relaunch_sim
Command: launch_simulation -step compile -simset sim_1 -mode behavioral
INFO: [Vivado 12-12493] Simulation top is 'tb_fpbu'
WARNING: [Vivado 12-13340] Unable to auto find GCC executables from simulator install path! (path not set)
WARNING: [Vivado 12-13277] Compiled library path does not exist: ''
INFO: [Vivado 12-5682] Launching behavioral simulation in 'C:/Hung/Viettel/Stage2/ML-KEM/ml_kem/ml_kem.sim/sim_1/behav/xsim'
INFO: [SIM-utils-51] Simulation object is 'sim_1'
INFO: [USF-XSim-2] XSim::Compile design
INFO: [USF-XSim-61] Executing 'COMPILE and ANALYZE' step in 'C:/Hung/Viettel/Stage2/ML-KEM/ml_kem/ml_kem.sim/sim_1/behav/xsim'
"xvlog --incr --relax -prj tb_fpbu_vlog.prj"
INFO: [USF-XSim-69] 'compile' step finished in '1' seconds
Command: launch_simulation -step elaborate -simset sim_1 -mode behavioral
INFO: [Vivado 12-12493] Simulation top is 'tb_fpbu'
WARNING: [Vivado 12-13340] Unable to auto find GCC executables from simulator install path! (path not set)
WARNING: [Vivado 12-13277] Compiled library path does not exist: ''
INFO: [Vivado 12-5682] Launching behavioral simulation in 'C:/Hung/Viettel/Stage2/ML-KEM/ml_kem/ml_kem.sim/sim_1/behav/xsim'
INFO: [SIM-utils-51] Simulation object is 'sim_1'
INFO: [USF-XSim-3] XSim::Elaborate design
INFO: [USF-XSim-61] Executing 'ELABORATE' step in 'C:/Hung/Viettel/Stage2/ML-KEM/ml_kem/ml_kem.sim/sim_1/behav/xsim'
"xelab --incr --debug typical --relax --mt 2 -L xil_defaultlib -L unisims_ver -L unimacro_ver -L secureip -L xpm --snapshot tb_fpbu_behav xil_defaultlib.tb_fpbu xil_defaultlib.glbl -log elaborate.log"
Vivado Simulator v2022.2.2
Copyright 1986-1999, 2001-2022 Xilinx, Inc. All Rights Reserved.
Running: C:/Xilinx/Vivado/2022.2/bin/unwrapped/win64.o/xelab.exe --incr --debug typical --relax --mt 2 -L xil_defaultlib -L unisims_ver -L unimacro_ver -L secureip -L xpm --snapshot tb_fpbu_behav xil_defaultlib.tb_fpbu xil_defaultlib.glbl -log elaborate.log 
Using 2 slave threads.
Starting static elaboration
Pass Through NonSizing Optimizer
Completed static elaboration
INFO: [XSIM 43-4323] No Change in HDL. Linking previously generated obj files to create kernel
INFO: [USF-XSim-69] 'elaborate' step finished in '1' seconds
Time resolution is 1 ps
Start simulation
$finish called at time : 3830 ns : File "C:/Hung/Viettel/Stage2/ML-KEM/NTT/tb_fpbu.v" Line 67
save_wave_config {C:/Hung/Viettel/Stage2/ML-KEM/ml_kem/tb_top_func_impl.wcfg}
save_wave_config {C:/Hung/Viettel/Stage2/ML-KEM/ml_kem/tb_top_func_impl.wcfg}
relaunch_sim
Command: launch_simulation -step compile -simset sim_1 -mode behavioral
INFO: [Vivado 12-12493] Simulation top is 'tb_fpbu'
WARNING: [Vivado 12-13340] Unable to auto find GCC executables from simulator install path! (path not set)
WARNING: [Vivado 12-13277] Compiled library path does not exist: ''
INFO: [Vivado 12-5682] Launching behavioral simulation in 'C:/Hung/Viettel/Stage2/ML-KEM/ml_kem/ml_kem.sim/sim_1/behav/xsim'
INFO: [SIM-utils-51] Simulation object is 'sim_1'
INFO: [USF-XSim-2] XSim::Compile design
INFO: [USF-XSim-61] Executing 'COMPILE and ANALYZE' step in 'C:/Hung/Viettel/Stage2/ML-KEM/ml_kem/ml_kem.sim/sim_1/behav/xsim'
"xvlog --incr --relax -prj tb_fpbu_vlog.prj"
INFO: [VRFC 10-2263] Analyzing Verilog file "C:/Hung/Viettel/Stage2/ML-KEM/NTT/BoothDecode.v" into library xil_defaultlib
INFO: [VRFC 10-311] analyzing module BoothDecode
INFO: [VRFC 10-2263] Analyzing Verilog file "C:/Hung/Viettel/Stage2/ML-KEM/NTT/barret.v" into library xil_defaultlib
INFO: [VRFC 10-311] analyzing module barret
INFO: [VRFC 10-2263] Analyzing Verilog file "C:/Hung/Viettel/Stage2/ML-KEM/NTT/bu_intt.v" into library xil_defaultlib
INFO: [VRFC 10-311] analyzing module bu_intt
INFO: [VRFC 10-2263] Analyzing Verilog file "C:/Hung/Viettel/Stage2/ML-KEM/NTT/mul.v" into library xil_defaultlib
INFO: [VRFC 10-311] analyzing module mul
INFO: [VRFC 10-2263] Analyzing Verilog file "C:/Hung/Viettel/Stage2/ML-KEM/NTT/tb_fpbu.v" into library xil_defaultlib
INFO: [VRFC 10-311] analyzing module tb_fpbu
INFO: [USF-XSim-69] 'compile' step finished in '2' seconds
Command: launch_simulation -step elaborate -simset sim_1 -mode behavioral
INFO: [Vivado 12-12493] Simulation top is 'tb_fpbu'
WARNING: [Vivado 12-13340] Unable to auto find GCC executables from simulator install path! (path not set)
WARNING: [Vivado 12-13277] Compiled library path does not exist: ''
INFO: [Vivado 12-5682] Launching behavioral simulation in 'C:/Hung/Viettel/Stage2/ML-KEM/ml_kem/ml_kem.sim/sim_1/behav/xsim'
INFO: [SIM-utils-51] Simulation object is 'sim_1'
INFO: [USF-XSim-3] XSim::Elaborate design
INFO: [USF-XSim-61] Executing 'ELABORATE' step in 'C:/Hung/Viettel/Stage2/ML-KEM/ml_kem/ml_kem.sim/sim_1/behav/xsim'
"xelab --incr --debug typical --relax --mt 2 -L xil_defaultlib -L unisims_ver -L unimacro_ver -L secureip -L xpm --snapshot tb_fpbu_behav xil_defaultlib.tb_fpbu xil_defaultlib.glbl -log elaborate.log"
Vivado Simulator v2022.2.2
Copyright 1986-1999, 2001-2022 Xilinx, Inc. All Rights Reserved.
Running: C:/Xilinx/Vivado/2022.2/bin/unwrapped/win64.o/xelab.exe --incr --debug typical --relax --mt 2 -L xil_defaultlib -L unisims_ver -L unimacro_ver -L secureip -L xpm --snapshot tb_fpbu_behav xil_defaultlib.tb_fpbu xil_defaultlib.glbl -log elaborate.log 
Using 2 slave threads.
Starting static elaboration
Pass Through NonSizing Optimizer
Completed static elaboration
Starting simulation data flow analysis
Completed simulation data flow analysis
Time Resolution for simulation is 1ps
Compiling module xil_defaultlib.barret
Compiling module xil_defaultlib.BoothDecode
Compiling module xil_defaultlib.mul_default
Compiling module xil_defaultlib.bu_intt
Compiling module xil_defaultlib.tb_fpbu
Compiling module xil_defaultlib.glbl
Built simulation snapshot tb_fpbu_behav
INFO: [USF-XSim-69] 'elaborate' step finished in '1' seconds
Time resolution is 1 ps
Start simulation
$finish called at time : 3830 ns : File "C:/Hung/Viettel/Stage2/ML-KEM/NTT/tb_fpbu.v" Line 67
relaunch_sim
Command: launch_simulation -step compile -simset sim_1 -mode behavioral
INFO: [Vivado 12-12493] Simulation top is 'tb_fpbu'
WARNING: [Vivado 12-13340] Unable to auto find GCC executables from simulator install path! (path not set)
WARNING: [Vivado 12-13277] Compiled library path does not exist: ''
INFO: [Vivado 12-5682] Launching behavioral simulation in 'C:/Hung/Viettel/Stage2/ML-KEM/ml_kem/ml_kem.sim/sim_1/behav/xsim'
INFO: [SIM-utils-51] Simulation object is 'sim_1'
INFO: [USF-XSim-2] XSim::Compile design
INFO: [USF-XSim-61] Executing 'COMPILE and ANALYZE' step in 'C:/Hung/Viettel/Stage2/ML-KEM/ml_kem/ml_kem.sim/sim_1/behav/xsim'
"xvlog --incr --relax -prj tb_fpbu_vlog.prj"
INFO: [VRFC 10-2263] Analyzing Verilog file "C:/Hung/Viettel/Stage2/ML-KEM/NTT/BoothDecode.v" into library xil_defaultlib
INFO: [VRFC 10-311] analyzing module BoothDecode
INFO: [VRFC 10-2263] Analyzing Verilog file "C:/Hung/Viettel/Stage2/ML-KEM/NTT/barret.v" into library xil_defaultlib
INFO: [VRFC 10-311] analyzing module barret
INFO: [VRFC 10-2263] Analyzing Verilog file "C:/Hung/Viettel/Stage2/ML-KEM/NTT/bu_intt.v" into library xil_defaultlib
INFO: [VRFC 10-311] analyzing module bu_intt
INFO: [VRFC 10-2263] Analyzing Verilog file "C:/Hung/Viettel/Stage2/ML-KEM/NTT/mul.v" into library xil_defaultlib
INFO: [VRFC 10-311] analyzing module mul
INFO: [VRFC 10-2263] Analyzing Verilog file "C:/Hung/Viettel/Stage2/ML-KEM/NTT/tb_fpbu.v" into library xil_defaultlib
INFO: [VRFC 10-311] analyzing module tb_fpbu
INFO: [USF-XSim-69] 'compile' step finished in '1' seconds
Command: launch_simulation -step elaborate -simset sim_1 -mode behavioral
INFO: [Vivado 12-12493] Simulation top is 'tb_fpbu'
WARNING: [Vivado 12-13340] Unable to auto find GCC executables from simulator install path! (path not set)
WARNING: [Vivado 12-13277] Compiled library path does not exist: ''
INFO: [Vivado 12-5682] Launching behavioral simulation in 'C:/Hung/Viettel/Stage2/ML-KEM/ml_kem/ml_kem.sim/sim_1/behav/xsim'
INFO: [SIM-utils-51] Simulation object is 'sim_1'
INFO: [USF-XSim-3] XSim::Elaborate design
INFO: [USF-XSim-61] Executing 'ELABORATE' step in 'C:/Hung/Viettel/Stage2/ML-KEM/ml_kem/ml_kem.sim/sim_1/behav/xsim'
"xelab --incr --debug typical --relax --mt 2 -L xil_defaultlib -L unisims_ver -L unimacro_ver -L secureip -L xpm --snapshot tb_fpbu_behav xil_defaultlib.tb_fpbu xil_defaultlib.glbl -log elaborate.log"
Vivado Simulator v2022.2.2
Copyright 1986-1999, 2001-2022 Xilinx, Inc. All Rights Reserved.
Running: C:/Xilinx/Vivado/2022.2/bin/unwrapped/win64.o/xelab.exe --incr --debug typical --relax --mt 2 -L xil_defaultlib -L unisims_ver -L unimacro_ver -L secureip -L xpm --snapshot tb_fpbu_behav xil_defaultlib.tb_fpbu xil_defaultlib.glbl -log elaborate.log 
Using 2 slave threads.
Starting static elaboration
Pass Through NonSizing Optimizer
Completed static elaboration
Starting simulation data flow analysis
Completed simulation data flow analysis
Time Resolution for simulation is 1ps
Compiling module xil_defaultlib.barret
Compiling module xil_defaultlib.BoothDecode
Compiling module xil_defaultlib.mul_default
Compiling module xil_defaultlib.bu_intt
Compiling module xil_defaultlib.tb_fpbu
Compiling module xil_defaultlib.glbl
Built simulation snapshot tb_fpbu_behav
INFO: [USF-XSim-69] 'elaborate' step finished in '2' seconds
Time resolution is 1 ps
Start simulation
$finish called at time : 3830 ns : File "C:/Hung/Viettel/Stage2/ML-KEM/NTT/tb_fpbu.v" Line 67
relaunch_sim: Time (s): cpu = 00:00:01 ; elapsed = 00:00:05 . Memory (MB): peak = 1393.164 ; gain = 0.000
save_wave_config {C:/Hung/Viettel/Stage2/ML-KEM/ml_kem/tb_top_func_impl.wcfg}
current_wave_config {tb_top_func_impl.wcfg}
C:/Hung/Viettel/Stage2/ML-KEM/ml_kem/tb_top_func_impl.wcfg
add_wave {{/tb_fpbu/uut/in_barret3}} 
relaunch_sim
Command: launch_simulation -step compile -simset sim_1 -mode behavioral
INFO: [Vivado 12-12493] Simulation top is 'tb_fpbu'
WARNING: [Vivado 12-13340] Unable to auto find GCC executables from simulator install path! (path not set)
WARNING: [Vivado 12-13277] Compiled library path does not exist: ''
INFO: [Vivado 12-5682] Launching behavioral simulation in 'C:/Hung/Viettel/Stage2/ML-KEM/ml_kem/ml_kem.sim/sim_1/behav/xsim'
INFO: [SIM-utils-51] Simulation object is 'sim_1'
INFO: [USF-XSim-2] XSim::Compile design
INFO: [USF-XSim-61] Executing 'COMPILE and ANALYZE' step in 'C:/Hung/Viettel/Stage2/ML-KEM/ml_kem/ml_kem.sim/sim_1/behav/xsim'
"xvlog --incr --relax -prj tb_fpbu_vlog.prj"
INFO: [VRFC 10-2263] Analyzing Verilog file "C:/Hung/Viettel/Stage2/ML-KEM/NTT/BoothDecode.v" into library xil_defaultlib
INFO: [VRFC 10-311] analyzing module BoothDecode
INFO: [VRFC 10-2263] Analyzing Verilog file "C:/Hung/Viettel/Stage2/ML-KEM/NTT/barret.v" into library xil_defaultlib
INFO: [VRFC 10-311] analyzing module barret
INFO: [VRFC 10-2263] Analyzing Verilog file "C:/Hung/Viettel/Stage2/ML-KEM/NTT/bu_intt.v" into library xil_defaultlib
INFO: [VRFC 10-311] analyzing module bu_intt
INFO: [VRFC 10-2263] Analyzing Verilog file "C:/Hung/Viettel/Stage2/ML-KEM/NTT/mul.v" into library xil_defaultlib
INFO: [VRFC 10-311] analyzing module mul
INFO: [VRFC 10-2263] Analyzing Verilog file "C:/Hung/Viettel/Stage2/ML-KEM/NTT/tb_fpbu.v" into library xil_defaultlib
INFO: [VRFC 10-311] analyzing module tb_fpbu
INFO: [USF-XSim-69] 'compile' step finished in '1' seconds
Command: launch_simulation -step elaborate -simset sim_1 -mode behavioral
INFO: [Vivado 12-12493] Simulation top is 'tb_fpbu'
WARNING: [Vivado 12-13340] Unable to auto find GCC executables from simulator install path! (path not set)
WARNING: [Vivado 12-13277] Compiled library path does not exist: ''
INFO: [Vivado 12-5682] Launching behavioral simulation in 'C:/Hung/Viettel/Stage2/ML-KEM/ml_kem/ml_kem.sim/sim_1/behav/xsim'
INFO: [SIM-utils-51] Simulation object is 'sim_1'
INFO: [USF-XSim-3] XSim::Elaborate design
INFO: [USF-XSim-61] Executing 'ELABORATE' step in 'C:/Hung/Viettel/Stage2/ML-KEM/ml_kem/ml_kem.sim/sim_1/behav/xsim'
"xelab --incr --debug typical --relax --mt 2 -L xil_defaultlib -L unisims_ver -L unimacro_ver -L secureip -L xpm --snapshot tb_fpbu_behav xil_defaultlib.tb_fpbu xil_defaultlib.glbl -log elaborate.log"
Vivado Simulator v2022.2.2
Copyright 1986-1999, 2001-2022 Xilinx, Inc. All Rights Reserved.
Running: C:/Xilinx/Vivado/2022.2/bin/unwrapped/win64.o/xelab.exe --incr --debug typical --relax --mt 2 -L xil_defaultlib -L unisims_ver -L unimacro_ver -L secureip -L xpm --snapshot tb_fpbu_behav xil_defaultlib.tb_fpbu xil_defaultlib.glbl -log elaborate.log 
Using 2 slave threads.
Starting static elaboration
Pass Through NonSizing Optimizer
Completed static elaboration
Starting simulation data flow analysis
Completed simulation data flow analysis
Time Resolution for simulation is 1ps
Compiling module xil_defaultlib.barret
Compiling module xil_defaultlib.BoothDecode
Compiling module xil_defaultlib.mul_default
Compiling module xil_defaultlib.bu_intt
Compiling module xil_defaultlib.tb_fpbu
Compiling module xil_defaultlib.glbl
Built simulation snapshot tb_fpbu_behav
INFO: [USF-XSim-69] 'elaborate' step finished in '2' seconds
Time resolution is 1 ps
Start simulation
$finish called at time : 3830 ns : File "C:/Hung/Viettel/Stage2/ML-KEM/NTT/tb_fpbu.v" Line 67
relaunch_sim: Time (s): cpu = 00:00:00 ; elapsed = 00:00:06 . Memory (MB): peak = 1398.094 ; gain = 0.000
save_wave_config {C:/Hung/Viettel/Stage2/ML-KEM/ml_kem/tb_top_func_impl.wcfg}
relaunch_sim
Command: launch_simulation -step compile -simset sim_1 -mode behavioral
INFO: [Vivado 12-12493] Simulation top is 'tb_fpbu'
WARNING: [Vivado 12-13340] Unable to auto find GCC executables from simulator install path! (path not set)
WARNING: [Vivado 12-13277] Compiled library path does not exist: ''
INFO: [Vivado 12-5682] Launching behavioral simulation in 'C:/Hung/Viettel/Stage2/ML-KEM/ml_kem/ml_kem.sim/sim_1/behav/xsim'
INFO: [SIM-utils-51] Simulation object is 'sim_1'
INFO: [USF-XSim-2] XSim::Compile design
INFO: [USF-XSim-61] Executing 'COMPILE and ANALYZE' step in 'C:/Hung/Viettel/Stage2/ML-KEM/ml_kem/ml_kem.sim/sim_1/behav/xsim'
"xvlog --incr --relax -prj tb_fpbu_vlog.prj"
INFO: [VRFC 10-2263] Analyzing Verilog file "C:/Hung/Viettel/Stage2/ML-KEM/NTT/BoothDecode.v" into library xil_defaultlib
INFO: [VRFC 10-311] analyzing module BoothDecode
INFO: [VRFC 10-2263] Analyzing Verilog file "C:/Hung/Viettel/Stage2/ML-KEM/NTT/barret.v" into library xil_defaultlib
INFO: [VRFC 10-311] analyzing module barret
INFO: [VRFC 10-2263] Analyzing Verilog file "C:/Hung/Viettel/Stage2/ML-KEM/NTT/bu_intt.v" into library xil_defaultlib
INFO: [VRFC 10-311] analyzing module bu_intt
INFO: [VRFC 10-2263] Analyzing Verilog file "C:/Hung/Viettel/Stage2/ML-KEM/NTT/mul.v" into library xil_defaultlib
INFO: [VRFC 10-311] analyzing module mul
INFO: [VRFC 10-2263] Analyzing Verilog file "C:/Hung/Viettel/Stage2/ML-KEM/NTT/tb_fpbu.v" into library xil_defaultlib
INFO: [VRFC 10-311] analyzing module tb_fpbu
INFO: [USF-XSim-69] 'compile' step finished in '2' seconds
Command: launch_simulation -step elaborate -simset sim_1 -mode behavioral
INFO: [Vivado 12-12493] Simulation top is 'tb_fpbu'
WARNING: [Vivado 12-13340] Unable to auto find GCC executables from simulator install path! (path not set)
WARNING: [Vivado 12-13277] Compiled library path does not exist: ''
INFO: [Vivado 12-5682] Launching behavioral simulation in 'C:/Hung/Viettel/Stage2/ML-KEM/ml_kem/ml_kem.sim/sim_1/behav/xsim'
INFO: [SIM-utils-51] Simulation object is 'sim_1'
INFO: [USF-XSim-3] XSim::Elaborate design
INFO: [USF-XSim-61] Executing 'ELABORATE' step in 'C:/Hung/Viettel/Stage2/ML-KEM/ml_kem/ml_kem.sim/sim_1/behav/xsim'
"xelab --incr --debug typical --relax --mt 2 -L xil_defaultlib -L unisims_ver -L unimacro_ver -L secureip -L xpm --snapshot tb_fpbu_behav xil_defaultlib.tb_fpbu xil_defaultlib.glbl -log elaborate.log"
Vivado Simulator v2022.2.2
Copyright 1986-1999, 2001-2022 Xilinx, Inc. All Rights Reserved.
Running: C:/Xilinx/Vivado/2022.2/bin/unwrapped/win64.o/xelab.exe --incr --debug typical --relax --mt 2 -L xil_defaultlib -L unisims_ver -L unimacro_ver -L secureip -L xpm --snapshot tb_fpbu_behav xil_defaultlib.tb_fpbu xil_defaultlib.glbl -log elaborate.log 
Using 2 slave threads.
Starting static elaboration
Pass Through NonSizing Optimizer
Completed static elaboration
Starting simulation data flow analysis
Completed simulation data flow analysis
Time Resolution for simulation is 1ps
Compiling module xil_defaultlib.barret
Compiling module xil_defaultlib.BoothDecode
Compiling module xil_defaultlib.mul_default
Compiling module xil_defaultlib.bu_intt
Compiling module xil_defaultlib.tb_fpbu
Compiling module xil_defaultlib.glbl
Built simulation snapshot tb_fpbu_behav
INFO: [USF-XSim-69] 'elaborate' step finished in '1' seconds
Time resolution is 1 ps
Start simulation
$finish called at time : 3830 ns : File "C:/Hung/Viettel/Stage2/ML-KEM/NTT/tb_fpbu.v" Line 67
relaunch_sim
Command: launch_simulation -step compile -simset sim_1 -mode behavioral
INFO: [Vivado 12-12493] Simulation top is 'tb_fpbu'
WARNING: [Vivado 12-13340] Unable to auto find GCC executables from simulator install path! (path not set)
WARNING: [Vivado 12-13277] Compiled library path does not exist: ''
INFO: [Vivado 12-5682] Launching behavioral simulation in 'C:/Hung/Viettel/Stage2/ML-KEM/ml_kem/ml_kem.sim/sim_1/behav/xsim'
INFO: [SIM-utils-51] Simulation object is 'sim_1'
INFO: [USF-XSim-2] XSim::Compile design
INFO: [USF-XSim-61] Executing 'COMPILE and ANALYZE' step in 'C:/Hung/Viettel/Stage2/ML-KEM/ml_kem/ml_kem.sim/sim_1/behav/xsim'
"xvlog --incr --relax -prj tb_fpbu_vlog.prj"
INFO: [VRFC 10-2263] Analyzing Verilog file "C:/Hung/Viettel/Stage2/ML-KEM/NTT/BoothDecode.v" into library xil_defaultlib
INFO: [VRFC 10-311] analyzing module BoothDecode
INFO: [VRFC 10-2263] Analyzing Verilog file "C:/Hung/Viettel/Stage2/ML-KEM/NTT/barret.v" into library xil_defaultlib
INFO: [VRFC 10-311] analyzing module barret
INFO: [VRFC 10-2263] Analyzing Verilog file "C:/Hung/Viettel/Stage2/ML-KEM/NTT/bu_intt.v" into library xil_defaultlib
INFO: [VRFC 10-311] analyzing module bu_intt
INFO: [VRFC 10-2263] Analyzing Verilog file "C:/Hung/Viettel/Stage2/ML-KEM/NTT/mul.v" into library xil_defaultlib
INFO: [VRFC 10-311] analyzing module mul
INFO: [VRFC 10-2263] Analyzing Verilog file "C:/Hung/Viettel/Stage2/ML-KEM/NTT/tb_fpbu.v" into library xil_defaultlib
INFO: [VRFC 10-311] analyzing module tb_fpbu
INFO: [USF-XSim-69] 'compile' step finished in '1' seconds
Command: launch_simulation -step elaborate -simset sim_1 -mode behavioral
INFO: [Vivado 12-12493] Simulation top is 'tb_fpbu'
WARNING: [Vivado 12-13340] Unable to auto find GCC executables from simulator install path! (path not set)
WARNING: [Vivado 12-13277] Compiled library path does not exist: ''
INFO: [Vivado 12-5682] Launching behavioral simulation in 'C:/Hung/Viettel/Stage2/ML-KEM/ml_kem/ml_kem.sim/sim_1/behav/xsim'
INFO: [SIM-utils-51] Simulation object is 'sim_1'
INFO: [USF-XSim-3] XSim::Elaborate design
INFO: [USF-XSim-61] Executing 'ELABORATE' step in 'C:/Hung/Viettel/Stage2/ML-KEM/ml_kem/ml_kem.sim/sim_1/behav/xsim'
"xelab --incr --debug typical --relax --mt 2 -L xil_defaultlib -L unisims_ver -L unimacro_ver -L secureip -L xpm --snapshot tb_fpbu_behav xil_defaultlib.tb_fpbu xil_defaultlib.glbl -log elaborate.log"
Vivado Simulator v2022.2.2
Copyright 1986-1999, 2001-2022 Xilinx, Inc. All Rights Reserved.
Running: C:/Xilinx/Vivado/2022.2/bin/unwrapped/win64.o/xelab.exe --incr --debug typical --relax --mt 2 -L xil_defaultlib -L unisims_ver -L unimacro_ver -L secureip -L xpm --snapshot tb_fpbu_behav xil_defaultlib.tb_fpbu xil_defaultlib.glbl -log elaborate.log 
Using 2 slave threads.
Starting static elaboration
Pass Through NonSizing Optimizer
Completed static elaboration
Starting simulation data flow analysis
Completed simulation data flow analysis
Time Resolution for simulation is 1ps
Compiling module xil_defaultlib.barret
Compiling module xil_defaultlib.BoothDecode
Compiling module xil_defaultlib.mul_default
Compiling module xil_defaultlib.bu_intt
Compiling module xil_defaultlib.tb_fpbu
Compiling module xil_defaultlib.glbl
Built simulation snapshot tb_fpbu_behav
INFO: [USF-XSim-69] 'elaborate' step finished in '2' seconds
Time resolution is 1 ps
Start simulation
$finish called at time : 3830 ns : File "C:/Hung/Viettel/Stage2/ML-KEM/NTT/tb_fpbu.v" Line 67
relaunch_sim: Time (s): cpu = 00:00:01 ; elapsed = 00:00:05 . Memory (MB): peak = 1546.492 ; gain = 0.000
relaunch_sim
Command: launch_simulation -step compile -simset sim_1 -mode behavioral
INFO: [Vivado 12-12493] Simulation top is 'tb_fpbu'
WARNING: [Vivado 12-13340] Unable to auto find GCC executables from simulator install path! (path not set)
WARNING: [Vivado 12-13277] Compiled library path does not exist: ''
INFO: [Vivado 12-5682] Launching behavioral simulation in 'C:/Hung/Viettel/Stage2/ML-KEM/ml_kem/ml_kem.sim/sim_1/behav/xsim'
INFO: [SIM-utils-51] Simulation object is 'sim_1'
INFO: [USF-XSim-2] XSim::Compile design
INFO: [USF-XSim-61] Executing 'COMPILE and ANALYZE' step in 'C:/Hung/Viettel/Stage2/ML-KEM/ml_kem/ml_kem.sim/sim_1/behav/xsim'
"xvlog --incr --relax -prj tb_fpbu_vlog.prj"
INFO: [VRFC 10-2263] Analyzing Verilog file "C:/Hung/Viettel/Stage2/ML-KEM/NTT/BoothDecode.v" into library xil_defaultlib
INFO: [VRFC 10-311] analyzing module BoothDecode
INFO: [VRFC 10-2263] Analyzing Verilog file "C:/Hung/Viettel/Stage2/ML-KEM/NTT/barret.v" into library xil_defaultlib
INFO: [VRFC 10-311] analyzing module barret
INFO: [VRFC 10-2263] Analyzing Verilog file "C:/Hung/Viettel/Stage2/ML-KEM/NTT/bu_intt.v" into library xil_defaultlib
INFO: [VRFC 10-311] analyzing module bu_intt
INFO: [VRFC 10-2263] Analyzing Verilog file "C:/Hung/Viettel/Stage2/ML-KEM/NTT/mul.v" into library xil_defaultlib
INFO: [VRFC 10-311] analyzing module mul
INFO: [VRFC 10-2263] Analyzing Verilog file "C:/Hung/Viettel/Stage2/ML-KEM/NTT/tb_fpbu.v" into library xil_defaultlib
INFO: [VRFC 10-311] analyzing module tb_fpbu
INFO: [USF-XSim-69] 'compile' step finished in '1' seconds
Command: launch_simulation -step elaborate -simset sim_1 -mode behavioral
INFO: [Vivado 12-12493] Simulation top is 'tb_fpbu'
WARNING: [Vivado 12-13340] Unable to auto find GCC executables from simulator install path! (path not set)
WARNING: [Vivado 12-13277] Compiled library path does not exist: ''
INFO: [Vivado 12-5682] Launching behavioral simulation in 'C:/Hung/Viettel/Stage2/ML-KEM/ml_kem/ml_kem.sim/sim_1/behav/xsim'
INFO: [SIM-utils-51] Simulation object is 'sim_1'
INFO: [USF-XSim-3] XSim::Elaborate design
INFO: [USF-XSim-61] Executing 'ELABORATE' step in 'C:/Hung/Viettel/Stage2/ML-KEM/ml_kem/ml_kem.sim/sim_1/behav/xsim'
"xelab --incr --debug typical --relax --mt 2 -L xil_defaultlib -L unisims_ver -L unimacro_ver -L secureip -L xpm --snapshot tb_fpbu_behav xil_defaultlib.tb_fpbu xil_defaultlib.glbl -log elaborate.log"
Vivado Simulator v2022.2.2
Copyright 1986-1999, 2001-2022 Xilinx, Inc. All Rights Reserved.
Running: C:/Xilinx/Vivado/2022.2/bin/unwrapped/win64.o/xelab.exe --incr --debug typical --relax --mt 2 -L xil_defaultlib -L unisims_ver -L unimacro_ver -L secureip -L xpm --snapshot tb_fpbu_behav xil_defaultlib.tb_fpbu xil_defaultlib.glbl -log elaborate.log 
Using 2 slave threads.
Starting static elaboration
Pass Through NonSizing Optimizer
Completed static elaboration
Starting simulation data flow analysis
Completed simulation data flow analysis
Time Resolution for simulation is 1ps
Compiling module xil_defaultlib.barret
Compiling module xil_defaultlib.BoothDecode
Compiling module xil_defaultlib.mul_default
Compiling module xil_defaultlib.bu_intt
Compiling module xil_defaultlib.tb_fpbu
Compiling module xil_defaultlib.glbl
Built simulation snapshot tb_fpbu_behav
INFO: [USF-XSim-69] 'elaborate' step finished in '2' seconds
Time resolution is 1 ps
Start simulation
$finish called at time : 3830 ns : File "C:/Hung/Viettel/Stage2/ML-KEM/NTT/tb_fpbu.v" Line 67
save_wave_config {C:/Hung/Viettel/Stage2/ML-KEM/ml_kem/tb_top_func_impl.wcfg}
current_wave_config {tb_top_func_impl.wcfg}
C:/Hung/Viettel/Stage2/ML-KEM/ml_kem/tb_top_func_impl.wcfg
add_wave {{/tb_fpbu/uut/barrett_out1}} 
save_wave_config {C:/Hung/Viettel/Stage2/ML-KEM/ml_kem/tb_top_func_impl.wcfg}
relaunch_sim
Command: launch_simulation -step compile -simset sim_1 -mode behavioral
INFO: [Vivado 12-12493] Simulation top is 'tb_fpbu'
WARNING: [Vivado 12-13340] Unable to auto find GCC executables from simulator install path! (path not set)
WARNING: [Vivado 12-13277] Compiled library path does not exist: ''
INFO: [Vivado 12-5682] Launching behavioral simulation in 'C:/Hung/Viettel/Stage2/ML-KEM/ml_kem/ml_kem.sim/sim_1/behav/xsim'
INFO: [SIM-utils-51] Simulation object is 'sim_1'
INFO: [USF-XSim-2] XSim::Compile design
INFO: [USF-XSim-61] Executing 'COMPILE and ANALYZE' step in 'C:/Hung/Viettel/Stage2/ML-KEM/ml_kem/ml_kem.sim/sim_1/behav/xsim'
"xvlog --incr --relax -prj tb_fpbu_vlog.prj"
INFO: [USF-XSim-69] 'compile' step finished in '1' seconds
Command: launch_simulation -step elaborate -simset sim_1 -mode behavioral
INFO: [Vivado 12-12493] Simulation top is 'tb_fpbu'
WARNING: [Vivado 12-13340] Unable to auto find GCC executables from simulator install path! (path not set)
WARNING: [Vivado 12-13277] Compiled library path does not exist: ''
INFO: [Vivado 12-5682] Launching behavioral simulation in 'C:/Hung/Viettel/Stage2/ML-KEM/ml_kem/ml_kem.sim/sim_1/behav/xsim'
INFO: [SIM-utils-51] Simulation object is 'sim_1'
INFO: [USF-XSim-3] XSim::Elaborate design
INFO: [USF-XSim-61] Executing 'ELABORATE' step in 'C:/Hung/Viettel/Stage2/ML-KEM/ml_kem/ml_kem.sim/sim_1/behav/xsim'
"xelab --incr --debug typical --relax --mt 2 -L xil_defaultlib -L unisims_ver -L unimacro_ver -L secureip -L xpm --snapshot tb_fpbu_behav xil_defaultlib.tb_fpbu xil_defaultlib.glbl -log elaborate.log"
Vivado Simulator v2022.2.2
Copyright 1986-1999, 2001-2022 Xilinx, Inc. All Rights Reserved.
Running: C:/Xilinx/Vivado/2022.2/bin/unwrapped/win64.o/xelab.exe --incr --debug typical --relax --mt 2 -L xil_defaultlib -L unisims_ver -L unimacro_ver -L secureip -L xpm --snapshot tb_fpbu_behav xil_defaultlib.tb_fpbu xil_defaultlib.glbl -log elaborate.log 
Using 2 slave threads.
Starting static elaboration
Pass Through NonSizing Optimizer
Completed static elaboration
INFO: [XSIM 43-4323] No Change in HDL. Linking previously generated obj files to create kernel
INFO: [USF-XSim-69] 'elaborate' step finished in '2' seconds
Time resolution is 1 ps
Start simulation
$finish called at time : 3830 ns : File "C:/Hung/Viettel/Stage2/ML-KEM/NTT/tb_fpbu.v" Line 67
current_wave_config {tb_top_func_impl.wcfg}
C:/Hung/Viettel/Stage2/ML-KEM/ml_kem/tb_top_func_impl.wcfg
add_wave {{/tb_fpbu/uut/barrett_out3}} 
relaunch_sim
Command: launch_simulation -step compile -simset sim_1 -mode behavioral
INFO: [Vivado 12-12493] Simulation top is 'tb_fpbu'
WARNING: [Vivado 12-13340] Unable to auto find GCC executables from simulator install path! (path not set)
WARNING: [Vivado 12-13277] Compiled library path does not exist: ''
INFO: [Vivado 12-5682] Launching behavioral simulation in 'C:/Hung/Viettel/Stage2/ML-KEM/ml_kem/ml_kem.sim/sim_1/behav/xsim'
INFO: [SIM-utils-51] Simulation object is 'sim_1'
INFO: [USF-XSim-2] XSim::Compile design
INFO: [USF-XSim-61] Executing 'COMPILE and ANALYZE' step in 'C:/Hung/Viettel/Stage2/ML-KEM/ml_kem/ml_kem.sim/sim_1/behav/xsim'
"xvlog --incr --relax -prj tb_fpbu_vlog.prj"
INFO: [USF-XSim-69] 'compile' step finished in '1' seconds
Command: launch_simulation -step elaborate -simset sim_1 -mode behavioral
INFO: [Vivado 12-12493] Simulation top is 'tb_fpbu'
WARNING: [Vivado 12-13340] Unable to auto find GCC executables from simulator install path! (path not set)
WARNING: [Vivado 12-13277] Compiled library path does not exist: ''
INFO: [Vivado 12-5682] Launching behavioral simulation in 'C:/Hung/Viettel/Stage2/ML-KEM/ml_kem/ml_kem.sim/sim_1/behav/xsim'
INFO: [SIM-utils-51] Simulation object is 'sim_1'
INFO: [USF-XSim-3] XSim::Elaborate design
INFO: [USF-XSim-61] Executing 'ELABORATE' step in 'C:/Hung/Viettel/Stage2/ML-KEM/ml_kem/ml_kem.sim/sim_1/behav/xsim'
"xelab --incr --debug typical --relax --mt 2 -L xil_defaultlib -L unisims_ver -L unimacro_ver -L secureip -L xpm --snapshot tb_fpbu_behav xil_defaultlib.tb_fpbu xil_defaultlib.glbl -log elaborate.log"
Vivado Simulator v2022.2.2
Copyright 1986-1999, 2001-2022 Xilinx, Inc. All Rights Reserved.
Running: C:/Xilinx/Vivado/2022.2/bin/unwrapped/win64.o/xelab.exe --incr --debug typical --relax --mt 2 -L xil_defaultlib -L unisims_ver -L unimacro_ver -L secureip -L xpm --snapshot tb_fpbu_behav xil_defaultlib.tb_fpbu xil_defaultlib.glbl -log elaborate.log 
Using 2 slave threads.
Starting static elaboration
Pass Through NonSizing Optimizer
Completed static elaboration
INFO: [XSIM 43-4323] No Change in HDL. Linking previously generated obj files to create kernel
INFO: [USF-XSim-69] 'elaborate' step finished in '2' seconds
Time resolution is 1 ps
Start simulation
$finish called at time : 3830 ns : File "C:/Hung/Viettel/Stage2/ML-KEM/NTT/tb_fpbu.v" Line 67
save_wave_config {C:/Hung/Viettel/Stage2/ML-KEM/ml_kem/tb_top_func_impl.wcfg}
relaunch_sim
Command: launch_simulation -step compile -simset sim_1 -mode behavioral
INFO: [Vivado 12-12493] Simulation top is 'tb_fpbu'
WARNING: [Vivado 12-13340] Unable to auto find GCC executables from simulator install path! (path not set)
WARNING: [Vivado 12-13277] Compiled library path does not exist: ''
INFO: [Vivado 12-5682] Launching behavioral simulation in 'C:/Hung/Viettel/Stage2/ML-KEM/ml_kem/ml_kem.sim/sim_1/behav/xsim'
INFO: [SIM-utils-51] Simulation object is 'sim_1'
INFO: [USF-XSim-2] XSim::Compile design
INFO: [USF-XSim-61] Executing 'COMPILE and ANALYZE' step in 'C:/Hung/Viettel/Stage2/ML-KEM/ml_kem/ml_kem.sim/sim_1/behav/xsim'
"xvlog --incr --relax -prj tb_fpbu_vlog.prj"
INFO: [VRFC 10-2263] Analyzing Verilog file "C:/Hung/Viettel/Stage2/ML-KEM/NTT/BoothDecode.v" into library xil_defaultlib
INFO: [VRFC 10-311] analyzing module BoothDecode
INFO: [VRFC 10-2263] Analyzing Verilog file "C:/Hung/Viettel/Stage2/ML-KEM/NTT/barret.v" into library xil_defaultlib
INFO: [VRFC 10-311] analyzing module barret
INFO: [VRFC 10-2263] Analyzing Verilog file "C:/Hung/Viettel/Stage2/ML-KEM/NTT/bu_intt.v" into library xil_defaultlib
INFO: [VRFC 10-311] analyzing module bu_intt
INFO: [VRFC 10-2263] Analyzing Verilog file "C:/Hung/Viettel/Stage2/ML-KEM/NTT/mul.v" into library xil_defaultlib
INFO: [VRFC 10-311] analyzing module mul
INFO: [VRFC 10-2263] Analyzing Verilog file "C:/Hung/Viettel/Stage2/ML-KEM/NTT/tb_fpbu.v" into library xil_defaultlib
INFO: [VRFC 10-311] analyzing module tb_fpbu
INFO: [USF-XSim-69] 'compile' step finished in '1' seconds
Command: launch_simulation -step elaborate -simset sim_1 -mode behavioral
INFO: [Vivado 12-12493] Simulation top is 'tb_fpbu'
WARNING: [Vivado 12-13340] Unable to auto find GCC executables from simulator install path! (path not set)
WARNING: [Vivado 12-13277] Compiled library path does not exist: ''
INFO: [Vivado 12-5682] Launching behavioral simulation in 'C:/Hung/Viettel/Stage2/ML-KEM/ml_kem/ml_kem.sim/sim_1/behav/xsim'
INFO: [SIM-utils-51] Simulation object is 'sim_1'
INFO: [USF-XSim-3] XSim::Elaborate design
INFO: [USF-XSim-61] Executing 'ELABORATE' step in 'C:/Hung/Viettel/Stage2/ML-KEM/ml_kem/ml_kem.sim/sim_1/behav/xsim'
"xelab --incr --debug typical --relax --mt 2 -L xil_defaultlib -L unisims_ver -L unimacro_ver -L secureip -L xpm --snapshot tb_fpbu_behav xil_defaultlib.tb_fpbu xil_defaultlib.glbl -log elaborate.log"
Vivado Simulator v2022.2.2
Copyright 1986-1999, 2001-2022 Xilinx, Inc. All Rights Reserved.
Running: C:/Xilinx/Vivado/2022.2/bin/unwrapped/win64.o/xelab.exe --incr --debug typical --relax --mt 2 -L xil_defaultlib -L unisims_ver -L unimacro_ver -L secureip -L xpm --snapshot tb_fpbu_behav xil_defaultlib.tb_fpbu xil_defaultlib.glbl -log elaborate.log 
Using 2 slave threads.
Starting static elaboration
Pass Through NonSizing Optimizer
Completed static elaboration
Starting simulation data flow analysis
Completed simulation data flow analysis
Time Resolution for simulation is 1ps
Compiling module xil_defaultlib.barret
Compiling module xil_defaultlib.BoothDecode
Compiling module xil_defaultlib.mul_default
Compiling module xil_defaultlib.bu_intt
Compiling module xil_defaultlib.tb_fpbu
Compiling module xil_defaultlib.glbl
Built simulation snapshot tb_fpbu_behav
INFO: [USF-XSim-69] 'elaborate' step finished in '2' seconds
Time resolution is 1 ps
Start simulation
$finish called at time : 3830 ns : File "C:/Hung/Viettel/Stage2/ML-KEM/NTT/tb_fpbu.v" Line 67
relaunch_sim: Time (s): cpu = 00:00:01 ; elapsed = 00:00:06 . Memory (MB): peak = 1546.492 ; gain = 0.000
relaunch_sim
Command: launch_simulation -step compile -simset sim_1 -mode behavioral
INFO: [Vivado 12-12493] Simulation top is 'tb_fpbu'
WARNING: [Vivado 12-13340] Unable to auto find GCC executables from simulator install path! (path not set)
WARNING: [Vivado 12-13277] Compiled library path does not exist: ''
INFO: [Vivado 12-5682] Launching behavioral simulation in 'C:/Hung/Viettel/Stage2/ML-KEM/ml_kem/ml_kem.sim/sim_1/behav/xsim'
INFO: [SIM-utils-51] Simulation object is 'sim_1'
INFO: [USF-XSim-2] XSim::Compile design
INFO: [USF-XSim-61] Executing 'COMPILE and ANALYZE' step in 'C:/Hung/Viettel/Stage2/ML-KEM/ml_kem/ml_kem.sim/sim_1/behav/xsim'
"xvlog --incr --relax -prj tb_fpbu_vlog.prj"
INFO: [VRFC 10-2263] Analyzing Verilog file "C:/Hung/Viettel/Stage2/ML-KEM/NTT/BoothDecode.v" into library xil_defaultlib
INFO: [VRFC 10-311] analyzing module BoothDecode
INFO: [VRFC 10-2263] Analyzing Verilog file "C:/Hung/Viettel/Stage2/ML-KEM/NTT/barret.v" into library xil_defaultlib
INFO: [VRFC 10-311] analyzing module barret
INFO: [VRFC 10-2263] Analyzing Verilog file "C:/Hung/Viettel/Stage2/ML-KEM/NTT/bu_intt.v" into library xil_defaultlib
INFO: [VRFC 10-311] analyzing module bu_intt
INFO: [VRFC 10-2263] Analyzing Verilog file "C:/Hung/Viettel/Stage2/ML-KEM/NTT/mul.v" into library xil_defaultlib
INFO: [VRFC 10-311] analyzing module mul
INFO: [VRFC 10-2263] Analyzing Verilog file "C:/Hung/Viettel/Stage2/ML-KEM/NTT/tb_fpbu.v" into library xil_defaultlib
INFO: [VRFC 10-311] analyzing module tb_fpbu
INFO: [USF-XSim-69] 'compile' step finished in '1' seconds
Command: launch_simulation -step elaborate -simset sim_1 -mode behavioral
INFO: [Vivado 12-12493] Simulation top is 'tb_fpbu'
WARNING: [Vivado 12-13340] Unable to auto find GCC executables from simulator install path! (path not set)
WARNING: [Vivado 12-13277] Compiled library path does not exist: ''
INFO: [Vivado 12-5682] Launching behavioral simulation in 'C:/Hung/Viettel/Stage2/ML-KEM/ml_kem/ml_kem.sim/sim_1/behav/xsim'
INFO: [SIM-utils-51] Simulation object is 'sim_1'
INFO: [USF-XSim-3] XSim::Elaborate design
INFO: [USF-XSim-61] Executing 'ELABORATE' step in 'C:/Hung/Viettel/Stage2/ML-KEM/ml_kem/ml_kem.sim/sim_1/behav/xsim'
"xelab --incr --debug typical --relax --mt 2 -L xil_defaultlib -L unisims_ver -L unimacro_ver -L secureip -L xpm --snapshot tb_fpbu_behav xil_defaultlib.tb_fpbu xil_defaultlib.glbl -log elaborate.log"
Vivado Simulator v2022.2.2
Copyright 1986-1999, 2001-2022 Xilinx, Inc. All Rights Reserved.
Running: C:/Xilinx/Vivado/2022.2/bin/unwrapped/win64.o/xelab.exe --incr --debug typical --relax --mt 2 -L xil_defaultlib -L unisims_ver -L unimacro_ver -L secureip -L xpm --snapshot tb_fpbu_behav xil_defaultlib.tb_fpbu xil_defaultlib.glbl -log elaborate.log 
Using 2 slave threads.
Starting static elaboration
Pass Through NonSizing Optimizer
Completed static elaboration
Starting simulation data flow analysis
Completed simulation data flow analysis
Time Resolution for simulation is 1ps
Compiling module xil_defaultlib.barret
Compiling module xil_defaultlib.BoothDecode
Compiling module xil_defaultlib.mul_default
Compiling module xil_defaultlib.bu_intt
Compiling module xil_defaultlib.tb_fpbu
Compiling module xil_defaultlib.glbl
Built simulation snapshot tb_fpbu_behav
INFO: [USF-XSim-69] 'elaborate' step finished in '2' seconds
Time resolution is 1 ps
Start simulation
$finish called at time : 3830 ns : File "C:/Hung/Viettel/Stage2/ML-KEM/NTT/tb_fpbu.v" Line 67
save_wave_config {C:/Hung/Viettel/Stage2/ML-KEM/ml_kem/tb_top_func_impl.wcfg}
relaunch_sim
Command: launch_simulation -step compile -simset sim_1 -mode behavioral
INFO: [Vivado 12-12493] Simulation top is 'tb_fpbu'
WARNING: [Vivado 12-13340] Unable to auto find GCC executables from simulator install path! (path not set)
WARNING: [Vivado 12-13277] Compiled library path does not exist: ''
INFO: [Vivado 12-5682] Launching behavioral simulation in 'C:/Hung/Viettel/Stage2/ML-KEM/ml_kem/ml_kem.sim/sim_1/behav/xsim'
INFO: [SIM-utils-51] Simulation object is 'sim_1'
INFO: [USF-XSim-2] XSim::Compile design
INFO: [USF-XSim-61] Executing 'COMPILE and ANALYZE' step in 'C:/Hung/Viettel/Stage2/ML-KEM/ml_kem/ml_kem.sim/sim_1/behav/xsim'
"xvlog --incr --relax -prj tb_fpbu_vlog.prj"
INFO: [VRFC 10-2263] Analyzing Verilog file "C:/Hung/Viettel/Stage2/ML-KEM/NTT/BoothDecode.v" into library xil_defaultlib
INFO: [VRFC 10-311] analyzing module BoothDecode
INFO: [VRFC 10-2263] Analyzing Verilog file "C:/Hung/Viettel/Stage2/ML-KEM/NTT/barret.v" into library xil_defaultlib
INFO: [VRFC 10-311] analyzing module barret
INFO: [VRFC 10-2263] Analyzing Verilog file "C:/Hung/Viettel/Stage2/ML-KEM/NTT/bu_intt.v" into library xil_defaultlib
INFO: [VRFC 10-311] analyzing module bu_intt
INFO: [VRFC 10-2263] Analyzing Verilog file "C:/Hung/Viettel/Stage2/ML-KEM/NTT/mul.v" into library xil_defaultlib
INFO: [VRFC 10-311] analyzing module mul
INFO: [VRFC 10-2263] Analyzing Verilog file "C:/Hung/Viettel/Stage2/ML-KEM/NTT/tb_fpbu.v" into library xil_defaultlib
INFO: [VRFC 10-311] analyzing module tb_fpbu
INFO: [USF-XSim-69] 'compile' step finished in '1' seconds
Command: launch_simulation -step elaborate -simset sim_1 -mode behavioral
INFO: [Vivado 12-12493] Simulation top is 'tb_fpbu'
WARNING: [Vivado 12-13340] Unable to auto find GCC executables from simulator install path! (path not set)
WARNING: [Vivado 12-13277] Compiled library path does not exist: ''
INFO: [Vivado 12-5682] Launching behavioral simulation in 'C:/Hung/Viettel/Stage2/ML-KEM/ml_kem/ml_kem.sim/sim_1/behav/xsim'
INFO: [SIM-utils-51] Simulation object is 'sim_1'
INFO: [USF-XSim-3] XSim::Elaborate design
INFO: [USF-XSim-61] Executing 'ELABORATE' step in 'C:/Hung/Viettel/Stage2/ML-KEM/ml_kem/ml_kem.sim/sim_1/behav/xsim'
"xelab --incr --debug typical --relax --mt 2 -L xil_defaultlib -L unisims_ver -L unimacro_ver -L secureip -L xpm --snapshot tb_fpbu_behav xil_defaultlib.tb_fpbu xil_defaultlib.glbl -log elaborate.log"
Vivado Simulator v2022.2.2
Copyright 1986-1999, 2001-2022 Xilinx, Inc. All Rights Reserved.
Running: C:/Xilinx/Vivado/2022.2/bin/unwrapped/win64.o/xelab.exe --incr --debug typical --relax --mt 2 -L xil_defaultlib -L unisims_ver -L unimacro_ver -L secureip -L xpm --snapshot tb_fpbu_behav xil_defaultlib.tb_fpbu xil_defaultlib.glbl -log elaborate.log 
Using 2 slave threads.
Starting static elaboration
Pass Through NonSizing Optimizer
Completed static elaboration
Starting simulation data flow analysis
Completed simulation data flow analysis
Time Resolution for simulation is 1ps
Compiling module xil_defaultlib.barret
Compiling module xil_defaultlib.BoothDecode
Compiling module xil_defaultlib.mul_default
Compiling module xil_defaultlib.bu_ntt
Compiling module xil_defaultlib.tb_fpbu
Compiling module xil_defaultlib.glbl
Built simulation snapshot tb_fpbu_behav
INFO: [USF-XSim-69] 'elaborate' step finished in '2' seconds
Time resolution is 1 ps
Start simulation
$finish called at time : 3830 ns : File "C:/Hung/Viettel/Stage2/ML-KEM/NTT/tb_fpbu.v" Line 67
current_wave_config {tb_top_func_impl.wcfg}
C:/Hung/Viettel/Stage2/ML-KEM/ml_kem/tb_top_func_impl.wcfg
add_wave {{/tb_fpbu/uut/barrett_out1}} {{/tb_fpbu/uut/barrett_out2}} {{/tb_fpbu/uut/barrett_out3}} 
relaunch_sim
Command: launch_simulation -step compile -simset sim_1 -mode behavioral
INFO: [Vivado 12-12493] Simulation top is 'tb_fpbu'
WARNING: [Vivado 12-13340] Unable to auto find GCC executables from simulator install path! (path not set)
WARNING: [Vivado 12-13277] Compiled library path does not exist: ''
INFO: [Vivado 12-5682] Launching behavioral simulation in 'C:/Hung/Viettel/Stage2/ML-KEM/ml_kem/ml_kem.sim/sim_1/behav/xsim'
INFO: [SIM-utils-51] Simulation object is 'sim_1'
INFO: [USF-XSim-2] XSim::Compile design
INFO: [USF-XSim-61] Executing 'COMPILE and ANALYZE' step in 'C:/Hung/Viettel/Stage2/ML-KEM/ml_kem/ml_kem.sim/sim_1/behav/xsim'
"xvlog --incr --relax -prj tb_fpbu_vlog.prj"
INFO: [USF-XSim-69] 'compile' step finished in '1' seconds
Command: launch_simulation -step elaborate -simset sim_1 -mode behavioral
INFO: [Vivado 12-12493] Simulation top is 'tb_fpbu'
WARNING: [Vivado 12-13340] Unable to auto find GCC executables from simulator install path! (path not set)
WARNING: [Vivado 12-13277] Compiled library path does not exist: ''
INFO: [Vivado 12-5682] Launching behavioral simulation in 'C:/Hung/Viettel/Stage2/ML-KEM/ml_kem/ml_kem.sim/sim_1/behav/xsim'
INFO: [SIM-utils-51] Simulation object is 'sim_1'
INFO: [USF-XSim-3] XSim::Elaborate design
INFO: [USF-XSim-61] Executing 'ELABORATE' step in 'C:/Hung/Viettel/Stage2/ML-KEM/ml_kem/ml_kem.sim/sim_1/behav/xsim'
"xelab --incr --debug typical --relax --mt 2 -L xil_defaultlib -L unisims_ver -L unimacro_ver -L secureip -L xpm --snapshot tb_fpbu_behav xil_defaultlib.tb_fpbu xil_defaultlib.glbl -log elaborate.log"
Vivado Simulator v2022.2.2
Copyright 1986-1999, 2001-2022 Xilinx, Inc. All Rights Reserved.
Running: C:/Xilinx/Vivado/2022.2/bin/unwrapped/win64.o/xelab.exe --incr --debug typical --relax --mt 2 -L xil_defaultlib -L unisims_ver -L unimacro_ver -L secureip -L xpm --snapshot tb_fpbu_behav xil_defaultlib.tb_fpbu xil_defaultlib.glbl -log elaborate.log 
Using 2 slave threads.
Starting static elaboration
Pass Through NonSizing Optimizer
Completed static elaboration
INFO: [XSIM 43-4323] No Change in HDL. Linking previously generated obj files to create kernel
INFO: [USF-XSim-69] 'elaborate' step finished in '1' seconds
Time resolution is 1 ps
Start simulation
$finish called at time : 3830 ns : File "C:/Hung/Viettel/Stage2/ML-KEM/NTT/tb_fpbu.v" Line 67
save_wave_config {C:/Hung/Viettel/Stage2/ML-KEM/ml_kem/tb_top_func_impl.wcfg}
current_wave_config {tb_top_func_impl.wcfg}
C:/Hung/Viettel/Stage2/ML-KEM/ml_kem/tb_top_func_impl.wcfg
add_wave {{/tb_fpbu/uut/mul_out}} 
relaunch_sim
Command: launch_simulation -step compile -simset sim_1 -mode behavioral
INFO: [Vivado 12-12493] Simulation top is 'tb_fpbu'
WARNING: [Vivado 12-13340] Unable to auto find GCC executables from simulator install path! (path not set)
WARNING: [Vivado 12-13277] Compiled library path does not exist: ''
INFO: [Vivado 12-5682] Launching behavioral simulation in 'C:/Hung/Viettel/Stage2/ML-KEM/ml_kem/ml_kem.sim/sim_1/behav/xsim'
INFO: [SIM-utils-51] Simulation object is 'sim_1'
INFO: [USF-XSim-2] XSim::Compile design
INFO: [USF-XSim-61] Executing 'COMPILE and ANALYZE' step in 'C:/Hung/Viettel/Stage2/ML-KEM/ml_kem/ml_kem.sim/sim_1/behav/xsim'
"xvlog --incr --relax -prj tb_fpbu_vlog.prj"
INFO: [USF-XSim-69] 'compile' step finished in '1' seconds
Command: launch_simulation -step elaborate -simset sim_1 -mode behavioral
INFO: [Vivado 12-12493] Simulation top is 'tb_fpbu'
WARNING: [Vivado 12-13340] Unable to auto find GCC executables from simulator install path! (path not set)
WARNING: [Vivado 12-13277] Compiled library path does not exist: ''
INFO: [Vivado 12-5682] Launching behavioral simulation in 'C:/Hung/Viettel/Stage2/ML-KEM/ml_kem/ml_kem.sim/sim_1/behav/xsim'
INFO: [SIM-utils-51] Simulation object is 'sim_1'
INFO: [USF-XSim-3] XSim::Elaborate design
INFO: [USF-XSim-61] Executing 'ELABORATE' step in 'C:/Hung/Viettel/Stage2/ML-KEM/ml_kem/ml_kem.sim/sim_1/behav/xsim'
"xelab --incr --debug typical --relax --mt 2 -L xil_defaultlib -L unisims_ver -L unimacro_ver -L secureip -L xpm --snapshot tb_fpbu_behav xil_defaultlib.tb_fpbu xil_defaultlib.glbl -log elaborate.log"
Vivado Simulator v2022.2.2
Copyright 1986-1999, 2001-2022 Xilinx, Inc. All Rights Reserved.
Running: C:/Xilinx/Vivado/2022.2/bin/unwrapped/win64.o/xelab.exe --incr --debug typical --relax --mt 2 -L xil_defaultlib -L unisims_ver -L unimacro_ver -L secureip -L xpm --snapshot tb_fpbu_behav xil_defaultlib.tb_fpbu xil_defaultlib.glbl -log elaborate.log 
Using 2 slave threads.
Starting static elaboration
Pass Through NonSizing Optimizer
Completed static elaboration
INFO: [XSIM 43-4323] No Change in HDL. Linking previously generated obj files to create kernel
INFO: [USF-XSim-69] 'elaborate' step finished in '1' seconds
Time resolution is 1 ps
Start simulation
$finish called at time : 3830 ns : File "C:/Hung/Viettel/Stage2/ML-KEM/NTT/tb_fpbu.v" Line 67
save_wave_config {C:/Hung/Viettel/Stage2/ML-KEM/ml_kem/tb_top_func_impl.wcfg}
relaunch_sim
Command: launch_simulation -step compile -simset sim_1 -mode behavioral
INFO: [Vivado 12-12493] Simulation top is 'tb_fpbu'
WARNING: [Vivado 12-13340] Unable to auto find GCC executables from simulator install path! (path not set)
WARNING: [Vivado 12-13277] Compiled library path does not exist: ''
INFO: [Vivado 12-5682] Launching behavioral simulation in 'C:/Hung/Viettel/Stage2/ML-KEM/ml_kem/ml_kem.sim/sim_1/behav/xsim'
INFO: [SIM-utils-51] Simulation object is 'sim_1'
INFO: [USF-XSim-2] XSim::Compile design
INFO: [USF-XSim-61] Executing 'COMPILE and ANALYZE' step in 'C:/Hung/Viettel/Stage2/ML-KEM/ml_kem/ml_kem.sim/sim_1/behav/xsim'
"xvlog --incr --relax -prj tb_fpbu_vlog.prj"
INFO: [USF-XSim-69] 'compile' step finished in '1' seconds
Command: launch_simulation -step elaborate -simset sim_1 -mode behavioral
INFO: [Vivado 12-12493] Simulation top is 'tb_fpbu'
WARNING: [Vivado 12-13340] Unable to auto find GCC executables from simulator install path! (path not set)
WARNING: [Vivado 12-13277] Compiled library path does not exist: ''
INFO: [Vivado 12-5682] Launching behavioral simulation in 'C:/Hung/Viettel/Stage2/ML-KEM/ml_kem/ml_kem.sim/sim_1/behav/xsim'
INFO: [SIM-utils-51] Simulation object is 'sim_1'
INFO: [USF-XSim-3] XSim::Elaborate design
INFO: [USF-XSim-61] Executing 'ELABORATE' step in 'C:/Hung/Viettel/Stage2/ML-KEM/ml_kem/ml_kem.sim/sim_1/behav/xsim'
"xelab --incr --debug typical --relax --mt 2 -L xil_defaultlib -L unisims_ver -L unimacro_ver -L secureip -L xpm --snapshot tb_fpbu_behav xil_defaultlib.tb_fpbu xil_defaultlib.glbl -log elaborate.log"
Vivado Simulator v2022.2.2
Copyright 1986-1999, 2001-2022 Xilinx, Inc. All Rights Reserved.
Running: C:/Xilinx/Vivado/2022.2/bin/unwrapped/win64.o/xelab.exe --incr --debug typical --relax --mt 2 -L xil_defaultlib -L unisims_ver -L unimacro_ver -L secureip -L xpm --snapshot tb_fpbu_behav xil_defaultlib.tb_fpbu xil_defaultlib.glbl -log elaborate.log 
Using 2 slave threads.
Starting static elaboration
Pass Through NonSizing Optimizer
Completed static elaboration
INFO: [XSIM 43-4323] No Change in HDL. Linking previously generated obj files to create kernel
INFO: [USF-XSim-69] 'elaborate' step finished in '1' seconds
Time resolution is 1 ps
Start simulation
$finish called at time : 3830 ns : File "C:/Hung/Viettel/Stage2/ML-KEM/NTT/tb_fpbu.v" Line 67
save_wave_config {C:/Hung/Viettel/Stage2/ML-KEM/ml_kem/tb_top_func_impl.wcfg}
relaunch_sim
Command: launch_simulation -step compile -simset sim_1 -mode behavioral
INFO: [Vivado 12-12493] Simulation top is 'tb_fpbu'
WARNING: [Vivado 12-13340] Unable to auto find GCC executables from simulator install path! (path not set)
WARNING: [Vivado 12-13277] Compiled library path does not exist: ''
INFO: [Vivado 12-5682] Launching behavioral simulation in 'C:/Hung/Viettel/Stage2/ML-KEM/ml_kem/ml_kem.sim/sim_1/behav/xsim'
INFO: [SIM-utils-51] Simulation object is 'sim_1'
INFO: [USF-XSim-2] XSim::Compile design
INFO: [USF-XSim-61] Executing 'COMPILE and ANALYZE' step in 'C:/Hung/Viettel/Stage2/ML-KEM/ml_kem/ml_kem.sim/sim_1/behav/xsim'
"xvlog --incr --relax -prj tb_fpbu_vlog.prj"
INFO: [USF-XSim-69] 'compile' step finished in '1' seconds
Command: launch_simulation -step elaborate -simset sim_1 -mode behavioral
INFO: [Vivado 12-12493] Simulation top is 'tb_fpbu'
WARNING: [Vivado 12-13340] Unable to auto find GCC executables from simulator install path! (path not set)
WARNING: [Vivado 12-13277] Compiled library path does not exist: ''
INFO: [Vivado 12-5682] Launching behavioral simulation in 'C:/Hung/Viettel/Stage2/ML-KEM/ml_kem/ml_kem.sim/sim_1/behav/xsim'
INFO: [SIM-utils-51] Simulation object is 'sim_1'
INFO: [USF-XSim-3] XSim::Elaborate design
INFO: [USF-XSim-61] Executing 'ELABORATE' step in 'C:/Hung/Viettel/Stage2/ML-KEM/ml_kem/ml_kem.sim/sim_1/behav/xsim'
"xelab --incr --debug typical --relax --mt 2 -L xil_defaultlib -L unisims_ver -L unimacro_ver -L secureip -L xpm --snapshot tb_fpbu_behav xil_defaultlib.tb_fpbu xil_defaultlib.glbl -log elaborate.log"
Vivado Simulator v2022.2.2
Copyright 1986-1999, 2001-2022 Xilinx, Inc. All Rights Reserved.
Running: C:/Xilinx/Vivado/2022.2/bin/unwrapped/win64.o/xelab.exe --incr --debug typical --relax --mt 2 -L xil_defaultlib -L unisims_ver -L unimacro_ver -L secureip -L xpm --snapshot tb_fpbu_behav xil_defaultlib.tb_fpbu xil_defaultlib.glbl -log elaborate.log 
Using 2 slave threads.
Starting static elaboration
Pass Through NonSizing Optimizer
Completed static elaboration
INFO: [XSIM 43-4323] No Change in HDL. Linking previously generated obj files to create kernel
INFO: [USF-XSim-69] 'elaborate' step finished in '2' seconds
Time resolution is 1 ps
Start simulation
$finish called at time : 3830 ns : File "C:/Hung/Viettel/Stage2/ML-KEM/NTT/tb_fpbu.v" Line 67
close_sim
INFO: [Simtcl 6-16] Simulation closed
launch_simulation
Command: launch_simulation 
INFO: [Vivado 12-12493] Simulation top is 'tb_fpbu'
WARNING: [Vivado 12-13340] Unable to auto find GCC executables from simulator install path! (path not set)
WARNING: [Vivado 12-13277] Compiled library path does not exist: ''
INFO: [Vivado 12-5682] Launching behavioral simulation in 'C:/Hung/Viettel/Stage2/ML-KEM/ml_kem/ml_kem.sim/sim_1/behav/xsim'
INFO: [SIM-utils-51] Simulation object is 'sim_1'
INFO: [SIM-utils-72] Using boost library from 'C:/Xilinx/Vivado/2022.2/tps/boost_1_72_0'
INFO: [USF-XSim-7] Finding pre-compiled libraries...
INFO: [USF-XSim-11] File 'C:/Xilinx/Vivado/2022.2/data/xsim/xsim.ini' copied to run dir:'C:/Hung/Viettel/Stage2/ML-KEM/ml_kem/ml_kem.sim/sim_1/behav/xsim'
INFO: [SIM-utils-54] Inspecting design source files for 'tb_fpbu' in fileset 'sim_1'...
INFO: [USF-XSim-97] Finding global include files...
INFO: [USF-XSim-98] Fetching design files from 'sim_1'...
INFO: [USF-XSim-2] XSim::Compile design
INFO: [USF-XSim-61] Executing 'COMPILE and ANALYZE' step in 'C:/Hung/Viettel/Stage2/ML-KEM/ml_kem/ml_kem.sim/sim_1/behav/xsim'
"xvlog --incr --relax -prj tb_fpbu_vlog.prj"
INFO: [VRFC 10-2263] Analyzing Verilog file "C:/Hung/Viettel/Stage2/ML-KEM/NTT/BoothDecode.v" into library xil_defaultlib
INFO: [VRFC 10-311] analyzing module BoothDecode
INFO: [VRFC 10-2263] Analyzing Verilog file "C:/Hung/Viettel/Stage2/ML-KEM/NTT/barret.v" into library xil_defaultlib
INFO: [VRFC 10-311] analyzing module barret
INFO: [VRFC 10-2263] Analyzing Verilog file "C:/Hung/Viettel/Stage2/ML-KEM/NTT/bu_ntt.v" into library xil_defaultlib
INFO: [VRFC 10-311] analyzing module bu_ntt
INFO: [VRFC 10-2263] Analyzing Verilog file "C:/Hung/Viettel/Stage2/ML-KEM/NTT/mul.v" into library xil_defaultlib
INFO: [VRFC 10-311] analyzing module mul
INFO: [VRFC 10-2263] Analyzing Verilog file "C:/Hung/Viettel/Stage2/ML-KEM/NTT/tb_fpbu.v" into library xil_defaultlib
INFO: [VRFC 10-311] analyzing module tb_fpbu
INFO: [USF-XSim-69] 'compile' step finished in '2' seconds
INFO: [USF-XSim-3] XSim::Elaborate design
INFO: [USF-XSim-61] Executing 'ELABORATE' step in 'C:/Hung/Viettel/Stage2/ML-KEM/ml_kem/ml_kem.sim/sim_1/behav/xsim'
"xelab --incr --debug typical --relax --mt 2 -L xil_defaultlib -L unisims_ver -L unimacro_ver -L secureip -L xpm --snapshot tb_fpbu_behav xil_defaultlib.tb_fpbu xil_defaultlib.glbl -log elaborate.log"
Vivado Simulator v2022.2.2
Copyright 1986-1999, 2001-2022 Xilinx, Inc. All Rights Reserved.
Running: C:/Xilinx/Vivado/2022.2/bin/unwrapped/win64.o/xelab.exe --incr --debug typical --relax --mt 2 -L xil_defaultlib -L unisims_ver -L unimacro_ver -L secureip -L xpm --snapshot tb_fpbu_behav xil_defaultlib.tb_fpbu xil_defaultlib.glbl -log elaborate.log 
Using 2 slave threads.
Starting static elaboration
Pass Through NonSizing Optimizer
Completed static elaboration
Starting simulation data flow analysis
Completed simulation data flow analysis
Time Resolution for simulation is 1ps
Compiling module xil_defaultlib.barret
Compiling module xil_defaultlib.BoothDecode
Compiling module xil_defaultlib.mul_default
Compiling module xil_defaultlib.bu_ntt
Compiling module xil_defaultlib.tb_fpbu
Compiling module xil_defaultlib.glbl
Built simulation snapshot tb_fpbu_behav
INFO: [USF-XSim-69] 'elaborate' step finished in '1' seconds
INFO: [USF-XSim-4] XSim::Simulate design
INFO: [USF-XSim-61] Executing 'SIMULATE' step in 'C:/Hung/Viettel/Stage2/ML-KEM/ml_kem/ml_kem.sim/sim_1/behav/xsim'
INFO: [USF-XSim-98] *** Running xsim
   with args "tb_fpbu_behav -key {Behavioral:sim_1:Functional:tb_fpbu} -tclbatch {tb_fpbu.tcl} -view {C:/Hung/Viettel/Stage2/ML-KEM/ml_kem/tb_top_func_impl.wcfg} -log {simulate.log}"
INFO: [USF-XSim-8] Loading simulator feature
Time resolution is 1 ps
open_wave_config C:/Hung/Viettel/Stage2/ML-KEM/ml_kem/tb_top_func_impl.wcfg
source tb_fpbu.tcl
# set curr_wave [current_wave_config]
# if { [string length $curr_wave] == 0 } {
#   if { [llength [get_objects]] > 0} {
#     add_wave /
#     set_property needs_save false [current_wave_config]
#   } else {
#      send_msg_id Add_Wave-1 WARNING "No top level signals found. Simulator will start without a wave window. If you want to open a wave window go to 'File->New Waveform Configuration' or type 'create_wave_config' in the TCL console."
#   }
# }
# run 1000000ns
Start simulation
$finish called at time : 3830 ns : File "C:/Hung/Viettel/Stage2/ML-KEM/NTT/tb_fpbu.v" Line 67
INFO: [USF-XSim-96] XSim completed. Design snapshot 'tb_fpbu_behav' loaded.
INFO: [USF-XSim-97] XSim simulation ran for 1000000ns
launch_simulation: Time (s): cpu = 00:00:02 ; elapsed = 00:00:05 . Memory (MB): peak = 1546.492 ; gain = 0.000
current_wave_config {}
WARNING: [Wavedata 42-16] Error Unable to get wave configuration ''.
tb_top_func_impl.wcfg
add_wave {{/tb_fpbu/uut/add_tmp}} 
relaunch_sim
Command: launch_simulation -step compile -simset sim_1 -mode behavioral
INFO: [Vivado 12-12493] Simulation top is 'tb_fpbu'
WARNING: [Vivado 12-13340] Unable to auto find GCC executables from simulator install path! (path not set)
WARNING: [Vivado 12-13277] Compiled library path does not exist: ''
INFO: [Vivado 12-5682] Launching behavioral simulation in 'C:/Hung/Viettel/Stage2/ML-KEM/ml_kem/ml_kem.sim/sim_1/behav/xsim'
INFO: [SIM-utils-51] Simulation object is 'sim_1'
INFO: [USF-XSim-2] XSim::Compile design
INFO: [USF-XSim-61] Executing 'COMPILE and ANALYZE' step in 'C:/Hung/Viettel/Stage2/ML-KEM/ml_kem/ml_kem.sim/sim_1/behav/xsim'
"xvlog --incr --relax -prj tb_fpbu_vlog.prj"
INFO: [VRFC 10-2263] Analyzing Verilog file "C:/Hung/Viettel/Stage2/ML-KEM/NTT/BoothDecode.v" into library xil_defaultlib
INFO: [VRFC 10-311] analyzing module BoothDecode
INFO: [VRFC 10-2263] Analyzing Verilog file "C:/Hung/Viettel/Stage2/ML-KEM/NTT/barret.v" into library xil_defaultlib
INFO: [VRFC 10-311] analyzing module barret
INFO: [VRFC 10-2263] Analyzing Verilog file "C:/Hung/Viettel/Stage2/ML-KEM/NTT/bu_ntt.v" into library xil_defaultlib
INFO: [VRFC 10-311] analyzing module bu_ntt
INFO: [VRFC 10-2263] Analyzing Verilog file "C:/Hung/Viettel/Stage2/ML-KEM/NTT/mul.v" into library xil_defaultlib
INFO: [VRFC 10-311] analyzing module mul
INFO: [VRFC 10-2263] Analyzing Verilog file "C:/Hung/Viettel/Stage2/ML-KEM/NTT/tb_fpbu.v" into library xil_defaultlib
INFO: [VRFC 10-311] analyzing module tb_fpbu
INFO: [USF-XSim-69] 'compile' step finished in '1' seconds
Command: launch_simulation -step elaborate -simset sim_1 -mode behavioral
INFO: [Vivado 12-12493] Simulation top is 'tb_fpbu'
WARNING: [Vivado 12-13340] Unable to auto find GCC executables from simulator install path! (path not set)
WARNING: [Vivado 12-13277] Compiled library path does not exist: ''
INFO: [Vivado 12-5682] Launching behavioral simulation in 'C:/Hung/Viettel/Stage2/ML-KEM/ml_kem/ml_kem.sim/sim_1/behav/xsim'
INFO: [SIM-utils-51] Simulation object is 'sim_1'
INFO: [USF-XSim-3] XSim::Elaborate design
INFO: [USF-XSim-61] Executing 'ELABORATE' step in 'C:/Hung/Viettel/Stage2/ML-KEM/ml_kem/ml_kem.sim/sim_1/behav/xsim'
"xelab --incr --debug typical --relax --mt 2 -L xil_defaultlib -L unisims_ver -L unimacro_ver -L secureip -L xpm --snapshot tb_fpbu_behav xil_defaultlib.tb_fpbu xil_defaultlib.glbl -log elaborate.log"
Vivado Simulator v2022.2.2
Copyright 1986-1999, 2001-2022 Xilinx, Inc. All Rights Reserved.
Running: C:/Xilinx/Vivado/2022.2/bin/unwrapped/win64.o/xelab.exe --incr --debug typical --relax --mt 2 -L xil_defaultlib -L unisims_ver -L unimacro_ver -L secureip -L xpm --snapshot tb_fpbu_behav xil_defaultlib.tb_fpbu xil_defaultlib.glbl -log elaborate.log 
Using 2 slave threads.
Starting static elaboration
Pass Through NonSizing Optimizer
Completed static elaboration
Starting simulation data flow analysis
Completed simulation data flow analysis
Time Resolution for simulation is 1ps
Compiling module xil_defaultlib.barret
Compiling module xil_defaultlib.BoothDecode
Compiling module xil_defaultlib.mul_default
Compiling module xil_defaultlib.bu_ntt
Compiling module xil_defaultlib.tb_fpbu
Compiling module xil_defaultlib.glbl
Built simulation snapshot tb_fpbu_behav
INFO: [USF-XSim-69] 'elaborate' step finished in '2' seconds
Time resolution is 1 ps
Start simulation
$finish called at time : 3830 ns : File "C:/Hung/Viettel/Stage2/ML-KEM/NTT/tb_fpbu.v" Line 67
relaunch_sim: Time (s): cpu = 00:00:00 ; elapsed = 00:00:05 . Memory (MB): peak = 1546.492 ; gain = 0.000
save_wave_config {C:/Hung/Viettel/Stage2/ML-KEM/ml_kem/tb_top_func_impl.wcfg}
relaunch_sim
Command: launch_simulation -step compile -simset sim_1 -mode behavioral
INFO: [Vivado 12-12493] Simulation top is 'tb_fpbu'
WARNING: [Vivado 12-13340] Unable to auto find GCC executables from simulator install path! (path not set)
WARNING: [Vivado 12-13277] Compiled library path does not exist: ''
INFO: [Vivado 12-5682] Launching behavioral simulation in 'C:/Hung/Viettel/Stage2/ML-KEM/ml_kem/ml_kem.sim/sim_1/behav/xsim'
INFO: [SIM-utils-51] Simulation object is 'sim_1'
INFO: [USF-XSim-2] XSim::Compile design
INFO: [USF-XSim-61] Executing 'COMPILE and ANALYZE' step in 'C:/Hung/Viettel/Stage2/ML-KEM/ml_kem/ml_kem.sim/sim_1/behav/xsim'
"xvlog --incr --relax -prj tb_fpbu_vlog.prj"
INFO: [VRFC 10-2263] Analyzing Verilog file "C:/Hung/Viettel/Stage2/ML-KEM/NTT/BoothDecode.v" into library xil_defaultlib
INFO: [VRFC 10-311] analyzing module BoothDecode
INFO: [VRFC 10-2263] Analyzing Verilog file "C:/Hung/Viettel/Stage2/ML-KEM/NTT/barret.v" into library xil_defaultlib
INFO: [VRFC 10-311] analyzing module barret
INFO: [VRFC 10-2263] Analyzing Verilog file "C:/Hung/Viettel/Stage2/ML-KEM/NTT/bu_ntt.v" into library xil_defaultlib
INFO: [VRFC 10-311] analyzing module bu_ntt
INFO: [VRFC 10-2263] Analyzing Verilog file "C:/Hung/Viettel/Stage2/ML-KEM/NTT/mul.v" into library xil_defaultlib
INFO: [VRFC 10-311] analyzing module mul
INFO: [VRFC 10-2263] Analyzing Verilog file "C:/Hung/Viettel/Stage2/ML-KEM/NTT/tb_fpbu.v" into library xil_defaultlib
INFO: [VRFC 10-311] analyzing module tb_fpbu
INFO: [USF-XSim-69] 'compile' step finished in '1' seconds
Command: launch_simulation -step elaborate -simset sim_1 -mode behavioral
INFO: [Vivado 12-12493] Simulation top is 'tb_fpbu'
WARNING: [Vivado 12-13340] Unable to auto find GCC executables from simulator install path! (path not set)
WARNING: [Vivado 12-13277] Compiled library path does not exist: ''
INFO: [Vivado 12-5682] Launching behavioral simulation in 'C:/Hung/Viettel/Stage2/ML-KEM/ml_kem/ml_kem.sim/sim_1/behav/xsim'
INFO: [SIM-utils-51] Simulation object is 'sim_1'
INFO: [USF-XSim-3] XSim::Elaborate design
INFO: [USF-XSim-61] Executing 'ELABORATE' step in 'C:/Hung/Viettel/Stage2/ML-KEM/ml_kem/ml_kem.sim/sim_1/behav/xsim'
"xelab --incr --debug typical --relax --mt 2 -L xil_defaultlib -L unisims_ver -L unimacro_ver -L secureip -L xpm --snapshot tb_fpbu_behav xil_defaultlib.tb_fpbu xil_defaultlib.glbl -log elaborate.log"
Vivado Simulator v2022.2.2
Copyright 1986-1999, 2001-2022 Xilinx, Inc. All Rights Reserved.
Running: C:/Xilinx/Vivado/2022.2/bin/unwrapped/win64.o/xelab.exe --incr --debug typical --relax --mt 2 -L xil_defaultlib -L unisims_ver -L unimacro_ver -L secureip -L xpm --snapshot tb_fpbu_behav xil_defaultlib.tb_fpbu xil_defaultlib.glbl -log elaborate.log 
Using 2 slave threads.
Starting static elaboration
Pass Through NonSizing Optimizer
Completed static elaboration
Starting simulation data flow analysis
Completed simulation data flow analysis
Time Resolution for simulation is 1ps
Compiling module xil_defaultlib.barret
Compiling module xil_defaultlib.BoothDecode
Compiling module xil_defaultlib.mul_default
Compiling module xil_defaultlib.bu_ntt
Compiling module xil_defaultlib.tb_fpbu
Compiling module xil_defaultlib.glbl
Built simulation snapshot tb_fpbu_behav
INFO: [USF-XSim-69] 'elaborate' step finished in '2' seconds
Time resolution is 1 ps
Start simulation
$finish called at time : 3830 ns : File "C:/Hung/Viettel/Stage2/ML-KEM/NTT/tb_fpbu.v" Line 67
relaunch_sim: Time (s): cpu = 00:00:00 ; elapsed = 00:00:06 . Memory (MB): peak = 1546.492 ; gain = 0.000
save_wave_config {C:/Hung/Viettel/Stage2/ML-KEM/ml_kem/tb_top_func_impl.wcfg}
relaunch_sim
Command: launch_simulation -step compile -simset sim_1 -mode behavioral
INFO: [Vivado 12-12493] Simulation top is 'tb_fpbu'
WARNING: [Vivado 12-13340] Unable to auto find GCC executables from simulator install path! (path not set)
WARNING: [Vivado 12-13277] Compiled library path does not exist: ''
INFO: [Vivado 12-5682] Launching behavioral simulation in 'C:/Hung/Viettel/Stage2/ML-KEM/ml_kem/ml_kem.sim/sim_1/behav/xsim'
INFO: [SIM-utils-51] Simulation object is 'sim_1'
INFO: [USF-XSim-2] XSim::Compile design
INFO: [USF-XSim-61] Executing 'COMPILE and ANALYZE' step in 'C:/Hung/Viettel/Stage2/ML-KEM/ml_kem/ml_kem.sim/sim_1/behav/xsim'
"xvlog --incr --relax -prj tb_fpbu_vlog.prj"
INFO: [VRFC 10-2263] Analyzing Verilog file "C:/Hung/Viettel/Stage2/ML-KEM/NTT/BoothDecode.v" into library xil_defaultlib
INFO: [VRFC 10-311] analyzing module BoothDecode
INFO: [VRFC 10-2263] Analyzing Verilog file "C:/Hung/Viettel/Stage2/ML-KEM/NTT/barret.v" into library xil_defaultlib
INFO: [VRFC 10-311] analyzing module barret
INFO: [VRFC 10-2263] Analyzing Verilog file "C:/Hung/Viettel/Stage2/ML-KEM/NTT/bu_ntt.v" into library xil_defaultlib
INFO: [VRFC 10-311] analyzing module bu_ntt
INFO: [VRFC 10-2263] Analyzing Verilog file "C:/Hung/Viettel/Stage2/ML-KEM/NTT/mul.v" into library xil_defaultlib
INFO: [VRFC 10-311] analyzing module mul
INFO: [VRFC 10-2263] Analyzing Verilog file "C:/Hung/Viettel/Stage2/ML-KEM/NTT/tb_fpbu.v" into library xil_defaultlib
INFO: [VRFC 10-311] analyzing module tb_fpbu
INFO: [USF-XSim-69] 'compile' step finished in '1' seconds
Command: launch_simulation -step elaborate -simset sim_1 -mode behavioral
INFO: [Vivado 12-12493] Simulation top is 'tb_fpbu'
WARNING: [Vivado 12-13340] Unable to auto find GCC executables from simulator install path! (path not set)
WARNING: [Vivado 12-13277] Compiled library path does not exist: ''
INFO: [Vivado 12-5682] Launching behavioral simulation in 'C:/Hung/Viettel/Stage2/ML-KEM/ml_kem/ml_kem.sim/sim_1/behav/xsim'
INFO: [SIM-utils-51] Simulation object is 'sim_1'
INFO: [USF-XSim-3] XSim::Elaborate design
INFO: [USF-XSim-61] Executing 'ELABORATE' step in 'C:/Hung/Viettel/Stage2/ML-KEM/ml_kem/ml_kem.sim/sim_1/behav/xsim'
"xelab --incr --debug typical --relax --mt 2 -L xil_defaultlib -L unisims_ver -L unimacro_ver -L secureip -L xpm --snapshot tb_fpbu_behav xil_defaultlib.tb_fpbu xil_defaultlib.glbl -log elaborate.log"
Vivado Simulator v2022.2.2
Copyright 1986-1999, 2001-2022 Xilinx, Inc. All Rights Reserved.
Running: C:/Xilinx/Vivado/2022.2/bin/unwrapped/win64.o/xelab.exe --incr --debug typical --relax --mt 2 -L xil_defaultlib -L unisims_ver -L unimacro_ver -L secureip -L xpm --snapshot tb_fpbu_behav xil_defaultlib.tb_fpbu xil_defaultlib.glbl -log elaborate.log 
Using 2 slave threads.
Starting static elaboration
Pass Through NonSizing Optimizer
Completed static elaboration
Starting simulation data flow analysis
Completed simulation data flow analysis
Time Resolution for simulation is 1ps
Compiling module xil_defaultlib.barret
Compiling module xil_defaultlib.BoothDecode
Compiling module xil_defaultlib.mul_default
Compiling module xil_defaultlib.bu_ntt
Compiling module xil_defaultlib.tb_fpbu
Compiling module xil_defaultlib.glbl
Built simulation snapshot tb_fpbu_behav
INFO: [USF-XSim-69] 'elaborate' step finished in '2' seconds
Time resolution is 1 ps
Start simulation
$finish called at time : 3830 ns : File "C:/Hung/Viettel/Stage2/ML-KEM/NTT/tb_fpbu.v" Line 67
relaunch_sim: Time (s): cpu = 00:00:01 ; elapsed = 00:00:06 . Memory (MB): peak = 1546.492 ; gain = 0.000
current_wave_config {tb_top_func_impl.wcfg}
C:/Hung/Viettel/Stage2/ML-KEM/ml_kem/tb_top_func_impl.wcfg
add_wave {{/tb_fpbu/uut/check}} 
relaunch_sim
Command: launch_simulation -step compile -simset sim_1 -mode behavioral
INFO: [Vivado 12-12493] Simulation top is 'tb_fpbu'
WARNING: [Vivado 12-13340] Unable to auto find GCC executables from simulator install path! (path not set)
WARNING: [Vivado 12-13277] Compiled library path does not exist: ''
INFO: [Vivado 12-5682] Launching behavioral simulation in 'C:/Hung/Viettel/Stage2/ML-KEM/ml_kem/ml_kem.sim/sim_1/behav/xsim'
INFO: [SIM-utils-51] Simulation object is 'sim_1'
INFO: [USF-XSim-2] XSim::Compile design
INFO: [USF-XSim-61] Executing 'COMPILE and ANALYZE' step in 'C:/Hung/Viettel/Stage2/ML-KEM/ml_kem/ml_kem.sim/sim_1/behav/xsim'
"xvlog --incr --relax -prj tb_fpbu_vlog.prj"
INFO: [USF-XSim-69] 'compile' step finished in '1' seconds
Command: launch_simulation -step elaborate -simset sim_1 -mode behavioral
INFO: [Vivado 12-12493] Simulation top is 'tb_fpbu'
WARNING: [Vivado 12-13340] Unable to auto find GCC executables from simulator install path! (path not set)
WARNING: [Vivado 12-13277] Compiled library path does not exist: ''
INFO: [Vivado 12-5682] Launching behavioral simulation in 'C:/Hung/Viettel/Stage2/ML-KEM/ml_kem/ml_kem.sim/sim_1/behav/xsim'
INFO: [SIM-utils-51] Simulation object is 'sim_1'
INFO: [USF-XSim-3] XSim::Elaborate design
INFO: [USF-XSim-61] Executing 'ELABORATE' step in 'C:/Hung/Viettel/Stage2/ML-KEM/ml_kem/ml_kem.sim/sim_1/behav/xsim'
"xelab --incr --debug typical --relax --mt 2 -L xil_defaultlib -L unisims_ver -L unimacro_ver -L secureip -L xpm --snapshot tb_fpbu_behav xil_defaultlib.tb_fpbu xil_defaultlib.glbl -log elaborate.log"
Vivado Simulator v2022.2.2
Copyright 1986-1999, 2001-2022 Xilinx, Inc. All Rights Reserved.
Running: C:/Xilinx/Vivado/2022.2/bin/unwrapped/win64.o/xelab.exe --incr --debug typical --relax --mt 2 -L xil_defaultlib -L unisims_ver -L unimacro_ver -L secureip -L xpm --snapshot tb_fpbu_behav xil_defaultlib.tb_fpbu xil_defaultlib.glbl -log elaborate.log 
Using 2 slave threads.
Starting static elaboration
Pass Through NonSizing Optimizer
Completed static elaboration
INFO: [XSIM 43-4323] No Change in HDL. Linking previously generated obj files to create kernel
INFO: [USF-XSim-69] 'elaborate' step finished in '2' seconds
Time resolution is 1 ps
Start simulation
$finish called at time : 3830 ns : File "C:/Hung/Viettel/Stage2/ML-KEM/NTT/tb_fpbu.v" Line 67
relaunch_sim
Command: launch_simulation -step compile -simset sim_1 -mode behavioral
INFO: [Vivado 12-12493] Simulation top is 'tb_fpbu'
WARNING: [Vivado 12-13340] Unable to auto find GCC executables from simulator install path! (path not set)
WARNING: [Vivado 12-13277] Compiled library path does not exist: ''
INFO: [Vivado 12-5682] Launching behavioral simulation in 'C:/Hung/Viettel/Stage2/ML-KEM/ml_kem/ml_kem.sim/sim_1/behav/xsim'
INFO: [SIM-utils-51] Simulation object is 'sim_1'
INFO: [USF-XSim-2] XSim::Compile design
INFO: [USF-XSim-61] Executing 'COMPILE and ANALYZE' step in 'C:/Hung/Viettel/Stage2/ML-KEM/ml_kem/ml_kem.sim/sim_1/behav/xsim'
"xvlog --incr --relax -prj tb_fpbu_vlog.prj"
INFO: [VRFC 10-2263] Analyzing Verilog file "C:/Hung/Viettel/Stage2/ML-KEM/NTT/BoothDecode.v" into library xil_defaultlib
INFO: [VRFC 10-311] analyzing module BoothDecode
INFO: [VRFC 10-2263] Analyzing Verilog file "C:/Hung/Viettel/Stage2/ML-KEM/NTT/barret.v" into library xil_defaultlib
INFO: [VRFC 10-311] analyzing module barret
INFO: [VRFC 10-2263] Analyzing Verilog file "C:/Hung/Viettel/Stage2/ML-KEM/NTT/bu_ntt.v" into library xil_defaultlib
INFO: [VRFC 10-311] analyzing module bu_ntt
INFO: [VRFC 10-2263] Analyzing Verilog file "C:/Hung/Viettel/Stage2/ML-KEM/NTT/mul.v" into library xil_defaultlib
INFO: [VRFC 10-311] analyzing module mul
INFO: [VRFC 10-2263] Analyzing Verilog file "C:/Hung/Viettel/Stage2/ML-KEM/NTT/tb_fpbu.v" into library xil_defaultlib
INFO: [VRFC 10-311] analyzing module tb_fpbu
INFO: [USF-XSim-69] 'compile' step finished in '2' seconds
Command: launch_simulation -step elaborate -simset sim_1 -mode behavioral
INFO: [Vivado 12-12493] Simulation top is 'tb_fpbu'
WARNING: [Vivado 12-13340] Unable to auto find GCC executables from simulator install path! (path not set)
WARNING: [Vivado 12-13277] Compiled library path does not exist: ''
INFO: [Vivado 12-5682] Launching behavioral simulation in 'C:/Hung/Viettel/Stage2/ML-KEM/ml_kem/ml_kem.sim/sim_1/behav/xsim'
INFO: [SIM-utils-51] Simulation object is 'sim_1'
INFO: [USF-XSim-3] XSim::Elaborate design
INFO: [USF-XSim-61] Executing 'ELABORATE' step in 'C:/Hung/Viettel/Stage2/ML-KEM/ml_kem/ml_kem.sim/sim_1/behav/xsim'
"xelab --incr --debug typical --relax --mt 2 -L xil_defaultlib -L unisims_ver -L unimacro_ver -L secureip -L xpm --snapshot tb_fpbu_behav xil_defaultlib.tb_fpbu xil_defaultlib.glbl -log elaborate.log"
Vivado Simulator v2022.2.2
Copyright 1986-1999, 2001-2022 Xilinx, Inc. All Rights Reserved.
Running: C:/Xilinx/Vivado/2022.2/bin/unwrapped/win64.o/xelab.exe --incr --debug typical --relax --mt 2 -L xil_defaultlib -L unisims_ver -L unimacro_ver -L secureip -L xpm --snapshot tb_fpbu_behav xil_defaultlib.tb_fpbu xil_defaultlib.glbl -log elaborate.log 
Using 2 slave threads.
Starting static elaboration
Pass Through NonSizing Optimizer
Completed static elaboration
Starting simulation data flow analysis
Completed simulation data flow analysis
Time Resolution for simulation is 1ps
Compiling module xil_defaultlib.barret
Compiling module xil_defaultlib.BoothDecode
Compiling module xil_defaultlib.mul_default
Compiling module xil_defaultlib.bu_ntt
Compiling module xil_defaultlib.tb_fpbu
Compiling module xil_defaultlib.glbl
Built simulation snapshot tb_fpbu_behav
INFO: [USF-XSim-69] 'elaborate' step finished in '2' seconds
Time resolution is 1 ps
Start simulation
$finish called at time : 3830 ns : File "C:/Hung/Viettel/Stage2/ML-KEM/NTT/tb_fpbu.v" Line 67
relaunch_sim: Time (s): cpu = 00:00:00 ; elapsed = 00:00:06 . Memory (MB): peak = 1546.492 ; gain = 0.000
save_wave_config {C:/Hung/Viettel/Stage2/ML-KEM/ml_kem/tb_top_func_impl.wcfg}
relaunch_sim
Command: launch_simulation -step compile -simset sim_1 -mode behavioral
INFO: [Vivado 12-12493] Simulation top is 'tb_fpbu'
WARNING: [Vivado 12-13340] Unable to auto find GCC executables from simulator install path! (path not set)
WARNING: [Vivado 12-13277] Compiled library path does not exist: ''
INFO: [Vivado 12-5682] Launching behavioral simulation in 'C:/Hung/Viettel/Stage2/ML-KEM/ml_kem/ml_kem.sim/sim_1/behav/xsim'
INFO: [SIM-utils-51] Simulation object is 'sim_1'
INFO: [USF-XSim-2] XSim::Compile design
INFO: [USF-XSim-61] Executing 'COMPILE and ANALYZE' step in 'C:/Hung/Viettel/Stage2/ML-KEM/ml_kem/ml_kem.sim/sim_1/behav/xsim'
"xvlog --incr --relax -prj tb_fpbu_vlog.prj"
INFO: [VRFC 10-2263] Analyzing Verilog file "C:/Hung/Viettel/Stage2/ML-KEM/NTT/BoothDecode.v" into library xil_defaultlib
INFO: [VRFC 10-311] analyzing module BoothDecode
INFO: [VRFC 10-2263] Analyzing Verilog file "C:/Hung/Viettel/Stage2/ML-KEM/NTT/barret.v" into library xil_defaultlib
INFO: [VRFC 10-311] analyzing module barret
INFO: [VRFC 10-2263] Analyzing Verilog file "C:/Hung/Viettel/Stage2/ML-KEM/NTT/bu_ntt.v" into library xil_defaultlib
INFO: [VRFC 10-311] analyzing module bu_ntt
INFO: [VRFC 10-2263] Analyzing Verilog file "C:/Hung/Viettel/Stage2/ML-KEM/NTT/mul.v" into library xil_defaultlib
INFO: [VRFC 10-311] analyzing module mul
INFO: [VRFC 10-2263] Analyzing Verilog file "C:/Hung/Viettel/Stage2/ML-KEM/NTT/tb_fpbu.v" into library xil_defaultlib
INFO: [VRFC 10-311] analyzing module tb_fpbu
INFO: [USF-XSim-69] 'compile' step finished in '1' seconds
Command: launch_simulation -step elaborate -simset sim_1 -mode behavioral
INFO: [Vivado 12-12493] Simulation top is 'tb_fpbu'
WARNING: [Vivado 12-13340] Unable to auto find GCC executables from simulator install path! (path not set)
WARNING: [Vivado 12-13277] Compiled library path does not exist: ''
INFO: [Vivado 12-5682] Launching behavioral simulation in 'C:/Hung/Viettel/Stage2/ML-KEM/ml_kem/ml_kem.sim/sim_1/behav/xsim'
INFO: [SIM-utils-51] Simulation object is 'sim_1'
INFO: [USF-XSim-3] XSim::Elaborate design
INFO: [USF-XSim-61] Executing 'ELABORATE' step in 'C:/Hung/Viettel/Stage2/ML-KEM/ml_kem/ml_kem.sim/sim_1/behav/xsim'
"xelab --incr --debug typical --relax --mt 2 -L xil_defaultlib -L unisims_ver -L unimacro_ver -L secureip -L xpm --snapshot tb_fpbu_behav xil_defaultlib.tb_fpbu xil_defaultlib.glbl -log elaborate.log"
Vivado Simulator v2022.2.2
Copyright 1986-1999, 2001-2022 Xilinx, Inc. All Rights Reserved.
Running: C:/Xilinx/Vivado/2022.2/bin/unwrapped/win64.o/xelab.exe --incr --debug typical --relax --mt 2 -L xil_defaultlib -L unisims_ver -L unimacro_ver -L secureip -L xpm --snapshot tb_fpbu_behav xil_defaultlib.tb_fpbu xil_defaultlib.glbl -log elaborate.log 
Using 2 slave threads.
Starting static elaboration
Pass Through NonSizing Optimizer
Completed static elaboration
Starting simulation data flow analysis
Completed simulation data flow analysis
Time Resolution for simulation is 1ps
Compiling module xil_defaultlib.barret
Compiling module xil_defaultlib.BoothDecode
Compiling module xil_defaultlib.mul_default
Compiling module xil_defaultlib.bu_ntt
Compiling module xil_defaultlib.tb_fpbu
Compiling module xil_defaultlib.glbl
Built simulation snapshot tb_fpbu_behav
INFO: [USF-XSim-69] 'elaborate' step finished in '1' seconds
Time resolution is 1 ps
Start simulation
$finish called at time : 3830 ns : File "C:/Hung/Viettel/Stage2/ML-KEM/NTT/tb_fpbu.v" Line 67
save_wave_config {C:/Hung/Viettel/Stage2/ML-KEM/ml_kem/tb_top_func_impl.wcfg}
relaunch_sim
Command: launch_simulation -step compile -simset sim_1 -mode behavioral
INFO: [Vivado 12-12493] Simulation top is 'tb_fpbu'
WARNING: [Vivado 12-13340] Unable to auto find GCC executables from simulator install path! (path not set)
WARNING: [Vivado 12-13277] Compiled library path does not exist: ''
INFO: [Vivado 12-5682] Launching behavioral simulation in 'C:/Hung/Viettel/Stage2/ML-KEM/ml_kem/ml_kem.sim/sim_1/behav/xsim'
INFO: [SIM-utils-51] Simulation object is 'sim_1'
INFO: [USF-XSim-2] XSim::Compile design
INFO: [USF-XSim-61] Executing 'COMPILE and ANALYZE' step in 'C:/Hung/Viettel/Stage2/ML-KEM/ml_kem/ml_kem.sim/sim_1/behav/xsim'
"xvlog --incr --relax -prj tb_fpbu_vlog.prj"
INFO: [VRFC 10-2263] Analyzing Verilog file "C:/Hung/Viettel/Stage2/ML-KEM/NTT/BoothDecode.v" into library xil_defaultlib
INFO: [VRFC 10-311] analyzing module BoothDecode
INFO: [VRFC 10-2263] Analyzing Verilog file "C:/Hung/Viettel/Stage2/ML-KEM/NTT/barret.v" into library xil_defaultlib
INFO: [VRFC 10-311] analyzing module barret
INFO: [VRFC 10-2263] Analyzing Verilog file "C:/Hung/Viettel/Stage2/ML-KEM/NTT/bu_ntt.v" into library xil_defaultlib
INFO: [VRFC 10-311] analyzing module bu_ntt
INFO: [VRFC 10-2263] Analyzing Verilog file "C:/Hung/Viettel/Stage2/ML-KEM/NTT/mul.v" into library xil_defaultlib
INFO: [VRFC 10-311] analyzing module mul
INFO: [VRFC 10-2263] Analyzing Verilog file "C:/Hung/Viettel/Stage2/ML-KEM/NTT/tb_fpbu.v" into library xil_defaultlib
INFO: [VRFC 10-311] analyzing module tb_fpbu
INFO: [USF-XSim-69] 'compile' step finished in '1' seconds
Command: launch_simulation -step elaborate -simset sim_1 -mode behavioral
INFO: [Vivado 12-12493] Simulation top is 'tb_fpbu'
WARNING: [Vivado 12-13340] Unable to auto find GCC executables from simulator install path! (path not set)
WARNING: [Vivado 12-13277] Compiled library path does not exist: ''
INFO: [Vivado 12-5682] Launching behavioral simulation in 'C:/Hung/Viettel/Stage2/ML-KEM/ml_kem/ml_kem.sim/sim_1/behav/xsim'
INFO: [SIM-utils-51] Simulation object is 'sim_1'
INFO: [USF-XSim-3] XSim::Elaborate design
INFO: [USF-XSim-61] Executing 'ELABORATE' step in 'C:/Hung/Viettel/Stage2/ML-KEM/ml_kem/ml_kem.sim/sim_1/behav/xsim'
"xelab --incr --debug typical --relax --mt 2 -L xil_defaultlib -L unisims_ver -L unimacro_ver -L secureip -L xpm --snapshot tb_fpbu_behav xil_defaultlib.tb_fpbu xil_defaultlib.glbl -log elaborate.log"
Vivado Simulator v2022.2.2
Copyright 1986-1999, 2001-2022 Xilinx, Inc. All Rights Reserved.
Running: C:/Xilinx/Vivado/2022.2/bin/unwrapped/win64.o/xelab.exe --incr --debug typical --relax --mt 2 -L xil_defaultlib -L unisims_ver -L unimacro_ver -L secureip -L xpm --snapshot tb_fpbu_behav xil_defaultlib.tb_fpbu xil_defaultlib.glbl -log elaborate.log 
Using 2 slave threads.
Starting static elaboration
Pass Through NonSizing Optimizer
WARNING: [VRFC 10-3091] actual bit length 16 differs from formal bit length 32 for port 'C' [C:/Hung/Viettel/Stage2/ML-KEM/NTT/bu_ntt.v:61]
WARNING: [VRFC 10-3091] actual bit length 16 differs from formal bit length 32 for port 'C' [C:/Hung/Viettel/Stage2/ML-KEM/NTT/bu_ntt.v:68]
Completed static elaboration
Starting simulation data flow analysis
Completed simulation data flow analysis
Time Resolution for simulation is 1ps
Compiling module xil_defaultlib.barret
Compiling module xil_defaultlib.BoothDecode
Compiling module xil_defaultlib.mul_default
Compiling module xil_defaultlib.bu_ntt
Compiling module xil_defaultlib.tb_fpbu
Compiling module xil_defaultlib.glbl
Built simulation snapshot tb_fpbu_behav
INFO: [USF-XSim-69] 'elaborate' step finished in '2' seconds
Time resolution is 1 ps
Start simulation
$finish called at time : 3830 ns : File "C:/Hung/Viettel/Stage2/ML-KEM/NTT/tb_fpbu.v" Line 67
relaunch_sim: Time (s): cpu = 00:00:01 ; elapsed = 00:00:05 . Memory (MB): peak = 1546.492 ; gain = 0.000
relaunch_sim
Command: launch_simulation -step compile -simset sim_1 -mode behavioral
INFO: [Vivado 12-12493] Simulation top is 'tb_fpbu'
WARNING: [Vivado 12-13340] Unable to auto find GCC executables from simulator install path! (path not set)
WARNING: [Vivado 12-13277] Compiled library path does not exist: ''
INFO: [Vivado 12-5682] Launching behavioral simulation in 'C:/Hung/Viettel/Stage2/ML-KEM/ml_kem/ml_kem.sim/sim_1/behav/xsim'
INFO: [SIM-utils-51] Simulation object is 'sim_1'
INFO: [USF-XSim-2] XSim::Compile design
INFO: [USF-XSim-61] Executing 'COMPILE and ANALYZE' step in 'C:/Hung/Viettel/Stage2/ML-KEM/ml_kem/ml_kem.sim/sim_1/behav/xsim'
"xvlog --incr --relax -prj tb_fpbu_vlog.prj"
INFO: [VRFC 10-2263] Analyzing Verilog file "C:/Hung/Viettel/Stage2/ML-KEM/NTT/BoothDecode.v" into library xil_defaultlib
INFO: [VRFC 10-311] analyzing module BoothDecode
INFO: [VRFC 10-2263] Analyzing Verilog file "C:/Hung/Viettel/Stage2/ML-KEM/NTT/barret.v" into library xil_defaultlib
INFO: [VRFC 10-311] analyzing module barret
INFO: [VRFC 10-2263] Analyzing Verilog file "C:/Hung/Viettel/Stage2/ML-KEM/NTT/bu_ntt.v" into library xil_defaultlib
INFO: [VRFC 10-311] analyzing module bu_ntt
INFO: [VRFC 10-2263] Analyzing Verilog file "C:/Hung/Viettel/Stage2/ML-KEM/NTT/mul.v" into library xil_defaultlib
INFO: [VRFC 10-311] analyzing module mul
INFO: [VRFC 10-2263] Analyzing Verilog file "C:/Hung/Viettel/Stage2/ML-KEM/NTT/tb_fpbu.v" into library xil_defaultlib
INFO: [VRFC 10-311] analyzing module tb_fpbu
INFO: [USF-XSim-69] 'compile' step finished in '2' seconds
Command: launch_simulation -step elaborate -simset sim_1 -mode behavioral
INFO: [Vivado 12-12493] Simulation top is 'tb_fpbu'
WARNING: [Vivado 12-13340] Unable to auto find GCC executables from simulator install path! (path not set)
WARNING: [Vivado 12-13277] Compiled library path does not exist: ''
INFO: [Vivado 12-5682] Launching behavioral simulation in 'C:/Hung/Viettel/Stage2/ML-KEM/ml_kem/ml_kem.sim/sim_1/behav/xsim'
INFO: [SIM-utils-51] Simulation object is 'sim_1'
INFO: [USF-XSim-3] XSim::Elaborate design
INFO: [USF-XSim-61] Executing 'ELABORATE' step in 'C:/Hung/Viettel/Stage2/ML-KEM/ml_kem/ml_kem.sim/sim_1/behav/xsim'
"xelab --incr --debug typical --relax --mt 2 -L xil_defaultlib -L unisims_ver -L unimacro_ver -L secureip -L xpm --snapshot tb_fpbu_behav xil_defaultlib.tb_fpbu xil_defaultlib.glbl -log elaborate.log"
Vivado Simulator v2022.2.2
Copyright 1986-1999, 2001-2022 Xilinx, Inc. All Rights Reserved.
Running: C:/Xilinx/Vivado/2022.2/bin/unwrapped/win64.o/xelab.exe --incr --debug typical --relax --mt 2 -L xil_defaultlib -L unisims_ver -L unimacro_ver -L secureip -L xpm --snapshot tb_fpbu_behav xil_defaultlib.tb_fpbu xil_defaultlib.glbl -log elaborate.log 
Using 2 slave threads.
Starting static elaboration
Pass Through NonSizing Optimizer
WARNING: [VRFC 10-3091] actual bit length 16 differs from formal bit length 32 for port 'C' [C:/Hung/Viettel/Stage2/ML-KEM/NTT/bu_ntt.v:60]
WARNING: [VRFC 10-3091] actual bit length 16 differs from formal bit length 32 for port 'C' [C:/Hung/Viettel/Stage2/ML-KEM/NTT/bu_ntt.v:67]
Completed static elaboration
Starting simulation data flow analysis
Completed simulation data flow analysis
Time Resolution for simulation is 1ps
Compiling module xil_defaultlib.barret
Compiling module xil_defaultlib.BoothDecode
Compiling module xil_defaultlib.mul_default
Compiling module xil_defaultlib.bu_ntt
Compiling module xil_defaultlib.tb_fpbu
Compiling module xil_defaultlib.glbl
Built simulation snapshot tb_fpbu_behav
INFO: [USF-XSim-69] 'elaborate' step finished in '2' seconds
Time resolution is 1 ps
Start simulation
$finish called at time : 3830 ns : File "C:/Hung/Viettel/Stage2/ML-KEM/NTT/tb_fpbu.v" Line 67
relaunch_sim: Time (s): cpu = 00:00:00 ; elapsed = 00:00:05 . Memory (MB): peak = 1546.492 ; gain = 0.000
save_wave_config {C:/Hung/Viettel/Stage2/ML-KEM/ml_kem/tb_top_func_impl.wcfg}
relaunch_sim
Command: launch_simulation -step compile -simset sim_1 -mode behavioral
INFO: [Vivado 12-12493] Simulation top is 'tb_fpbu'
WARNING: [Vivado 12-13340] Unable to auto find GCC executables from simulator install path! (path not set)
WARNING: [Vivado 12-13277] Compiled library path does not exist: ''
INFO: [Vivado 12-5682] Launching behavioral simulation in 'C:/Hung/Viettel/Stage2/ML-KEM/ml_kem/ml_kem.sim/sim_1/behav/xsim'
INFO: [SIM-utils-51] Simulation object is 'sim_1'
INFO: [USF-XSim-2] XSim::Compile design
INFO: [USF-XSim-61] Executing 'COMPILE and ANALYZE' step in 'C:/Hung/Viettel/Stage2/ML-KEM/ml_kem/ml_kem.sim/sim_1/behav/xsim'
"xvlog --incr --relax -prj tb_fpbu_vlog.prj"
INFO: [VRFC 10-2263] Analyzing Verilog file "C:/Hung/Viettel/Stage2/ML-KEM/NTT/BoothDecode.v" into library xil_defaultlib
INFO: [VRFC 10-311] analyzing module BoothDecode
INFO: [VRFC 10-2263] Analyzing Verilog file "C:/Hung/Viettel/Stage2/ML-KEM/NTT/barret.v" into library xil_defaultlib
INFO: [VRFC 10-311] analyzing module barret
INFO: [VRFC 10-2263] Analyzing Verilog file "C:/Hung/Viettel/Stage2/ML-KEM/NTT/bu_ntt.v" into library xil_defaultlib
INFO: [VRFC 10-311] analyzing module bu_ntt
INFO: [VRFC 10-2263] Analyzing Verilog file "C:/Hung/Viettel/Stage2/ML-KEM/NTT/mul.v" into library xil_defaultlib
INFO: [VRFC 10-311] analyzing module mul
INFO: [VRFC 10-2263] Analyzing Verilog file "C:/Hung/Viettel/Stage2/ML-KEM/NTT/tb_fpbu.v" into library xil_defaultlib
INFO: [VRFC 10-311] analyzing module tb_fpbu
INFO: [USF-XSim-69] 'compile' step finished in '1' seconds
Command: launch_simulation -step elaborate -simset sim_1 -mode behavioral
INFO: [Vivado 12-12493] Simulation top is 'tb_fpbu'
WARNING: [Vivado 12-13340] Unable to auto find GCC executables from simulator install path! (path not set)
WARNING: [Vivado 12-13277] Compiled library path does not exist: ''
INFO: [Vivado 12-5682] Launching behavioral simulation in 'C:/Hung/Viettel/Stage2/ML-KEM/ml_kem/ml_kem.sim/sim_1/behav/xsim'
INFO: [SIM-utils-51] Simulation object is 'sim_1'
INFO: [USF-XSim-3] XSim::Elaborate design
INFO: [USF-XSim-61] Executing 'ELABORATE' step in 'C:/Hung/Viettel/Stage2/ML-KEM/ml_kem/ml_kem.sim/sim_1/behav/xsim'
"xelab --incr --debug typical --relax --mt 2 -L xil_defaultlib -L unisims_ver -L unimacro_ver -L secureip -L xpm --snapshot tb_fpbu_behav xil_defaultlib.tb_fpbu xil_defaultlib.glbl -log elaborate.log"
Vivado Simulator v2022.2.2
Copyright 1986-1999, 2001-2022 Xilinx, Inc. All Rights Reserved.
Running: C:/Xilinx/Vivado/2022.2/bin/unwrapped/win64.o/xelab.exe --incr --debug typical --relax --mt 2 -L xil_defaultlib -L unisims_ver -L unimacro_ver -L secureip -L xpm --snapshot tb_fpbu_behav xil_defaultlib.tb_fpbu xil_defaultlib.glbl -log elaborate.log 
Using 2 slave threads.
Starting static elaboration
Pass Through NonSizing Optimizer
Completed static elaboration
Starting simulation data flow analysis
Completed simulation data flow analysis
Time Resolution for simulation is 1ps
Compiling module xil_defaultlib.barret
Compiling module xil_defaultlib.BoothDecode
Compiling module xil_defaultlib.mul_default
Compiling module xil_defaultlib.bu_ntt
Compiling module xil_defaultlib.tb_fpbu
Compiling module xil_defaultlib.glbl
Built simulation snapshot tb_fpbu_behav
INFO: [USF-XSim-69] 'elaborate' step finished in '2' seconds
Time resolution is 1 ps
Start simulation
$finish called at time : 3830 ns : File "C:/Hung/Viettel/Stage2/ML-KEM/NTT/tb_fpbu.v" Line 67
relaunch_sim: Time (s): cpu = 00:00:00 ; elapsed = 00:00:05 . Memory (MB): peak = 1546.492 ; gain = 0.000
relaunch_sim
Command: launch_simulation -step compile -simset sim_1 -mode behavioral
INFO: [Vivado 12-12493] Simulation top is 'tb_fpbu'
WARNING: [Vivado 12-13340] Unable to auto find GCC executables from simulator install path! (path not set)
WARNING: [Vivado 12-13277] Compiled library path does not exist: ''
INFO: [Vivado 12-5682] Launching behavioral simulation in 'C:/Hung/Viettel/Stage2/ML-KEM/ml_kem/ml_kem.sim/sim_1/behav/xsim'
INFO: [SIM-utils-51] Simulation object is 'sim_1'
INFO: [USF-XSim-2] XSim::Compile design
INFO: [USF-XSim-61] Executing 'COMPILE and ANALYZE' step in 'C:/Hung/Viettel/Stage2/ML-KEM/ml_kem/ml_kem.sim/sim_1/behav/xsim'
"xvlog --incr --relax -prj tb_fpbu_vlog.prj"
INFO: [VRFC 10-2263] Analyzing Verilog file "C:/Hung/Viettel/Stage2/ML-KEM/NTT/BoothDecode.v" into library xil_defaultlib
INFO: [VRFC 10-311] analyzing module BoothDecode
INFO: [VRFC 10-2263] Analyzing Verilog file "C:/Hung/Viettel/Stage2/ML-KEM/NTT/barret.v" into library xil_defaultlib
INFO: [VRFC 10-311] analyzing module barret
INFO: [VRFC 10-2263] Analyzing Verilog file "C:/Hung/Viettel/Stage2/ML-KEM/NTT/bu_ntt.v" into library xil_defaultlib
INFO: [VRFC 10-311] analyzing module bu_ntt
INFO: [VRFC 10-2263] Analyzing Verilog file "C:/Hung/Viettel/Stage2/ML-KEM/NTT/mul.v" into library xil_defaultlib
INFO: [VRFC 10-311] analyzing module mul
INFO: [VRFC 10-2263] Analyzing Verilog file "C:/Hung/Viettel/Stage2/ML-KEM/NTT/tb_fpbu.v" into library xil_defaultlib
INFO: [VRFC 10-311] analyzing module tb_fpbu
INFO: [USF-XSim-69] 'compile' step finished in '1' seconds
Command: launch_simulation -step elaborate -simset sim_1 -mode behavioral
INFO: [Vivado 12-12493] Simulation top is 'tb_fpbu'
WARNING: [Vivado 12-13340] Unable to auto find GCC executables from simulator install path! (path not set)
WARNING: [Vivado 12-13277] Compiled library path does not exist: ''
INFO: [Vivado 12-5682] Launching behavioral simulation in 'C:/Hung/Viettel/Stage2/ML-KEM/ml_kem/ml_kem.sim/sim_1/behav/xsim'
INFO: [SIM-utils-51] Simulation object is 'sim_1'
INFO: [USF-XSim-3] XSim::Elaborate design
INFO: [USF-XSim-61] Executing 'ELABORATE' step in 'C:/Hung/Viettel/Stage2/ML-KEM/ml_kem/ml_kem.sim/sim_1/behav/xsim'
"xelab --incr --debug typical --relax --mt 2 -L xil_defaultlib -L unisims_ver -L unimacro_ver -L secureip -L xpm --snapshot tb_fpbu_behav xil_defaultlib.tb_fpbu xil_defaultlib.glbl -log elaborate.log"
Vivado Simulator v2022.2.2
Copyright 1986-1999, 2001-2022 Xilinx, Inc. All Rights Reserved.
Running: C:/Xilinx/Vivado/2022.2/bin/unwrapped/win64.o/xelab.exe --incr --debug typical --relax --mt 2 -L xil_defaultlib -L unisims_ver -L unimacro_ver -L secureip -L xpm --snapshot tb_fpbu_behav xil_defaultlib.tb_fpbu xil_defaultlib.glbl -log elaborate.log 
Using 2 slave threads.
Starting static elaboration
Pass Through NonSizing Optimizer
Completed static elaboration
Starting simulation data flow analysis
Completed simulation data flow analysis
Time Resolution for simulation is 1ps
Compiling module xil_defaultlib.barret
Compiling module xil_defaultlib.BoothDecode
Compiling module xil_defaultlib.mul_default
Compiling module xil_defaultlib.bu_ntt
Compiling module xil_defaultlib.tb_fpbu
Compiling module xil_defaultlib.glbl
Built simulation snapshot tb_fpbu_behav
INFO: [USF-XSim-69] 'elaborate' step finished in '1' seconds
Time resolution is 1 ps
Start simulation
$finish called at time : 3830 ns : File "C:/Hung/Viettel/Stage2/ML-KEM/NTT/tb_fpbu.v" Line 67
relaunch_sim: Time (s): cpu = 00:00:01 ; elapsed = 00:00:05 . Memory (MB): peak = 1546.492 ; gain = 0.000
save_wave_config {C:/Hung/Viettel/Stage2/ML-KEM/ml_kem/tb_top_func_impl.wcfg}
save_wave_config {C:/Hung/Viettel/Stage2/ML-KEM/ml_kem/tb_top_func_impl.wcfg}
relaunch_sim
Command: launch_simulation -step compile -simset sim_1 -mode behavioral
INFO: [Vivado 12-12493] Simulation top is 'tb_fpbu'
WARNING: [Vivado 12-13340] Unable to auto find GCC executables from simulator install path! (path not set)
WARNING: [Vivado 12-13277] Compiled library path does not exist: ''
INFO: [Vivado 12-5682] Launching behavioral simulation in 'C:/Hung/Viettel/Stage2/ML-KEM/ml_kem/ml_kem.sim/sim_1/behav/xsim'
INFO: [SIM-utils-51] Simulation object is 'sim_1'
INFO: [USF-XSim-2] XSim::Compile design
INFO: [USF-XSim-61] Executing 'COMPILE and ANALYZE' step in 'C:/Hung/Viettel/Stage2/ML-KEM/ml_kem/ml_kem.sim/sim_1/behav/xsim'
"xvlog --incr --relax -prj tb_fpbu_vlog.prj"
INFO: [VRFC 10-2263] Analyzing Verilog file "C:/Hung/Viettel/Stage2/ML-KEM/NTT/BoothDecode.v" into library xil_defaultlib
INFO: [VRFC 10-311] analyzing module BoothDecode
INFO: [VRFC 10-2263] Analyzing Verilog file "C:/Hung/Viettel/Stage2/ML-KEM/NTT/barret.v" into library xil_defaultlib
INFO: [VRFC 10-311] analyzing module barret
INFO: [VRFC 10-2263] Analyzing Verilog file "C:/Hung/Viettel/Stage2/ML-KEM/NTT/bu_ntt.v" into library xil_defaultlib
INFO: [VRFC 10-311] analyzing module bu_ntt
INFO: [VRFC 10-2263] Analyzing Verilog file "C:/Hung/Viettel/Stage2/ML-KEM/NTT/mul.v" into library xil_defaultlib
INFO: [VRFC 10-311] analyzing module mul
INFO: [VRFC 10-2263] Analyzing Verilog file "C:/Hung/Viettel/Stage2/ML-KEM/NTT/tb_fpbu.v" into library xil_defaultlib
INFO: [VRFC 10-311] analyzing module tb_fpbu
INFO: [USF-XSim-69] 'compile' step finished in '2' seconds
Command: launch_simulation -step elaborate -simset sim_1 -mode behavioral
INFO: [Vivado 12-12493] Simulation top is 'tb_fpbu'
WARNING: [Vivado 12-13340] Unable to auto find GCC executables from simulator install path! (path not set)
WARNING: [Vivado 12-13277] Compiled library path does not exist: ''
INFO: [Vivado 12-5682] Launching behavioral simulation in 'C:/Hung/Viettel/Stage2/ML-KEM/ml_kem/ml_kem.sim/sim_1/behav/xsim'
INFO: [SIM-utils-51] Simulation object is 'sim_1'
INFO: [USF-XSim-3] XSim::Elaborate design
INFO: [USF-XSim-61] Executing 'ELABORATE' step in 'C:/Hung/Viettel/Stage2/ML-KEM/ml_kem/ml_kem.sim/sim_1/behav/xsim'
"xelab --incr --debug typical --relax --mt 2 -L xil_defaultlib -L unisims_ver -L unimacro_ver -L secureip -L xpm --snapshot tb_fpbu_behav xil_defaultlib.tb_fpbu xil_defaultlib.glbl -log elaborate.log"
Vivado Simulator v2022.2.2
Copyright 1986-1999, 2001-2022 Xilinx, Inc. All Rights Reserved.
Running: C:/Xilinx/Vivado/2022.2/bin/unwrapped/win64.o/xelab.exe --incr --debug typical --relax --mt 2 -L xil_defaultlib -L unisims_ver -L unimacro_ver -L secureip -L xpm --snapshot tb_fpbu_behav xil_defaultlib.tb_fpbu xil_defaultlib.glbl -log elaborate.log 
Using 2 slave threads.
Starting static elaboration
Pass Through NonSizing Optimizer
Completed static elaboration
Starting simulation data flow analysis
Completed simulation data flow analysis
Time Resolution for simulation is 1ps
Compiling module xil_defaultlib.barret
Compiling module xil_defaultlib.BoothDecode
Compiling module xil_defaultlib.mul_default
Compiling module xil_defaultlib.bu_intt
Compiling module xil_defaultlib.tb_fpbu
Compiling module xil_defaultlib.glbl
Built simulation snapshot tb_fpbu_behav
INFO: [USF-XSim-69] 'elaborate' step finished in '2' seconds
Time resolution is 1 ps
Start simulation
$finish called at time : 3830 ns : File "C:/Hung/Viettel/Stage2/ML-KEM/NTT/tb_fpbu.v" Line 67
relaunch_sim: Time (s): cpu = 00:00:01 ; elapsed = 00:00:05 . Memory (MB): peak = 2012.855 ; gain = 0.000
relaunch_sim
Command: launch_simulation -step compile -simset sim_1 -mode behavioral
INFO: [Vivado 12-12493] Simulation top is 'tb_fpbu'
WARNING: [Vivado 12-13340] Unable to auto find GCC executables from simulator install path! (path not set)
WARNING: [Vivado 12-13277] Compiled library path does not exist: ''
INFO: [Vivado 12-5682] Launching behavioral simulation in 'C:/Hung/Viettel/Stage2/ML-KEM/ml_kem/ml_kem.sim/sim_1/behav/xsim'
INFO: [SIM-utils-51] Simulation object is 'sim_1'
INFO: [USF-XSim-2] XSim::Compile design
INFO: [USF-XSim-61] Executing 'COMPILE and ANALYZE' step in 'C:/Hung/Viettel/Stage2/ML-KEM/ml_kem/ml_kem.sim/sim_1/behav/xsim'
"xvlog --incr --relax -prj tb_fpbu_vlog.prj"
INFO: [VRFC 10-2263] Analyzing Verilog file "C:/Hung/Viettel/Stage2/ML-KEM/NTT/BoothDecode.v" into library xil_defaultlib
INFO: [VRFC 10-311] analyzing module BoothDecode
INFO: [VRFC 10-2263] Analyzing Verilog file "C:/Hung/Viettel/Stage2/ML-KEM/NTT/barret.v" into library xil_defaultlib
INFO: [VRFC 10-311] analyzing module barret
INFO: [VRFC 10-2263] Analyzing Verilog file "C:/Hung/Viettel/Stage2/ML-KEM/NTT/bu_ntt.v" into library xil_defaultlib
INFO: [VRFC 10-311] analyzing module bu_ntt
INFO: [VRFC 10-2263] Analyzing Verilog file "C:/Hung/Viettel/Stage2/ML-KEM/NTT/mul.v" into library xil_defaultlib
INFO: [VRFC 10-311] analyzing module mul
INFO: [VRFC 10-2263] Analyzing Verilog file "C:/Hung/Viettel/Stage2/ML-KEM/NTT/tb_fpbu.v" into library xil_defaultlib
INFO: [VRFC 10-311] analyzing module tb_fpbu
INFO: [USF-XSim-69] 'compile' step finished in '1' seconds
Command: launch_simulation -step elaborate -simset sim_1 -mode behavioral
INFO: [Vivado 12-12493] Simulation top is 'tb_fpbu'
WARNING: [Vivado 12-13340] Unable to auto find GCC executables from simulator install path! (path not set)
WARNING: [Vivado 12-13277] Compiled library path does not exist: ''
INFO: [Vivado 12-5682] Launching behavioral simulation in 'C:/Hung/Viettel/Stage2/ML-KEM/ml_kem/ml_kem.sim/sim_1/behav/xsim'
INFO: [SIM-utils-51] Simulation object is 'sim_1'
INFO: [USF-XSim-3] XSim::Elaborate design
INFO: [USF-XSim-61] Executing 'ELABORATE' step in 'C:/Hung/Viettel/Stage2/ML-KEM/ml_kem/ml_kem.sim/sim_1/behav/xsim'
"xelab --incr --debug typical --relax --mt 2 -L xil_defaultlib -L unisims_ver -L unimacro_ver -L secureip -L xpm --snapshot tb_fpbu_behav xil_defaultlib.tb_fpbu xil_defaultlib.glbl -log elaborate.log"
Vivado Simulator v2022.2.2
Copyright 1986-1999, 2001-2022 Xilinx, Inc. All Rights Reserved.
Running: C:/Xilinx/Vivado/2022.2/bin/unwrapped/win64.o/xelab.exe --incr --debug typical --relax --mt 2 -L xil_defaultlib -L unisims_ver -L unimacro_ver -L secureip -L xpm --snapshot tb_fpbu_behav xil_defaultlib.tb_fpbu xil_defaultlib.glbl -log elaborate.log 
Using 2 slave threads.
Starting static elaboration
Pass Through NonSizing Optimizer
Completed static elaboration
Starting simulation data flow analysis
Completed simulation data flow analysis
Time Resolution for simulation is 1ps
Compiling module xil_defaultlib.barret
Compiling module xil_defaultlib.BoothDecode
Compiling module xil_defaultlib.mul_default
Compiling module xil_defaultlib.bu_intt
Compiling module xil_defaultlib.tb_fpbu
Compiling module xil_defaultlib.glbl
Built simulation snapshot tb_fpbu_behav
INFO: [USF-XSim-69] 'elaborate' step finished in '2' seconds
Time resolution is 1 ps
Start simulation
$finish called at time : 3830 ns : File "C:/Hung/Viettel/Stage2/ML-KEM/NTT/tb_fpbu.v" Line 67
relaunch_sim
Command: launch_simulation -step compile -simset sim_1 -mode behavioral
INFO: [Vivado 12-12493] Simulation top is 'tb_fpbu'
WARNING: [Vivado 12-13340] Unable to auto find GCC executables from simulator install path! (path not set)
WARNING: [Vivado 12-13277] Compiled library path does not exist: ''
INFO: [Vivado 12-5682] Launching behavioral simulation in 'C:/Hung/Viettel/Stage2/ML-KEM/ml_kem/ml_kem.sim/sim_1/behav/xsim'
INFO: [SIM-utils-51] Simulation object is 'sim_1'
INFO: [USF-XSim-2] XSim::Compile design
INFO: [USF-XSim-61] Executing 'COMPILE and ANALYZE' step in 'C:/Hung/Viettel/Stage2/ML-KEM/ml_kem/ml_kem.sim/sim_1/behav/xsim'
"xvlog --incr --relax -prj tb_fpbu_vlog.prj"
INFO: [USF-XSim-69] 'compile' step finished in '1' seconds
Command: launch_simulation -step elaborate -simset sim_1 -mode behavioral
INFO: [Vivado 12-12493] Simulation top is 'tb_fpbu'
WARNING: [Vivado 12-13340] Unable to auto find GCC executables from simulator install path! (path not set)
WARNING: [Vivado 12-13277] Compiled library path does not exist: ''
INFO: [Vivado 12-5682] Launching behavioral simulation in 'C:/Hung/Viettel/Stage2/ML-KEM/ml_kem/ml_kem.sim/sim_1/behav/xsim'
INFO: [SIM-utils-51] Simulation object is 'sim_1'
INFO: [USF-XSim-3] XSim::Elaborate design
INFO: [USF-XSim-61] Executing 'ELABORATE' step in 'C:/Hung/Viettel/Stage2/ML-KEM/ml_kem/ml_kem.sim/sim_1/behav/xsim'
"xelab --incr --debug typical --relax --mt 2 -L xil_defaultlib -L unisims_ver -L unimacro_ver -L secureip -L xpm --snapshot tb_fpbu_behav xil_defaultlib.tb_fpbu xil_defaultlib.glbl -log elaborate.log"
Vivado Simulator v2022.2.2
Copyright 1986-1999, 2001-2022 Xilinx, Inc. All Rights Reserved.
Running: C:/Xilinx/Vivado/2022.2/bin/unwrapped/win64.o/xelab.exe --incr --debug typical --relax --mt 2 -L xil_defaultlib -L unisims_ver -L unimacro_ver -L secureip -L xpm --snapshot tb_fpbu_behav xil_defaultlib.tb_fpbu xil_defaultlib.glbl -log elaborate.log 
Using 2 slave threads.
Starting static elaboration
Pass Through NonSizing Optimizer
Completed static elaboration
INFO: [XSIM 43-4323] No Change in HDL. Linking previously generated obj files to create kernel
INFO: [USF-XSim-69] 'elaborate' step finished in '2' seconds
Time resolution is 1 ps
Start simulation
$finish called at time : 3830 ns : File "C:/Hung/Viettel/Stage2/ML-KEM/NTT/tb_fpbu.v" Line 67
close_sim
INFO: [Simtcl 6-16] Simulation closed
set_property top tb_top [get_filesets sim_1]
set_property top_lib xil_defaultlib [get_filesets sim_1]
update_compile_order -fileset sim_1
launch_simulation
Command: launch_simulation 
INFO: [Vivado 12-12493] Simulation top is 'tb_top'
WARNING: [Vivado 12-13340] Unable to auto find GCC executables from simulator install path! (path not set)
WARNING: [Vivado 12-13277] Compiled library path does not exist: ''
INFO: [Vivado 12-5682] Launching behavioral simulation in 'C:/Hung/Viettel/Stage2/ML-KEM/ml_kem/ml_kem.sim/sim_1/behav/xsim'
INFO: [SIM-utils-51] Simulation object is 'sim_1'
INFO: [SIM-utils-72] Using boost library from 'C:/Xilinx/Vivado/2022.2/tps/boost_1_72_0'
INFO: [USF-XSim-7] Finding pre-compiled libraries...
INFO: [USF-XSim-11] File 'C:/Xilinx/Vivado/2022.2/data/xsim/xsim.ini' copied to run dir:'C:/Hung/Viettel/Stage2/ML-KEM/ml_kem/ml_kem.sim/sim_1/behav/xsim'
INFO: [SIM-utils-54] Inspecting design source files for 'tb_top' in fileset 'sim_1'...
INFO: [USF-XSim-97] Finding global include files...
INFO: [USF-XSim-98] Fetching design files from 'sim_1'...
INFO: [USF-XSim-2] XSim::Compile design
INFO: [USF-XSim-61] Executing 'COMPILE and ANALYZE' step in 'C:/Hung/Viettel/Stage2/ML-KEM/ml_kem/ml_kem.sim/sim_1/behav/xsim'
"xvlog --incr --relax -prj tb_top_vlog.prj"
INFO: [VRFC 10-2263] Analyzing Verilog file "C:/Hung/Viettel/Stage2/ML-KEM/NTT/AddressGenerator.v" into library xil_defaultlib
INFO: [VRFC 10-311] analyzing module AddressGenerator
INFO: [VRFC 10-2263] Analyzing Verilog file "C:/Hung/Viettel/Stage2/ML-KEM/NTT/BoothDecode.v" into library xil_defaultlib
INFO: [VRFC 10-311] analyzing module BoothDecode
INFO: [VRFC 10-2263] Analyzing Verilog file "C:/Hung/Viettel/Stage2/ML-KEM/NTT/MyBootRom.v" into library xil_defaultlib
INFO: [VRFC 10-311] analyzing module MyBootROM
INFO: [VRFC 10-2263] Analyzing Verilog file "C:/Hung/Viettel/Stage2/ML-KEM/NTT/barret.v" into library xil_defaultlib
INFO: [VRFC 10-311] analyzing module barret
INFO: [VRFC 10-2263] Analyzing Verilog file "C:/Hung/Viettel/Stage2/ML-KEM/NTT/bu_intt.v" into library xil_defaultlib
INFO: [VRFC 10-311] analyzing module bu_intt
INFO: [VRFC 10-2263] Analyzing Verilog file "C:/Hung/Viettel/Stage2/ML-KEM/NTT/bu_ntt.v" into library xil_defaultlib
INFO: [VRFC 10-311] analyzing module bu_ntt
INFO: [VRFC 10-2263] Analyzing Verilog file "C:/Hung/Viettel/Stage2/ML-KEM/NTT/mul.v" into library xil_defaultlib
INFO: [VRFC 10-311] analyzing module mul
INFO: [VRFC 10-2263] Analyzing Verilog file "C:/Hung/Viettel/Stage2/ML-KEM/NTT/top.v" into library xil_defaultlib
INFO: [VRFC 10-311] analyzing module top
ERROR: [VRFC 10-2989] 'toggle' is not declared [C:/Hung/Viettel/Stage2/ML-KEM/NTT/top.v:57]
ERROR: [VRFC 10-2989] 'toggle' is not declared [C:/Hung/Viettel/Stage2/ML-KEM/NTT/top.v:65]
ERROR: [VRFC 10-2989] 'toggle' is not declared [C:/Hung/Viettel/Stage2/ML-KEM/NTT/top.v:73]
ERROR: [VRFC 10-2989] 'toggle' is not declared [C:/Hung/Viettel/Stage2/ML-KEM/NTT/top.v:78]
ERROR: [VRFC 10-2989] 'toggle' is not declared [C:/Hung/Viettel/Stage2/ML-KEM/NTT/top.v:86]
ERROR: [VRFC 10-2989] 'hold_addra' is not declared [C:/Hung/Viettel/Stage2/ML-KEM/NTT/top.v:126]
ERROR: [VRFC 10-2989] 'hold_addrb' is not declared [C:/Hung/Viettel/Stage2/ML-KEM/NTT/top.v:127]
ERROR: [VRFC 10-1280] procedural assignment to a non-register hold_addrtw is not permitted, left-hand side should be reg/integer/time/genvar [C:/Hung/Viettel/Stage2/ML-KEM/NTT/top.v:134]
ERROR: [VRFC 10-1280] procedural assignment to a non-register hold_addrtw is not permitted, left-hand side should be reg/integer/time/genvar [C:/Hung/Viettel/Stage2/ML-KEM/NTT/top.v:141]
ERROR: [VRFC 10-2989] 'hold_addra' is not declared [C:/Hung/Viettel/Stage2/ML-KEM/NTT/top.v:143]
ERROR: [VRFC 10-2989] 'hold_addrb' is not declared [C:/Hung/Viettel/Stage2/ML-KEM/NTT/top.v:144]
ERROR: [VRFC 10-2989] 'hold_addra' is not declared [C:/Hung/Viettel/Stage2/ML-KEM/NTT/top.v:146]
ERROR: [VRFC 10-2989] 'hold_addrb' is not declared [C:/Hung/Viettel/Stage2/ML-KEM/NTT/top.v:147]
ERROR: [VRFC 10-2989] 'hold_addra' is not declared [C:/Hung/Viettel/Stage2/ML-KEM/NTT/top.v:149]
ERROR: [VRFC 10-2989] 'hold_addrb' is not declared [C:/Hung/Viettel/Stage2/ML-KEM/NTT/top.v:150]
ERROR: [VRFC 10-2989] 'hold_addra' is not declared [C:/Hung/Viettel/Stage2/ML-KEM/NTT/top.v:152]
ERROR: [VRFC 10-2989] 'hold_addrb' is not declared [C:/Hung/Viettel/Stage2/ML-KEM/NTT/top.v:153]
ERROR: [VRFC 10-2989] 'hold_addra' is not declared [C:/Hung/Viettel/Stage2/ML-KEM/NTT/top.v:155]
ERROR: [VRFC 10-2989] 'hold_addrb' is not declared [C:/Hung/Viettel/Stage2/ML-KEM/NTT/top.v:156]
INFO: [#UNDEF] Sorry, too many errors..
INFO: [USF-XSim-69] 'compile' step finished in '2' seconds
INFO: [USF-XSim-99] Step results log file:'C:/Hung/Viettel/Stage2/ML-KEM/ml_kem/ml_kem.sim/sim_1/behav/xsim/xvlog.log'
ERROR: [USF-XSim-62] 'compile' step failed with error(s). Please check the Tcl console output or 'C:/Hung/Viettel/Stage2/ML-KEM/ml_kem/ml_kem.sim/sim_1/behav/xsim/xvlog.log' file for more information.
ERROR: [Vivado 12-4473] Detected error while running simulation. Please correct the issue and retry this operation.
ERROR: [Common 17-39] 'launch_simulation' failed due to earlier errors.
update_compile_order -fileset sources_1
update_compile_order -fileset sources_1
update_compile_order -fileset sources_1
launch_simulation
Command: launch_simulation 
INFO: [Vivado 12-12493] Simulation top is 'tb_top'
WARNING: [Vivado 12-13340] Unable to auto find GCC executables from simulator install path! (path not set)
WARNING: [Vivado 12-13277] Compiled library path does not exist: ''
INFO: [Vivado 12-5682] Launching behavioral simulation in 'C:/Hung/Viettel/Stage2/ML-KEM/ml_kem/ml_kem.sim/sim_1/behav/xsim'
INFO: [SIM-utils-51] Simulation object is 'sim_1'
INFO: [SIM-utils-72] Using boost library from 'C:/Xilinx/Vivado/2022.2/tps/boost_1_72_0'
INFO: [USF-XSim-7] Finding pre-compiled libraries...
INFO: [USF-XSim-11] File 'C:/Xilinx/Vivado/2022.2/data/xsim/xsim.ini' copied to run dir:'C:/Hung/Viettel/Stage2/ML-KEM/ml_kem/ml_kem.sim/sim_1/behav/xsim'
INFO: [SIM-utils-54] Inspecting design source files for 'tb_top' in fileset 'sim_1'...
INFO: [USF-XSim-97] Finding global include files...
INFO: [USF-XSim-98] Fetching design files from 'sim_1'...
INFO: [USF-XSim-2] XSim::Compile design
INFO: [USF-XSim-61] Executing 'COMPILE and ANALYZE' step in 'C:/Hung/Viettel/Stage2/ML-KEM/ml_kem/ml_kem.sim/sim_1/behav/xsim'
"xvlog --incr --relax -prj tb_top_vlog.prj"
INFO: [VRFC 10-2263] Analyzing Verilog file "C:/Hung/Viettel/Stage2/ML-KEM/NTT/AddressGenerator.v" into library xil_defaultlib
INFO: [VRFC 10-311] analyzing module AddressGenerator
INFO: [VRFC 10-2263] Analyzing Verilog file "C:/Hung/Viettel/Stage2/ML-KEM/NTT/MyBootRom.v" into library xil_defaultlib
INFO: [VRFC 10-311] analyzing module MyBootROM
INFO: [VRFC 10-2263] Analyzing Verilog file "C:/Hung/Viettel/Stage2/ML-KEM/NTT/top.v" into library xil_defaultlib
INFO: [VRFC 10-311] analyzing module top
INFO: [VRFC 10-2263] Analyzing Verilog file "C:/Hung/Viettel/Stage2/ML-KEM/NTT/tb_top.v" into library xil_defaultlib
INFO: [VRFC 10-311] analyzing module tb_top
INFO: [USF-XSim-69] 'compile' step finished in '1' seconds
INFO: [USF-XSim-3] XSim::Elaborate design
INFO: [USF-XSim-61] Executing 'ELABORATE' step in 'C:/Hung/Viettel/Stage2/ML-KEM/ml_kem/ml_kem.sim/sim_1/behav/xsim'
"xelab --incr --debug typical --relax --mt 2 -L xil_defaultlib -L unisims_ver -L unimacro_ver -L secureip -L xpm --snapshot tb_top_behav xil_defaultlib.tb_top xil_defaultlib.glbl -log elaborate.log"
Vivado Simulator v2022.2.2
Copyright 1986-1999, 2001-2022 Xilinx, Inc. All Rights Reserved.
Running: C:/Xilinx/Vivado/2022.2/bin/unwrapped/win64.o/xelab.exe --incr --debug typical --relax --mt 2 -L xil_defaultlib -L unisims_ver -L unimacro_ver -L secureip -L xpm --snapshot tb_top_behav xil_defaultlib.tb_top xil_defaultlib.glbl -log elaborate.log 
Using 2 slave threads.
Starting static elaboration
Pass Through NonSizing Optimizer
ERROR: [VRFC 10-3180] cannot find port 'check_toggle' on this module [C:/Hung/Viettel/Stage2/ML-KEM/NTT/tb_top.v:62]
ERROR: [VRFC 10-3180] cannot find port 'check_write' on this module [C:/Hung/Viettel/Stage2/ML-KEM/NTT/tb_top.v:61]
ERROR: [VRFC 10-3180] cannot find port 'check_counter' on this module [C:/Hung/Viettel/Stage2/ML-KEM/NTT/tb_top.v:60]
ERROR: [VRFC 10-3180] cannot find port 'check_mul' on this module [C:/Hung/Viettel/Stage2/ML-KEM/NTT/tb_top.v:59]
ERROR: [VRFC 10-3180] cannot find port 'barret3' on this module [C:/Hung/Viettel/Stage2/ML-KEM/NTT/tb_top.v:58]
ERROR: [VRFC 10-3180] cannot find port 'barret2' on this module [C:/Hung/Viettel/Stage2/ML-KEM/NTT/tb_top.v:57]
ERROR: [VRFC 10-3180] cannot find port 'barret1' on this module [C:/Hung/Viettel/Stage2/ML-KEM/NTT/tb_top.v:56]
ERROR: [VRFC 10-3180] cannot find port 'out_jl' on this module [C:/Hung/Viettel/Stage2/ML-KEM/NTT/tb_top.v:55]
ERROR: [VRFC 10-3180] cannot find port 'out_j' on this module [C:/Hung/Viettel/Stage2/ML-KEM/NTT/tb_top.v:54]
ERROR: [VRFC 10-3180] cannot find port 'ozeta' on this module [C:/Hung/Viettel/Stage2/ML-KEM/NTT/tb_top.v:53]
ERROR: [VRFC 10-3180] cannot find port 'bout1' on this module [C:/Hung/Viettel/Stage2/ML-KEM/NTT/tb_top.v:52]
ERROR: [VRFC 10-3180] cannot find port 'bout0' on this module [C:/Hung/Viettel/Stage2/ML-KEM/NTT/tb_top.v:51]
ERROR: [VRFC 10-3180] cannot find port 'bin1' on this module [C:/Hung/Viettel/Stage2/ML-KEM/NTT/tb_top.v:50]
ERROR: [VRFC 10-3180] cannot find port 'bin0' on this module [C:/Hung/Viettel/Stage2/ML-KEM/NTT/tb_top.v:49]
ERROR: [VRFC 10-3180] cannot find port 'oaddr1' on this module [C:/Hung/Viettel/Stage2/ML-KEM/NTT/tb_top.v:48]
ERROR: [VRFC 10-3180] cannot find port 'oaddr0' on this module [C:/Hung/Viettel/Stage2/ML-KEM/NTT/tb_top.v:47]
ERROR: [VRFC 10-3180] cannot find port 'addr1' on this module [C:/Hung/Viettel/Stage2/ML-KEM/NTT/tb_top.v:45]
ERROR: [VRFC 10-3180] cannot find port 'addr0' on this module [C:/Hung/Viettel/Stage2/ML-KEM/NTT/tb_top.v:44]
ERROR: [VRFC 10-3180] cannot find port 'out1' on this module [C:/Hung/Viettel/Stage2/ML-KEM/NTT/tb_top.v:43]
INFO: [#UNDEF] Sorry, too many errors..
ERROR: [XSIM 43-3322] Static elaboration of top level Verilog design unit(s) in library work failed.
INFO: [USF-XSim-69] 'elaborate' step finished in '2' seconds
INFO: [USF-XSim-99] Step results log file:'C:/Hung/Viettel/Stage2/ML-KEM/ml_kem/ml_kem.sim/sim_1/behav/xsim/elaborate.log'
ERROR: [USF-XSim-62] 'elaborate' step failed with error(s). Please check the Tcl console output or 'C:/Hung/Viettel/Stage2/ML-KEM/ml_kem/ml_kem.sim/sim_1/behav/xsim/elaborate.log' file for more information.
ERROR: [Vivado 12-4473] Detected error while running simulation. Please correct the issue and retry this operation.
ERROR: [Common 17-39] 'launch_simulation' failed due to earlier errors.
launch_simulation
Command: launch_simulation 
INFO: [Vivado 12-12493] Simulation top is 'tb_top'
WARNING: [Vivado 12-13340] Unable to auto find GCC executables from simulator install path! (path not set)
WARNING: [Vivado 12-13277] Compiled library path does not exist: ''
INFO: [Vivado 12-5682] Launching behavioral simulation in 'C:/Hung/Viettel/Stage2/ML-KEM/ml_kem/ml_kem.sim/sim_1/behav/xsim'
INFO: [SIM-utils-51] Simulation object is 'sim_1'
INFO: [SIM-utils-72] Using boost library from 'C:/Xilinx/Vivado/2022.2/tps/boost_1_72_0'
INFO: [USF-XSim-7] Finding pre-compiled libraries...
INFO: [USF-XSim-11] File 'C:/Xilinx/Vivado/2022.2/data/xsim/xsim.ini' copied to run dir:'C:/Hung/Viettel/Stage2/ML-KEM/ml_kem/ml_kem.sim/sim_1/behav/xsim'
INFO: [SIM-utils-54] Inspecting design source files for 'tb_top' in fileset 'sim_1'...
INFO: [USF-XSim-97] Finding global include files...
INFO: [USF-XSim-98] Fetching design files from 'sim_1'...
INFO: [USF-XSim-2] XSim::Compile design
INFO: [USF-XSim-61] Executing 'COMPILE and ANALYZE' step in 'C:/Hung/Viettel/Stage2/ML-KEM/ml_kem/ml_kem.sim/sim_1/behav/xsim'
"xvlog --incr --relax -prj tb_top_vlog.prj"
INFO: [VRFC 10-2263] Analyzing Verilog file "C:/Hung/Viettel/Stage2/ML-KEM/NTT/AddressGenerator.v" into library xil_defaultlib
INFO: [VRFC 10-311] analyzing module AddressGenerator
INFO: [VRFC 10-2263] Analyzing Verilog file "C:/Hung/Viettel/Stage2/ML-KEM/NTT/MyBootRom.v" into library xil_defaultlib
INFO: [VRFC 10-311] analyzing module MyBootROM
INFO: [VRFC 10-2263] Analyzing Verilog file "C:/Hung/Viettel/Stage2/ML-KEM/NTT/top.v" into library xil_defaultlib
INFO: [VRFC 10-311] analyzing module top
INFO: [VRFC 10-2263] Analyzing Verilog file "C:/Hung/Viettel/Stage2/ML-KEM/NTT/tb_top.v" into library xil_defaultlib
INFO: [VRFC 10-311] analyzing module tb_top
INFO: [USF-XSim-69] 'compile' step finished in '2' seconds
INFO: [USF-XSim-3] XSim::Elaborate design
INFO: [USF-XSim-61] Executing 'ELABORATE' step in 'C:/Hung/Viettel/Stage2/ML-KEM/ml_kem/ml_kem.sim/sim_1/behav/xsim'
"xelab --incr --debug typical --relax --mt 2 -L xil_defaultlib -L unisims_ver -L unimacro_ver -L secureip -L xpm --snapshot tb_top_behav xil_defaultlib.tb_top xil_defaultlib.glbl -log elaborate.log"
Vivado Simulator v2022.2.2
Copyright 1986-1999, 2001-2022 Xilinx, Inc. All Rights Reserved.
Running: C:/Xilinx/Vivado/2022.2/bin/unwrapped/win64.o/xelab.exe --incr --debug typical --relax --mt 2 -L xil_defaultlib -L unisims_ver -L unimacro_ver -L secureip -L xpm --snapshot tb_top_behav xil_defaultlib.tb_top xil_defaultlib.glbl -log elaborate.log 
Using 2 slave threads.
Starting static elaboration
Pass Through NonSizing Optimizer
ERROR: [VRFC 10-2063] Module <Mem> not found while processing module instance <mem_inst> [C:/Hung/Viettel/Stage2/ML-KEM/NTT/top.v:239]
ERROR: [XSIM 43-3322] Static elaboration of top level Verilog design unit(s) in library work failed.
INFO: [USF-XSim-69] 'elaborate' step finished in '1' seconds
INFO: [USF-XSim-99] Step results log file:'C:/Hung/Viettel/Stage2/ML-KEM/ml_kem/ml_kem.sim/sim_1/behav/xsim/elaborate.log'
ERROR: [USF-XSim-62] 'elaborate' step failed with error(s). Please check the Tcl console output or 'C:/Hung/Viettel/Stage2/ML-KEM/ml_kem/ml_kem.sim/sim_1/behav/xsim/elaborate.log' file for more information.
ERROR: [Vivado 12-4473] Detected error while running simulation. Please correct the issue and retry this operation.
ERROR: [Common 17-39] 'launch_simulation' failed due to earlier errors.
add_files -norecurse C:/Hung/Viettel/Stage2/ML-KEM/NTT/Mem.v
update_compile_order -fileset sources_1
launch_simulation
Command: launch_simulation 
INFO: [Vivado 12-12493] Simulation top is 'tb_top'
WARNING: [Vivado 12-13340] Unable to auto find GCC executables from simulator install path! (path not set)
WARNING: [Vivado 12-13277] Compiled library path does not exist: ''
INFO: [Vivado 12-5682] Launching behavioral simulation in 'C:/Hung/Viettel/Stage2/ML-KEM/ml_kem/ml_kem.sim/sim_1/behav/xsim'
INFO: [SIM-utils-51] Simulation object is 'sim_1'
INFO: [SIM-utils-72] Using boost library from 'C:/Xilinx/Vivado/2022.2/tps/boost_1_72_0'
INFO: [USF-XSim-7] Finding pre-compiled libraries...
INFO: [USF-XSim-11] File 'C:/Xilinx/Vivado/2022.2/data/xsim/xsim.ini' copied to run dir:'C:/Hung/Viettel/Stage2/ML-KEM/ml_kem/ml_kem.sim/sim_1/behav/xsim'
INFO: [SIM-utils-54] Inspecting design source files for 'tb_top' in fileset 'sim_1'...
INFO: [USF-XSim-97] Finding global include files...
INFO: [USF-XSim-98] Fetching design files from 'sim_1'...
INFO: [USF-XSim-2] XSim::Compile design
INFO: [USF-XSim-61] Executing 'COMPILE and ANALYZE' step in 'C:/Hung/Viettel/Stage2/ML-KEM/ml_kem/ml_kem.sim/sim_1/behav/xsim'
"xvlog --incr --relax -prj tb_top_vlog.prj"
INFO: [VRFC 10-2263] Analyzing Verilog file "C:/Hung/Viettel/Stage2/ML-KEM/NTT/AddressGenerator.v" into library xil_defaultlib
INFO: [VRFC 10-311] analyzing module AddressGenerator
INFO: [VRFC 10-2263] Analyzing Verilog file "C:/Hung/Viettel/Stage2/ML-KEM/NTT/Mem.v" into library xil_defaultlib
INFO: [VRFC 10-311] analyzing module Mem
ERROR: [VRFC 10-8885] declarations are not allowed in an unnamed block [C:/Hung/Viettel/Stage2/ML-KEM/NTT/Mem.v:15]
ERROR: [VRFC 10-8530] module 'Mem' is ignored due to previous errors [C:/Hung/Viettel/Stage2/ML-KEM/NTT/Mem.v:1]
INFO: [USF-XSim-69] 'compile' step finished in '1' seconds
INFO: [USF-XSim-99] Step results log file:'C:/Hung/Viettel/Stage2/ML-KEM/ml_kem/ml_kem.sim/sim_1/behav/xsim/xvlog.log'
ERROR: [USF-XSim-62] 'compile' step failed with error(s). Please check the Tcl console output or 'C:/Hung/Viettel/Stage2/ML-KEM/ml_kem/ml_kem.sim/sim_1/behav/xsim/xvlog.log' file for more information.
ERROR: [Vivado 12-4473] Detected error while running simulation. Please correct the issue and retry this operation.
ERROR: [Common 17-39] 'launch_simulation' failed due to earlier errors.
update_compile_order -fileset sources_1
update_compile_order -fileset sources_1
export_ip_user_files -of_objects  [get_files C:/Hung/Viettel/Stage2/ML-KEM/NTT/Mem.v] -no_script -reset -force -quiet
remove_files  C:/Hung/Viettel/Stage2/ML-KEM/NTT/Mem.v
add_files -norecurse C:/Hung/Viettel/Stage2/ML-KEM/NTT/MyMem.v
update_compile_order -fileset sources_1
launch_simulation
Command: launch_simulation 
INFO: [Vivado 12-12493] Simulation top is 'tb_top'
WARNING: [Vivado 12-13340] Unable to auto find GCC executables from simulator install path! (path not set)
WARNING: [Vivado 12-13277] Compiled library path does not exist: ''
INFO: [Vivado 12-5682] Launching behavioral simulation in 'C:/Hung/Viettel/Stage2/ML-KEM/ml_kem/ml_kem.sim/sim_1/behav/xsim'
INFO: [SIM-utils-51] Simulation object is 'sim_1'
INFO: [SIM-utils-72] Using boost library from 'C:/Xilinx/Vivado/2022.2/tps/boost_1_72_0'
INFO: [USF-XSim-7] Finding pre-compiled libraries...
INFO: [USF-XSim-11] File 'C:/Xilinx/Vivado/2022.2/data/xsim/xsim.ini' copied to run dir:'C:/Hung/Viettel/Stage2/ML-KEM/ml_kem/ml_kem.sim/sim_1/behav/xsim'
INFO: [SIM-utils-54] Inspecting design source files for 'tb_top' in fileset 'sim_1'...
INFO: [USF-XSim-97] Finding global include files...
INFO: [USF-XSim-98] Fetching design files from 'sim_1'...
INFO: [USF-XSim-2] XSim::Compile design
INFO: [USF-XSim-61] Executing 'COMPILE and ANALYZE' step in 'C:/Hung/Viettel/Stage2/ML-KEM/ml_kem/ml_kem.sim/sim_1/behav/xsim'
"xvlog --incr --relax -prj tb_top_vlog.prj"
INFO: [VRFC 10-2263] Analyzing Verilog file "C:/Hung/Viettel/Stage2/ML-KEM/NTT/AddressGenerator.v" into library xil_defaultlib
INFO: [VRFC 10-311] analyzing module AddressGenerator
INFO: [VRFC 10-2263] Analyzing Verilog file "C:/Hung/Viettel/Stage2/ML-KEM/NTT/MyBootRom.v" into library xil_defaultlib
INFO: [VRFC 10-311] analyzing module MyBootROM
INFO: [VRFC 10-2263] Analyzing Verilog file "C:/Hung/Viettel/Stage2/ML-KEM/NTT/MyMem.v" into library xil_defaultlib
INFO: [VRFC 10-311] analyzing module MyMem
ERROR: [VRFC 10-8885] declarations are not allowed in an unnamed block [C:/Hung/Viettel/Stage2/ML-KEM/NTT/MyMem.v:15]
ERROR: [VRFC 10-8530] module 'MyMem' is ignored due to previous errors [C:/Hung/Viettel/Stage2/ML-KEM/NTT/MyMem.v:1]
INFO: [USF-XSim-69] 'compile' step finished in '2' seconds
INFO: [USF-XSim-99] Step results log file:'C:/Hung/Viettel/Stage2/ML-KEM/ml_kem/ml_kem.sim/sim_1/behav/xsim/xvlog.log'
ERROR: [USF-XSim-62] 'compile' step failed with error(s). Please check the Tcl console output or 'C:/Hung/Viettel/Stage2/ML-KEM/ml_kem/ml_kem.sim/sim_1/behav/xsim/xvlog.log' file for more information.
ERROR: [Vivado 12-4473] Detected error while running simulation. Please correct the issue and retry this operation.
ERROR: [Common 17-39] 'launch_simulation' failed due to earlier errors.
export_ip_user_files -of_objects  [get_files C:/Hung/Viettel/Stage2/ML-KEM/NTT/MyMem.v] -no_script -reset -force -quiet
remove_files  C:/Hung/Viettel/Stage2/ML-KEM/NTT/MyMem.v
add_files -norecurse C:/Hung/Viettel/Stage2/ML-KEM/NTT/MyReg.v
update_compile_order -fileset sources_1
launch_simulation
Command: launch_simulation 
INFO: [Vivado 12-12493] Simulation top is 'tb_top'
WARNING: [Vivado 12-13340] Unable to auto find GCC executables from simulator install path! (path not set)
WARNING: [Vivado 12-13277] Compiled library path does not exist: ''
INFO: [Vivado 12-5682] Launching behavioral simulation in 'C:/Hung/Viettel/Stage2/ML-KEM/ml_kem/ml_kem.sim/sim_1/behav/xsim'
INFO: [SIM-utils-51] Simulation object is 'sim_1'
INFO: [SIM-utils-72] Using boost library from 'C:/Xilinx/Vivado/2022.2/tps/boost_1_72_0'
INFO: [USF-XSim-7] Finding pre-compiled libraries...
INFO: [USF-XSim-11] File 'C:/Xilinx/Vivado/2022.2/data/xsim/xsim.ini' copied to run dir:'C:/Hung/Viettel/Stage2/ML-KEM/ml_kem/ml_kem.sim/sim_1/behav/xsim'
INFO: [SIM-utils-54] Inspecting design source files for 'tb_top' in fileset 'sim_1'...
INFO: [USF-XSim-97] Finding global include files...
INFO: [USF-XSim-98] Fetching design files from 'sim_1'...
INFO: [USF-XSim-2] XSim::Compile design
INFO: [USF-XSim-61] Executing 'COMPILE and ANALYZE' step in 'C:/Hung/Viettel/Stage2/ML-KEM/ml_kem/ml_kem.sim/sim_1/behav/xsim'
"xvlog --incr --relax -prj tb_top_vlog.prj"
INFO: [VRFC 10-2263] Analyzing Verilog file "C:/Hung/Viettel/Stage2/ML-KEM/NTT/AddressGenerator.v" into library xil_defaultlib
INFO: [VRFC 10-311] analyzing module AddressGenerator
INFO: [VRFC 10-2263] Analyzing Verilog file "C:/Hung/Viettel/Stage2/ML-KEM/NTT/MyBootRom.v" into library xil_defaultlib
INFO: [VRFC 10-311] analyzing module MyBootROM
INFO: [VRFC 10-2263] Analyzing Verilog file "C:/Hung/Viettel/Stage2/ML-KEM/NTT/MyReg.v" into library xil_defaultlib
INFO: [VRFC 10-311] analyzing module MyReg
ERROR: [VRFC 10-8885] declarations are not allowed in an unnamed block [C:/Hung/Viettel/Stage2/ML-KEM/NTT/MyReg.v:15]
ERROR: [VRFC 10-8530] module 'MyReg' is ignored due to previous errors [C:/Hung/Viettel/Stage2/ML-KEM/NTT/MyReg.v:1]
INFO: [USF-XSim-69] 'compile' step finished in '1' seconds
INFO: [USF-XSim-99] Step results log file:'C:/Hung/Viettel/Stage2/ML-KEM/ml_kem/ml_kem.sim/sim_1/behav/xsim/xvlog.log'
ERROR: [USF-XSim-62] 'compile' step failed with error(s). Please check the Tcl console output or 'C:/Hung/Viettel/Stage2/ML-KEM/ml_kem/ml_kem.sim/sim_1/behav/xsim/xvlog.log' file for more information.
ERROR: [Vivado 12-4473] Detected error while running simulation. Please correct the issue and retry this operation.
ERROR: [Common 17-39] 'launch_simulation' failed due to earlier errors.
launch_simulation
Command: launch_simulation 
INFO: [Vivado 12-12493] Simulation top is 'tb_top'
WARNING: [Vivado 12-13340] Unable to auto find GCC executables from simulator install path! (path not set)
WARNING: [Vivado 12-13277] Compiled library path does not exist: ''
INFO: [Vivado 12-5682] Launching behavioral simulation in 'C:/Hung/Viettel/Stage2/ML-KEM/ml_kem/ml_kem.sim/sim_1/behav/xsim'
INFO: [SIM-utils-51] Simulation object is 'sim_1'
INFO: [SIM-utils-72] Using boost library from 'C:/Xilinx/Vivado/2022.2/tps/boost_1_72_0'
INFO: [USF-XSim-7] Finding pre-compiled libraries...
INFO: [USF-XSim-11] File 'C:/Xilinx/Vivado/2022.2/data/xsim/xsim.ini' copied to run dir:'C:/Hung/Viettel/Stage2/ML-KEM/ml_kem/ml_kem.sim/sim_1/behav/xsim'
INFO: [SIM-utils-54] Inspecting design source files for 'tb_top' in fileset 'sim_1'...
INFO: [USF-XSim-97] Finding global include files...
INFO: [USF-XSim-98] Fetching design files from 'sim_1'...
INFO: [USF-XSim-2] XSim::Compile design
INFO: [USF-XSim-61] Executing 'COMPILE and ANALYZE' step in 'C:/Hung/Viettel/Stage2/ML-KEM/ml_kem/ml_kem.sim/sim_1/behav/xsim'
"xvlog --incr --relax -prj tb_top_vlog.prj"
INFO: [VRFC 10-2263] Analyzing Verilog file "C:/Hung/Viettel/Stage2/ML-KEM/NTT/AddressGenerator.v" into library xil_defaultlib
INFO: [VRFC 10-311] analyzing module AddressGenerator
INFO: [VRFC 10-2263] Analyzing Verilog file "C:/Hung/Viettel/Stage2/ML-KEM/NTT/MyBootRom.v" into library xil_defaultlib
INFO: [VRFC 10-311] analyzing module MyBootROM
INFO: [VRFC 10-2263] Analyzing Verilog file "C:/Hung/Viettel/Stage2/ML-KEM/NTT/MyReg.v" into library xil_defaultlib
INFO: [VRFC 10-311] analyzing module MyReg
ERROR: [VRFC 10-8885] declarations are not allowed in an unnamed block [C:/Hung/Viettel/Stage2/ML-KEM/NTT/MyReg.v:15]
ERROR: [VRFC 10-8530] module 'MyReg' is ignored due to previous errors [C:/Hung/Viettel/Stage2/ML-KEM/NTT/MyReg.v:1]
INFO: [USF-XSim-69] 'compile' step finished in '2' seconds
INFO: [USF-XSim-99] Step results log file:'C:/Hung/Viettel/Stage2/ML-KEM/ml_kem/ml_kem.sim/sim_1/behav/xsim/xvlog.log'
ERROR: [USF-XSim-62] 'compile' step failed with error(s). Please check the Tcl console output or 'C:/Hung/Viettel/Stage2/ML-KEM/ml_kem/ml_kem.sim/sim_1/behav/xsim/xvlog.log' file for more information.
ERROR: [Vivado 12-4473] Detected error while running simulation. Please correct the issue and retry this operation.
ERROR: [Common 17-39] 'launch_simulation' failed due to earlier errors.
launch_simulation
Command: launch_simulation 
INFO: [Vivado 12-12493] Simulation top is 'tb_top'
WARNING: [Vivado 12-13340] Unable to auto find GCC executables from simulator install path! (path not set)
WARNING: [Vivado 12-13277] Compiled library path does not exist: ''
INFO: [Vivado 12-5682] Launching behavioral simulation in 'C:/Hung/Viettel/Stage2/ML-KEM/ml_kem/ml_kem.sim/sim_1/behav/xsim'
INFO: [SIM-utils-51] Simulation object is 'sim_1'
INFO: [SIM-utils-72] Using boost library from 'C:/Xilinx/Vivado/2022.2/tps/boost_1_72_0'
INFO: [USF-XSim-7] Finding pre-compiled libraries...
INFO: [USF-XSim-11] File 'C:/Xilinx/Vivado/2022.2/data/xsim/xsim.ini' copied to run dir:'C:/Hung/Viettel/Stage2/ML-KEM/ml_kem/ml_kem.sim/sim_1/behav/xsim'
INFO: [SIM-utils-54] Inspecting design source files for 'tb_top' in fileset 'sim_1'...
INFO: [USF-XSim-97] Finding global include files...
INFO: [USF-XSim-98] Fetching design files from 'sim_1'...
INFO: [USF-XSim-2] XSim::Compile design
INFO: [USF-XSim-61] Executing 'COMPILE and ANALYZE' step in 'C:/Hung/Viettel/Stage2/ML-KEM/ml_kem/ml_kem.sim/sim_1/behav/xsim'
"xvlog --incr --relax -prj tb_top_vlog.prj"
INFO: [VRFC 10-2263] Analyzing Verilog file "C:/Hung/Viettel/Stage2/ML-KEM/NTT/AddressGenerator.v" into library xil_defaultlib
INFO: [VRFC 10-311] analyzing module AddressGenerator
INFO: [VRFC 10-2263] Analyzing Verilog file "C:/Hung/Viettel/Stage2/ML-KEM/NTT/MyBootRom.v" into library xil_defaultlib
INFO: [VRFC 10-311] analyzing module MyBootROM
INFO: [VRFC 10-2263] Analyzing Verilog file "C:/Hung/Viettel/Stage2/ML-KEM/NTT/MyReg.v" into library xil_defaultlib
INFO: [VRFC 10-311] analyzing module MyReg
INFO: [VRFC 10-2263] Analyzing Verilog file "C:/Hung/Viettel/Stage2/ML-KEM/NTT/top.v" into library xil_defaultlib
INFO: [VRFC 10-311] analyzing module top
INFO: [VRFC 10-2263] Analyzing Verilog file "C:/Hung/Viettel/Stage2/ML-KEM/NTT/tb_top.v" into library xil_defaultlib
INFO: [VRFC 10-311] analyzing module tb_top
INFO: [USF-XSim-69] 'compile' step finished in '1' seconds
INFO: [USF-XSim-3] XSim::Elaborate design
INFO: [USF-XSim-61] Executing 'ELABORATE' step in 'C:/Hung/Viettel/Stage2/ML-KEM/ml_kem/ml_kem.sim/sim_1/behav/xsim'
"xelab --incr --debug typical --relax --mt 2 -L xil_defaultlib -L unisims_ver -L unimacro_ver -L secureip -L xpm --snapshot tb_top_behav xil_defaultlib.tb_top xil_defaultlib.glbl -log elaborate.log"
Vivado Simulator v2022.2.2
Copyright 1986-1999, 2001-2022 Xilinx, Inc. All Rights Reserved.
Running: C:/Xilinx/Vivado/2022.2/bin/unwrapped/win64.o/xelab.exe --incr --debug typical --relax --mt 2 -L xil_defaultlib -L unisims_ver -L unimacro_ver -L secureip -L xpm --snapshot tb_top_behav xil_defaultlib.tb_top xil_defaultlib.glbl -log elaborate.log 
Using 2 slave threads.
Starting static elaboration
Pass Through NonSizing Optimizer
WARNING: [VRFC 10-3091] actual bit length 1 differs from formal bit length 7 for port 'address' [C:/Hung/Viettel/Stage2/ML-KEM/NTT/top.v:203]
WARNING: [VRFC 10-3091] actual bit length 1 differs from formal bit length 7 for port 'addr_tw' [C:/Hung/Viettel/Stage2/ML-KEM/NTT/top.v:230]
WARNING: [VRFC 10-3091] actual bit length 1 differs from formal bit length 16 for port 'din1' [C:/Hung/Viettel/Stage2/ML-KEM/NTT/top.v:247]
WARNING: [VRFC 10-3091] actual bit length 1 differs from formal bit length 16 for port 'din2' [C:/Hung/Viettel/Stage2/ML-KEM/NTT/top.v:248]
Completed static elaboration
Starting simulation data flow analysis
Completed simulation data flow analysis
Time Resolution for simulation is 1ps
Compiling module xil_defaultlib.MyBootROM
Compiling module xil_defaultlib.AddressGenerator
Compiling module xil_defaultlib.MyReg
Compiling module xil_defaultlib.top
Compiling module xil_defaultlib.tb_top
Compiling module xil_defaultlib.glbl
Built simulation snapshot tb_top_behav
INFO: [USF-XSim-69] 'elaborate' step finished in '3' seconds
INFO: [USF-XSim-4] XSim::Simulate design
INFO: [USF-XSim-61] Executing 'SIMULATE' step in 'C:/Hung/Viettel/Stage2/ML-KEM/ml_kem/ml_kem.sim/sim_1/behav/xsim'
INFO: [USF-XSim-98] *** Running xsim
   with args "tb_top_behav -key {Behavioral:sim_1:Functional:tb_top} -tclbatch {tb_top.tcl} -view {C:/Hung/Viettel/Stage2/ML-KEM/ml_kem/tb_top_func_impl.wcfg} -log {simulate.log}"
INFO: [USF-XSim-8] Loading simulator feature
Time resolution is 1 ps
open_wave_config C:/Hung/Viettel/Stage2/ML-KEM/ml_kem/tb_top_func_impl.wcfg
WARNING: Simulation object /tb_fpbu/clk was not found in the design.
WARNING: Simulation object /tb_fpbu/rst_n was not found in the design.
WARNING: Simulation object /tb_fpbu/Sel_In was not found in the design.
WARNING: Simulation object /tb_fpbu/A_In was not found in the design.
WARNING: Simulation object /tb_fpbu/B_In was not found in the design.
WARNING: Simulation object /tb_fpbu/W_In was not found in the design.
WARNING: Simulation object /tb_fpbu/A_Out was not found in the design.
WARNING: Simulation object /tb_fpbu/B_Out was not found in the design.
WARNING: Simulation object /tb_fpbu/count_clock was not found in the design.
source tb_top.tcl
# set curr_wave [current_wave_config]
# if { [string length $curr_wave] == 0 } {
#   if { [llength [get_objects]] > 0} {
#     add_wave /
#     set_property needs_save false [current_wave_config]
#   } else {
#      send_msg_id Add_Wave-1 WARNING "No top level signals found. Simulator will start without a wave window. If you want to open a wave window go to 'File->New Waveform Configuration' or type 'create_wave_config' in the TCL console."
#   }
# }
# run 1000000ns
TIMEOUT
$finish called at time : 200 us : File "C:/Hung/Viettel/Stage2/ML-KEM/NTT/tb_top.v" Line 122
INFO: [USF-XSim-96] XSim completed. Design snapshot 'tb_top_behav' loaded.
INFO: [USF-XSim-97] XSim simulation ran for 1000000ns
launch_simulation: Time (s): cpu = 00:00:01 ; elapsed = 00:00:06 . Memory (MB): peak = 2012.855 ; gain = 0.000
current_wave_config {tb_top_func_impl.wcfg}
tb_top_func_impl.wcfg
add_wave {{/tb_top/dut/MyReg_inst/mem}} 
relaunch_sim
Command: launch_simulation -step compile -simset sim_1 -mode behavioral
INFO: [Vivado 12-12493] Simulation top is 'tb_top'
WARNING: [Vivado 12-13340] Unable to auto find GCC executables from simulator install path! (path not set)
WARNING: [Vivado 12-13277] Compiled library path does not exist: ''
INFO: [Vivado 12-5682] Launching behavioral simulation in 'C:/Hung/Viettel/Stage2/ML-KEM/ml_kem/ml_kem.sim/sim_1/behav/xsim'
INFO: [SIM-utils-51] Simulation object is 'sim_1'
INFO: [USF-XSim-2] XSim::Compile design
INFO: [USF-XSim-61] Executing 'COMPILE and ANALYZE' step in 'C:/Hung/Viettel/Stage2/ML-KEM/ml_kem/ml_kem.sim/sim_1/behav/xsim'
"xvlog --incr --relax -prj tb_top_vlog.prj"
INFO: [VRFC 10-2263] Analyzing Verilog file "C:/Hung/Viettel/Stage2/ML-KEM/NTT/AddressGenerator.v" into library xil_defaultlib
INFO: [VRFC 10-311] analyzing module AddressGenerator
INFO: [VRFC 10-2263] Analyzing Verilog file "C:/Hung/Viettel/Stage2/ML-KEM/NTT/MyBootRom.v" into library xil_defaultlib
INFO: [VRFC 10-311] analyzing module MyBootROM
INFO: [VRFC 10-2263] Analyzing Verilog file "C:/Hung/Viettel/Stage2/ML-KEM/NTT/MyReg.v" into library xil_defaultlib
INFO: [VRFC 10-311] analyzing module MyReg
INFO: [VRFC 10-2263] Analyzing Verilog file "C:/Hung/Viettel/Stage2/ML-KEM/NTT/top.v" into library xil_defaultlib
INFO: [VRFC 10-311] analyzing module top
INFO: [VRFC 10-2263] Analyzing Verilog file "C:/Hung/Viettel/Stage2/ML-KEM/NTT/tb_top.v" into library xil_defaultlib
INFO: [VRFC 10-311] analyzing module tb_top
INFO: [USF-XSim-69] 'compile' step finished in '1' seconds
Command: launch_simulation -step elaborate -simset sim_1 -mode behavioral
INFO: [Vivado 12-12493] Simulation top is 'tb_top'
WARNING: [Vivado 12-13340] Unable to auto find GCC executables from simulator install path! (path not set)
WARNING: [Vivado 12-13277] Compiled library path does not exist: ''
INFO: [Vivado 12-5682] Launching behavioral simulation in 'C:/Hung/Viettel/Stage2/ML-KEM/ml_kem/ml_kem.sim/sim_1/behav/xsim'
INFO: [SIM-utils-51] Simulation object is 'sim_1'
INFO: [USF-XSim-3] XSim::Elaborate design
INFO: [USF-XSim-61] Executing 'ELABORATE' step in 'C:/Hung/Viettel/Stage2/ML-KEM/ml_kem/ml_kem.sim/sim_1/behav/xsim'
"xelab --incr --debug typical --relax --mt 2 -L xil_defaultlib -L unisims_ver -L unimacro_ver -L secureip -L xpm --snapshot tb_top_behav xil_defaultlib.tb_top xil_defaultlib.glbl -log elaborate.log"
Vivado Simulator v2022.2.2
Copyright 1986-1999, 2001-2022 Xilinx, Inc. All Rights Reserved.
Running: C:/Xilinx/Vivado/2022.2/bin/unwrapped/win64.o/xelab.exe --incr --debug typical --relax --mt 2 -L xil_defaultlib -L unisims_ver -L unimacro_ver -L secureip -L xpm --snapshot tb_top_behav xil_defaultlib.tb_top xil_defaultlib.glbl -log elaborate.log 
Using 2 slave threads.
Starting static elaboration
Pass Through NonSizing Optimizer
WARNING: [VRFC 10-3091] actual bit length 1 differs from formal bit length 7 for port 'address' [C:/Hung/Viettel/Stage2/ML-KEM/NTT/top.v:203]
WARNING: [VRFC 10-3091] actual bit length 1 differs from formal bit length 7 for port 'addr_tw' [C:/Hung/Viettel/Stage2/ML-KEM/NTT/top.v:230]
WARNING: [VRFC 10-3091] actual bit length 1 differs from formal bit length 16 for port 'din1' [C:/Hung/Viettel/Stage2/ML-KEM/NTT/top.v:247]
WARNING: [VRFC 10-3091] actual bit length 1 differs from formal bit length 16 for port 'din2' [C:/Hung/Viettel/Stage2/ML-KEM/NTT/top.v:248]
Completed static elaboration
Starting simulation data flow analysis
Completed simulation data flow analysis
Time Resolution for simulation is 1ps
Compiling module xil_defaultlib.MyBootROM
Compiling module xil_defaultlib.AddressGenerator
Compiling module xil_defaultlib.MyReg
Compiling module xil_defaultlib.top
Compiling module xil_defaultlib.tb_top
Compiling module xil_defaultlib.glbl
Built simulation snapshot tb_top_behav
INFO: [USF-XSim-69] 'elaborate' step finished in '2' seconds
Time resolution is 1 ps
TIMEOUT
$finish called at time : 200 us : File "C:/Hung/Viettel/Stage2/ML-KEM/NTT/tb_top.v" Line 122
relaunch_sim: Time (s): cpu = 00:00:01 ; elapsed = 00:00:05 . Memory (MB): peak = 2012.855 ; gain = 0.000
save_wave_config {C:/Hung/Viettel/Stage2/ML-KEM/ml_kem/tb_top_func_impl.wcfg}
current_wave_config {tb_top_func_impl.wcfg}
C:/Hung/Viettel/Stage2/ML-KEM/ml_kem/tb_top_func_impl.wcfg
add_wave {{/tb_top/dut/waddr1}} {{/tb_top/dut/waddr2}} {{/tb_top/dut/we}} 
current_wave_config {tb_top_func_impl.wcfg}
C:/Hung/Viettel/Stage2/ML-KEM/ml_kem/tb_top_func_impl.wcfg
add_wave {{/tb_top/dut/din_a}} {{/tb_top/dut/din_b}} 
relaunch_sim
Command: launch_simulation -step compile -simset sim_1 -mode behavioral
INFO: [Vivado 12-12493] Simulation top is 'tb_top'
WARNING: [Vivado 12-13340] Unable to auto find GCC executables from simulator install path! (path not set)
WARNING: [Vivado 12-13277] Compiled library path does not exist: ''
INFO: [Vivado 12-5682] Launching behavioral simulation in 'C:/Hung/Viettel/Stage2/ML-KEM/ml_kem/ml_kem.sim/sim_1/behav/xsim'
INFO: [SIM-utils-51] Simulation object is 'sim_1'
INFO: [USF-XSim-2] XSim::Compile design
INFO: [USF-XSim-61] Executing 'COMPILE and ANALYZE' step in 'C:/Hung/Viettel/Stage2/ML-KEM/ml_kem/ml_kem.sim/sim_1/behav/xsim'
"xvlog --incr --relax -prj tb_top_vlog.prj"
INFO: [USF-XSim-69] 'compile' step finished in '1' seconds
Command: launch_simulation -step elaborate -simset sim_1 -mode behavioral
INFO: [Vivado 12-12493] Simulation top is 'tb_top'
WARNING: [Vivado 12-13340] Unable to auto find GCC executables from simulator install path! (path not set)
WARNING: [Vivado 12-13277] Compiled library path does not exist: ''
INFO: [Vivado 12-5682] Launching behavioral simulation in 'C:/Hung/Viettel/Stage2/ML-KEM/ml_kem/ml_kem.sim/sim_1/behav/xsim'
INFO: [SIM-utils-51] Simulation object is 'sim_1'
INFO: [USF-XSim-3] XSim::Elaborate design
INFO: [USF-XSim-61] Executing 'ELABORATE' step in 'C:/Hung/Viettel/Stage2/ML-KEM/ml_kem/ml_kem.sim/sim_1/behav/xsim'
"xelab --incr --debug typical --relax --mt 2 -L xil_defaultlib -L unisims_ver -L unimacro_ver -L secureip -L xpm --snapshot tb_top_behav xil_defaultlib.tb_top xil_defaultlib.glbl -log elaborate.log"
Vivado Simulator v2022.2.2
Copyright 1986-1999, 2001-2022 Xilinx, Inc. All Rights Reserved.
Running: C:/Xilinx/Vivado/2022.2/bin/unwrapped/win64.o/xelab.exe --incr --debug typical --relax --mt 2 -L xil_defaultlib -L unisims_ver -L unimacro_ver -L secureip -L xpm --snapshot tb_top_behav xil_defaultlib.tb_top xil_defaultlib.glbl -log elaborate.log 
Using 2 slave threads.
Starting static elaboration
Pass Through NonSizing Optimizer
WARNING: [VRFC 10-3091] actual bit length 1 differs from formal bit length 7 for port 'address' [C:/Hung/Viettel/Stage2/ML-KEM/NTT/top.v:203]
WARNING: [VRFC 10-3091] actual bit length 1 differs from formal bit length 7 for port 'addr_tw' [C:/Hung/Viettel/Stage2/ML-KEM/NTT/top.v:230]
WARNING: [VRFC 10-3091] actual bit length 1 differs from formal bit length 16 for port 'din1' [C:/Hung/Viettel/Stage2/ML-KEM/NTT/top.v:247]
WARNING: [VRFC 10-3091] actual bit length 1 differs from formal bit length 16 for port 'din2' [C:/Hung/Viettel/Stage2/ML-KEM/NTT/top.v:248]
Completed static elaboration
INFO: [XSIM 43-4323] No Change in HDL. Linking previously generated obj files to create kernel
INFO: [USF-XSim-69] 'elaborate' step finished in '2' seconds
Time resolution is 1 ps
TIMEOUT
$finish called at time : 200 us : File "C:/Hung/Viettel/Stage2/ML-KEM/NTT/tb_top.v" Line 122
save_wave_config {C:/Hung/Viettel/Stage2/ML-KEM/ml_kem/tb_top_func_impl.wcfg}
current_wave_config {tb_top_func_impl.wcfg}
C:/Hung/Viettel/Stage2/ML-KEM/ml_kem/tb_top_func_impl.wcfg
add_wave {{/tb_top/dut/count_load}} 
current_wave_config {tb_top_func_impl.wcfg}
C:/Hung/Viettel/Stage2/ML-KEM/ml_kem/tb_top_func_impl.wcfg
add_wave {{/tb_top/dut/waddr1_next}} {{/tb_top/dut/waddr2_next}} 
save_wave_config {C:/Hung/Viettel/Stage2/ML-KEM/ml_kem/tb_top_func_impl.wcfg}
relaunch_sim
Command: launch_simulation -step compile -simset sim_1 -mode behavioral
INFO: [Vivado 12-12493] Simulation top is 'tb_top'
WARNING: [Vivado 12-13340] Unable to auto find GCC executables from simulator install path! (path not set)
WARNING: [Vivado 12-13277] Compiled library path does not exist: ''
INFO: [Vivado 12-5682] Launching behavioral simulation in 'C:/Hung/Viettel/Stage2/ML-KEM/ml_kem/ml_kem.sim/sim_1/behav/xsim'
INFO: [SIM-utils-51] Simulation object is 'sim_1'
INFO: [USF-XSim-2] XSim::Compile design
INFO: [USF-XSim-61] Executing 'COMPILE and ANALYZE' step in 'C:/Hung/Viettel/Stage2/ML-KEM/ml_kem/ml_kem.sim/sim_1/behav/xsim'
"xvlog --incr --relax -prj tb_top_vlog.prj"
INFO: [USF-XSim-69] 'compile' step finished in '1' seconds
Command: launch_simulation -step elaborate -simset sim_1 -mode behavioral
INFO: [Vivado 12-12493] Simulation top is 'tb_top'
WARNING: [Vivado 12-13340] Unable to auto find GCC executables from simulator install path! (path not set)
WARNING: [Vivado 12-13277] Compiled library path does not exist: ''
INFO: [Vivado 12-5682] Launching behavioral simulation in 'C:/Hung/Viettel/Stage2/ML-KEM/ml_kem/ml_kem.sim/sim_1/behav/xsim'
INFO: [SIM-utils-51] Simulation object is 'sim_1'
INFO: [USF-XSim-3] XSim::Elaborate design
INFO: [USF-XSim-61] Executing 'ELABORATE' step in 'C:/Hung/Viettel/Stage2/ML-KEM/ml_kem/ml_kem.sim/sim_1/behav/xsim'
"xelab --incr --debug typical --relax --mt 2 -L xil_defaultlib -L unisims_ver -L unimacro_ver -L secureip -L xpm --snapshot tb_top_behav xil_defaultlib.tb_top xil_defaultlib.glbl -log elaborate.log"
Vivado Simulator v2022.2.2
Copyright 1986-1999, 2001-2022 Xilinx, Inc. All Rights Reserved.
Running: C:/Xilinx/Vivado/2022.2/bin/unwrapped/win64.o/xelab.exe --incr --debug typical --relax --mt 2 -L xil_defaultlib -L unisims_ver -L unimacro_ver -L secureip -L xpm --snapshot tb_top_behav xil_defaultlib.tb_top xil_defaultlib.glbl -log elaborate.log 
Using 2 slave threads.
Starting static elaboration
Pass Through NonSizing Optimizer
WARNING: [VRFC 10-3091] actual bit length 1 differs from formal bit length 7 for port 'address' [C:/Hung/Viettel/Stage2/ML-KEM/NTT/top.v:203]
WARNING: [VRFC 10-3091] actual bit length 1 differs from formal bit length 7 for port 'addr_tw' [C:/Hung/Viettel/Stage2/ML-KEM/NTT/top.v:230]
WARNING: [VRFC 10-3091] actual bit length 1 differs from formal bit length 16 for port 'din1' [C:/Hung/Viettel/Stage2/ML-KEM/NTT/top.v:247]
WARNING: [VRFC 10-3091] actual bit length 1 differs from formal bit length 16 for port 'din2' [C:/Hung/Viettel/Stage2/ML-KEM/NTT/top.v:248]
Completed static elaboration
INFO: [XSIM 43-4323] No Change in HDL. Linking previously generated obj files to create kernel
INFO: [USF-XSim-69] 'elaborate' step finished in '2' seconds
Time resolution is 1 ps
TIMEOUT
$finish called at time : 200 us : File "C:/Hung/Viettel/Stage2/ML-KEM/NTT/tb_top.v" Line 122
relaunch_sim
Command: launch_simulation -step compile -simset sim_1 -mode behavioral
INFO: [Vivado 12-12493] Simulation top is 'tb_top'
WARNING: [Vivado 12-13340] Unable to auto find GCC executables from simulator install path! (path not set)
WARNING: [Vivado 12-13277] Compiled library path does not exist: ''
INFO: [Vivado 12-5682] Launching behavioral simulation in 'C:/Hung/Viettel/Stage2/ML-KEM/ml_kem/ml_kem.sim/sim_1/behav/xsim'
INFO: [SIM-utils-51] Simulation object is 'sim_1'
INFO: [USF-XSim-2] XSim::Compile design
INFO: [USF-XSim-61] Executing 'COMPILE and ANALYZE' step in 'C:/Hung/Viettel/Stage2/ML-KEM/ml_kem/ml_kem.sim/sim_1/behav/xsim'
"xvlog --incr --relax -prj tb_top_vlog.prj"
INFO: [VRFC 10-2263] Analyzing Verilog file "C:/Hung/Viettel/Stage2/ML-KEM/NTT/AddressGenerator.v" into library xil_defaultlib
INFO: [VRFC 10-311] analyzing module AddressGenerator
INFO: [VRFC 10-2263] Analyzing Verilog file "C:/Hung/Viettel/Stage2/ML-KEM/NTT/MyBootRom.v" into library xil_defaultlib
INFO: [VRFC 10-311] analyzing module MyBootROM
INFO: [VRFC 10-2263] Analyzing Verilog file "C:/Hung/Viettel/Stage2/ML-KEM/NTT/MyReg.v" into library xil_defaultlib
INFO: [VRFC 10-311] analyzing module MyReg
INFO: [VRFC 10-2263] Analyzing Verilog file "C:/Hung/Viettel/Stage2/ML-KEM/NTT/top.v" into library xil_defaultlib
INFO: [VRFC 10-311] analyzing module top
INFO: [VRFC 10-2263] Analyzing Verilog file "C:/Hung/Viettel/Stage2/ML-KEM/NTT/tb_top.v" into library xil_defaultlib
INFO: [VRFC 10-311] analyzing module tb_top
INFO: [USF-XSim-69] 'compile' step finished in '1' seconds
Command: launch_simulation -step elaborate -simset sim_1 -mode behavioral
INFO: [Vivado 12-12493] Simulation top is 'tb_top'
WARNING: [Vivado 12-13340] Unable to auto find GCC executables from simulator install path! (path not set)
WARNING: [Vivado 12-13277] Compiled library path does not exist: ''
INFO: [Vivado 12-5682] Launching behavioral simulation in 'C:/Hung/Viettel/Stage2/ML-KEM/ml_kem/ml_kem.sim/sim_1/behav/xsim'
INFO: [SIM-utils-51] Simulation object is 'sim_1'
INFO: [USF-XSim-3] XSim::Elaborate design
INFO: [USF-XSim-61] Executing 'ELABORATE' step in 'C:/Hung/Viettel/Stage2/ML-KEM/ml_kem/ml_kem.sim/sim_1/behav/xsim'
"xelab --incr --debug typical --relax --mt 2 -L xil_defaultlib -L unisims_ver -L unimacro_ver -L secureip -L xpm --snapshot tb_top_behav xil_defaultlib.tb_top xil_defaultlib.glbl -log elaborate.log"
Vivado Simulator v2022.2.2
Copyright 1986-1999, 2001-2022 Xilinx, Inc. All Rights Reserved.
Running: C:/Xilinx/Vivado/2022.2/bin/unwrapped/win64.o/xelab.exe --incr --debug typical --relax --mt 2 -L xil_defaultlib -L unisims_ver -L unimacro_ver -L secureip -L xpm --snapshot tb_top_behav xil_defaultlib.tb_top xil_defaultlib.glbl -log elaborate.log 
Using 2 slave threads.
Starting static elaboration
Pass Through NonSizing Optimizer
WARNING: [VRFC 10-3091] actual bit length 1 differs from formal bit length 7 for port 'address' [C:/Hung/Viettel/Stage2/ML-KEM/NTT/top.v:188]
WARNING: [VRFC 10-3091] actual bit length 1 differs from formal bit length 7 for port 'addr_tw' [C:/Hung/Viettel/Stage2/ML-KEM/NTT/top.v:215]
WARNING: [VRFC 10-3091] actual bit length 1 differs from formal bit length 16 for port 'din1' [C:/Hung/Viettel/Stage2/ML-KEM/NTT/top.v:232]
WARNING: [VRFC 10-3091] actual bit length 1 differs from formal bit length 16 for port 'din2' [C:/Hung/Viettel/Stage2/ML-KEM/NTT/top.v:233]
Completed static elaboration
Starting simulation data flow analysis
Completed simulation data flow analysis
Time Resolution for simulation is 1ps
Compiling module xil_defaultlib.MyBootROM
Compiling module xil_defaultlib.AddressGenerator
Compiling module xil_defaultlib.MyReg
Compiling module xil_defaultlib.top
Compiling module xil_defaultlib.tb_top
Compiling module xil_defaultlib.glbl
Built simulation snapshot tb_top_behav
INFO: [USF-XSim-69] 'elaborate' step finished in '2' seconds
Time resolution is 1 ps
TIMEOUT
$finish called at time : 2 us : File "C:/Hung/Viettel/Stage2/ML-KEM/NTT/tb_top.v" Line 122
relaunch_sim: Time (s): cpu = 00:00:01 ; elapsed = 00:00:05 . Memory (MB): peak = 2012.855 ; gain = 0.000
save_wave_config {C:/Hung/Viettel/Stage2/ML-KEM/ml_kem/tb_top_func_impl.wcfg}
relaunch_sim
Command: launch_simulation -step compile -simset sim_1 -mode behavioral
INFO: [Vivado 12-12493] Simulation top is 'tb_top'
WARNING: [Vivado 12-13340] Unable to auto find GCC executables from simulator install path! (path not set)
WARNING: [Vivado 12-13277] Compiled library path does not exist: ''
INFO: [Vivado 12-5682] Launching behavioral simulation in 'C:/Hung/Viettel/Stage2/ML-KEM/ml_kem/ml_kem.sim/sim_1/behav/xsim'
INFO: [SIM-utils-51] Simulation object is 'sim_1'
INFO: [USF-XSim-2] XSim::Compile design
INFO: [USF-XSim-61] Executing 'COMPILE and ANALYZE' step in 'C:/Hung/Viettel/Stage2/ML-KEM/ml_kem/ml_kem.sim/sim_1/behav/xsim'
"xvlog --incr --relax -prj tb_top_vlog.prj"
INFO: [VRFC 10-2263] Analyzing Verilog file "C:/Hung/Viettel/Stage2/ML-KEM/NTT/AddressGenerator.v" into library xil_defaultlib
INFO: [VRFC 10-311] analyzing module AddressGenerator
INFO: [VRFC 10-2263] Analyzing Verilog file "C:/Hung/Viettel/Stage2/ML-KEM/NTT/MyBootRom.v" into library xil_defaultlib
INFO: [VRFC 10-311] analyzing module MyBootROM
INFO: [VRFC 10-2263] Analyzing Verilog file "C:/Hung/Viettel/Stage2/ML-KEM/NTT/MyReg.v" into library xil_defaultlib
INFO: [VRFC 10-311] analyzing module MyReg
INFO: [VRFC 10-2263] Analyzing Verilog file "C:/Hung/Viettel/Stage2/ML-KEM/NTT/top.v" into library xil_defaultlib
INFO: [VRFC 10-311] analyzing module top
INFO: [VRFC 10-2263] Analyzing Verilog file "C:/Hung/Viettel/Stage2/ML-KEM/NTT/tb_top.v" into library xil_defaultlib
INFO: [VRFC 10-311] analyzing module tb_top
INFO: [USF-XSim-69] 'compile' step finished in '1' seconds
Command: launch_simulation -step elaborate -simset sim_1 -mode behavioral
INFO: [Vivado 12-12493] Simulation top is 'tb_top'
WARNING: [Vivado 12-13340] Unable to auto find GCC executables from simulator install path! (path not set)
WARNING: [Vivado 12-13277] Compiled library path does not exist: ''
INFO: [Vivado 12-5682] Launching behavioral simulation in 'C:/Hung/Viettel/Stage2/ML-KEM/ml_kem/ml_kem.sim/sim_1/behav/xsim'
INFO: [SIM-utils-51] Simulation object is 'sim_1'
INFO: [USF-XSim-3] XSim::Elaborate design
INFO: [USF-XSim-61] Executing 'ELABORATE' step in 'C:/Hung/Viettel/Stage2/ML-KEM/ml_kem/ml_kem.sim/sim_1/behav/xsim'
"xelab --incr --debug typical --relax --mt 2 -L xil_defaultlib -L unisims_ver -L unimacro_ver -L secureip -L xpm --snapshot tb_top_behav xil_defaultlib.tb_top xil_defaultlib.glbl -log elaborate.log"
Vivado Simulator v2022.2.2
Copyright 1986-1999, 2001-2022 Xilinx, Inc. All Rights Reserved.
Running: C:/Xilinx/Vivado/2022.2/bin/unwrapped/win64.o/xelab.exe --incr --debug typical --relax --mt 2 -L xil_defaultlib -L unisims_ver -L unimacro_ver -L secureip -L xpm --snapshot tb_top_behav xil_defaultlib.tb_top xil_defaultlib.glbl -log elaborate.log 
Using 2 slave threads.
Starting static elaboration
Pass Through NonSizing Optimizer
WARNING: [VRFC 10-3091] actual bit length 1 differs from formal bit length 7 for port 'address' [C:/Hung/Viettel/Stage2/ML-KEM/NTT/top.v:188]
WARNING: [VRFC 10-3091] actual bit length 1 differs from formal bit length 7 for port 'addr_tw' [C:/Hung/Viettel/Stage2/ML-KEM/NTT/top.v:215]
WARNING: [VRFC 10-3091] actual bit length 1 differs from formal bit length 16 for port 'din1' [C:/Hung/Viettel/Stage2/ML-KEM/NTT/top.v:232]
WARNING: [VRFC 10-3091] actual bit length 1 differs from formal bit length 16 for port 'din2' [C:/Hung/Viettel/Stage2/ML-KEM/NTT/top.v:233]
Completed static elaboration
Starting simulation data flow analysis
Completed simulation data flow analysis
Time Resolution for simulation is 1ps
Compiling module xil_defaultlib.MyBootROM
Compiling module xil_defaultlib.AddressGenerator
Compiling module xil_defaultlib.MyReg
Compiling module xil_defaultlib.top
Compiling module xil_defaultlib.tb_top
Compiling module xil_defaultlib.glbl
Built simulation snapshot tb_top_behav
INFO: [USF-XSim-69] 'elaborate' step finished in '2' seconds
Time resolution is 1 ps
TIMEOUT
$finish called at time : 2 us : File "C:/Hung/Viettel/Stage2/ML-KEM/NTT/tb_top.v" Line 122
relaunch_sim: Time (s): cpu = 00:00:01 ; elapsed = 00:00:06 . Memory (MB): peak = 2012.855 ; gain = 0.000
current_wave_config {tb_top_func_impl.wcfg}
C:/Hung/Viettel/Stage2/ML-KEM/ml_kem/tb_top_func_impl.wcfg
add_wave {{/tb_top/dut/in0}} {{/tb_top/dut/in1}} 
relaunch_sim
Command: launch_simulation -step compile -simset sim_1 -mode behavioral
INFO: [Vivado 12-12493] Simulation top is 'tb_top'
WARNING: [Vivado 12-13340] Unable to auto find GCC executables from simulator install path! (path not set)
WARNING: [Vivado 12-13277] Compiled library path does not exist: ''
INFO: [Vivado 12-5682] Launching behavioral simulation in 'C:/Hung/Viettel/Stage2/ML-KEM/ml_kem/ml_kem.sim/sim_1/behav/xsim'
INFO: [SIM-utils-51] Simulation object is 'sim_1'
INFO: [USF-XSim-2] XSim::Compile design
INFO: [USF-XSim-61] Executing 'COMPILE and ANALYZE' step in 'C:/Hung/Viettel/Stage2/ML-KEM/ml_kem/ml_kem.sim/sim_1/behav/xsim'
"xvlog --incr --relax -prj tb_top_vlog.prj"
INFO: [VRFC 10-2263] Analyzing Verilog file "C:/Hung/Viettel/Stage2/ML-KEM/NTT/AddressGenerator.v" into library xil_defaultlib
INFO: [VRFC 10-311] analyzing module AddressGenerator
INFO: [VRFC 10-2263] Analyzing Verilog file "C:/Hung/Viettel/Stage2/ML-KEM/NTT/MyBootRom.v" into library xil_defaultlib
INFO: [VRFC 10-311] analyzing module MyBootROM
INFO: [VRFC 10-2263] Analyzing Verilog file "C:/Hung/Viettel/Stage2/ML-KEM/NTT/MyReg.v" into library xil_defaultlib
INFO: [VRFC 10-311] analyzing module MyReg
INFO: [VRFC 10-2263] Analyzing Verilog file "C:/Hung/Viettel/Stage2/ML-KEM/NTT/top.v" into library xil_defaultlib
INFO: [VRFC 10-311] analyzing module top
INFO: [VRFC 10-2263] Analyzing Verilog file "C:/Hung/Viettel/Stage2/ML-KEM/NTT/tb_top.v" into library xil_defaultlib
INFO: [VRFC 10-311] analyzing module tb_top
INFO: [USF-XSim-69] 'compile' step finished in '1' seconds
Command: launch_simulation -step elaborate -simset sim_1 -mode behavioral
INFO: [Vivado 12-12493] Simulation top is 'tb_top'
WARNING: [Vivado 12-13340] Unable to auto find GCC executables from simulator install path! (path not set)
WARNING: [Vivado 12-13277] Compiled library path does not exist: ''
INFO: [Vivado 12-5682] Launching behavioral simulation in 'C:/Hung/Viettel/Stage2/ML-KEM/ml_kem/ml_kem.sim/sim_1/behav/xsim'
INFO: [SIM-utils-51] Simulation object is 'sim_1'
INFO: [USF-XSim-3] XSim::Elaborate design
INFO: [USF-XSim-61] Executing 'ELABORATE' step in 'C:/Hung/Viettel/Stage2/ML-KEM/ml_kem/ml_kem.sim/sim_1/behav/xsim'
"xelab --incr --debug typical --relax --mt 2 -L xil_defaultlib -L unisims_ver -L unimacro_ver -L secureip -L xpm --snapshot tb_top_behav xil_defaultlib.tb_top xil_defaultlib.glbl -log elaborate.log"
Vivado Simulator v2022.2.2
Copyright 1986-1999, 2001-2022 Xilinx, Inc. All Rights Reserved.
Running: C:/Xilinx/Vivado/2022.2/bin/unwrapped/win64.o/xelab.exe --incr --debug typical --relax --mt 2 -L xil_defaultlib -L unisims_ver -L unimacro_ver -L secureip -L xpm --snapshot tb_top_behav xil_defaultlib.tb_top xil_defaultlib.glbl -log elaborate.log 
Using 2 slave threads.
Starting static elaboration
Pass Through NonSizing Optimizer
WARNING: [VRFC 10-3091] actual bit length 1 differs from formal bit length 7 for port 'address' [C:/Hung/Viettel/Stage2/ML-KEM/NTT/top.v:188]
WARNING: [VRFC 10-3091] actual bit length 1 differs from formal bit length 7 for port 'addr_tw' [C:/Hung/Viettel/Stage2/ML-KEM/NTT/top.v:215]
WARNING: [VRFC 10-3091] actual bit length 1 differs from formal bit length 16 for port 'din1' [C:/Hung/Viettel/Stage2/ML-KEM/NTT/top.v:232]
WARNING: [VRFC 10-3091] actual bit length 1 differs from formal bit length 16 for port 'din2' [C:/Hung/Viettel/Stage2/ML-KEM/NTT/top.v:233]
Completed static elaboration
Starting simulation data flow analysis
Completed simulation data flow analysis
Time Resolution for simulation is 1ps
Compiling module xil_defaultlib.MyBootROM
Compiling module xil_defaultlib.AddressGenerator
Compiling module xil_defaultlib.MyReg
Compiling module xil_defaultlib.top
Compiling module xil_defaultlib.tb_top
Compiling module xil_defaultlib.glbl
Built simulation snapshot tb_top_behav
INFO: [USF-XSim-69] 'elaborate' step finished in '2' seconds
Time resolution is 1 ps
TIMEOUT
$finish called at time : 2 us : File "C:/Hung/Viettel/Stage2/ML-KEM/NTT/tb_top.v" Line 122
relaunch_sim: Time (s): cpu = 00:00:01 ; elapsed = 00:00:05 . Memory (MB): peak = 2012.855 ; gain = 0.000
save_wave_config {C:/Hung/Viettel/Stage2/ML-KEM/ml_kem/tb_top_func_impl.wcfg}
current_wave_config {tb_top_func_impl.wcfg}
C:/Hung/Viettel/Stage2/ML-KEM/ml_kem/tb_top_func_impl.wcfg
add_wave {{/tb_top/dut/state}} 
relaunch_sim
Command: launch_simulation -step compile -simset sim_1 -mode behavioral
INFO: [Vivado 12-12493] Simulation top is 'tb_top'
WARNING: [Vivado 12-13340] Unable to auto find GCC executables from simulator install path! (path not set)
WARNING: [Vivado 12-13277] Compiled library path does not exist: ''
INFO: [Vivado 12-5682] Launching behavioral simulation in 'C:/Hung/Viettel/Stage2/ML-KEM/ml_kem/ml_kem.sim/sim_1/behav/xsim'
INFO: [SIM-utils-51] Simulation object is 'sim_1'
INFO: [USF-XSim-2] XSim::Compile design
INFO: [USF-XSim-61] Executing 'COMPILE and ANALYZE' step in 'C:/Hung/Viettel/Stage2/ML-KEM/ml_kem/ml_kem.sim/sim_1/behav/xsim'
"xvlog --incr --relax -prj tb_top_vlog.prj"
INFO: [USF-XSim-69] 'compile' step finished in '2' seconds
Command: launch_simulation -step elaborate -simset sim_1 -mode behavioral
INFO: [Vivado 12-12493] Simulation top is 'tb_top'
WARNING: [Vivado 12-13340] Unable to auto find GCC executables from simulator install path! (path not set)
WARNING: [Vivado 12-13277] Compiled library path does not exist: ''
INFO: [Vivado 12-5682] Launching behavioral simulation in 'C:/Hung/Viettel/Stage2/ML-KEM/ml_kem/ml_kem.sim/sim_1/behav/xsim'
INFO: [SIM-utils-51] Simulation object is 'sim_1'
INFO: [USF-XSim-3] XSim::Elaborate design
INFO: [USF-XSim-61] Executing 'ELABORATE' step in 'C:/Hung/Viettel/Stage2/ML-KEM/ml_kem/ml_kem.sim/sim_1/behav/xsim'
"xelab --incr --debug typical --relax --mt 2 -L xil_defaultlib -L unisims_ver -L unimacro_ver -L secureip -L xpm --snapshot tb_top_behav xil_defaultlib.tb_top xil_defaultlib.glbl -log elaborate.log"
Vivado Simulator v2022.2.2
Copyright 1986-1999, 2001-2022 Xilinx, Inc. All Rights Reserved.
Running: C:/Xilinx/Vivado/2022.2/bin/unwrapped/win64.o/xelab.exe --incr --debug typical --relax --mt 2 -L xil_defaultlib -L unisims_ver -L unimacro_ver -L secureip -L xpm --snapshot tb_top_behav xil_defaultlib.tb_top xil_defaultlib.glbl -log elaborate.log 
Using 2 slave threads.
Starting static elaboration
Pass Through NonSizing Optimizer
WARNING: [VRFC 10-3091] actual bit length 1 differs from formal bit length 7 for port 'address' [C:/Hung/Viettel/Stage2/ML-KEM/NTT/top.v:188]
WARNING: [VRFC 10-3091] actual bit length 1 differs from formal bit length 7 for port 'addr_tw' [C:/Hung/Viettel/Stage2/ML-KEM/NTT/top.v:215]
WARNING: [VRFC 10-3091] actual bit length 1 differs from formal bit length 16 for port 'din1' [C:/Hung/Viettel/Stage2/ML-KEM/NTT/top.v:232]
WARNING: [VRFC 10-3091] actual bit length 1 differs from formal bit length 16 for port 'din2' [C:/Hung/Viettel/Stage2/ML-KEM/NTT/top.v:233]
Completed static elaboration
INFO: [XSIM 43-4323] No Change in HDL. Linking previously generated obj files to create kernel
INFO: [USF-XSim-69] 'elaborate' step finished in '1' seconds
Time resolution is 1 ps
TIMEOUT
$finish called at time : 2 us : File "C:/Hung/Viettel/Stage2/ML-KEM/NTT/tb_top.v" Line 122
relaunch_sim
Command: launch_simulation -step compile -simset sim_1 -mode behavioral
INFO: [Vivado 12-12493] Simulation top is 'tb_top'
WARNING: [Vivado 12-13340] Unable to auto find GCC executables from simulator install path! (path not set)
WARNING: [Vivado 12-13277] Compiled library path does not exist: ''
INFO: [Vivado 12-5682] Launching behavioral simulation in 'C:/Hung/Viettel/Stage2/ML-KEM/ml_kem/ml_kem.sim/sim_1/behav/xsim'
INFO: [SIM-utils-51] Simulation object is 'sim_1'
INFO: [USF-XSim-2] XSim::Compile design
INFO: [USF-XSim-61] Executing 'COMPILE and ANALYZE' step in 'C:/Hung/Viettel/Stage2/ML-KEM/ml_kem/ml_kem.sim/sim_1/behav/xsim'
"xvlog --incr --relax -prj tb_top_vlog.prj"
INFO: [VRFC 10-2263] Analyzing Verilog file "C:/Hung/Viettel/Stage2/ML-KEM/NTT/AddressGenerator.v" into library xil_defaultlib
INFO: [VRFC 10-311] analyzing module AddressGenerator
INFO: [VRFC 10-2263] Analyzing Verilog file "C:/Hung/Viettel/Stage2/ML-KEM/NTT/MyBootRom.v" into library xil_defaultlib
INFO: [VRFC 10-311] analyzing module MyBootROM
INFO: [VRFC 10-2263] Analyzing Verilog file "C:/Hung/Viettel/Stage2/ML-KEM/NTT/MyReg.v" into library xil_defaultlib
INFO: [VRFC 10-311] analyzing module MyReg
INFO: [VRFC 10-2263] Analyzing Verilog file "C:/Hung/Viettel/Stage2/ML-KEM/NTT/top.v" into library xil_defaultlib
INFO: [VRFC 10-311] analyzing module top
INFO: [VRFC 10-2263] Analyzing Verilog file "C:/Hung/Viettel/Stage2/ML-KEM/NTT/tb_top.v" into library xil_defaultlib
INFO: [VRFC 10-311] analyzing module tb_top
INFO: [USF-XSim-69] 'compile' step finished in '1' seconds
Command: launch_simulation -step elaborate -simset sim_1 -mode behavioral
INFO: [Vivado 12-12493] Simulation top is 'tb_top'
WARNING: [Vivado 12-13340] Unable to auto find GCC executables from simulator install path! (path not set)
WARNING: [Vivado 12-13277] Compiled library path does not exist: ''
INFO: [Vivado 12-5682] Launching behavioral simulation in 'C:/Hung/Viettel/Stage2/ML-KEM/ml_kem/ml_kem.sim/sim_1/behav/xsim'
INFO: [SIM-utils-51] Simulation object is 'sim_1'
INFO: [USF-XSim-3] XSim::Elaborate design
INFO: [USF-XSim-61] Executing 'ELABORATE' step in 'C:/Hung/Viettel/Stage2/ML-KEM/ml_kem/ml_kem.sim/sim_1/behav/xsim'
"xelab --incr --debug typical --relax --mt 2 -L xil_defaultlib -L unisims_ver -L unimacro_ver -L secureip -L xpm --snapshot tb_top_behav xil_defaultlib.tb_top xil_defaultlib.glbl -log elaborate.log"
Vivado Simulator v2022.2.2
Copyright 1986-1999, 2001-2022 Xilinx, Inc. All Rights Reserved.
Running: C:/Xilinx/Vivado/2022.2/bin/unwrapped/win64.o/xelab.exe --incr --debug typical --relax --mt 2 -L xil_defaultlib -L unisims_ver -L unimacro_ver -L secureip -L xpm --snapshot tb_top_behav xil_defaultlib.tb_top xil_defaultlib.glbl -log elaborate.log 
Using 2 slave threads.
Starting static elaboration
Pass Through NonSizing Optimizer
WARNING: [VRFC 10-3091] actual bit length 1 differs from formal bit length 7 for port 'address' [C:/Hung/Viettel/Stage2/ML-KEM/NTT/top.v:188]
WARNING: [VRFC 10-3091] actual bit length 1 differs from formal bit length 7 for port 'addr_tw' [C:/Hung/Viettel/Stage2/ML-KEM/NTT/top.v:215]
Completed static elaboration
Starting simulation data flow analysis
Completed simulation data flow analysis
Time Resolution for simulation is 1ps
Compiling module xil_defaultlib.MyBootROM
Compiling module xil_defaultlib.AddressGenerator
Compiling module xil_defaultlib.MyReg
Compiling module xil_defaultlib.top
Compiling module xil_defaultlib.tb_top
Compiling module xil_defaultlib.glbl
Built simulation snapshot tb_top_behav
INFO: [USF-XSim-69] 'elaborate' step finished in '2' seconds
Time resolution is 1 ps
TIMEOUT
$finish called at time : 2 us : File "C:/Hung/Viettel/Stage2/ML-KEM/NTT/tb_top.v" Line 122
relaunch_sim: Time (s): cpu = 00:00:01 ; elapsed = 00:00:05 . Memory (MB): peak = 2012.855 ; gain = 0.000
save_wave_config {C:/Hung/Viettel/Stage2/ML-KEM/ml_kem/tb_top_func_impl.wcfg}
relaunch_sim
Command: launch_simulation -step compile -simset sim_1 -mode behavioral
INFO: [Vivado 12-12493] Simulation top is 'tb_top'
WARNING: [Vivado 12-13340] Unable to auto find GCC executables from simulator install path! (path not set)
WARNING: [Vivado 12-13277] Compiled library path does not exist: ''
INFO: [Vivado 12-5682] Launching behavioral simulation in 'C:/Hung/Viettel/Stage2/ML-KEM/ml_kem/ml_kem.sim/sim_1/behav/xsim'
INFO: [SIM-utils-51] Simulation object is 'sim_1'
INFO: [USF-XSim-2] XSim::Compile design
INFO: [USF-XSim-61] Executing 'COMPILE and ANALYZE' step in 'C:/Hung/Viettel/Stage2/ML-KEM/ml_kem/ml_kem.sim/sim_1/behav/xsim'
"xvlog --incr --relax -prj tb_top_vlog.prj"
INFO: [VRFC 10-2263] Analyzing Verilog file "C:/Hung/Viettel/Stage2/ML-KEM/NTT/AddressGenerator.v" into library xil_defaultlib
INFO: [VRFC 10-311] analyzing module AddressGenerator
INFO: [VRFC 10-2263] Analyzing Verilog file "C:/Hung/Viettel/Stage2/ML-KEM/NTT/MyBootRom.v" into library xil_defaultlib
INFO: [VRFC 10-311] analyzing module MyBootROM
INFO: [VRFC 10-2263] Analyzing Verilog file "C:/Hung/Viettel/Stage2/ML-KEM/NTT/MyReg.v" into library xil_defaultlib
INFO: [VRFC 10-311] analyzing module MyReg
INFO: [VRFC 10-2263] Analyzing Verilog file "C:/Hung/Viettel/Stage2/ML-KEM/NTT/top.v" into library xil_defaultlib
INFO: [VRFC 10-311] analyzing module top
INFO: [VRFC 10-2263] Analyzing Verilog file "C:/Hung/Viettel/Stage2/ML-KEM/NTT/tb_top.v" into library xil_defaultlib
INFO: [VRFC 10-311] analyzing module tb_top
INFO: [USF-XSim-69] 'compile' step finished in '1' seconds
Command: launch_simulation -step elaborate -simset sim_1 -mode behavioral
INFO: [Vivado 12-12493] Simulation top is 'tb_top'
WARNING: [Vivado 12-13340] Unable to auto find GCC executables from simulator install path! (path not set)
WARNING: [Vivado 12-13277] Compiled library path does not exist: ''
INFO: [Vivado 12-5682] Launching behavioral simulation in 'C:/Hung/Viettel/Stage2/ML-KEM/ml_kem/ml_kem.sim/sim_1/behav/xsim'
INFO: [SIM-utils-51] Simulation object is 'sim_1'
INFO: [USF-XSim-3] XSim::Elaborate design
INFO: [USF-XSim-61] Executing 'ELABORATE' step in 'C:/Hung/Viettel/Stage2/ML-KEM/ml_kem/ml_kem.sim/sim_1/behav/xsim'
"xelab --incr --debug typical --relax --mt 2 -L xil_defaultlib -L unisims_ver -L unimacro_ver -L secureip -L xpm --snapshot tb_top_behav xil_defaultlib.tb_top xil_defaultlib.glbl -log elaborate.log"
Vivado Simulator v2022.2.2
Copyright 1986-1999, 2001-2022 Xilinx, Inc. All Rights Reserved.
Running: C:/Xilinx/Vivado/2022.2/bin/unwrapped/win64.o/xelab.exe --incr --debug typical --relax --mt 2 -L xil_defaultlib -L unisims_ver -L unimacro_ver -L secureip -L xpm --snapshot tb_top_behav xil_defaultlib.tb_top xil_defaultlib.glbl -log elaborate.log 
Using 2 slave threads.
Starting static elaboration
Pass Through NonSizing Optimizer
WARNING: [VRFC 10-3091] actual bit length 1 differs from formal bit length 7 for port 'address' [C:/Hung/Viettel/Stage2/ML-KEM/NTT/top.v:188]
WARNING: [VRFC 10-3091] actual bit length 1 differs from formal bit length 7 for port 'addr_tw' [C:/Hung/Viettel/Stage2/ML-KEM/NTT/top.v:215]
Completed static elaboration
Starting simulation data flow analysis
Completed simulation data flow analysis
Time Resolution for simulation is 1ps
Compiling module xil_defaultlib.MyBootROM
Compiling module xil_defaultlib.AddressGenerator
Compiling module xil_defaultlib.MyReg
Compiling module xil_defaultlib.top
Compiling module xil_defaultlib.tb_top
Compiling module xil_defaultlib.glbl
Built simulation snapshot tb_top_behav
INFO: [USF-XSim-69] 'elaborate' step finished in '2' seconds
Time resolution is 1 ps
TIMEOUT
$finish called at time : 2 us : File "C:/Hung/Viettel/Stage2/ML-KEM/NTT/tb_top.v" Line 122
relaunch_sim: Time (s): cpu = 00:00:01 ; elapsed = 00:00:05 . Memory (MB): peak = 2012.855 ; gain = 0.000
save_wave_config {C:/Hung/Viettel/Stage2/ML-KEM/ml_kem/tb_top_func_impl.wcfg}
current_wave_config {tb_top_func_impl.wcfg}
C:/Hung/Viettel/Stage2/ML-KEM/ml_kem/tb_top_func_impl.wcfg
add_wave {{/tb_top/dut/o_start_gen_addr}} 
relaunch_sim
Command: launch_simulation -step compile -simset sim_1 -mode behavioral
INFO: [Vivado 12-12493] Simulation top is 'tb_top'
WARNING: [Vivado 12-13340] Unable to auto find GCC executables from simulator install path! (path not set)
WARNING: [Vivado 12-13277] Compiled library path does not exist: ''
INFO: [Vivado 12-5682] Launching behavioral simulation in 'C:/Hung/Viettel/Stage2/ML-KEM/ml_kem/ml_kem.sim/sim_1/behav/xsim'
INFO: [SIM-utils-51] Simulation object is 'sim_1'
INFO: [USF-XSim-2] XSim::Compile design
INFO: [USF-XSim-61] Executing 'COMPILE and ANALYZE' step in 'C:/Hung/Viettel/Stage2/ML-KEM/ml_kem/ml_kem.sim/sim_1/behav/xsim'
"xvlog --incr --relax -prj tb_top_vlog.prj"
INFO: [VRFC 10-2263] Analyzing Verilog file "C:/Hung/Viettel/Stage2/ML-KEM/NTT/AddressGenerator.v" into library xil_defaultlib
INFO: [VRFC 10-311] analyzing module AddressGenerator
INFO: [VRFC 10-2263] Analyzing Verilog file "C:/Hung/Viettel/Stage2/ML-KEM/NTT/MyBootRom.v" into library xil_defaultlib
INFO: [VRFC 10-311] analyzing module MyBootROM
INFO: [VRFC 10-2263] Analyzing Verilog file "C:/Hung/Viettel/Stage2/ML-KEM/NTT/MyReg.v" into library xil_defaultlib
INFO: [VRFC 10-311] analyzing module MyReg
INFO: [VRFC 10-2263] Analyzing Verilog file "C:/Hung/Viettel/Stage2/ML-KEM/NTT/top.v" into library xil_defaultlib
INFO: [VRFC 10-311] analyzing module top
INFO: [VRFC 10-2263] Analyzing Verilog file "C:/Hung/Viettel/Stage2/ML-KEM/NTT/tb_top.v" into library xil_defaultlib
INFO: [VRFC 10-311] analyzing module tb_top
INFO: [USF-XSim-69] 'compile' step finished in '1' seconds
Command: launch_simulation -step elaborate -simset sim_1 -mode behavioral
INFO: [Vivado 12-12493] Simulation top is 'tb_top'
WARNING: [Vivado 12-13340] Unable to auto find GCC executables from simulator install path! (path not set)
WARNING: [Vivado 12-13277] Compiled library path does not exist: ''
INFO: [Vivado 12-5682] Launching behavioral simulation in 'C:/Hung/Viettel/Stage2/ML-KEM/ml_kem/ml_kem.sim/sim_1/behav/xsim'
INFO: [SIM-utils-51] Simulation object is 'sim_1'
INFO: [USF-XSim-3] XSim::Elaborate design
INFO: [USF-XSim-61] Executing 'ELABORATE' step in 'C:/Hung/Viettel/Stage2/ML-KEM/ml_kem/ml_kem.sim/sim_1/behav/xsim'
"xelab --incr --debug typical --relax --mt 2 -L xil_defaultlib -L unisims_ver -L unimacro_ver -L secureip -L xpm --snapshot tb_top_behav xil_defaultlib.tb_top xil_defaultlib.glbl -log elaborate.log"
Vivado Simulator v2022.2.2
Copyright 1986-1999, 2001-2022 Xilinx, Inc. All Rights Reserved.
Running: C:/Xilinx/Vivado/2022.2/bin/unwrapped/win64.o/xelab.exe --incr --debug typical --relax --mt 2 -L xil_defaultlib -L unisims_ver -L unimacro_ver -L secureip -L xpm --snapshot tb_top_behav xil_defaultlib.tb_top xil_defaultlib.glbl -log elaborate.log 
Using 2 slave threads.
Starting static elaboration
Pass Through NonSizing Optimizer
WARNING: [VRFC 10-3091] actual bit length 1 differs from formal bit length 7 for port 'address' [C:/Hung/Viettel/Stage2/ML-KEM/NTT/top.v:188]
WARNING: [VRFC 10-3091] actual bit length 1 differs from formal bit length 7 for port 'addr_tw' [C:/Hung/Viettel/Stage2/ML-KEM/NTT/top.v:215]
Completed static elaboration
Starting simulation data flow analysis
Completed simulation data flow analysis
Time Resolution for simulation is 1ps
Compiling module xil_defaultlib.MyBootROM
Compiling module xil_defaultlib.AddressGenerator
Compiling module xil_defaultlib.MyReg
Compiling module xil_defaultlib.top
Compiling module xil_defaultlib.tb_top
Compiling module xil_defaultlib.glbl
Built simulation snapshot tb_top_behav
INFO: [USF-XSim-69] 'elaborate' step finished in '2' seconds
Time resolution is 1 ps
TIMEOUT
$finish called at time : 2 us : File "C:/Hung/Viettel/Stage2/ML-KEM/NTT/tb_top.v" Line 122
relaunch_sim: Time (s): cpu = 00:00:01 ; elapsed = 00:00:05 . Memory (MB): peak = 2012.855 ; gain = 0.000
current_wave_config {tb_top_func_impl.wcfg}
C:/Hung/Viettel/Stage2/ML-KEM/ml_kem/tb_top_func_impl.wcfg
add_wave {{/tb_top/in0}} {{/tb_top/in1}} 
current_wave_config {tb_top_func_impl.wcfg}
C:/Hung/Viettel/Stage2/ML-KEM/ml_kem/tb_top_func_impl.wcfg
add_wave {{/tb_top/dut/addr_a}} {{/tb_top/dut/addr_b}} {{/tb_top/dut/addr_tw}} 
relaunch_sim
Command: launch_simulation -step compile -simset sim_1 -mode behavioral
INFO: [Vivado 12-12493] Simulation top is 'tb_top'
WARNING: [Vivado 12-13340] Unable to auto find GCC executables from simulator install path! (path not set)
WARNING: [Vivado 12-13277] Compiled library path does not exist: ''
INFO: [Vivado 12-5682] Launching behavioral simulation in 'C:/Hung/Viettel/Stage2/ML-KEM/ml_kem/ml_kem.sim/sim_1/behav/xsim'
INFO: [SIM-utils-51] Simulation object is 'sim_1'
INFO: [USF-XSim-2] XSim::Compile design
INFO: [USF-XSim-61] Executing 'COMPILE and ANALYZE' step in 'C:/Hung/Viettel/Stage2/ML-KEM/ml_kem/ml_kem.sim/sim_1/behav/xsim'
"xvlog --incr --relax -prj tb_top_vlog.prj"
INFO: [VRFC 10-2263] Analyzing Verilog file "C:/Hung/Viettel/Stage2/ML-KEM/NTT/AddressGenerator.v" into library xil_defaultlib
INFO: [VRFC 10-311] analyzing module AddressGenerator
INFO: [VRFC 10-2263] Analyzing Verilog file "C:/Hung/Viettel/Stage2/ML-KEM/NTT/MyBootRom.v" into library xil_defaultlib
INFO: [VRFC 10-311] analyzing module MyBootROM
INFO: [VRFC 10-2263] Analyzing Verilog file "C:/Hung/Viettel/Stage2/ML-KEM/NTT/MyReg.v" into library xil_defaultlib
INFO: [VRFC 10-311] analyzing module MyReg
INFO: [VRFC 10-2263] Analyzing Verilog file "C:/Hung/Viettel/Stage2/ML-KEM/NTT/top.v" into library xil_defaultlib
INFO: [VRFC 10-311] analyzing module top
INFO: [VRFC 10-2263] Analyzing Verilog file "C:/Hung/Viettel/Stage2/ML-KEM/NTT/tb_top.v" into library xil_defaultlib
INFO: [VRFC 10-311] analyzing module tb_top
INFO: [USF-XSim-69] 'compile' step finished in '1' seconds
Command: launch_simulation -step elaborate -simset sim_1 -mode behavioral
INFO: [Vivado 12-12493] Simulation top is 'tb_top'
WARNING: [Vivado 12-13340] Unable to auto find GCC executables from simulator install path! (path not set)
WARNING: [Vivado 12-13277] Compiled library path does not exist: ''
INFO: [Vivado 12-5682] Launching behavioral simulation in 'C:/Hung/Viettel/Stage2/ML-KEM/ml_kem/ml_kem.sim/sim_1/behav/xsim'
INFO: [SIM-utils-51] Simulation object is 'sim_1'
INFO: [USF-XSim-3] XSim::Elaborate design
INFO: [USF-XSim-61] Executing 'ELABORATE' step in 'C:/Hung/Viettel/Stage2/ML-KEM/ml_kem/ml_kem.sim/sim_1/behav/xsim'
"xelab --incr --debug typical --relax --mt 2 -L xil_defaultlib -L unisims_ver -L unimacro_ver -L secureip -L xpm --snapshot tb_top_behav xil_defaultlib.tb_top xil_defaultlib.glbl -log elaborate.log"
Vivado Simulator v2022.2.2
Copyright 1986-1999, 2001-2022 Xilinx, Inc. All Rights Reserved.
Running: C:/Xilinx/Vivado/2022.2/bin/unwrapped/win64.o/xelab.exe --incr --debug typical --relax --mt 2 -L xil_defaultlib -L unisims_ver -L unimacro_ver -L secureip -L xpm --snapshot tb_top_behav xil_defaultlib.tb_top xil_defaultlib.glbl -log elaborate.log 
Using 2 slave threads.
Starting static elaboration
Pass Through NonSizing Optimizer
Completed static elaboration
Starting simulation data flow analysis
Completed simulation data flow analysis
Time Resolution for simulation is 1ps
Compiling module xil_defaultlib.MyBootROM
Compiling module xil_defaultlib.AddressGenerator
Compiling module xil_defaultlib.MyReg
Compiling module xil_defaultlib.top
Compiling module xil_defaultlib.tb_top
Compiling module xil_defaultlib.glbl
Built simulation snapshot tb_top_behav
INFO: [USF-XSim-69] 'elaborate' step finished in '2' seconds
Time resolution is 1 ps
TIMEOUT
$finish called at time : 2 us : File "C:/Hung/Viettel/Stage2/ML-KEM/NTT/tb_top.v" Line 122
relaunch_sim: Time (s): cpu = 00:00:01 ; elapsed = 00:00:05 . Memory (MB): peak = 2012.855 ; gain = 0.000
save_wave_config {C:/Hung/Viettel/Stage2/ML-KEM/ml_kem/tb_top_func_impl.wcfg}
current_wave_config {tb_top_func_impl.wcfg}
C:/Hung/Viettel/Stage2/ML-KEM/ml_kem/tb_top_func_impl.wcfg
add_wave {{/tb_top/dut/we}} 
relaunch_sim
Command: launch_simulation -step compile -simset sim_1 -mode behavioral
INFO: [Vivado 12-12493] Simulation top is 'tb_top'
WARNING: [Vivado 12-13340] Unable to auto find GCC executables from simulator install path! (path not set)
WARNING: [Vivado 12-13277] Compiled library path does not exist: ''
INFO: [Vivado 12-5682] Launching behavioral simulation in 'C:/Hung/Viettel/Stage2/ML-KEM/ml_kem/ml_kem.sim/sim_1/behav/xsim'
INFO: [SIM-utils-51] Simulation object is 'sim_1'
INFO: [USF-XSim-2] XSim::Compile design
INFO: [USF-XSim-61] Executing 'COMPILE and ANALYZE' step in 'C:/Hung/Viettel/Stage2/ML-KEM/ml_kem/ml_kem.sim/sim_1/behav/xsim'
"xvlog --incr --relax -prj tb_top_vlog.prj"
INFO: [USF-XSim-69] 'compile' step finished in '1' seconds
Command: launch_simulation -step elaborate -simset sim_1 -mode behavioral
INFO: [Vivado 12-12493] Simulation top is 'tb_top'
WARNING: [Vivado 12-13340] Unable to auto find GCC executables from simulator install path! (path not set)
WARNING: [Vivado 12-13277] Compiled library path does not exist: ''
INFO: [Vivado 12-5682] Launching behavioral simulation in 'C:/Hung/Viettel/Stage2/ML-KEM/ml_kem/ml_kem.sim/sim_1/behav/xsim'
INFO: [SIM-utils-51] Simulation object is 'sim_1'
INFO: [USF-XSim-3] XSim::Elaborate design
INFO: [USF-XSim-61] Executing 'ELABORATE' step in 'C:/Hung/Viettel/Stage2/ML-KEM/ml_kem/ml_kem.sim/sim_1/behav/xsim'
"xelab --incr --debug typical --relax --mt 2 -L xil_defaultlib -L unisims_ver -L unimacro_ver -L secureip -L xpm --snapshot tb_top_behav xil_defaultlib.tb_top xil_defaultlib.glbl -log elaborate.log"
Vivado Simulator v2022.2.2
Copyright 1986-1999, 2001-2022 Xilinx, Inc. All Rights Reserved.
Running: C:/Xilinx/Vivado/2022.2/bin/unwrapped/win64.o/xelab.exe --incr --debug typical --relax --mt 2 -L xil_defaultlib -L unisims_ver -L unimacro_ver -L secureip -L xpm --snapshot tb_top_behav xil_defaultlib.tb_top xil_defaultlib.glbl -log elaborate.log 
Using 2 slave threads.
Starting static elaboration
Pass Through NonSizing Optimizer
Completed static elaboration
INFO: [XSIM 43-4323] No Change in HDL. Linking previously generated obj files to create kernel
INFO: [USF-XSim-69] 'elaborate' step finished in '2' seconds
Time resolution is 1 ps
TIMEOUT
$finish called at time : 2 us : File "C:/Hung/Viettel/Stage2/ML-KEM/NTT/tb_top.v" Line 122
save_wave_config {C:/Hung/Viettel/Stage2/ML-KEM/ml_kem/tb_top_func_impl.wcfg}
relaunch_sim
Command: launch_simulation -step compile -simset sim_1 -mode behavioral
INFO: [Vivado 12-12493] Simulation top is 'tb_top'
WARNING: [Vivado 12-13340] Unable to auto find GCC executables from simulator install path! (path not set)
WARNING: [Vivado 12-13277] Compiled library path does not exist: ''
INFO: [Vivado 12-5682] Launching behavioral simulation in 'C:/Hung/Viettel/Stage2/ML-KEM/ml_kem/ml_kem.sim/sim_1/behav/xsim'
INFO: [SIM-utils-51] Simulation object is 'sim_1'
INFO: [USF-XSim-2] XSim::Compile design
INFO: [USF-XSim-61] Executing 'COMPILE and ANALYZE' step in 'C:/Hung/Viettel/Stage2/ML-KEM/ml_kem/ml_kem.sim/sim_1/behav/xsim'
"xvlog --incr --relax -prj tb_top_vlog.prj"
INFO: [VRFC 10-2263] Analyzing Verilog file "C:/Hung/Viettel/Stage2/ML-KEM/NTT/AddressGenerator.v" into library xil_defaultlib
INFO: [VRFC 10-311] analyzing module AddressGenerator
INFO: [VRFC 10-2263] Analyzing Verilog file "C:/Hung/Viettel/Stage2/ML-KEM/NTT/MyBootRom.v" into library xil_defaultlib
INFO: [VRFC 10-311] analyzing module MyBootROM
INFO: [VRFC 10-2263] Analyzing Verilog file "C:/Hung/Viettel/Stage2/ML-KEM/NTT/MyReg.v" into library xil_defaultlib
INFO: [VRFC 10-311] analyzing module MyReg
INFO: [VRFC 10-2263] Analyzing Verilog file "C:/Hung/Viettel/Stage2/ML-KEM/NTT/top.v" into library xil_defaultlib
INFO: [VRFC 10-311] analyzing module top
INFO: [VRFC 10-2263] Analyzing Verilog file "C:/Hung/Viettel/Stage2/ML-KEM/NTT/tb_top.v" into library xil_defaultlib
INFO: [VRFC 10-311] analyzing module tb_top
INFO: [USF-XSim-69] 'compile' step finished in '1' seconds
Command: launch_simulation -step elaborate -simset sim_1 -mode behavioral
INFO: [Vivado 12-12493] Simulation top is 'tb_top'
WARNING: [Vivado 12-13340] Unable to auto find GCC executables from simulator install path! (path not set)
WARNING: [Vivado 12-13277] Compiled library path does not exist: ''
INFO: [Vivado 12-5682] Launching behavioral simulation in 'C:/Hung/Viettel/Stage2/ML-KEM/ml_kem/ml_kem.sim/sim_1/behav/xsim'
INFO: [SIM-utils-51] Simulation object is 'sim_1'
INFO: [USF-XSim-3] XSim::Elaborate design
INFO: [USF-XSim-61] Executing 'ELABORATE' step in 'C:/Hung/Viettel/Stage2/ML-KEM/ml_kem/ml_kem.sim/sim_1/behav/xsim'
"xelab --incr --debug typical --relax --mt 2 -L xil_defaultlib -L unisims_ver -L unimacro_ver -L secureip -L xpm --snapshot tb_top_behav xil_defaultlib.tb_top xil_defaultlib.glbl -log elaborate.log"
Vivado Simulator v2022.2.2
Copyright 1986-1999, 2001-2022 Xilinx, Inc. All Rights Reserved.
Running: C:/Xilinx/Vivado/2022.2/bin/unwrapped/win64.o/xelab.exe --incr --debug typical --relax --mt 2 -L xil_defaultlib -L unisims_ver -L unimacro_ver -L secureip -L xpm --snapshot tb_top_behav xil_defaultlib.tb_top xil_defaultlib.glbl -log elaborate.log 
Using 2 slave threads.
Starting static elaboration
Pass Through NonSizing Optimizer
Completed static elaboration
Starting simulation data flow analysis
Completed simulation data flow analysis
Time Resolution for simulation is 1ps
Compiling module xil_defaultlib.MyBootROM
Compiling module xil_defaultlib.AddressGenerator
Compiling module xil_defaultlib.MyReg
Compiling module xil_defaultlib.top
Compiling module xil_defaultlib.tb_top
Compiling module xil_defaultlib.glbl
Built simulation snapshot tb_top_behav
INFO: [USF-XSim-69] 'elaborate' step finished in '2' seconds
Time resolution is 1 ps
[5588000] DONE_STORE!
$finish called at time : 5667500 ps : File "C:/Hung/Viettel/Stage2/ML-KEM/NTT/tb_top.v" Line 115
relaunch_sim: Time (s): cpu = 00:00:01 ; elapsed = 00:00:05 . Memory (MB): peak = 2012.855 ; gain = 0.000
current_wave_config {tb_top_func_impl.wcfg}
C:/Hung/Viettel/Stage2/ML-KEM/ml_kem/tb_top_func_impl.wcfg
add_wave {{/tb_top/dut/A}} {{/tb_top/dut/B}} {{/tb_top/dut/zetas}} 
relaunch_sim
Command: launch_simulation -step compile -simset sim_1 -mode behavioral
INFO: [Vivado 12-12493] Simulation top is 'tb_top'
WARNING: [Vivado 12-13340] Unable to auto find GCC executables from simulator install path! (path not set)
WARNING: [Vivado 12-13277] Compiled library path does not exist: ''
INFO: [Vivado 12-5682] Launching behavioral simulation in 'C:/Hung/Viettel/Stage2/ML-KEM/ml_kem/ml_kem.sim/sim_1/behav/xsim'
INFO: [SIM-utils-51] Simulation object is 'sim_1'
INFO: [USF-XSim-2] XSim::Compile design
INFO: [USF-XSim-61] Executing 'COMPILE and ANALYZE' step in 'C:/Hung/Viettel/Stage2/ML-KEM/ml_kem/ml_kem.sim/sim_1/behav/xsim'
"xvlog --incr --relax -prj tb_top_vlog.prj"
INFO: [VRFC 10-2263] Analyzing Verilog file "C:/Hung/Viettel/Stage2/ML-KEM/NTT/AddressGenerator.v" into library xil_defaultlib
INFO: [VRFC 10-311] analyzing module AddressGenerator
INFO: [VRFC 10-2263] Analyzing Verilog file "C:/Hung/Viettel/Stage2/ML-KEM/NTT/MyBootRom.v" into library xil_defaultlib
INFO: [VRFC 10-311] analyzing module MyBootROM
INFO: [VRFC 10-2263] Analyzing Verilog file "C:/Hung/Viettel/Stage2/ML-KEM/NTT/MyReg.v" into library xil_defaultlib
INFO: [VRFC 10-311] analyzing module MyReg
INFO: [VRFC 10-2263] Analyzing Verilog file "C:/Hung/Viettel/Stage2/ML-KEM/NTT/top.v" into library xil_defaultlib
INFO: [VRFC 10-311] analyzing module top
ERROR: [VRFC 10-4982] syntax error near 'assign' [C:/Hung/Viettel/Stage2/ML-KEM/NTT/top.v:167]
ERROR: [VRFC 10-8549] Verilog 2000 keyword 'assign' used in incorrect context [C:/Hung/Viettel/Stage2/ML-KEM/NTT/top.v:167]
ERROR: [VRFC 10-4982] syntax error near 'we' [C:/Hung/Viettel/Stage2/ML-KEM/NTT/top.v:180]
ERROR: [VRFC 10-4982] syntax error near 'din_a' [C:/Hung/Viettel/Stage2/ML-KEM/NTT/top.v:188]
ERROR: [VRFC 10-8530] module 'top' is ignored due to previous errors [C:/Hung/Viettel/Stage2/ML-KEM/NTT/top.v:3]
INFO: [USF-XSim-69] 'compile' step finished in '1' seconds
INFO: [USF-XSim-99] Step results log file:'C:/Hung/Viettel/Stage2/ML-KEM/ml_kem/ml_kem.sim/sim_1/behav/xsim/xvlog.log'
ERROR: [USF-XSim-62] 'compile' step failed with error(s). Please check the Tcl console output or 'C:/Hung/Viettel/Stage2/ML-KEM/ml_kem/ml_kem.sim/sim_1/behav/xsim/xvlog.log' file for more information.
ERROR: [Vivado 12-4473] Detected error while running simulation. Please correct the issue and retry this operation.
ERROR: [Common 17-39] 'launch_simulation' failed due to earlier errors.
ERROR: [Common 17-69] Command failed: ERROR: [Common 17-39] 'launch_simulation' failed due to earlier errors.

relaunch_sim
Command: launch_simulation -step compile -simset sim_1 -mode behavioral
INFO: [Vivado 12-12493] Simulation top is 'tb_top'
WARNING: [Vivado 12-13340] Unable to auto find GCC executables from simulator install path! (path not set)
WARNING: [Vivado 12-13277] Compiled library path does not exist: ''
INFO: [Vivado 12-5682] Launching behavioral simulation in 'C:/Hung/Viettel/Stage2/ML-KEM/ml_kem/ml_kem.sim/sim_1/behav/xsim'
INFO: [SIM-utils-51] Simulation object is 'sim_1'
INFO: [USF-XSim-2] XSim::Compile design
INFO: [USF-XSim-61] Executing 'COMPILE and ANALYZE' step in 'C:/Hung/Viettel/Stage2/ML-KEM/ml_kem/ml_kem.sim/sim_1/behav/xsim'
"xvlog --incr --relax -prj tb_top_vlog.prj"
INFO: [VRFC 10-2263] Analyzing Verilog file "C:/Hung/Viettel/Stage2/ML-KEM/NTT/AddressGenerator.v" into library xil_defaultlib
INFO: [VRFC 10-311] analyzing module AddressGenerator
INFO: [VRFC 10-2263] Analyzing Verilog file "C:/Hung/Viettel/Stage2/ML-KEM/NTT/MyBootRom.v" into library xil_defaultlib
INFO: [VRFC 10-311] analyzing module MyBootROM
INFO: [VRFC 10-2263] Analyzing Verilog file "C:/Hung/Viettel/Stage2/ML-KEM/NTT/MyReg.v" into library xil_defaultlib
INFO: [VRFC 10-311] analyzing module MyReg
INFO: [VRFC 10-2263] Analyzing Verilog file "C:/Hung/Viettel/Stage2/ML-KEM/NTT/top.v" into library xil_defaultlib
INFO: [VRFC 10-311] analyzing module top
ERROR: [VRFC 10-4982] syntax error near 'assign' [C:/Hung/Viettel/Stage2/ML-KEM/NTT/top.v:167]
ERROR: [VRFC 10-8549] Verilog 2000 keyword 'assign' used in incorrect context [C:/Hung/Viettel/Stage2/ML-KEM/NTT/top.v:167]
ERROR: [VRFC 10-4982] syntax error near 'we' [C:/Hung/Viettel/Stage2/ML-KEM/NTT/top.v:180]
ERROR: [VRFC 10-8530] module 'top' is ignored due to previous errors [C:/Hung/Viettel/Stage2/ML-KEM/NTT/top.v:3]
INFO: [USF-XSim-69] 'compile' step finished in '1' seconds
INFO: [USF-XSim-99] Step results log file:'C:/Hung/Viettel/Stage2/ML-KEM/ml_kem/ml_kem.sim/sim_1/behav/xsim/xvlog.log'
ERROR: [USF-XSim-62] 'compile' step failed with error(s). Please check the Tcl console output or 'C:/Hung/Viettel/Stage2/ML-KEM/ml_kem/ml_kem.sim/sim_1/behav/xsim/xvlog.log' file for more information.
ERROR: [Vivado 12-4473] Detected error while running simulation. Please correct the issue and retry this operation.
ERROR: [Common 17-39] 'launch_simulation' failed due to earlier errors.
ERROR: [Common 17-69] Command failed: ERROR: [Common 17-39] 'launch_simulation' failed due to earlier errors.

relaunch_sim
Command: launch_simulation -step compile -simset sim_1 -mode behavioral
INFO: [Vivado 12-12493] Simulation top is 'tb_top'
WARNING: [Vivado 12-13340] Unable to auto find GCC executables from simulator install path! (path not set)
WARNING: [Vivado 12-13277] Compiled library path does not exist: ''
INFO: [Vivado 12-5682] Launching behavioral simulation in 'C:/Hung/Viettel/Stage2/ML-KEM/ml_kem/ml_kem.sim/sim_1/behav/xsim'
INFO: [SIM-utils-51] Simulation object is 'sim_1'
INFO: [USF-XSim-2] XSim::Compile design
INFO: [USF-XSim-61] Executing 'COMPILE and ANALYZE' step in 'C:/Hung/Viettel/Stage2/ML-KEM/ml_kem/ml_kem.sim/sim_1/behav/xsim'
"xvlog --incr --relax -prj tb_top_vlog.prj"
INFO: [VRFC 10-2263] Analyzing Verilog file "C:/Hung/Viettel/Stage2/ML-KEM/NTT/AddressGenerator.v" into library xil_defaultlib
INFO: [VRFC 10-311] analyzing module AddressGenerator
INFO: [VRFC 10-2263] Analyzing Verilog file "C:/Hung/Viettel/Stage2/ML-KEM/NTT/MyBootRom.v" into library xil_defaultlib
INFO: [VRFC 10-311] analyzing module MyBootROM
INFO: [VRFC 10-2263] Analyzing Verilog file "C:/Hung/Viettel/Stage2/ML-KEM/NTT/MyReg.v" into library xil_defaultlib
INFO: [VRFC 10-311] analyzing module MyReg
INFO: [VRFC 10-2263] Analyzing Verilog file "C:/Hung/Viettel/Stage2/ML-KEM/NTT/top.v" into library xil_defaultlib
INFO: [VRFC 10-311] analyzing module top
ERROR: [VRFC 10-4982] syntax error near 'assign' [C:/Hung/Viettel/Stage2/ML-KEM/NTT/top.v:167]
ERROR: [VRFC 10-8549] Verilog 2000 keyword 'assign' used in incorrect context [C:/Hung/Viettel/Stage2/ML-KEM/NTT/top.v:167]
ERROR: [VRFC 10-8530] module 'top' is ignored due to previous errors [C:/Hung/Viettel/Stage2/ML-KEM/NTT/top.v:3]
INFO: [USF-XSim-69] 'compile' step finished in '1' seconds
INFO: [USF-XSim-99] Step results log file:'C:/Hung/Viettel/Stage2/ML-KEM/ml_kem/ml_kem.sim/sim_1/behav/xsim/xvlog.log'
ERROR: [USF-XSim-62] 'compile' step failed with error(s). Please check the Tcl console output or 'C:/Hung/Viettel/Stage2/ML-KEM/ml_kem/ml_kem.sim/sim_1/behav/xsim/xvlog.log' file for more information.
ERROR: [Vivado 12-4473] Detected error while running simulation. Please correct the issue and retry this operation.
ERROR: [Common 17-39] 'launch_simulation' failed due to earlier errors.
ERROR: [Common 17-69] Command failed: ERROR: [Common 17-39] 'launch_simulation' failed due to earlier errors.

relaunch_sim
Command: launch_simulation -step compile -simset sim_1 -mode behavioral
INFO: [Vivado 12-12493] Simulation top is 'tb_top'
WARNING: [Vivado 12-13340] Unable to auto find GCC executables from simulator install path! (path not set)
WARNING: [Vivado 12-13277] Compiled library path does not exist: ''
INFO: [Vivado 12-5682] Launching behavioral simulation in 'C:/Hung/Viettel/Stage2/ML-KEM/ml_kem/ml_kem.sim/sim_1/behav/xsim'
INFO: [SIM-utils-51] Simulation object is 'sim_1'
INFO: [USF-XSim-2] XSim::Compile design
INFO: [USF-XSim-61] Executing 'COMPILE and ANALYZE' step in 'C:/Hung/Viettel/Stage2/ML-KEM/ml_kem/ml_kem.sim/sim_1/behav/xsim'
"xvlog --incr --relax -prj tb_top_vlog.prj"
INFO: [VRFC 10-2263] Analyzing Verilog file "C:/Hung/Viettel/Stage2/ML-KEM/NTT/AddressGenerator.v" into library xil_defaultlib
INFO: [VRFC 10-311] analyzing module AddressGenerator
INFO: [VRFC 10-2263] Analyzing Verilog file "C:/Hung/Viettel/Stage2/ML-KEM/NTT/MyBootRom.v" into library xil_defaultlib
INFO: [VRFC 10-311] analyzing module MyBootROM
INFO: [VRFC 10-2263] Analyzing Verilog file "C:/Hung/Viettel/Stage2/ML-KEM/NTT/MyReg.v" into library xil_defaultlib
INFO: [VRFC 10-311] analyzing module MyReg
INFO: [VRFC 10-2263] Analyzing Verilog file "C:/Hung/Viettel/Stage2/ML-KEM/NTT/top.v" into library xil_defaultlib
INFO: [VRFC 10-311] analyzing module top
INFO: [VRFC 10-2263] Analyzing Verilog file "C:/Hung/Viettel/Stage2/ML-KEM/NTT/tb_top.v" into library xil_defaultlib
INFO: [VRFC 10-311] analyzing module tb_top
INFO: [USF-XSim-69] 'compile' step finished in '2' seconds
Command: launch_simulation -step elaborate -simset sim_1 -mode behavioral
INFO: [Vivado 12-12493] Simulation top is 'tb_top'
WARNING: [Vivado 12-13340] Unable to auto find GCC executables from simulator install path! (path not set)
WARNING: [Vivado 12-13277] Compiled library path does not exist: ''
INFO: [Vivado 12-5682] Launching behavioral simulation in 'C:/Hung/Viettel/Stage2/ML-KEM/ml_kem/ml_kem.sim/sim_1/behav/xsim'
INFO: [SIM-utils-51] Simulation object is 'sim_1'
INFO: [USF-XSim-3] XSim::Elaborate design
INFO: [USF-XSim-61] Executing 'ELABORATE' step in 'C:/Hung/Viettel/Stage2/ML-KEM/ml_kem/ml_kem.sim/sim_1/behav/xsim'
"xelab --incr --debug typical --relax --mt 2 -L xil_defaultlib -L unisims_ver -L unimacro_ver -L secureip -L xpm --snapshot tb_top_behav xil_defaultlib.tb_top xil_defaultlib.glbl -log elaborate.log"
Vivado Simulator v2022.2.2
Copyright 1986-1999, 2001-2022 Xilinx, Inc. All Rights Reserved.
Running: C:/Xilinx/Vivado/2022.2/bin/unwrapped/win64.o/xelab.exe --incr --debug typical --relax --mt 2 -L xil_defaultlib -L unisims_ver -L unimacro_ver -L secureip -L xpm --snapshot tb_top_behav xil_defaultlib.tb_top xil_defaultlib.glbl -log elaborate.log 
Using 2 slave threads.
Starting static elaboration
Pass Through NonSizing Optimizer
WARNING: [VRFC 10-3091] actual bit length 7 differs from formal bit length 1 for port 'valid' [C:/Hung/Viettel/Stage2/ML-KEM/NTT/top.v:227]
ERROR: [VRFC 10-3236] concurrent assignment to a non-net 'addr_tw' is not permitted [C:/Hung/Viettel/Stage2/ML-KEM/NTT/top.v:226]
ERROR: [XSIM 43-3322] Static elaboration of top level Verilog design unit(s) in library work failed.
INFO: [USF-XSim-69] 'elaborate' step finished in '1' seconds
INFO: [USF-XSim-99] Step results log file:'C:/Hung/Viettel/Stage2/ML-KEM/ml_kem/ml_kem.sim/sim_1/behav/xsim/elaborate.log'
ERROR: [USF-XSim-62] 'elaborate' step failed with error(s). Please check the Tcl console output or 'C:/Hung/Viettel/Stage2/ML-KEM/ml_kem/ml_kem.sim/sim_1/behav/xsim/elaborate.log' file for more information.
ERROR: [Vivado 12-4473] Detected error while running simulation. Please correct the issue and retry this operation.
ERROR: [Common 17-39] 'launch_simulation' failed due to earlier errors.
ERROR: [Common 17-69] Command failed: ERROR: [Common 17-39] 'launch_simulation' failed due to earlier errors.

relaunch_sim
Command: launch_simulation -step compile -simset sim_1 -mode behavioral
INFO: [Vivado 12-12493] Simulation top is 'tb_top'
WARNING: [Vivado 12-13340] Unable to auto find GCC executables from simulator install path! (path not set)
WARNING: [Vivado 12-13277] Compiled library path does not exist: ''
INFO: [Vivado 12-5682] Launching behavioral simulation in 'C:/Hung/Viettel/Stage2/ML-KEM/ml_kem/ml_kem.sim/sim_1/behav/xsim'
INFO: [SIM-utils-51] Simulation object is 'sim_1'
INFO: [USF-XSim-2] XSim::Compile design
INFO: [USF-XSim-61] Executing 'COMPILE and ANALYZE' step in 'C:/Hung/Viettel/Stage2/ML-KEM/ml_kem/ml_kem.sim/sim_1/behav/xsim'
"xvlog --incr --relax -prj tb_top_vlog.prj"
INFO: [USF-XSim-69] 'compile' step finished in '1' seconds
Command: launch_simulation -step elaborate -simset sim_1 -mode behavioral
INFO: [Vivado 12-12493] Simulation top is 'tb_top'
WARNING: [Vivado 12-13340] Unable to auto find GCC executables from simulator install path! (path not set)
WARNING: [Vivado 12-13277] Compiled library path does not exist: ''
INFO: [Vivado 12-5682] Launching behavioral simulation in 'C:/Hung/Viettel/Stage2/ML-KEM/ml_kem/ml_kem.sim/sim_1/behav/xsim'
INFO: [SIM-utils-51] Simulation object is 'sim_1'
INFO: [USF-XSim-3] XSim::Elaborate design
INFO: [USF-XSim-61] Executing 'ELABORATE' step in 'C:/Hung/Viettel/Stage2/ML-KEM/ml_kem/ml_kem.sim/sim_1/behav/xsim'
"xelab --incr --debug typical --relax --mt 2 -L xil_defaultlib -L unisims_ver -L unimacro_ver -L secureip -L xpm --snapshot tb_top_behav xil_defaultlib.tb_top xil_defaultlib.glbl -log elaborate.log"
Vivado Simulator v2022.2.2
Copyright 1986-1999, 2001-2022 Xilinx, Inc. All Rights Reserved.
Running: C:/Xilinx/Vivado/2022.2/bin/unwrapped/win64.o/xelab.exe --incr --debug typical --relax --mt 2 -L xil_defaultlib -L unisims_ver -L unimacro_ver -L secureip -L xpm --snapshot tb_top_behav xil_defaultlib.tb_top xil_defaultlib.glbl -log elaborate.log 
Using 2 slave threads.
Starting static elaboration
Pass Through NonSizing Optimizer
WARNING: [VRFC 10-3091] actual bit length 7 differs from formal bit length 1 for port 'valid' [C:/Hung/Viettel/Stage2/ML-KEM/NTT/top.v:227]
ERROR: [VRFC 10-3236] concurrent assignment to a non-net 'addr_tw' is not permitted [C:/Hung/Viettel/Stage2/ML-KEM/NTT/top.v:226]
ERROR: [XSIM 43-3322] Static elaboration of top level Verilog design unit(s) in library work failed.
INFO: [USF-XSim-69] 'elaborate' step finished in '2' seconds
INFO: [USF-XSim-99] Step results log file:'C:/Hung/Viettel/Stage2/ML-KEM/ml_kem/ml_kem.sim/sim_1/behav/xsim/elaborate.log'
ERROR: [USF-XSim-62] 'elaborate' step failed with error(s). Please check the Tcl console output or 'C:/Hung/Viettel/Stage2/ML-KEM/ml_kem/ml_kem.sim/sim_1/behav/xsim/elaborate.log' file for more information.
ERROR: [Vivado 12-4473] Detected error while running simulation. Please correct the issue and retry this operation.
ERROR: [Common 17-39] 'launch_simulation' failed due to earlier errors.
ERROR: [Common 17-69] Command failed: ERROR: [Common 17-39] 'launch_simulation' failed due to earlier errors.

relaunch_sim
Command: launch_simulation -step compile -simset sim_1 -mode behavioral
INFO: [Vivado 12-12493] Simulation top is 'tb_top'
WARNING: [Vivado 12-13340] Unable to auto find GCC executables from simulator install path! (path not set)
WARNING: [Vivado 12-13277] Compiled library path does not exist: ''
INFO: [Vivado 12-5682] Launching behavioral simulation in 'C:/Hung/Viettel/Stage2/ML-KEM/ml_kem/ml_kem.sim/sim_1/behav/xsim'
INFO: [SIM-utils-51] Simulation object is 'sim_1'
INFO: [USF-XSim-2] XSim::Compile design
INFO: [USF-XSim-61] Executing 'COMPILE and ANALYZE' step in 'C:/Hung/Viettel/Stage2/ML-KEM/ml_kem/ml_kem.sim/sim_1/behav/xsim'
"xvlog --incr --relax -prj tb_top_vlog.prj"
INFO: [VRFC 10-2263] Analyzing Verilog file "C:/Hung/Viettel/Stage2/ML-KEM/NTT/AddressGenerator.v" into library xil_defaultlib
INFO: [VRFC 10-311] analyzing module AddressGenerator
INFO: [VRFC 10-2263] Analyzing Verilog file "C:/Hung/Viettel/Stage2/ML-KEM/NTT/MyBootRom.v" into library xil_defaultlib
INFO: [VRFC 10-311] analyzing module MyBootROM
INFO: [VRFC 10-2263] Analyzing Verilog file "C:/Hung/Viettel/Stage2/ML-KEM/NTT/MyReg.v" into library xil_defaultlib
INFO: [VRFC 10-311] analyzing module MyReg
INFO: [VRFC 10-2263] Analyzing Verilog file "C:/Hung/Viettel/Stage2/ML-KEM/NTT/top.v" into library xil_defaultlib
INFO: [VRFC 10-311] analyzing module top
INFO: [VRFC 10-2263] Analyzing Verilog file "C:/Hung/Viettel/Stage2/ML-KEM/NTT/tb_top.v" into library xil_defaultlib
INFO: [VRFC 10-311] analyzing module tb_top
INFO: [USF-XSim-69] 'compile' step finished in '1' seconds
Command: launch_simulation -step elaborate -simset sim_1 -mode behavioral
INFO: [Vivado 12-12493] Simulation top is 'tb_top'
WARNING: [Vivado 12-13340] Unable to auto find GCC executables from simulator install path! (path not set)
WARNING: [Vivado 12-13277] Compiled library path does not exist: ''
INFO: [Vivado 12-5682] Launching behavioral simulation in 'C:/Hung/Viettel/Stage2/ML-KEM/ml_kem/ml_kem.sim/sim_1/behav/xsim'
INFO: [SIM-utils-51] Simulation object is 'sim_1'
INFO: [USF-XSim-3] XSim::Elaborate design
INFO: [USF-XSim-61] Executing 'ELABORATE' step in 'C:/Hung/Viettel/Stage2/ML-KEM/ml_kem/ml_kem.sim/sim_1/behav/xsim'
"xelab --incr --debug typical --relax --mt 2 -L xil_defaultlib -L unisims_ver -L unimacro_ver -L secureip -L xpm --snapshot tb_top_behav xil_defaultlib.tb_top xil_defaultlib.glbl -log elaborate.log"
Vivado Simulator v2022.2.2
Copyright 1986-1999, 2001-2022 Xilinx, Inc. All Rights Reserved.
Running: C:/Xilinx/Vivado/2022.2/bin/unwrapped/win64.o/xelab.exe --incr --debug typical --relax --mt 2 -L xil_defaultlib -L unisims_ver -L unimacro_ver -L secureip -L xpm --snapshot tb_top_behav xil_defaultlib.tb_top xil_defaultlib.glbl -log elaborate.log 
Using 2 slave threads.
Starting static elaboration
Pass Through NonSizing Optimizer
Completed static elaboration
Starting simulation data flow analysis
Completed simulation data flow analysis
Time Resolution for simulation is 1ps
Compiling module xil_defaultlib.MyBootROM
Compiling module xil_defaultlib.AddressGenerator
Compiling module xil_defaultlib.MyReg
Compiling module xil_defaultlib.top
Compiling module xil_defaultlib.tb_top
Compiling module xil_defaultlib.glbl
Built simulation snapshot tb_top_behav
INFO: [USF-XSim-69] 'elaborate' step finished in '2' seconds
Time resolution is 1 ps
[5588000] DONE_STORE!
$finish called at time : 5667500 ps : File "C:/Hung/Viettel/Stage2/ML-KEM/NTT/tb_top.v" Line 115
save_wave_config {C:/Hung/Viettel/Stage2/ML-KEM/ml_kem/tb_top_func_impl.wcfg}
relaunch_sim
Command: launch_simulation -step compile -simset sim_1 -mode behavioral
INFO: [Vivado 12-12493] Simulation top is 'tb_top'
WARNING: [Vivado 12-13340] Unable to auto find GCC executables from simulator install path! (path not set)
WARNING: [Vivado 12-13277] Compiled library path does not exist: ''
INFO: [Vivado 12-5682] Launching behavioral simulation in 'C:/Hung/Viettel/Stage2/ML-KEM/ml_kem/ml_kem.sim/sim_1/behav/xsim'
INFO: [SIM-utils-51] Simulation object is 'sim_1'
INFO: [USF-XSim-2] XSim::Compile design
INFO: [USF-XSim-61] Executing 'COMPILE and ANALYZE' step in 'C:/Hung/Viettel/Stage2/ML-KEM/ml_kem/ml_kem.sim/sim_1/behav/xsim'
"xvlog --incr --relax -prj tb_top_vlog.prj"
INFO: [VRFC 10-2263] Analyzing Verilog file "C:/Hung/Viettel/Stage2/ML-KEM/NTT/AddressGenerator.v" into library xil_defaultlib
INFO: [VRFC 10-311] analyzing module AddressGenerator
INFO: [VRFC 10-2263] Analyzing Verilog file "C:/Hung/Viettel/Stage2/ML-KEM/NTT/MyBootRom.v" into library xil_defaultlib
INFO: [VRFC 10-311] analyzing module MyBootROM
INFO: [VRFC 10-2263] Analyzing Verilog file "C:/Hung/Viettel/Stage2/ML-KEM/NTT/MyReg.v" into library xil_defaultlib
INFO: [VRFC 10-311] analyzing module MyReg
INFO: [VRFC 10-2263] Analyzing Verilog file "C:/Hung/Viettel/Stage2/ML-KEM/NTT/top.v" into library xil_defaultlib
INFO: [VRFC 10-311] analyzing module top
ERROR: [VRFC 10-1280] procedural assignment to a non-register addr_tw is not permitted, left-hand side should be reg/integer/time/genvar [C:/Hung/Viettel/Stage2/ML-KEM/NTT/top.v:178]
ERROR: [VRFC 10-1280] procedural assignment to a non-register addr_tw is not permitted, left-hand side should be reg/integer/time/genvar [C:/Hung/Viettel/Stage2/ML-KEM/NTT/top.v:186]
ERROR: [VRFC 10-2989] 'addr_tw_next' is not declared [C:/Hung/Viettel/Stage2/ML-KEM/NTT/top.v:186]
ERROR: [VRFC 10-8530] module 'top' is ignored due to previous errors [C:/Hung/Viettel/Stage2/ML-KEM/NTT/top.v:3]
INFO: [USF-XSim-69] 'compile' step finished in '2' seconds
INFO: [USF-XSim-99] Step results log file:'C:/Hung/Viettel/Stage2/ML-KEM/ml_kem/ml_kem.sim/sim_1/behav/xsim/xvlog.log'
ERROR: [USF-XSim-62] 'compile' step failed with error(s). Please check the Tcl console output or 'C:/Hung/Viettel/Stage2/ML-KEM/ml_kem/ml_kem.sim/sim_1/behav/xsim/xvlog.log' file for more information.
ERROR: [Vivado 12-4473] Detected error while running simulation. Please correct the issue and retry this operation.
ERROR: [Common 17-39] 'launch_simulation' failed due to earlier errors.
ERROR: [Common 17-69] Command failed: ERROR: [Common 17-39] 'launch_simulation' failed due to earlier errors.

relaunch_sim
Command: launch_simulation -step compile -simset sim_1 -mode behavioral
INFO: [Vivado 12-12493] Simulation top is 'tb_top'
WARNING: [Vivado 12-13340] Unable to auto find GCC executables from simulator install path! (path not set)
WARNING: [Vivado 12-13277] Compiled library path does not exist: ''
INFO: [Vivado 12-5682] Launching behavioral simulation in 'C:/Hung/Viettel/Stage2/ML-KEM/ml_kem/ml_kem.sim/sim_1/behav/xsim'
INFO: [SIM-utils-51] Simulation object is 'sim_1'
INFO: [USF-XSim-2] XSim::Compile design
INFO: [USF-XSim-61] Executing 'COMPILE and ANALYZE' step in 'C:/Hung/Viettel/Stage2/ML-KEM/ml_kem/ml_kem.sim/sim_1/behav/xsim'
"xvlog --incr --relax -prj tb_top_vlog.prj"
INFO: [VRFC 10-2263] Analyzing Verilog file "C:/Hung/Viettel/Stage2/ML-KEM/NTT/AddressGenerator.v" into library xil_defaultlib
INFO: [VRFC 10-311] analyzing module AddressGenerator
INFO: [VRFC 10-2263] Analyzing Verilog file "C:/Hung/Viettel/Stage2/ML-KEM/NTT/MyBootRom.v" into library xil_defaultlib
INFO: [VRFC 10-311] analyzing module MyBootROM
INFO: [VRFC 10-2263] Analyzing Verilog file "C:/Hung/Viettel/Stage2/ML-KEM/NTT/MyReg.v" into library xil_defaultlib
INFO: [VRFC 10-311] analyzing module MyReg
INFO: [VRFC 10-2263] Analyzing Verilog file "C:/Hung/Viettel/Stage2/ML-KEM/NTT/top.v" into library xil_defaultlib
INFO: [VRFC 10-311] analyzing module top
INFO: [VRFC 10-2263] Analyzing Verilog file "C:/Hung/Viettel/Stage2/ML-KEM/NTT/tb_top.v" into library xil_defaultlib
INFO: [VRFC 10-311] analyzing module tb_top
INFO: [USF-XSim-69] 'compile' step finished in '2' seconds
Command: launch_simulation -step elaborate -simset sim_1 -mode behavioral
INFO: [Vivado 12-12493] Simulation top is 'tb_top'
WARNING: [Vivado 12-13340] Unable to auto find GCC executables from simulator install path! (path not set)
WARNING: [Vivado 12-13277] Compiled library path does not exist: ''
INFO: [Vivado 12-5682] Launching behavioral simulation in 'C:/Hung/Viettel/Stage2/ML-KEM/ml_kem/ml_kem.sim/sim_1/behav/xsim'
INFO: [SIM-utils-51] Simulation object is 'sim_1'
INFO: [USF-XSim-3] XSim::Elaborate design
INFO: [USF-XSim-61] Executing 'ELABORATE' step in 'C:/Hung/Viettel/Stage2/ML-KEM/ml_kem/ml_kem.sim/sim_1/behav/xsim'
"xelab --incr --debug typical --relax --mt 2 -L xil_defaultlib -L unisims_ver -L unimacro_ver -L secureip -L xpm --snapshot tb_top_behav xil_defaultlib.tb_top xil_defaultlib.glbl -log elaborate.log"
Vivado Simulator v2022.2.2
Copyright 1986-1999, 2001-2022 Xilinx, Inc. All Rights Reserved.
Running: C:/Xilinx/Vivado/2022.2/bin/unwrapped/win64.o/xelab.exe --incr --debug typical --relax --mt 2 -L xil_defaultlib -L unisims_ver -L unimacro_ver -L secureip -L xpm --snapshot tb_top_behav xil_defaultlib.tb_top xil_defaultlib.glbl -log elaborate.log 
Using 2 slave threads.
Starting static elaboration
Pass Through NonSizing Optimizer
Completed static elaboration
Starting simulation data flow analysis
Completed simulation data flow analysis
Time Resolution for simulation is 1ps
Compiling module xil_defaultlib.MyBootROM
Compiling module xil_defaultlib.AddressGenerator
Compiling module xil_defaultlib.MyReg
Compiling module xil_defaultlib.top
Compiling module xil_defaultlib.tb_top
Compiling module xil_defaultlib.glbl
Built simulation snapshot tb_top_behav
INFO: [USF-XSim-69] 'elaborate' step finished in '2' seconds
Time resolution is 1 ps
[5588000] DONE_STORE!
$finish called at time : 5667500 ps : File "C:/Hung/Viettel/Stage2/ML-KEM/NTT/tb_top.v" Line 115
relaunch_sim: Time (s): cpu = 00:00:01 ; elapsed = 00:00:05 . Memory (MB): peak = 2012.855 ; gain = 0.000
save_wave_config {C:/Hung/Viettel/Stage2/ML-KEM/ml_kem/tb_top_func_impl.wcfg}
current_wave_config {tb_top_func_impl.wcfg}
C:/Hung/Viettel/Stage2/ML-KEM/ml_kem/tb_top_func_impl.wcfg
add_wave {{/tb_top/dut/valid_addr}} 
relaunch_sim
Command: launch_simulation -step compile -simset sim_1 -mode behavioral
INFO: [Vivado 12-12493] Simulation top is 'tb_top'
WARNING: [Vivado 12-13340] Unable to auto find GCC executables from simulator install path! (path not set)
WARNING: [Vivado 12-13277] Compiled library path does not exist: ''
INFO: [Vivado 12-5682] Launching behavioral simulation in 'C:/Hung/Viettel/Stage2/ML-KEM/ml_kem/ml_kem.sim/sim_1/behav/xsim'
INFO: [SIM-utils-51] Simulation object is 'sim_1'
INFO: [USF-XSim-2] XSim::Compile design
INFO: [USF-XSim-61] Executing 'COMPILE and ANALYZE' step in 'C:/Hung/Viettel/Stage2/ML-KEM/ml_kem/ml_kem.sim/sim_1/behav/xsim'
"xvlog --incr --relax -prj tb_top_vlog.prj"
INFO: [USF-XSim-69] 'compile' step finished in '1' seconds
Command: launch_simulation -step elaborate -simset sim_1 -mode behavioral
INFO: [Vivado 12-12493] Simulation top is 'tb_top'
WARNING: [Vivado 12-13340] Unable to auto find GCC executables from simulator install path! (path not set)
WARNING: [Vivado 12-13277] Compiled library path does not exist: ''
INFO: [Vivado 12-5682] Launching behavioral simulation in 'C:/Hung/Viettel/Stage2/ML-KEM/ml_kem/ml_kem.sim/sim_1/behav/xsim'
INFO: [SIM-utils-51] Simulation object is 'sim_1'
INFO: [USF-XSim-3] XSim::Elaborate design
INFO: [USF-XSim-61] Executing 'ELABORATE' step in 'C:/Hung/Viettel/Stage2/ML-KEM/ml_kem/ml_kem.sim/sim_1/behav/xsim'
"xelab --incr --debug typical --relax --mt 2 -L xil_defaultlib -L unisims_ver -L unimacro_ver -L secureip -L xpm --snapshot tb_top_behav xil_defaultlib.tb_top xil_defaultlib.glbl -log elaborate.log"
Vivado Simulator v2022.2.2
Copyright 1986-1999, 2001-2022 Xilinx, Inc. All Rights Reserved.
Running: C:/Xilinx/Vivado/2022.2/bin/unwrapped/win64.o/xelab.exe --incr --debug typical --relax --mt 2 -L xil_defaultlib -L unisims_ver -L unimacro_ver -L secureip -L xpm --snapshot tb_top_behav xil_defaultlib.tb_top xil_defaultlib.glbl -log elaborate.log 
Using 2 slave threads.
Starting static elaboration
Pass Through NonSizing Optimizer
Completed static elaboration
INFO: [XSIM 43-4323] No Change in HDL. Linking previously generated obj files to create kernel
INFO: [USF-XSim-69] 'elaborate' step finished in '1' seconds
Time resolution is 1 ps
[5588000] DONE_STORE!
$finish called at time : 5667500 ps : File "C:/Hung/Viettel/Stage2/ML-KEM/NTT/tb_top.v" Line 115
save_wave_config {C:/Hung/Viettel/Stage2/ML-KEM/ml_kem/tb_top_func_impl.wcfg}
relaunch_sim
Command: launch_simulation -step compile -simset sim_1 -mode behavioral
INFO: [Vivado 12-12493] Simulation top is 'tb_top'
WARNING: [Vivado 12-13340] Unable to auto find GCC executables from simulator install path! (path not set)
WARNING: [Vivado 12-13277] Compiled library path does not exist: ''
INFO: [Vivado 12-5682] Launching behavioral simulation in 'C:/Hung/Viettel/Stage2/ML-KEM/ml_kem/ml_kem.sim/sim_1/behav/xsim'
INFO: [SIM-utils-51] Simulation object is 'sim_1'
INFO: [USF-XSim-2] XSim::Compile design
INFO: [USF-XSim-61] Executing 'COMPILE and ANALYZE' step in 'C:/Hung/Viettel/Stage2/ML-KEM/ml_kem/ml_kem.sim/sim_1/behav/xsim'
"xvlog --incr --relax -prj tb_top_vlog.prj"
INFO: [VRFC 10-2263] Analyzing Verilog file "C:/Hung/Viettel/Stage2/ML-KEM/NTT/AddressGenerator.v" into library xil_defaultlib
INFO: [VRFC 10-311] analyzing module AddressGenerator
INFO: [VRFC 10-2263] Analyzing Verilog file "C:/Hung/Viettel/Stage2/ML-KEM/NTT/MyBootRom.v" into library xil_defaultlib
INFO: [VRFC 10-311] analyzing module MyBootROM
INFO: [VRFC 10-2263] Analyzing Verilog file "C:/Hung/Viettel/Stage2/ML-KEM/NTT/MyReg.v" into library xil_defaultlib
INFO: [VRFC 10-311] analyzing module MyReg
INFO: [VRFC 10-2263] Analyzing Verilog file "C:/Hung/Viettel/Stage2/ML-KEM/NTT/top.v" into library xil_defaultlib
INFO: [VRFC 10-311] analyzing module top
INFO: [VRFC 10-2263] Analyzing Verilog file "C:/Hung/Viettel/Stage2/ML-KEM/NTT/tb_top.v" into library xil_defaultlib
INFO: [VRFC 10-311] analyzing module tb_top
INFO: [USF-XSim-69] 'compile' step finished in '2' seconds
Command: launch_simulation -step elaborate -simset sim_1 -mode behavioral
INFO: [Vivado 12-12493] Simulation top is 'tb_top'
WARNING: [Vivado 12-13340] Unable to auto find GCC executables from simulator install path! (path not set)
WARNING: [Vivado 12-13277] Compiled library path does not exist: ''
INFO: [Vivado 12-5682] Launching behavioral simulation in 'C:/Hung/Viettel/Stage2/ML-KEM/ml_kem/ml_kem.sim/sim_1/behav/xsim'
INFO: [SIM-utils-51] Simulation object is 'sim_1'
INFO: [USF-XSim-3] XSim::Elaborate design
INFO: [USF-XSim-61] Executing 'ELABORATE' step in 'C:/Hung/Viettel/Stage2/ML-KEM/ml_kem/ml_kem.sim/sim_1/behav/xsim'
"xelab --incr --debug typical --relax --mt 2 -L xil_defaultlib -L unisims_ver -L unimacro_ver -L secureip -L xpm --snapshot tb_top_behav xil_defaultlib.tb_top xil_defaultlib.glbl -log elaborate.log"
Vivado Simulator v2022.2.2
Copyright 1986-1999, 2001-2022 Xilinx, Inc. All Rights Reserved.
Running: C:/Xilinx/Vivado/2022.2/bin/unwrapped/win64.o/xelab.exe --incr --debug typical --relax --mt 2 -L xil_defaultlib -L unisims_ver -L unimacro_ver -L secureip -L xpm --snapshot tb_top_behav xil_defaultlib.tb_top xil_defaultlib.glbl -log elaborate.log 
Using 2 slave threads.
Starting static elaboration
Pass Through NonSizing Optimizer
ERROR: [VRFC 10-3180] cannot find port 'me' on this module [C:/Hung/Viettel/Stage2/ML-KEM/NTT/top.v:196]
ERROR: [VRFC 10-3180] cannot find port 'oe' on this module [C:/Hung/Viettel/Stage2/ML-KEM/NTT/top.v:195]
ERROR: [XSIM 43-3322] Static elaboration of top level Verilog design unit(s) in library work failed.
INFO: [USF-XSim-69] 'elaborate' step finished in '1' seconds
INFO: [USF-XSim-99] Step results log file:'C:/Hung/Viettel/Stage2/ML-KEM/ml_kem/ml_kem.sim/sim_1/behav/xsim/elaborate.log'
ERROR: [USF-XSim-62] 'elaborate' step failed with error(s). Please check the Tcl console output or 'C:/Hung/Viettel/Stage2/ML-KEM/ml_kem/ml_kem.sim/sim_1/behav/xsim/elaborate.log' file for more information.
ERROR: [Vivado 12-4473] Detected error while running simulation. Please correct the issue and retry this operation.
ERROR: [Common 17-39] 'launch_simulation' failed due to earlier errors.
ERROR: [Common 17-69] Command failed: ERROR: [Common 17-39] 'launch_simulation' failed due to earlier errors.

relaunch_sim
Command: launch_simulation -step compile -simset sim_1 -mode behavioral
INFO: [Vivado 12-12493] Simulation top is 'tb_top'
WARNING: [Vivado 12-13340] Unable to auto find GCC executables from simulator install path! (path not set)
WARNING: [Vivado 12-13277] Compiled library path does not exist: ''
INFO: [Vivado 12-5682] Launching behavioral simulation in 'C:/Hung/Viettel/Stage2/ML-KEM/ml_kem/ml_kem.sim/sim_1/behav/xsim'
INFO: [SIM-utils-51] Simulation object is 'sim_1'
INFO: [USF-XSim-2] XSim::Compile design
INFO: [USF-XSim-61] Executing 'COMPILE and ANALYZE' step in 'C:/Hung/Viettel/Stage2/ML-KEM/ml_kem/ml_kem.sim/sim_1/behav/xsim'
"xvlog --incr --relax -prj tb_top_vlog.prj"
INFO: [VRFC 10-2263] Analyzing Verilog file "C:/Hung/Viettel/Stage2/ML-KEM/NTT/AddressGenerator.v" into library xil_defaultlib
INFO: [VRFC 10-311] analyzing module AddressGenerator
INFO: [VRFC 10-2263] Analyzing Verilog file "C:/Hung/Viettel/Stage2/ML-KEM/NTT/MyBootRom.v" into library xil_defaultlib
INFO: [VRFC 10-311] analyzing module MyBootROM
INFO: [VRFC 10-2263] Analyzing Verilog file "C:/Hung/Viettel/Stage2/ML-KEM/NTT/MyReg.v" into library xil_defaultlib
INFO: [VRFC 10-311] analyzing module MyReg
INFO: [VRFC 10-2263] Analyzing Verilog file "C:/Hung/Viettel/Stage2/ML-KEM/NTT/top.v" into library xil_defaultlib
INFO: [VRFC 10-311] analyzing module top
INFO: [VRFC 10-2263] Analyzing Verilog file "C:/Hung/Viettel/Stage2/ML-KEM/NTT/tb_top.v" into library xil_defaultlib
INFO: [VRFC 10-311] analyzing module tb_top
INFO: [USF-XSim-69] 'compile' step finished in '1' seconds
Command: launch_simulation -step elaborate -simset sim_1 -mode behavioral
INFO: [Vivado 12-12493] Simulation top is 'tb_top'
WARNING: [Vivado 12-13340] Unable to auto find GCC executables from simulator install path! (path not set)
WARNING: [Vivado 12-13277] Compiled library path does not exist: ''
INFO: [Vivado 12-5682] Launching behavioral simulation in 'C:/Hung/Viettel/Stage2/ML-KEM/ml_kem/ml_kem.sim/sim_1/behav/xsim'
INFO: [SIM-utils-51] Simulation object is 'sim_1'
INFO: [USF-XSim-3] XSim::Elaborate design
INFO: [USF-XSim-61] Executing 'ELABORATE' step in 'C:/Hung/Viettel/Stage2/ML-KEM/ml_kem/ml_kem.sim/sim_1/behav/xsim'
"xelab --incr --debug typical --relax --mt 2 -L xil_defaultlib -L unisims_ver -L unimacro_ver -L secureip -L xpm --snapshot tb_top_behav xil_defaultlib.tb_top xil_defaultlib.glbl -log elaborate.log"
Vivado Simulator v2022.2.2
Copyright 1986-1999, 2001-2022 Xilinx, Inc. All Rights Reserved.
Running: C:/Xilinx/Vivado/2022.2/bin/unwrapped/win64.o/xelab.exe --incr --debug typical --relax --mt 2 -L xil_defaultlib -L unisims_ver -L unimacro_ver -L secureip -L xpm --snapshot tb_top_behav xil_defaultlib.tb_top xil_defaultlib.glbl -log elaborate.log 
Using 2 slave threads.
Starting static elaboration
Pass Through NonSizing Optimizer
Completed static elaboration
Starting simulation data flow analysis
Completed simulation data flow analysis
Time Resolution for simulation is 1ps
Compiling module xil_defaultlib.MyBootROM
Compiling module xil_defaultlib.AddressGenerator
Compiling module xil_defaultlib.MyReg
Compiling module xil_defaultlib.top
Compiling module xil_defaultlib.tb_top
Compiling module xil_defaultlib.glbl
Built simulation snapshot tb_top_behav
INFO: [USF-XSim-69] 'elaborate' step finished in '2' seconds
Time resolution is 1 ps
[5588000] DONE_STORE!
$finish called at time : 5667500 ps : File "C:/Hung/Viettel/Stage2/ML-KEM/NTT/tb_top.v" Line 115
relaunch_sim
Command: launch_simulation -step compile -simset sim_1 -mode behavioral
INFO: [Vivado 12-12493] Simulation top is 'tb_top'
WARNING: [Vivado 12-13340] Unable to auto find GCC executables from simulator install path! (path not set)
WARNING: [Vivado 12-13277] Compiled library path does not exist: ''
INFO: [Vivado 12-5682] Launching behavioral simulation in 'C:/Hung/Viettel/Stage2/ML-KEM/ml_kem/ml_kem.sim/sim_1/behav/xsim'
INFO: [SIM-utils-51] Simulation object is 'sim_1'
INFO: [USF-XSim-2] XSim::Compile design
INFO: [USF-XSim-61] Executing 'COMPILE and ANALYZE' step in 'C:/Hung/Viettel/Stage2/ML-KEM/ml_kem/ml_kem.sim/sim_1/behav/xsim'
"xvlog --incr --relax -prj tb_top_vlog.prj"
INFO: [VRFC 10-2263] Analyzing Verilog file "C:/Hung/Viettel/Stage2/ML-KEM/NTT/AddressGenerator.v" into library xil_defaultlib
INFO: [VRFC 10-311] analyzing module AddressGenerator
INFO: [VRFC 10-2263] Analyzing Verilog file "C:/Hung/Viettel/Stage2/ML-KEM/NTT/MyBootRom.v" into library xil_defaultlib
INFO: [VRFC 10-311] analyzing module MyBootROM
INFO: [VRFC 10-2263] Analyzing Verilog file "C:/Hung/Viettel/Stage2/ML-KEM/NTT/MyReg.v" into library xil_defaultlib
INFO: [VRFC 10-311] analyzing module MyReg
INFO: [VRFC 10-2263] Analyzing Verilog file "C:/Hung/Viettel/Stage2/ML-KEM/NTT/top.v" into library xil_defaultlib
INFO: [VRFC 10-311] analyzing module top
INFO: [VRFC 10-2263] Analyzing Verilog file "C:/Hung/Viettel/Stage2/ML-KEM/NTT/tb_top.v" into library xil_defaultlib
INFO: [VRFC 10-311] analyzing module tb_top
INFO: [USF-XSim-69] 'compile' step finished in '2' seconds
Command: launch_simulation -step elaborate -simset sim_1 -mode behavioral
INFO: [Vivado 12-12493] Simulation top is 'tb_top'
WARNING: [Vivado 12-13340] Unable to auto find GCC executables from simulator install path! (path not set)
WARNING: [Vivado 12-13277] Compiled library path does not exist: ''
INFO: [Vivado 12-5682] Launching behavioral simulation in 'C:/Hung/Viettel/Stage2/ML-KEM/ml_kem/ml_kem.sim/sim_1/behav/xsim'
INFO: [SIM-utils-51] Simulation object is 'sim_1'
INFO: [USF-XSim-3] XSim::Elaborate design
INFO: [USF-XSim-61] Executing 'ELABORATE' step in 'C:/Hung/Viettel/Stage2/ML-KEM/ml_kem/ml_kem.sim/sim_1/behav/xsim'
"xelab --incr --debug typical --relax --mt 2 -L xil_defaultlib -L unisims_ver -L unimacro_ver -L secureip -L xpm --snapshot tb_top_behav xil_defaultlib.tb_top xil_defaultlib.glbl -log elaborate.log"
Vivado Simulator v2022.2.2
Copyright 1986-1999, 2001-2022 Xilinx, Inc. All Rights Reserved.
Running: C:/Xilinx/Vivado/2022.2/bin/unwrapped/win64.o/xelab.exe --incr --debug typical --relax --mt 2 -L xil_defaultlib -L unisims_ver -L unimacro_ver -L secureip -L xpm --snapshot tb_top_behav xil_defaultlib.tb_top xil_defaultlib.glbl -log elaborate.log 
Using 2 slave threads.
Starting static elaboration
Pass Through NonSizing Optimizer
Completed static elaboration
Starting simulation data flow analysis
Completed simulation data flow analysis
Time Resolution for simulation is 1ps
Compiling module xil_defaultlib.MyBootROM
Compiling module xil_defaultlib.AddressGenerator
Compiling module xil_defaultlib.MyReg
Compiling module xil_defaultlib.top
Compiling module xil_defaultlib.tb_top
Compiling module xil_defaultlib.glbl
Built simulation snapshot tb_top_behav
INFO: [USF-XSim-69] 'elaborate' step finished in '2' seconds
Time resolution is 1 ps
[5588000] DONE_STORE!
$finish called at time : 5667500 ps : File "C:/Hung/Viettel/Stage2/ML-KEM/NTT/tb_top.v" Line 115
relaunch_sim: Time (s): cpu = 00:00:01 ; elapsed = 00:00:06 . Memory (MB): peak = 2012.855 ; gain = 0.000
save_wave_config {C:/Hung/Viettel/Stage2/ML-KEM/ml_kem/tb_top_func_impl.wcfg}
update_compile_order -fileset sources_1
relaunch_sim
Command: launch_simulation -step compile -simset sim_1 -mode behavioral
INFO: [Vivado 12-12493] Simulation top is 'tb_top'
WARNING: [Vivado 12-13340] Unable to auto find GCC executables from simulator install path! (path not set)
WARNING: [Vivado 12-13277] Compiled library path does not exist: ''
INFO: [Vivado 12-5682] Launching behavioral simulation in 'C:/Hung/Viettel/Stage2/ML-KEM/ml_kem/ml_kem.sim/sim_1/behav/xsim'
INFO: [SIM-utils-51] Simulation object is 'sim_1'
INFO: [USF-XSim-2] XSim::Compile design
INFO: [USF-XSim-61] Executing 'COMPILE and ANALYZE' step in 'C:/Hung/Viettel/Stage2/ML-KEM/ml_kem/ml_kem.sim/sim_1/behav/xsim'
"xvlog --incr --relax -prj tb_top_vlog.prj"
INFO: [VRFC 10-2263] Analyzing Verilog file "C:/Hung/Viettel/Stage2/ML-KEM/NTT/AddressGenerator.v" into library xil_defaultlib
INFO: [VRFC 10-311] analyzing module AddressGenerator
INFO: [VRFC 10-2263] Analyzing Verilog file "C:/Hung/Viettel/Stage2/ML-KEM/NTT/MyBootRom.v" into library xil_defaultlib
INFO: [VRFC 10-311] analyzing module MyBootROM
INFO: [VRFC 10-2263] Analyzing Verilog file "C:/Hung/Viettel/Stage2/ML-KEM/NTT/MyReg.v" into library xil_defaultlib
INFO: [VRFC 10-311] analyzing module MyReg
INFO: [VRFC 10-2263] Analyzing Verilog file "C:/Hung/Viettel/Stage2/ML-KEM/NTT/top.v" into library xil_defaultlib
INFO: [VRFC 10-311] analyzing module top
INFO: [VRFC 10-2263] Analyzing Verilog file "C:/Hung/Viettel/Stage2/ML-KEM/NTT/tb_top.v" into library xil_defaultlib
INFO: [VRFC 10-311] analyzing module tb_top
INFO: [USF-XSim-69] 'compile' step finished in '1' seconds
Command: launch_simulation -step elaborate -simset sim_1 -mode behavioral
INFO: [Vivado 12-12493] Simulation top is 'tb_top'
WARNING: [Vivado 12-13340] Unable to auto find GCC executables from simulator install path! (path not set)
WARNING: [Vivado 12-13277] Compiled library path does not exist: ''
INFO: [Vivado 12-5682] Launching behavioral simulation in 'C:/Hung/Viettel/Stage2/ML-KEM/ml_kem/ml_kem.sim/sim_1/behav/xsim'
INFO: [SIM-utils-51] Simulation object is 'sim_1'
INFO: [USF-XSim-3] XSim::Elaborate design
INFO: [USF-XSim-61] Executing 'ELABORATE' step in 'C:/Hung/Viettel/Stage2/ML-KEM/ml_kem/ml_kem.sim/sim_1/behav/xsim'
"xelab --incr --debug typical --relax --mt 2 -L xil_defaultlib -L unisims_ver -L unimacro_ver -L secureip -L xpm --snapshot tb_top_behav xil_defaultlib.tb_top xil_defaultlib.glbl -log elaborate.log"
Vivado Simulator v2022.2.2
Copyright 1986-1999, 2001-2022 Xilinx, Inc. All Rights Reserved.
Running: C:/Xilinx/Vivado/2022.2/bin/unwrapped/win64.o/xelab.exe --incr --debug typical --relax --mt 2 -L xil_defaultlib -L unisims_ver -L unimacro_ver -L secureip -L xpm --snapshot tb_top_behav xil_defaultlib.tb_top xil_defaultlib.glbl -log elaborate.log 
Using 2 slave threads.
Starting static elaboration
Pass Through NonSizing Optimizer
Completed static elaboration
Starting simulation data flow analysis
Completed simulation data flow analysis
Time Resolution for simulation is 1ps
Compiling module xil_defaultlib.MyBootROM
Compiling module xil_defaultlib.AddressGenerator
Compiling module xil_defaultlib.MyReg
Compiling module xil_defaultlib.barret
Compiling module xil_defaultlib.BoothDecode
Compiling module xil_defaultlib.mul_default
Compiling module xil_defaultlib.bu_ntt
Compiling module xil_defaultlib.bu_intt
Compiling module xil_defaultlib.top
Compiling module xil_defaultlib.tb_top
Compiling module xil_defaultlib.glbl
Built simulation snapshot tb_top_behav
INFO: [USF-XSim-69] 'elaborate' step finished in '3' seconds
Time resolution is 1 ps
[5588000] DONE_STORE!
$finish called at time : 5667500 ps : File "C:/Hung/Viettel/Stage2/ML-KEM/NTT/tb_top.v" Line 115
relaunch_sim: Time (s): cpu = 00:00:01 ; elapsed = 00:00:05 . Memory (MB): peak = 2012.855 ; gain = 0.000
current_wave_config {tb_top_func_impl.wcfg}
C:/Hung/Viettel/Stage2/ML-KEM/ml_kem/tb_top_func_impl.wcfg
add_wave {{/tb_top/dut/out_j_ntt}} {{/tb_top/dut/out_jl_ntt}} 
relaunch_sim
Command: launch_simulation -step compile -simset sim_1 -mode behavioral
INFO: [Vivado 12-12493] Simulation top is 'tb_top'
WARNING: [Vivado 12-13340] Unable to auto find GCC executables from simulator install path! (path not set)
WARNING: [Vivado 12-13277] Compiled library path does not exist: ''
INFO: [Vivado 12-5682] Launching behavioral simulation in 'C:/Hung/Viettel/Stage2/ML-KEM/ml_kem/ml_kem.sim/sim_1/behav/xsim'
INFO: [SIM-utils-51] Simulation object is 'sim_1'
INFO: [USF-XSim-2] XSim::Compile design
INFO: [USF-XSim-61] Executing 'COMPILE and ANALYZE' step in 'C:/Hung/Viettel/Stage2/ML-KEM/ml_kem/ml_kem.sim/sim_1/behav/xsim'
"xvlog --incr --relax -prj tb_top_vlog.prj"
INFO: [USF-XSim-69] 'compile' step finished in '1' seconds
Command: launch_simulation -step elaborate -simset sim_1 -mode behavioral
INFO: [Vivado 12-12493] Simulation top is 'tb_top'
WARNING: [Vivado 12-13340] Unable to auto find GCC executables from simulator install path! (path not set)
WARNING: [Vivado 12-13277] Compiled library path does not exist: ''
INFO: [Vivado 12-5682] Launching behavioral simulation in 'C:/Hung/Viettel/Stage2/ML-KEM/ml_kem/ml_kem.sim/sim_1/behav/xsim'
INFO: [SIM-utils-51] Simulation object is 'sim_1'
INFO: [USF-XSim-3] XSim::Elaborate design
INFO: [USF-XSim-61] Executing 'ELABORATE' step in 'C:/Hung/Viettel/Stage2/ML-KEM/ml_kem/ml_kem.sim/sim_1/behav/xsim'
"xelab --incr --debug typical --relax --mt 2 -L xil_defaultlib -L unisims_ver -L unimacro_ver -L secureip -L xpm --snapshot tb_top_behav xil_defaultlib.tb_top xil_defaultlib.glbl -log elaborate.log"
Vivado Simulator v2022.2.2
Copyright 1986-1999, 2001-2022 Xilinx, Inc. All Rights Reserved.
Running: C:/Xilinx/Vivado/2022.2/bin/unwrapped/win64.o/xelab.exe --incr --debug typical --relax --mt 2 -L xil_defaultlib -L unisims_ver -L unimacro_ver -L secureip -L xpm --snapshot tb_top_behav xil_defaultlib.tb_top xil_defaultlib.glbl -log elaborate.log 
Using 2 slave threads.
Starting static elaboration
Pass Through NonSizing Optimizer
Completed static elaboration
INFO: [XSIM 43-4323] No Change in HDL. Linking previously generated obj files to create kernel
INFO: [USF-XSim-69] 'elaborate' step finished in '1' seconds
Time resolution is 1 ps
[5588000] DONE_STORE!
$finish called at time : 5667500 ps : File "C:/Hung/Viettel/Stage2/ML-KEM/NTT/tb_top.v" Line 115
save_wave_config {C:/Hung/Viettel/Stage2/ML-KEM/ml_kem/tb_top_func_impl.wcfg}
relaunch_sim
Command: launch_simulation -step compile -simset sim_1 -mode behavioral
INFO: [Vivado 12-12493] Simulation top is 'tb_top'
WARNING: [Vivado 12-13340] Unable to auto find GCC executables from simulator install path! (path not set)
WARNING: [Vivado 12-13277] Compiled library path does not exist: ''
INFO: [Vivado 12-5682] Launching behavioral simulation in 'C:/Hung/Viettel/Stage2/ML-KEM/ml_kem/ml_kem.sim/sim_1/behav/xsim'
INFO: [SIM-utils-51] Simulation object is 'sim_1'
INFO: [USF-XSim-2] XSim::Compile design
INFO: [USF-XSim-61] Executing 'COMPILE and ANALYZE' step in 'C:/Hung/Viettel/Stage2/ML-KEM/ml_kem/ml_kem.sim/sim_1/behav/xsim'
"xvlog --incr --relax -prj tb_top_vlog.prj"
INFO: [VRFC 10-2263] Analyzing Verilog file "C:/Hung/Viettel/Stage2/ML-KEM/NTT/AddressGenerator.v" into library xil_defaultlib
INFO: [VRFC 10-311] analyzing module AddressGenerator
INFO: [VRFC 10-2263] Analyzing Verilog file "C:/Hung/Viettel/Stage2/ML-KEM/NTT/MyBootRom.v" into library xil_defaultlib
INFO: [VRFC 10-311] analyzing module MyBootROM
INFO: [VRFC 10-2263] Analyzing Verilog file "C:/Hung/Viettel/Stage2/ML-KEM/NTT/MyReg.v" into library xil_defaultlib
INFO: [VRFC 10-311] analyzing module MyReg
INFO: [VRFC 10-2263] Analyzing Verilog file "C:/Hung/Viettel/Stage2/ML-KEM/NTT/top.v" into library xil_defaultlib
INFO: [VRFC 10-311] analyzing module top
ERROR: [VRFC 10-4982] syntax error near 'hold_addrb' [C:/Hung/Viettel/Stage2/ML-KEM/NTT/top.v:109]
ERROR: [VRFC 10-4982] syntax error near 'end' [C:/Hung/Viettel/Stage2/ML-KEM/NTT/top.v:110]
ERROR: [VRFC 10-8549] Verilog 2000 keyword 'end' used in incorrect context [C:/Hung/Viettel/Stage2/ML-KEM/NTT/top.v:110]
ERROR: [VRFC 10-8530] module 'top' is ignored due to previous errors [C:/Hung/Viettel/Stage2/ML-KEM/NTT/top.v:3]
INFO: [USF-XSim-69] 'compile' step finished in '1' seconds
INFO: [USF-XSim-99] Step results log file:'C:/Hung/Viettel/Stage2/ML-KEM/ml_kem/ml_kem.sim/sim_1/behav/xsim/xvlog.log'
ERROR: [USF-XSim-62] 'compile' step failed with error(s). Please check the Tcl console output or 'C:/Hung/Viettel/Stage2/ML-KEM/ml_kem/ml_kem.sim/sim_1/behav/xsim/xvlog.log' file for more information.
ERROR: [Vivado 12-4473] Detected error while running simulation. Please correct the issue and retry this operation.
ERROR: [Common 17-39] 'launch_simulation' failed due to earlier errors.
ERROR: [Common 17-69] Command failed: ERROR: [Common 17-39] 'launch_simulation' failed due to earlier errors.

save_wave_config {C:/Hung/Viettel/Stage2/ML-KEM/ml_kem/tb_top_func_impl.wcfg}
close_sim
INFO: [Simtcl 6-16] Simulation closed
launch_simulation
Command: launch_simulation 
INFO: [Vivado 12-12493] Simulation top is 'tb_top'
WARNING: [Vivado 12-13340] Unable to auto find GCC executables from simulator install path! (path not set)
WARNING: [Vivado 12-13277] Compiled library path does not exist: ''
INFO: [Vivado 12-5682] Launching behavioral simulation in 'C:/Hung/Viettel/Stage2/ML-KEM/ml_kem/ml_kem.sim/sim_1/behav/xsim'
INFO: [SIM-utils-51] Simulation object is 'sim_1'
INFO: [SIM-utils-72] Using boost library from 'C:/Xilinx/Vivado/2022.2/tps/boost_1_72_0'
INFO: [USF-XSim-7] Finding pre-compiled libraries...
INFO: [USF-XSim-11] File 'C:/Xilinx/Vivado/2022.2/data/xsim/xsim.ini' copied to run dir:'C:/Hung/Viettel/Stage2/ML-KEM/ml_kem/ml_kem.sim/sim_1/behav/xsim'
INFO: [SIM-utils-54] Inspecting design source files for 'tb_top' in fileset 'sim_1'...
INFO: [USF-XSim-97] Finding global include files...
INFO: [USF-XSim-98] Fetching design files from 'sim_1'...
INFO: [USF-XSim-2] XSim::Compile design
INFO: [USF-XSim-61] Executing 'COMPILE and ANALYZE' step in 'C:/Hung/Viettel/Stage2/ML-KEM/ml_kem/ml_kem.sim/sim_1/behav/xsim'
"xvlog --incr --relax -prj tb_top_vlog.prj"
INFO: [VRFC 10-2263] Analyzing Verilog file "C:/Hung/Viettel/Stage2/ML-KEM/NTT/AddressGenerator.v" into library xil_defaultlib
INFO: [VRFC 10-311] analyzing module AddressGenerator
INFO: [VRFC 10-2263] Analyzing Verilog file "C:/Hung/Viettel/Stage2/ML-KEM/NTT/BoothDecode.v" into library xil_defaultlib
INFO: [VRFC 10-311] analyzing module BoothDecode
INFO: [VRFC 10-2263] Analyzing Verilog file "C:/Hung/Viettel/Stage2/ML-KEM/NTT/MyBootRom.v" into library xil_defaultlib
INFO: [VRFC 10-311] analyzing module MyBootROM
INFO: [VRFC 10-2263] Analyzing Verilog file "C:/Hung/Viettel/Stage2/ML-KEM/NTT/MyReg.v" into library xil_defaultlib
INFO: [VRFC 10-311] analyzing module MyReg
INFO: [VRFC 10-2263] Analyzing Verilog file "C:/Hung/Viettel/Stage2/ML-KEM/NTT/barret.v" into library xil_defaultlib
INFO: [VRFC 10-311] analyzing module barret
INFO: [VRFC 10-2263] Analyzing Verilog file "C:/Hung/Viettel/Stage2/ML-KEM/NTT/bu_intt.v" into library xil_defaultlib
INFO: [VRFC 10-311] analyzing module bu_intt
INFO: [VRFC 10-2263] Analyzing Verilog file "C:/Hung/Viettel/Stage2/ML-KEM/NTT/bu_ntt.v" into library xil_defaultlib
INFO: [VRFC 10-311] analyzing module bu_ntt
INFO: [VRFC 10-2263] Analyzing Verilog file "C:/Hung/Viettel/Stage2/ML-KEM/NTT/mul.v" into library xil_defaultlib
INFO: [VRFC 10-311] analyzing module mul
INFO: [VRFC 10-2263] Analyzing Verilog file "C:/Hung/Viettel/Stage2/ML-KEM/NTT/top.v" into library xil_defaultlib
INFO: [VRFC 10-311] analyzing module top
WARNING: [VRFC 10-3380] identifier 'addr_a' is used before its declaration [C:/Hung/Viettel/Stage2/ML-KEM/NTT/top.v:108]
WARNING: [VRFC 10-3380] identifier 'addr_b' is used before its declaration [C:/Hung/Viettel/Stage2/ML-KEM/NTT/top.v:109]
INFO: [VRFC 10-2263] Analyzing Verilog file "C:/Hung/Viettel/Stage2/ML-KEM/NTT/tb_top.v" into library xil_defaultlib
INFO: [VRFC 10-311] analyzing module tb_top
INFO: [USF-XSim-69] 'compile' step finished in '1' seconds
INFO: [USF-XSim-3] XSim::Elaborate design
INFO: [USF-XSim-61] Executing 'ELABORATE' step in 'C:/Hung/Viettel/Stage2/ML-KEM/ml_kem/ml_kem.sim/sim_1/behav/xsim'
"xelab --incr --debug typical --relax --mt 2 -L xil_defaultlib -L unisims_ver -L unimacro_ver -L secureip -L xpm --snapshot tb_top_behav xil_defaultlib.tb_top xil_defaultlib.glbl -log elaborate.log"
Vivado Simulator v2022.2.2
Copyright 1986-1999, 2001-2022 Xilinx, Inc. All Rights Reserved.
Running: C:/Xilinx/Vivado/2022.2/bin/unwrapped/win64.o/xelab.exe --incr --debug typical --relax --mt 2 -L xil_defaultlib -L unisims_ver -L unimacro_ver -L secureip -L xpm --snapshot tb_top_behav xil_defaultlib.tb_top xil_defaultlib.glbl -log elaborate.log 
Using 2 slave threads.
Starting static elaboration
Pass Through NonSizing Optimizer
Completed static elaboration
Starting simulation data flow analysis
Completed simulation data flow analysis
Time Resolution for simulation is 1ps
Compiling module xil_defaultlib.MyBootROM
Compiling module xil_defaultlib.AddressGenerator
Compiling module xil_defaultlib.MyReg
Compiling module xil_defaultlib.barret
Compiling module xil_defaultlib.BoothDecode
Compiling module xil_defaultlib.mul_default
Compiling module xil_defaultlib.bu_ntt
Compiling module xil_defaultlib.bu_intt
Compiling module xil_defaultlib.top
Compiling module xil_defaultlib.tb_top
Compiling module xil_defaultlib.glbl
Built simulation snapshot tb_top_behav
INFO: [USF-XSim-69] 'elaborate' step finished in '2' seconds
INFO: [USF-XSim-4] XSim::Simulate design
INFO: [USF-XSim-61] Executing 'SIMULATE' step in 'C:/Hung/Viettel/Stage2/ML-KEM/ml_kem/ml_kem.sim/sim_1/behav/xsim'
INFO: [USF-XSim-98] *** Running xsim
   with args "tb_top_behav -key {Behavioral:sim_1:Functional:tb_top} -tclbatch {tb_top.tcl} -view {C:/Hung/Viettel/Stage2/ML-KEM/ml_kem/tb_top_func_impl.wcfg} -log {simulate.log}"
INFO: [USF-XSim-8] Loading simulator feature
Time resolution is 1 ps
open_wave_config C:/Hung/Viettel/Stage2/ML-KEM/ml_kem/tb_top_func_impl.wcfg
source tb_top.tcl
# set curr_wave [current_wave_config]
# if { [string length $curr_wave] == 0 } {
#   if { [llength [get_objects]] > 0} {
#     add_wave /
#     set_property needs_save false [current_wave_config]
#   } else {
#      send_msg_id Add_Wave-1 WARNING "No top level signals found. Simulator will start without a wave window. If you want to open a wave window go to 'File->New Waveform Configuration' or type 'create_wave_config' in the TCL console."
#   }
# }
# run 1000000ns
[5588000] DONE_STORE!
$finish called at time : 5667500 ps : File "C:/Hung/Viettel/Stage2/ML-KEM/NTT/tb_top.v" Line 115
INFO: [USF-XSim-96] XSim completed. Design snapshot 'tb_top_behav' loaded.
INFO: [USF-XSim-97] XSim simulation ran for 1000000ns
launch_simulation: Time (s): cpu = 00:00:02 ; elapsed = 00:00:06 . Memory (MB): peak = 2012.855 ; gain = 0.000
current_wave_config {tb_top_func_impl.wcfg}
tb_top_func_impl.wcfg
add_wave {{/tb_top/dut/check_a}} 
relaunch_sim
Command: launch_simulation -step compile -simset sim_1 -mode behavioral
INFO: [Vivado 12-12493] Simulation top is 'tb_top'
WARNING: [Vivado 12-13340] Unable to auto find GCC executables from simulator install path! (path not set)
WARNING: [Vivado 12-13277] Compiled library path does not exist: ''
INFO: [Vivado 12-5682] Launching behavioral simulation in 'C:/Hung/Viettel/Stage2/ML-KEM/ml_kem/ml_kem.sim/sim_1/behav/xsim'
INFO: [SIM-utils-51] Simulation object is 'sim_1'
INFO: [USF-XSim-2] XSim::Compile design
INFO: [USF-XSim-61] Executing 'COMPILE and ANALYZE' step in 'C:/Hung/Viettel/Stage2/ML-KEM/ml_kem/ml_kem.sim/sim_1/behav/xsim'
"xvlog --incr --relax -prj tb_top_vlog.prj"
INFO: [VRFC 10-2263] Analyzing Verilog file "C:/Hung/Viettel/Stage2/ML-KEM/NTT/AddressGenerator.v" into library xil_defaultlib
INFO: [VRFC 10-311] analyzing module AddressGenerator
INFO: [VRFC 10-2263] Analyzing Verilog file "C:/Hung/Viettel/Stage2/ML-KEM/NTT/BoothDecode.v" into library xil_defaultlib
INFO: [VRFC 10-311] analyzing module BoothDecode
INFO: [VRFC 10-2263] Analyzing Verilog file "C:/Hung/Viettel/Stage2/ML-KEM/NTT/MyBootRom.v" into library xil_defaultlib
INFO: [VRFC 10-311] analyzing module MyBootROM
INFO: [VRFC 10-2263] Analyzing Verilog file "C:/Hung/Viettel/Stage2/ML-KEM/NTT/MyReg.v" into library xil_defaultlib
INFO: [VRFC 10-311] analyzing module MyReg
INFO: [VRFC 10-2263] Analyzing Verilog file "C:/Hung/Viettel/Stage2/ML-KEM/NTT/barret.v" into library xil_defaultlib
INFO: [VRFC 10-311] analyzing module barret
INFO: [VRFC 10-2263] Analyzing Verilog file "C:/Hung/Viettel/Stage2/ML-KEM/NTT/bu_intt.v" into library xil_defaultlib
INFO: [VRFC 10-311] analyzing module bu_intt
INFO: [VRFC 10-2263] Analyzing Verilog file "C:/Hung/Viettel/Stage2/ML-KEM/NTT/bu_ntt.v" into library xil_defaultlib
INFO: [VRFC 10-311] analyzing module bu_ntt
INFO: [VRFC 10-2263] Analyzing Verilog file "C:/Hung/Viettel/Stage2/ML-KEM/NTT/mul.v" into library xil_defaultlib
INFO: [VRFC 10-311] analyzing module mul
INFO: [VRFC 10-2263] Analyzing Verilog file "C:/Hung/Viettel/Stage2/ML-KEM/NTT/top.v" into library xil_defaultlib
INFO: [VRFC 10-311] analyzing module top
WARNING: [VRFC 10-3380] identifier 'addr_a' is used before its declaration [C:/Hung/Viettel/Stage2/ML-KEM/NTT/top.v:108]
WARNING: [VRFC 10-3380] identifier 'addr_b' is used before its declaration [C:/Hung/Viettel/Stage2/ML-KEM/NTT/top.v:109]
INFO: [VRFC 10-2263] Analyzing Verilog file "C:/Hung/Viettel/Stage2/ML-KEM/NTT/tb_top.v" into library xil_defaultlib
INFO: [VRFC 10-311] analyzing module tb_top
INFO: [USF-XSim-69] 'compile' step finished in '1' seconds
Command: launch_simulation -step elaborate -simset sim_1 -mode behavioral
INFO: [Vivado 12-12493] Simulation top is 'tb_top'
WARNING: [Vivado 12-13340] Unable to auto find GCC executables from simulator install path! (path not set)
WARNING: [Vivado 12-13277] Compiled library path does not exist: ''
INFO: [Vivado 12-5682] Launching behavioral simulation in 'C:/Hung/Viettel/Stage2/ML-KEM/ml_kem/ml_kem.sim/sim_1/behav/xsim'
INFO: [SIM-utils-51] Simulation object is 'sim_1'
INFO: [USF-XSim-3] XSim::Elaborate design
INFO: [USF-XSim-61] Executing 'ELABORATE' step in 'C:/Hung/Viettel/Stage2/ML-KEM/ml_kem/ml_kem.sim/sim_1/behav/xsim'
"xelab --incr --debug typical --relax --mt 2 -L xil_defaultlib -L unisims_ver -L unimacro_ver -L secureip -L xpm --snapshot tb_top_behav xil_defaultlib.tb_top xil_defaultlib.glbl -log elaborate.log"
Vivado Simulator v2022.2.2
Copyright 1986-1999, 2001-2022 Xilinx, Inc. All Rights Reserved.
Running: C:/Xilinx/Vivado/2022.2/bin/unwrapped/win64.o/xelab.exe --incr --debug typical --relax --mt 2 -L xil_defaultlib -L unisims_ver -L unimacro_ver -L secureip -L xpm --snapshot tb_top_behav xil_defaultlib.tb_top xil_defaultlib.glbl -log elaborate.log 
Using 2 slave threads.
Starting static elaboration
Pass Through NonSizing Optimizer
Completed static elaboration
Starting simulation data flow analysis
Completed simulation data flow analysis
Time Resolution for simulation is 1ps
Compiling module xil_defaultlib.MyBootROM
Compiling module xil_defaultlib.AddressGenerator
Compiling module xil_defaultlib.MyReg
Compiling module xil_defaultlib.barret
Compiling module xil_defaultlib.BoothDecode
Compiling module xil_defaultlib.mul_default
Compiling module xil_defaultlib.bu_ntt
Compiling module xil_defaultlib.bu_intt
Compiling module xil_defaultlib.top
Compiling module xil_defaultlib.tb_top
Compiling module xil_defaultlib.glbl
Built simulation snapshot tb_top_behav
INFO: [USF-XSim-69] 'elaborate' step finished in '3' seconds
Time resolution is 1 ps
[5588000] DONE_STORE!
$finish called at time : 5667500 ps : File "C:/Hung/Viettel/Stage2/ML-KEM/NTT/tb_top.v" Line 115
relaunch_sim: Time (s): cpu = 00:00:01 ; elapsed = 00:00:05 . Memory (MB): peak = 2012.855 ; gain = 0.000
relaunch_sim
Command: launch_simulation -step compile -simset sim_1 -mode behavioral
INFO: [Vivado 12-12493] Simulation top is 'tb_top'
WARNING: [Vivado 12-13340] Unable to auto find GCC executables from simulator install path! (path not set)
WARNING: [Vivado 12-13277] Compiled library path does not exist: ''
INFO: [Vivado 12-5682] Launching behavioral simulation in 'C:/Hung/Viettel/Stage2/ML-KEM/ml_kem/ml_kem.sim/sim_1/behav/xsim'
INFO: [SIM-utils-51] Simulation object is 'sim_1'
INFO: [USF-XSim-2] XSim::Compile design
INFO: [USF-XSim-61] Executing 'COMPILE and ANALYZE' step in 'C:/Hung/Viettel/Stage2/ML-KEM/ml_kem/ml_kem.sim/sim_1/behav/xsim'
"xvlog --incr --relax -prj tb_top_vlog.prj"
INFO: [VRFC 10-2263] Analyzing Verilog file "C:/Hung/Viettel/Stage2/ML-KEM/NTT/AddressGenerator.v" into library xil_defaultlib
INFO: [VRFC 10-311] analyzing module AddressGenerator
INFO: [VRFC 10-2263] Analyzing Verilog file "C:/Hung/Viettel/Stage2/ML-KEM/NTT/BoothDecode.v" into library xil_defaultlib
INFO: [VRFC 10-311] analyzing module BoothDecode
INFO: [VRFC 10-2263] Analyzing Verilog file "C:/Hung/Viettel/Stage2/ML-KEM/NTT/MyBootRom.v" into library xil_defaultlib
INFO: [VRFC 10-311] analyzing module MyBootROM
INFO: [VRFC 10-2263] Analyzing Verilog file "C:/Hung/Viettel/Stage2/ML-KEM/NTT/MyReg.v" into library xil_defaultlib
INFO: [VRFC 10-311] analyzing module MyReg
INFO: [VRFC 10-2263] Analyzing Verilog file "C:/Hung/Viettel/Stage2/ML-KEM/NTT/barret.v" into library xil_defaultlib
INFO: [VRFC 10-311] analyzing module barret
INFO: [VRFC 10-2263] Analyzing Verilog file "C:/Hung/Viettel/Stage2/ML-KEM/NTT/bu_intt.v" into library xil_defaultlib
INFO: [VRFC 10-311] analyzing module bu_intt
INFO: [VRFC 10-2263] Analyzing Verilog file "C:/Hung/Viettel/Stage2/ML-KEM/NTT/bu_ntt.v" into library xil_defaultlib
INFO: [VRFC 10-311] analyzing module bu_ntt
INFO: [VRFC 10-2263] Analyzing Verilog file "C:/Hung/Viettel/Stage2/ML-KEM/NTT/mul.v" into library xil_defaultlib
INFO: [VRFC 10-311] analyzing module mul
INFO: [VRFC 10-2263] Analyzing Verilog file "C:/Hung/Viettel/Stage2/ML-KEM/NTT/top.v" into library xil_defaultlib
INFO: [VRFC 10-311] analyzing module top
WARNING: [VRFC 10-3380] identifier 'addr_a' is used before its declaration [C:/Hung/Viettel/Stage2/ML-KEM/NTT/top.v:108]
WARNING: [VRFC 10-3380] identifier 'addr_b' is used before its declaration [C:/Hung/Viettel/Stage2/ML-KEM/NTT/top.v:109]
INFO: [VRFC 10-2263] Analyzing Verilog file "C:/Hung/Viettel/Stage2/ML-KEM/NTT/tb_top.v" into library xil_defaultlib
INFO: [VRFC 10-311] analyzing module tb_top
INFO: [USF-XSim-69] 'compile' step finished in '2' seconds
Command: launch_simulation -step elaborate -simset sim_1 -mode behavioral
INFO: [Vivado 12-12493] Simulation top is 'tb_top'
WARNING: [Vivado 12-13340] Unable to auto find GCC executables from simulator install path! (path not set)
WARNING: [Vivado 12-13277] Compiled library path does not exist: ''
INFO: [Vivado 12-5682] Launching behavioral simulation in 'C:/Hung/Viettel/Stage2/ML-KEM/ml_kem/ml_kem.sim/sim_1/behav/xsim'
INFO: [SIM-utils-51] Simulation object is 'sim_1'
INFO: [USF-XSim-3] XSim::Elaborate design
INFO: [USF-XSim-61] Executing 'ELABORATE' step in 'C:/Hung/Viettel/Stage2/ML-KEM/ml_kem/ml_kem.sim/sim_1/behav/xsim'
"xelab --incr --debug typical --relax --mt 2 -L xil_defaultlib -L unisims_ver -L unimacro_ver -L secureip -L xpm --snapshot tb_top_behav xil_defaultlib.tb_top xil_defaultlib.glbl -log elaborate.log"
Vivado Simulator v2022.2.2
Copyright 1986-1999, 2001-2022 Xilinx, Inc. All Rights Reserved.
Running: C:/Xilinx/Vivado/2022.2/bin/unwrapped/win64.o/xelab.exe --incr --debug typical --relax --mt 2 -L xil_defaultlib -L unisims_ver -L unimacro_ver -L secureip -L xpm --snapshot tb_top_behav xil_defaultlib.tb_top xil_defaultlib.glbl -log elaborate.log 
Using 2 slave threads.
Starting static elaboration
Pass Through NonSizing Optimizer
Completed static elaboration
Starting simulation data flow analysis
Completed simulation data flow analysis
Time Resolution for simulation is 1ps
Compiling module xil_defaultlib.MyBootROM
Compiling module xil_defaultlib.AddressGenerator
Compiling module xil_defaultlib.MyReg
Compiling module xil_defaultlib.barret
Compiling module xil_defaultlib.BoothDecode
Compiling module xil_defaultlib.mul_default
Compiling module xil_defaultlib.bu_ntt
Compiling module xil_defaultlib.bu_intt
Compiling module xil_defaultlib.top
Compiling module xil_defaultlib.tb_top
Compiling module xil_defaultlib.glbl
Built simulation snapshot tb_top_behav
INFO: [USF-XSim-69] 'elaborate' step finished in '2' seconds
Time resolution is 1 ps
[5588000] DONE_STORE!
$finish called at time : 5667500 ps : File "C:/Hung/Viettel/Stage2/ML-KEM/NTT/tb_top.v" Line 115
relaunch_sim: Time (s): cpu = 00:00:00 ; elapsed = 00:00:05 . Memory (MB): peak = 2012.855 ; gain = 0.000
save_wave_config {C:/Hung/Viettel/Stage2/ML-KEM/ml_kem/tb_top_func_impl.wcfg}
relaunch_sim
Command: launch_simulation -step compile -simset sim_1 -mode behavioral
INFO: [Vivado 12-12493] Simulation top is 'tb_top'
WARNING: [Vivado 12-13340] Unable to auto find GCC executables from simulator install path! (path not set)
WARNING: [Vivado 12-13277] Compiled library path does not exist: ''
INFO: [Vivado 12-5682] Launching behavioral simulation in 'C:/Hung/Viettel/Stage2/ML-KEM/ml_kem/ml_kem.sim/sim_1/behav/xsim'
INFO: [SIM-utils-51] Simulation object is 'sim_1'
INFO: [USF-XSim-2] XSim::Compile design
INFO: [USF-XSim-61] Executing 'COMPILE and ANALYZE' step in 'C:/Hung/Viettel/Stage2/ML-KEM/ml_kem/ml_kem.sim/sim_1/behav/xsim'
"xvlog --incr --relax -prj tb_top_vlog.prj"
INFO: [VRFC 10-2263] Analyzing Verilog file "C:/Hung/Viettel/Stage2/ML-KEM/NTT/AddressGenerator.v" into library xil_defaultlib
INFO: [VRFC 10-311] analyzing module AddressGenerator
INFO: [VRFC 10-2263] Analyzing Verilog file "C:/Hung/Viettel/Stage2/ML-KEM/NTT/BoothDecode.v" into library xil_defaultlib
INFO: [VRFC 10-311] analyzing module BoothDecode
INFO: [VRFC 10-2263] Analyzing Verilog file "C:/Hung/Viettel/Stage2/ML-KEM/NTT/MyBootRom.v" into library xil_defaultlib
INFO: [VRFC 10-311] analyzing module MyBootROM
INFO: [VRFC 10-2263] Analyzing Verilog file "C:/Hung/Viettel/Stage2/ML-KEM/NTT/MyReg.v" into library xil_defaultlib
INFO: [VRFC 10-311] analyzing module MyReg
INFO: [VRFC 10-2263] Analyzing Verilog file "C:/Hung/Viettel/Stage2/ML-KEM/NTT/barret.v" into library xil_defaultlib
INFO: [VRFC 10-311] analyzing module barret
INFO: [VRFC 10-2263] Analyzing Verilog file "C:/Hung/Viettel/Stage2/ML-KEM/NTT/bu_intt.v" into library xil_defaultlib
INFO: [VRFC 10-311] analyzing module bu_intt
INFO: [VRFC 10-2263] Analyzing Verilog file "C:/Hung/Viettel/Stage2/ML-KEM/NTT/bu_ntt.v" into library xil_defaultlib
INFO: [VRFC 10-311] analyzing module bu_ntt
INFO: [VRFC 10-2263] Analyzing Verilog file "C:/Hung/Viettel/Stage2/ML-KEM/NTT/mul.v" into library xil_defaultlib
INFO: [VRFC 10-311] analyzing module mul
INFO: [VRFC 10-2263] Analyzing Verilog file "C:/Hung/Viettel/Stage2/ML-KEM/NTT/top.v" into library xil_defaultlib
INFO: [VRFC 10-311] analyzing module top
WARNING: [VRFC 10-3380] identifier 'addr_a' is used before its declaration [C:/Hung/Viettel/Stage2/ML-KEM/NTT/top.v:108]
WARNING: [VRFC 10-3380] identifier 'addr_b' is used before its declaration [C:/Hung/Viettel/Stage2/ML-KEM/NTT/top.v:109]
INFO: [VRFC 10-2263] Analyzing Verilog file "C:/Hung/Viettel/Stage2/ML-KEM/NTT/tb_top.v" into library xil_defaultlib
INFO: [VRFC 10-311] analyzing module tb_top
INFO: [USF-XSim-69] 'compile' step finished in '2' seconds
Command: launch_simulation -step elaborate -simset sim_1 -mode behavioral
INFO: [Vivado 12-12493] Simulation top is 'tb_top'
WARNING: [Vivado 12-13340] Unable to auto find GCC executables from simulator install path! (path not set)
WARNING: [Vivado 12-13277] Compiled library path does not exist: ''
INFO: [Vivado 12-5682] Launching behavioral simulation in 'C:/Hung/Viettel/Stage2/ML-KEM/ml_kem/ml_kem.sim/sim_1/behav/xsim'
INFO: [SIM-utils-51] Simulation object is 'sim_1'
INFO: [USF-XSim-3] XSim::Elaborate design
INFO: [USF-XSim-61] Executing 'ELABORATE' step in 'C:/Hung/Viettel/Stage2/ML-KEM/ml_kem/ml_kem.sim/sim_1/behav/xsim'
"xelab --incr --debug typical --relax --mt 2 -L xil_defaultlib -L unisims_ver -L unimacro_ver -L secureip -L xpm --snapshot tb_top_behav xil_defaultlib.tb_top xil_defaultlib.glbl -log elaborate.log"
Vivado Simulator v2022.2.2
Copyright 1986-1999, 2001-2022 Xilinx, Inc. All Rights Reserved.
Running: C:/Xilinx/Vivado/2022.2/bin/unwrapped/win64.o/xelab.exe --incr --debug typical --relax --mt 2 -L xil_defaultlib -L unisims_ver -L unimacro_ver -L secureip -L xpm --snapshot tb_top_behav xil_defaultlib.tb_top xil_defaultlib.glbl -log elaborate.log 
Using 2 slave threads.
Starting static elaboration
Pass Through NonSizing Optimizer
Completed static elaboration
Starting simulation data flow analysis
Completed simulation data flow analysis
Time Resolution for simulation is 1ps
Compiling module xil_defaultlib.MyBootROM
Compiling module xil_defaultlib.AddressGenerator
Compiling module xil_defaultlib.MyReg
Compiling module xil_defaultlib.barret
Compiling module xil_defaultlib.BoothDecode
Compiling module xil_defaultlib.mul_default
Compiling module xil_defaultlib.bu_ntt
Compiling module xil_defaultlib.bu_intt
Compiling module xil_defaultlib.top
Compiling module xil_defaultlib.tb_top
Compiling module xil_defaultlib.glbl
Built simulation snapshot tb_top_behav
INFO: [USF-XSim-69] 'elaborate' step finished in '2' seconds
Time resolution is 1 ps
[5588000] DONE_STORE!
$finish called at time : 5667500 ps : File "C:/Hung/Viettel/Stage2/ML-KEM/NTT/tb_top.v" Line 115
relaunch_sim: Time (s): cpu = 00:00:01 ; elapsed = 00:00:05 . Memory (MB): peak = 2012.855 ; gain = 0.000
save_wave_config {C:/Hung/Viettel/Stage2/ML-KEM/ml_kem/tb_top_func_impl.wcfg}
relaunch_sim
Command: launch_simulation -step compile -simset sim_1 -mode behavioral
INFO: [Vivado 12-12493] Simulation top is 'tb_top'
WARNING: [Vivado 12-13340] Unable to auto find GCC executables from simulator install path! (path not set)
WARNING: [Vivado 12-13277] Compiled library path does not exist: ''
INFO: [Vivado 12-5682] Launching behavioral simulation in 'C:/Hung/Viettel/Stage2/ML-KEM/ml_kem/ml_kem.sim/sim_1/behav/xsim'
INFO: [SIM-utils-51] Simulation object is 'sim_1'
INFO: [USF-XSim-2] XSim::Compile design
INFO: [USF-XSim-61] Executing 'COMPILE and ANALYZE' step in 'C:/Hung/Viettel/Stage2/ML-KEM/ml_kem/ml_kem.sim/sim_1/behav/xsim'
"xvlog --incr --relax -prj tb_top_vlog.prj"
INFO: [VRFC 10-2263] Analyzing Verilog file "C:/Hung/Viettel/Stage2/ML-KEM/NTT/AddressGenerator.v" into library xil_defaultlib
INFO: [VRFC 10-311] analyzing module AddressGenerator
INFO: [VRFC 10-2263] Analyzing Verilog file "C:/Hung/Viettel/Stage2/ML-KEM/NTT/BoothDecode.v" into library xil_defaultlib
INFO: [VRFC 10-311] analyzing module BoothDecode
INFO: [VRFC 10-2263] Analyzing Verilog file "C:/Hung/Viettel/Stage2/ML-KEM/NTT/MyBootRom.v" into library xil_defaultlib
INFO: [VRFC 10-311] analyzing module MyBootROM
INFO: [VRFC 10-2263] Analyzing Verilog file "C:/Hung/Viettel/Stage2/ML-KEM/NTT/MyReg.v" into library xil_defaultlib
INFO: [VRFC 10-311] analyzing module MyReg
INFO: [VRFC 10-2263] Analyzing Verilog file "C:/Hung/Viettel/Stage2/ML-KEM/NTT/barret.v" into library xil_defaultlib
INFO: [VRFC 10-311] analyzing module barret
INFO: [VRFC 10-2263] Analyzing Verilog file "C:/Hung/Viettel/Stage2/ML-KEM/NTT/bu_intt.v" into library xil_defaultlib
INFO: [VRFC 10-311] analyzing module bu_intt
INFO: [VRFC 10-2263] Analyzing Verilog file "C:/Hung/Viettel/Stage2/ML-KEM/NTT/bu_ntt.v" into library xil_defaultlib
INFO: [VRFC 10-311] analyzing module bu_ntt
INFO: [VRFC 10-2263] Analyzing Verilog file "C:/Hung/Viettel/Stage2/ML-KEM/NTT/mul.v" into library xil_defaultlib
INFO: [VRFC 10-311] analyzing module mul
INFO: [VRFC 10-2263] Analyzing Verilog file "C:/Hung/Viettel/Stage2/ML-KEM/NTT/top.v" into library xil_defaultlib
INFO: [VRFC 10-311] analyzing module top
WARNING: [VRFC 10-3380] identifier 'addr_a' is used before its declaration [C:/Hung/Viettel/Stage2/ML-KEM/NTT/top.v:108]
WARNING: [VRFC 10-3380] identifier 'addr_b' is used before its declaration [C:/Hung/Viettel/Stage2/ML-KEM/NTT/top.v:109]
INFO: [VRFC 10-2263] Analyzing Verilog file "C:/Hung/Viettel/Stage2/ML-KEM/NTT/tb_top.v" into library xil_defaultlib
INFO: [VRFC 10-311] analyzing module tb_top
INFO: [USF-XSim-69] 'compile' step finished in '2' seconds
Command: launch_simulation -step elaborate -simset sim_1 -mode behavioral
INFO: [Vivado 12-12493] Simulation top is 'tb_top'
WARNING: [Vivado 12-13340] Unable to auto find GCC executables from simulator install path! (path not set)
WARNING: [Vivado 12-13277] Compiled library path does not exist: ''
INFO: [Vivado 12-5682] Launching behavioral simulation in 'C:/Hung/Viettel/Stage2/ML-KEM/ml_kem/ml_kem.sim/sim_1/behav/xsim'
INFO: [SIM-utils-51] Simulation object is 'sim_1'
INFO: [USF-XSim-3] XSim::Elaborate design
INFO: [USF-XSim-61] Executing 'ELABORATE' step in 'C:/Hung/Viettel/Stage2/ML-KEM/ml_kem/ml_kem.sim/sim_1/behav/xsim'
"xelab --incr --debug typical --relax --mt 2 -L xil_defaultlib -L unisims_ver -L unimacro_ver -L secureip -L xpm --snapshot tb_top_behav xil_defaultlib.tb_top xil_defaultlib.glbl -log elaborate.log"
Vivado Simulator v2022.2.2
Copyright 1986-1999, 2001-2022 Xilinx, Inc. All Rights Reserved.
Running: C:/Xilinx/Vivado/2022.2/bin/unwrapped/win64.o/xelab.exe --incr --debug typical --relax --mt 2 -L xil_defaultlib -L unisims_ver -L unimacro_ver -L secureip -L xpm --snapshot tb_top_behav xil_defaultlib.tb_top xil_defaultlib.glbl -log elaborate.log 
Using 2 slave threads.
Starting static elaboration
Pass Through NonSizing Optimizer
Completed static elaboration
Starting simulation data flow analysis
Completed simulation data flow analysis
Time Resolution for simulation is 1ps
Compiling module xil_defaultlib.MyBootROM
Compiling module xil_defaultlib.AddressGenerator
Compiling module xil_defaultlib.MyReg
Compiling module xil_defaultlib.barret
Compiling module xil_defaultlib.BoothDecode
Compiling module xil_defaultlib.mul_default
Compiling module xil_defaultlib.bu_ntt
Compiling module xil_defaultlib.bu_intt
Compiling module xil_defaultlib.top
Compiling module xil_defaultlib.tb_top
Compiling module xil_defaultlib.glbl
Built simulation snapshot tb_top_behav
INFO: [USF-XSim-69] 'elaborate' step finished in '2' seconds
Time resolution is 1 ps
[5588000] DONE_STORE!
$finish called at time : 5667500 ps : File "C:/Hung/Viettel/Stage2/ML-KEM/NTT/tb_top.v" Line 115
relaunch_sim: Time (s): cpu = 00:00:01 ; elapsed = 00:00:05 . Memory (MB): peak = 2012.855 ; gain = 0.000
current_wave_config {tb_top_func_impl.wcfg}
C:/Hung/Viettel/Stage2/ML-KEM/ml_kem/tb_top_func_impl.wcfg
add_wave {{/tb_top/dut/raddr1}} {{/tb_top/dut/raddr2}} 
save_wave_config {C:/Hung/Viettel/Stage2/ML-KEM/ml_kem/tb_top_func_impl.wcfg}
relaunch_sim
Command: launch_simulation -step compile -simset sim_1 -mode behavioral
INFO: [Vivado 12-12493] Simulation top is 'tb_top'
WARNING: [Vivado 12-13340] Unable to auto find GCC executables from simulator install path! (path not set)
WARNING: [Vivado 12-13277] Compiled library path does not exist: ''
INFO: [Vivado 12-5682] Launching behavioral simulation in 'C:/Hung/Viettel/Stage2/ML-KEM/ml_kem/ml_kem.sim/sim_1/behav/xsim'
INFO: [SIM-utils-51] Simulation object is 'sim_1'
INFO: [USF-XSim-2] XSim::Compile design
INFO: [USF-XSim-61] Executing 'COMPILE and ANALYZE' step in 'C:/Hung/Viettel/Stage2/ML-KEM/ml_kem/ml_kem.sim/sim_1/behav/xsim'
"xvlog --incr --relax -prj tb_top_vlog.prj"
INFO: [VRFC 10-2263] Analyzing Verilog file "C:/Hung/Viettel/Stage2/ML-KEM/NTT/AddressGenerator.v" into library xil_defaultlib
INFO: [VRFC 10-311] analyzing module AddressGenerator
INFO: [VRFC 10-2263] Analyzing Verilog file "C:/Hung/Viettel/Stage2/ML-KEM/NTT/BoothDecode.v" into library xil_defaultlib
INFO: [VRFC 10-311] analyzing module BoothDecode
INFO: [VRFC 10-2263] Analyzing Verilog file "C:/Hung/Viettel/Stage2/ML-KEM/NTT/MyBootRom.v" into library xil_defaultlib
INFO: [VRFC 10-311] analyzing module MyBootROM
INFO: [VRFC 10-2263] Analyzing Verilog file "C:/Hung/Viettel/Stage2/ML-KEM/NTT/MyReg.v" into library xil_defaultlib
INFO: [VRFC 10-311] analyzing module MyReg
INFO: [VRFC 10-2263] Analyzing Verilog file "C:/Hung/Viettel/Stage2/ML-KEM/NTT/barret.v" into library xil_defaultlib
INFO: [VRFC 10-311] analyzing module barret
INFO: [VRFC 10-2263] Analyzing Verilog file "C:/Hung/Viettel/Stage2/ML-KEM/NTT/bu_intt.v" into library xil_defaultlib
INFO: [VRFC 10-311] analyzing module bu_intt
INFO: [VRFC 10-2263] Analyzing Verilog file "C:/Hung/Viettel/Stage2/ML-KEM/NTT/bu_ntt.v" into library xil_defaultlib
INFO: [VRFC 10-311] analyzing module bu_ntt
INFO: [VRFC 10-2263] Analyzing Verilog file "C:/Hung/Viettel/Stage2/ML-KEM/NTT/mul.v" into library xil_defaultlib
INFO: [VRFC 10-311] analyzing module mul
INFO: [VRFC 10-2263] Analyzing Verilog file "C:/Hung/Viettel/Stage2/ML-KEM/NTT/top.v" into library xil_defaultlib
INFO: [VRFC 10-311] analyzing module top
WARNING: [VRFC 10-3380] identifier 'addr_a' is used before its declaration [C:/Hung/Viettel/Stage2/ML-KEM/NTT/top.v:108]
WARNING: [VRFC 10-3380] identifier 'addr_b' is used before its declaration [C:/Hung/Viettel/Stage2/ML-KEM/NTT/top.v:109]
INFO: [VRFC 10-2263] Analyzing Verilog file "C:/Hung/Viettel/Stage2/ML-KEM/NTT/tb_top.v" into library xil_defaultlib
INFO: [VRFC 10-311] analyzing module tb_top
INFO: [USF-XSim-69] 'compile' step finished in '1' seconds
Command: launch_simulation -step elaborate -simset sim_1 -mode behavioral
INFO: [Vivado 12-12493] Simulation top is 'tb_top'
WARNING: [Vivado 12-13340] Unable to auto find GCC executables from simulator install path! (path not set)
WARNING: [Vivado 12-13277] Compiled library path does not exist: ''
INFO: [Vivado 12-5682] Launching behavioral simulation in 'C:/Hung/Viettel/Stage2/ML-KEM/ml_kem/ml_kem.sim/sim_1/behav/xsim'
INFO: [SIM-utils-51] Simulation object is 'sim_1'
INFO: [USF-XSim-3] XSim::Elaborate design
INFO: [USF-XSim-61] Executing 'ELABORATE' step in 'C:/Hung/Viettel/Stage2/ML-KEM/ml_kem/ml_kem.sim/sim_1/behav/xsim'
"xelab --incr --debug typical --relax --mt 2 -L xil_defaultlib -L unisims_ver -L unimacro_ver -L secureip -L xpm --snapshot tb_top_behav xil_defaultlib.tb_top xil_defaultlib.glbl -log elaborate.log"
Vivado Simulator v2022.2.2
Copyright 1986-1999, 2001-2022 Xilinx, Inc. All Rights Reserved.
Running: C:/Xilinx/Vivado/2022.2/bin/unwrapped/win64.o/xelab.exe --incr --debug typical --relax --mt 2 -L xil_defaultlib -L unisims_ver -L unimacro_ver -L secureip -L xpm --snapshot tb_top_behav xil_defaultlib.tb_top xil_defaultlib.glbl -log elaborate.log 
Using 2 slave threads.
Starting static elaboration
Pass Through NonSizing Optimizer
Completed static elaboration
Starting simulation data flow analysis
Completed simulation data flow analysis
Time Resolution for simulation is 1ps
Compiling module xil_defaultlib.MyBootROM
Compiling module xil_defaultlib.AddressGenerator
Compiling module xil_defaultlib.MyReg
Compiling module xil_defaultlib.barret
Compiling module xil_defaultlib.BoothDecode
Compiling module xil_defaultlib.mul_default
Compiling module xil_defaultlib.bu_ntt
Compiling module xil_defaultlib.bu_intt
Compiling module xil_defaultlib.top
Compiling module xil_defaultlib.tb_top
Compiling module xil_defaultlib.glbl
Built simulation snapshot tb_top_behav
INFO: [USF-XSim-69] 'elaborate' step finished in '2' seconds
Time resolution is 1 ps
[5588000] DONE_STORE!
$finish called at time : 5667500 ps : File "C:/Hung/Viettel/Stage2/ML-KEM/NTT/tb_top.v" Line 115
relaunch_sim: Time (s): cpu = 00:00:01 ; elapsed = 00:00:06 . Memory (MB): peak = 2195.387 ; gain = 0.000
current_wave_config {tb_top_func_impl.wcfg}
C:/Hung/Viettel/Stage2/ML-KEM/ml_kem/tb_top_func_impl.wcfg
log_wave {/tb_top/dut/waddr1} {/tb_top/dut/waddr2} 
current_wave_config {tb_top_func_impl.wcfg}
C:/Hung/Viettel/Stage2/ML-KEM/ml_kem/tb_top_func_impl.wcfg
add_wave {{/tb_top/dut/waddr1}} {{/tb_top/dut/waddr2}} 
current_wave_config {tb_top_func_impl.wcfg}
C:/Hung/Viettel/Stage2/ML-KEM/ml_kem/tb_top_func_impl.wcfg
add_wave {{/tb_top/dut/din_a}} {{/tb_top/dut/din_b}} 
save_wave_config {C:/Hung/Viettel/Stage2/ML-KEM/ml_kem/tb_top_func_impl.wcfg}
relaunch_sim
Command: launch_simulation -step compile -simset sim_1 -mode behavioral
INFO: [Vivado 12-12493] Simulation top is 'tb_top'
WARNING: [Vivado 12-13340] Unable to auto find GCC executables from simulator install path! (path not set)
WARNING: [Vivado 12-13277] Compiled library path does not exist: ''
INFO: [Vivado 12-5682] Launching behavioral simulation in 'C:/Hung/Viettel/Stage2/ML-KEM/ml_kem/ml_kem.sim/sim_1/behav/xsim'
INFO: [SIM-utils-51] Simulation object is 'sim_1'
INFO: [USF-XSim-2] XSim::Compile design
INFO: [USF-XSim-61] Executing 'COMPILE and ANALYZE' step in 'C:/Hung/Viettel/Stage2/ML-KEM/ml_kem/ml_kem.sim/sim_1/behav/xsim'
"xvlog --incr --relax -prj tb_top_vlog.prj"
INFO: [USF-XSim-69] 'compile' step finished in '2' seconds
Command: launch_simulation -step elaborate -simset sim_1 -mode behavioral
INFO: [Vivado 12-12493] Simulation top is 'tb_top'
WARNING: [Vivado 12-13340] Unable to auto find GCC executables from simulator install path! (path not set)
WARNING: [Vivado 12-13277] Compiled library path does not exist: ''
INFO: [Vivado 12-5682] Launching behavioral simulation in 'C:/Hung/Viettel/Stage2/ML-KEM/ml_kem/ml_kem.sim/sim_1/behav/xsim'
INFO: [SIM-utils-51] Simulation object is 'sim_1'
INFO: [USF-XSim-3] XSim::Elaborate design
INFO: [USF-XSim-61] Executing 'ELABORATE' step in 'C:/Hung/Viettel/Stage2/ML-KEM/ml_kem/ml_kem.sim/sim_1/behav/xsim'
"xelab --incr --debug typical --relax --mt 2 -L xil_defaultlib -L unisims_ver -L unimacro_ver -L secureip -L xpm --snapshot tb_top_behav xil_defaultlib.tb_top xil_defaultlib.glbl -log elaborate.log"
Vivado Simulator v2022.2.2
Copyright 1986-1999, 2001-2022 Xilinx, Inc. All Rights Reserved.
Running: C:/Xilinx/Vivado/2022.2/bin/unwrapped/win64.o/xelab.exe --incr --debug typical --relax --mt 2 -L xil_defaultlib -L unisims_ver -L unimacro_ver -L secureip -L xpm --snapshot tb_top_behav xil_defaultlib.tb_top xil_defaultlib.glbl -log elaborate.log 
Using 2 slave threads.
Starting static elaboration
Pass Through NonSizing Optimizer
Completed static elaboration
INFO: [XSIM 43-4323] No Change in HDL. Linking previously generated obj files to create kernel
INFO: [USF-XSim-69] 'elaborate' step finished in '1' seconds
Time resolution is 1 ps
[5588000] DONE_STORE!
$finish called at time : 5667500 ps : File "C:/Hung/Viettel/Stage2/ML-KEM/NTT/tb_top.v" Line 115
relaunch_sim
Command: launch_simulation -step compile -simset sim_1 -mode behavioral
INFO: [Vivado 12-12493] Simulation top is 'tb_top'
WARNING: [Vivado 12-13340] Unable to auto find GCC executables from simulator install path! (path not set)
WARNING: [Vivado 12-13277] Compiled library path does not exist: ''
INFO: [Vivado 12-5682] Launching behavioral simulation in 'C:/Hung/Viettel/Stage2/ML-KEM/ml_kem/ml_kem.sim/sim_1/behav/xsim'
INFO: [SIM-utils-51] Simulation object is 'sim_1'
INFO: [USF-XSim-2] XSim::Compile design
INFO: [USF-XSim-61] Executing 'COMPILE and ANALYZE' step in 'C:/Hung/Viettel/Stage2/ML-KEM/ml_kem/ml_kem.sim/sim_1/behav/xsim'
"xvlog --incr --relax -prj tb_top_vlog.prj"
INFO: [VRFC 10-2263] Analyzing Verilog file "C:/Hung/Viettel/Stage2/ML-KEM/NTT/AddressGenerator.v" into library xil_defaultlib
INFO: [VRFC 10-311] analyzing module AddressGenerator
INFO: [VRFC 10-2263] Analyzing Verilog file "C:/Hung/Viettel/Stage2/ML-KEM/NTT/BoothDecode.v" into library xil_defaultlib
INFO: [VRFC 10-311] analyzing module BoothDecode
INFO: [VRFC 10-2263] Analyzing Verilog file "C:/Hung/Viettel/Stage2/ML-KEM/NTT/MyBootRom.v" into library xil_defaultlib
INFO: [VRFC 10-311] analyzing module MyBootROM
INFO: [VRFC 10-2263] Analyzing Verilog file "C:/Hung/Viettel/Stage2/ML-KEM/NTT/MyReg.v" into library xil_defaultlib
INFO: [VRFC 10-311] analyzing module MyReg
INFO: [VRFC 10-2263] Analyzing Verilog file "C:/Hung/Viettel/Stage2/ML-KEM/NTT/barret.v" into library xil_defaultlib
INFO: [VRFC 10-311] analyzing module barret
INFO: [VRFC 10-2263] Analyzing Verilog file "C:/Hung/Viettel/Stage2/ML-KEM/NTT/bu_intt.v" into library xil_defaultlib
INFO: [VRFC 10-311] analyzing module bu_intt
INFO: [VRFC 10-2263] Analyzing Verilog file "C:/Hung/Viettel/Stage2/ML-KEM/NTT/bu_ntt.v" into library xil_defaultlib
INFO: [VRFC 10-311] analyzing module bu_ntt
INFO: [VRFC 10-2263] Analyzing Verilog file "C:/Hung/Viettel/Stage2/ML-KEM/NTT/mul.v" into library xil_defaultlib
INFO: [VRFC 10-311] analyzing module mul
INFO: [VRFC 10-2263] Analyzing Verilog file "C:/Hung/Viettel/Stage2/ML-KEM/NTT/top.v" into library xil_defaultlib
INFO: [VRFC 10-311] analyzing module top
WARNING: [VRFC 10-3380] identifier 'addr_a' is used before its declaration [C:/Hung/Viettel/Stage2/ML-KEM/NTT/top.v:108]
WARNING: [VRFC 10-3380] identifier 'addr_b' is used before its declaration [C:/Hung/Viettel/Stage2/ML-KEM/NTT/top.v:109]
INFO: [VRFC 10-2263] Analyzing Verilog file "C:/Hung/Viettel/Stage2/ML-KEM/NTT/tb_top.v" into library xil_defaultlib
INFO: [VRFC 10-311] analyzing module tb_top
INFO: [USF-XSim-69] 'compile' step finished in '2' seconds
Command: launch_simulation -step elaborate -simset sim_1 -mode behavioral
INFO: [Vivado 12-12493] Simulation top is 'tb_top'
WARNING: [Vivado 12-13340] Unable to auto find GCC executables from simulator install path! (path not set)
WARNING: [Vivado 12-13277] Compiled library path does not exist: ''
INFO: [Vivado 12-5682] Launching behavioral simulation in 'C:/Hung/Viettel/Stage2/ML-KEM/ml_kem/ml_kem.sim/sim_1/behav/xsim'
INFO: [SIM-utils-51] Simulation object is 'sim_1'
INFO: [USF-XSim-3] XSim::Elaborate design
INFO: [USF-XSim-61] Executing 'ELABORATE' step in 'C:/Hung/Viettel/Stage2/ML-KEM/ml_kem/ml_kem.sim/sim_1/behav/xsim'
"xelab --incr --debug typical --relax --mt 2 -L xil_defaultlib -L unisims_ver -L unimacro_ver -L secureip -L xpm --snapshot tb_top_behav xil_defaultlib.tb_top xil_defaultlib.glbl -log elaborate.log"
Vivado Simulator v2022.2.2
Copyright 1986-1999, 2001-2022 Xilinx, Inc. All Rights Reserved.
Running: C:/Xilinx/Vivado/2022.2/bin/unwrapped/win64.o/xelab.exe --incr --debug typical --relax --mt 2 -L xil_defaultlib -L unisims_ver -L unimacro_ver -L secureip -L xpm --snapshot tb_top_behav xil_defaultlib.tb_top xil_defaultlib.glbl -log elaborate.log 
Using 2 slave threads.
Starting static elaboration
Pass Through NonSizing Optimizer
Completed static elaboration
Starting simulation data flow analysis
Completed simulation data flow analysis
Time Resolution for simulation is 1ps
Compiling module xil_defaultlib.MyBootROM
Compiling module xil_defaultlib.AddressGenerator
Compiling module xil_defaultlib.MyReg
Compiling module xil_defaultlib.barret
Compiling module xil_defaultlib.BoothDecode
Compiling module xil_defaultlib.mul_default
Compiling module xil_defaultlib.bu_ntt
Compiling module xil_defaultlib.bu_intt
Compiling module xil_defaultlib.top
Compiling module xil_defaultlib.tb_top
Compiling module xil_defaultlib.glbl
Built simulation snapshot tb_top_behav
INFO: [USF-XSim-69] 'elaborate' step finished in '2' seconds
Time resolution is 1 ps
[5588000] DONE_STORE!
$finish called at time : 5667500 ps : File "C:/Hung/Viettel/Stage2/ML-KEM/NTT/tb_top.v" Line 115
relaunch_sim: Time (s): cpu = 00:00:01 ; elapsed = 00:00:05 . Memory (MB): peak = 2195.387 ; gain = 0.000
save_wave_config {C:/Hung/Viettel/Stage2/ML-KEM/ml_kem/tb_top_func_impl.wcfg}
save_wave_config {C:/Hung/Viettel/Stage2/ML-KEM/ml_kem/tb_top_func_impl.wcfg}
save_wave_config {C:/Hung/Viettel/Stage2/ML-KEM/ml_kem/tb_top_func_impl.wcfg}
relaunch_sim
Command: launch_simulation -step compile -simset sim_1 -mode behavioral
INFO: [Vivado 12-12493] Simulation top is 'tb_top'
WARNING: [Vivado 12-13340] Unable to auto find GCC executables from simulator install path! (path not set)
WARNING: [Vivado 12-13277] Compiled library path does not exist: ''
INFO: [Vivado 12-5682] Launching behavioral simulation in 'C:/Hung/Viettel/Stage2/ML-KEM/ml_kem/ml_kem.sim/sim_1/behav/xsim'
INFO: [SIM-utils-51] Simulation object is 'sim_1'
INFO: [USF-XSim-2] XSim::Compile design
INFO: [USF-XSim-61] Executing 'COMPILE and ANALYZE' step in 'C:/Hung/Viettel/Stage2/ML-KEM/ml_kem/ml_kem.sim/sim_1/behav/xsim'
"xvlog --incr --relax -prj tb_top_vlog.prj"
INFO: [VRFC 10-2263] Analyzing Verilog file "C:/Hung/Viettel/Stage2/ML-KEM/NTT/AddressGenerator.v" into library xil_defaultlib
INFO: [VRFC 10-311] analyzing module AddressGenerator
INFO: [VRFC 10-2263] Analyzing Verilog file "C:/Hung/Viettel/Stage2/ML-KEM/NTT/BoothDecode.v" into library xil_defaultlib
INFO: [VRFC 10-311] analyzing module BoothDecode
INFO: [VRFC 10-2263] Analyzing Verilog file "C:/Hung/Viettel/Stage2/ML-KEM/NTT/MyBootRom.v" into library xil_defaultlib
INFO: [VRFC 10-311] analyzing module MyBootROM
INFO: [VRFC 10-2263] Analyzing Verilog file "C:/Hung/Viettel/Stage2/ML-KEM/NTT/MyReg.v" into library xil_defaultlib
INFO: [VRFC 10-311] analyzing module MyReg
INFO: [VRFC 10-2263] Analyzing Verilog file "C:/Hung/Viettel/Stage2/ML-KEM/NTT/barret.v" into library xil_defaultlib
INFO: [VRFC 10-311] analyzing module barret
INFO: [VRFC 10-2263] Analyzing Verilog file "C:/Hung/Viettel/Stage2/ML-KEM/NTT/bu_intt.v" into library xil_defaultlib
INFO: [VRFC 10-311] analyzing module bu_intt
INFO: [VRFC 10-2263] Analyzing Verilog file "C:/Hung/Viettel/Stage2/ML-KEM/NTT/bu_ntt.v" into library xil_defaultlib
INFO: [VRFC 10-311] analyzing module bu_ntt
INFO: [VRFC 10-2263] Analyzing Verilog file "C:/Hung/Viettel/Stage2/ML-KEM/NTT/mul.v" into library xil_defaultlib
INFO: [VRFC 10-311] analyzing module mul
INFO: [VRFC 10-2263] Analyzing Verilog file "C:/Hung/Viettel/Stage2/ML-KEM/NTT/top.v" into library xil_defaultlib
INFO: [VRFC 10-311] analyzing module top
WARNING: [VRFC 10-3380] identifier 'addr_a' is used before its declaration [C:/Hung/Viettel/Stage2/ML-KEM/NTT/top.v:109]
WARNING: [VRFC 10-3380] identifier 'addr_b' is used before its declaration [C:/Hung/Viettel/Stage2/ML-KEM/NTT/top.v:110]
INFO: [VRFC 10-2263] Analyzing Verilog file "C:/Hung/Viettel/Stage2/ML-KEM/NTT/tb_top.v" into library xil_defaultlib
INFO: [VRFC 10-311] analyzing module tb_top
INFO: [USF-XSim-69] 'compile' step finished in '1' seconds
Command: launch_simulation -step elaborate -simset sim_1 -mode behavioral
INFO: [Vivado 12-12493] Simulation top is 'tb_top'
WARNING: [Vivado 12-13340] Unable to auto find GCC executables from simulator install path! (path not set)
WARNING: [Vivado 12-13277] Compiled library path does not exist: ''
INFO: [Vivado 12-5682] Launching behavioral simulation in 'C:/Hung/Viettel/Stage2/ML-KEM/ml_kem/ml_kem.sim/sim_1/behav/xsim'
INFO: [SIM-utils-51] Simulation object is 'sim_1'
INFO: [USF-XSim-3] XSim::Elaborate design
INFO: [USF-XSim-61] Executing 'ELABORATE' step in 'C:/Hung/Viettel/Stage2/ML-KEM/ml_kem/ml_kem.sim/sim_1/behav/xsim'
"xelab --incr --debug typical --relax --mt 2 -L xil_defaultlib -L unisims_ver -L unimacro_ver -L secureip -L xpm --snapshot tb_top_behav xil_defaultlib.tb_top xil_defaultlib.glbl -log elaborate.log"
Vivado Simulator v2022.2.2
Copyright 1986-1999, 2001-2022 Xilinx, Inc. All Rights Reserved.
Running: C:/Xilinx/Vivado/2022.2/bin/unwrapped/win64.o/xelab.exe --incr --debug typical --relax --mt 2 -L xil_defaultlib -L unisims_ver -L unimacro_ver -L secureip -L xpm --snapshot tb_top_behav xil_defaultlib.tb_top xil_defaultlib.glbl -log elaborate.log 
Using 2 slave threads.
Starting static elaboration
Pass Through NonSizing Optimizer
Completed static elaboration
Starting simulation data flow analysis
Completed simulation data flow analysis
Time Resolution for simulation is 1ps
Compiling module xil_defaultlib.MyBootROM
Compiling module xil_defaultlib.AddressGenerator
Compiling module xil_defaultlib.MyReg
Compiling module xil_defaultlib.barret
Compiling module xil_defaultlib.BoothDecode
Compiling module xil_defaultlib.mul_default
Compiling module xil_defaultlib.bu_ntt
Compiling module xil_defaultlib.bu_intt
Compiling module xil_defaultlib.top
Compiling module xil_defaultlib.tb_top
Compiling module xil_defaultlib.glbl
Built simulation snapshot tb_top_behav
INFO: [USF-XSim-69] 'elaborate' step finished in '2' seconds
Time resolution is 1 ps
[5588000] DONE_STORE!
$finish called at time : 5667500 ps : File "C:/Hung/Viettel/Stage2/ML-KEM/NTT/tb_top.v" Line 115
relaunch_sim: Time (s): cpu = 00:00:01 ; elapsed = 00:00:05 . Memory (MB): peak = 2195.387 ; gain = 0.000
relaunch_sim
Command: launch_simulation -step compile -simset sim_1 -mode behavioral
INFO: [Vivado 12-12493] Simulation top is 'tb_top'
WARNING: [Vivado 12-13340] Unable to auto find GCC executables from simulator install path! (path not set)
WARNING: [Vivado 12-13277] Compiled library path does not exist: ''
INFO: [Vivado 12-5682] Launching behavioral simulation in 'C:/Hung/Viettel/Stage2/ML-KEM/ml_kem/ml_kem.sim/sim_1/behav/xsim'
INFO: [SIM-utils-51] Simulation object is 'sim_1'
INFO: [USF-XSim-2] XSim::Compile design
INFO: [USF-XSim-61] Executing 'COMPILE and ANALYZE' step in 'C:/Hung/Viettel/Stage2/ML-KEM/ml_kem/ml_kem.sim/sim_1/behav/xsim'
"xvlog --incr --relax -prj tb_top_vlog.prj"
INFO: [VRFC 10-2263] Analyzing Verilog file "C:/Hung/Viettel/Stage2/ML-KEM/NTT/AddressGenerator.v" into library xil_defaultlib
INFO: [VRFC 10-311] analyzing module AddressGenerator
INFO: [VRFC 10-2263] Analyzing Verilog file "C:/Hung/Viettel/Stage2/ML-KEM/NTT/BoothDecode.v" into library xil_defaultlib
INFO: [VRFC 10-311] analyzing module BoothDecode
INFO: [VRFC 10-2263] Analyzing Verilog file "C:/Hung/Viettel/Stage2/ML-KEM/NTT/MyBootRom.v" into library xil_defaultlib
INFO: [VRFC 10-311] analyzing module MyBootROM
INFO: [VRFC 10-2263] Analyzing Verilog file "C:/Hung/Viettel/Stage2/ML-KEM/NTT/MyReg.v" into library xil_defaultlib
INFO: [VRFC 10-311] analyzing module MyReg
INFO: [VRFC 10-2263] Analyzing Verilog file "C:/Hung/Viettel/Stage2/ML-KEM/NTT/barret.v" into library xil_defaultlib
INFO: [VRFC 10-311] analyzing module barret
INFO: [VRFC 10-2263] Analyzing Verilog file "C:/Hung/Viettel/Stage2/ML-KEM/NTT/bu_intt.v" into library xil_defaultlib
INFO: [VRFC 10-311] analyzing module bu_intt
INFO: [VRFC 10-2263] Analyzing Verilog file "C:/Hung/Viettel/Stage2/ML-KEM/NTT/bu_ntt.v" into library xil_defaultlib
INFO: [VRFC 10-311] analyzing module bu_ntt
INFO: [VRFC 10-2263] Analyzing Verilog file "C:/Hung/Viettel/Stage2/ML-KEM/NTT/mul.v" into library xil_defaultlib
INFO: [VRFC 10-311] analyzing module mul
INFO: [VRFC 10-2263] Analyzing Verilog file "C:/Hung/Viettel/Stage2/ML-KEM/NTT/top.v" into library xil_defaultlib
INFO: [VRFC 10-311] analyzing module top
WARNING: [VRFC 10-3380] identifier 'addr_a' is used before its declaration [C:/Hung/Viettel/Stage2/ML-KEM/NTT/top.v:110]
WARNING: [VRFC 10-3380] identifier 'addr_b' is used before its declaration [C:/Hung/Viettel/Stage2/ML-KEM/NTT/top.v:111]
INFO: [VRFC 10-2263] Analyzing Verilog file "C:/Hung/Viettel/Stage2/ML-KEM/NTT/tb_top.v" into library xil_defaultlib
INFO: [VRFC 10-311] analyzing module tb_top
INFO: [USF-XSim-69] 'compile' step finished in '2' seconds
Command: launch_simulation -step elaborate -simset sim_1 -mode behavioral
INFO: [Vivado 12-12493] Simulation top is 'tb_top'
WARNING: [Vivado 12-13340] Unable to auto find GCC executables from simulator install path! (path not set)
WARNING: [Vivado 12-13277] Compiled library path does not exist: ''
INFO: [Vivado 12-5682] Launching behavioral simulation in 'C:/Hung/Viettel/Stage2/ML-KEM/ml_kem/ml_kem.sim/sim_1/behav/xsim'
INFO: [SIM-utils-51] Simulation object is 'sim_1'
INFO: [USF-XSim-3] XSim::Elaborate design
INFO: [USF-XSim-61] Executing 'ELABORATE' step in 'C:/Hung/Viettel/Stage2/ML-KEM/ml_kem/ml_kem.sim/sim_1/behav/xsim'
"xelab --incr --debug typical --relax --mt 2 -L xil_defaultlib -L unisims_ver -L unimacro_ver -L secureip -L xpm --snapshot tb_top_behav xil_defaultlib.tb_top xil_defaultlib.glbl -log elaborate.log"
Vivado Simulator v2022.2.2
Copyright 1986-1999, 2001-2022 Xilinx, Inc. All Rights Reserved.
Running: C:/Xilinx/Vivado/2022.2/bin/unwrapped/win64.o/xelab.exe --incr --debug typical --relax --mt 2 -L xil_defaultlib -L unisims_ver -L unimacro_ver -L secureip -L xpm --snapshot tb_top_behav xil_defaultlib.tb_top xil_defaultlib.glbl -log elaborate.log 
Using 2 slave threads.
Starting static elaboration
Pass Through NonSizing Optimizer
Completed static elaboration
Starting simulation data flow analysis
Completed simulation data flow analysis
Time Resolution for simulation is 1ps
Compiling module xil_defaultlib.MyBootROM
Compiling module xil_defaultlib.AddressGenerator
Compiling module xil_defaultlib.MyReg
Compiling module xil_defaultlib.barret
Compiling module xil_defaultlib.BoothDecode
Compiling module xil_defaultlib.mul_default
Compiling module xil_defaultlib.bu_ntt
Compiling module xil_defaultlib.bu_intt
Compiling module xil_defaultlib.top
Compiling module xil_defaultlib.tb_top
Compiling module xil_defaultlib.glbl
Built simulation snapshot tb_top_behav
INFO: [USF-XSim-69] 'elaborate' step finished in '2' seconds
Time resolution is 1 ps
[5588000] DONE_STORE!
$finish called at time : 5667500 ps : File "C:/Hung/Viettel/Stage2/ML-KEM/NTT/tb_top.v" Line 115
relaunch_sim: Time (s): cpu = 00:00:01 ; elapsed = 00:00:06 . Memory (MB): peak = 2195.387 ; gain = 0.000
current_wave_config {tb_top_func_impl.wcfg}
C:/Hung/Viettel/Stage2/ML-KEM/ml_kem/tb_top_func_impl.wcfg
add_wave {{/tb_top/dut/counter}} 
current_wave_config {tb_top_func_impl.wcfg}
C:/Hung/Viettel/Stage2/ML-KEM/ml_kem/tb_top_func_impl.wcfg
add_wave {{/tb_top/dut/state}} 
relaunch_sim
Command: launch_simulation -step compile -simset sim_1 -mode behavioral
INFO: [Vivado 12-12493] Simulation top is 'tb_top'
WARNING: [Vivado 12-13340] Unable to auto find GCC executables from simulator install path! (path not set)
WARNING: [Vivado 12-13277] Compiled library path does not exist: ''
INFO: [Vivado 12-5682] Launching behavioral simulation in 'C:/Hung/Viettel/Stage2/ML-KEM/ml_kem/ml_kem.sim/sim_1/behav/xsim'
INFO: [SIM-utils-51] Simulation object is 'sim_1'
INFO: [USF-XSim-2] XSim::Compile design
INFO: [USF-XSim-61] Executing 'COMPILE and ANALYZE' step in 'C:/Hung/Viettel/Stage2/ML-KEM/ml_kem/ml_kem.sim/sim_1/behav/xsim'
"xvlog --incr --relax -prj tb_top_vlog.prj"
INFO: [USF-XSim-69] 'compile' step finished in '2' seconds
Command: launch_simulation -step elaborate -simset sim_1 -mode behavioral
INFO: [Vivado 12-12493] Simulation top is 'tb_top'
WARNING: [Vivado 12-13340] Unable to auto find GCC executables from simulator install path! (path not set)
WARNING: [Vivado 12-13277] Compiled library path does not exist: ''
INFO: [Vivado 12-5682] Launching behavioral simulation in 'C:/Hung/Viettel/Stage2/ML-KEM/ml_kem/ml_kem.sim/sim_1/behav/xsim'
INFO: [SIM-utils-51] Simulation object is 'sim_1'
INFO: [USF-XSim-3] XSim::Elaborate design
INFO: [USF-XSim-61] Executing 'ELABORATE' step in 'C:/Hung/Viettel/Stage2/ML-KEM/ml_kem/ml_kem.sim/sim_1/behav/xsim'
"xelab --incr --debug typical --relax --mt 2 -L xil_defaultlib -L unisims_ver -L unimacro_ver -L secureip -L xpm --snapshot tb_top_behav xil_defaultlib.tb_top xil_defaultlib.glbl -log elaborate.log"
Vivado Simulator v2022.2.2
Copyright 1986-1999, 2001-2022 Xilinx, Inc. All Rights Reserved.
Running: C:/Xilinx/Vivado/2022.2/bin/unwrapped/win64.o/xelab.exe --incr --debug typical --relax --mt 2 -L xil_defaultlib -L unisims_ver -L unimacro_ver -L secureip -L xpm --snapshot tb_top_behav xil_defaultlib.tb_top xil_defaultlib.glbl -log elaborate.log 
Using 2 slave threads.
Starting static elaboration
Pass Through NonSizing Optimizer
Completed static elaboration
INFO: [XSIM 43-4323] No Change in HDL. Linking previously generated obj files to create kernel
INFO: [USF-XSim-69] 'elaborate' step finished in '1' seconds
Time resolution is 1 ps
[5588000] DONE_STORE!
$finish called at time : 5667500 ps : File "C:/Hung/Viettel/Stage2/ML-KEM/NTT/tb_top.v" Line 115
save_wave_config {C:/Hung/Viettel/Stage2/ML-KEM/ml_kem/tb_top_func_impl.wcfg}
save_wave_config {C:/Hung/Viettel/Stage2/ML-KEM/ml_kem/tb_top_func_impl.wcfg}
relaunch_sim
Command: launch_simulation -step compile -simset sim_1 -mode behavioral
INFO: [Vivado 12-12493] Simulation top is 'tb_top'
WARNING: [Vivado 12-13340] Unable to auto find GCC executables from simulator install path! (path not set)
WARNING: [Vivado 12-13277] Compiled library path does not exist: ''
INFO: [Vivado 12-5682] Launching behavioral simulation in 'C:/Hung/Viettel/Stage2/ML-KEM/ml_kem/ml_kem.sim/sim_1/behav/xsim'
INFO: [SIM-utils-51] Simulation object is 'sim_1'
INFO: [USF-XSim-2] XSim::Compile design
INFO: [USF-XSim-61] Executing 'COMPILE and ANALYZE' step in 'C:/Hung/Viettel/Stage2/ML-KEM/ml_kem/ml_kem.sim/sim_1/behav/xsim'
"xvlog --incr --relax -prj tb_top_vlog.prj"
INFO: [VRFC 10-2263] Analyzing Verilog file "C:/Hung/Viettel/Stage2/ML-KEM/NTT/AddressGenerator.v" into library xil_defaultlib
INFO: [VRFC 10-311] analyzing module AddressGenerator
INFO: [VRFC 10-2263] Analyzing Verilog file "C:/Hung/Viettel/Stage2/ML-KEM/NTT/BoothDecode.v" into library xil_defaultlib
INFO: [VRFC 10-311] analyzing module BoothDecode
INFO: [VRFC 10-2263] Analyzing Verilog file "C:/Hung/Viettel/Stage2/ML-KEM/NTT/MyBootRom.v" into library xil_defaultlib
INFO: [VRFC 10-311] analyzing module MyBootROM
INFO: [VRFC 10-2263] Analyzing Verilog file "C:/Hung/Viettel/Stage2/ML-KEM/NTT/MyReg.v" into library xil_defaultlib
INFO: [VRFC 10-311] analyzing module MyReg
INFO: [VRFC 10-2263] Analyzing Verilog file "C:/Hung/Viettel/Stage2/ML-KEM/NTT/barret.v" into library xil_defaultlib
INFO: [VRFC 10-311] analyzing module barret
INFO: [VRFC 10-2263] Analyzing Verilog file "C:/Hung/Viettel/Stage2/ML-KEM/NTT/bu_intt.v" into library xil_defaultlib
INFO: [VRFC 10-311] analyzing module bu_intt
INFO: [VRFC 10-2263] Analyzing Verilog file "C:/Hung/Viettel/Stage2/ML-KEM/NTT/bu_ntt.v" into library xil_defaultlib
INFO: [VRFC 10-311] analyzing module bu_ntt
INFO: [VRFC 10-2263] Analyzing Verilog file "C:/Hung/Viettel/Stage2/ML-KEM/NTT/mul.v" into library xil_defaultlib
INFO: [VRFC 10-311] analyzing module mul
INFO: [VRFC 10-2263] Analyzing Verilog file "C:/Hung/Viettel/Stage2/ML-KEM/NTT/top.v" into library xil_defaultlib
INFO: [VRFC 10-311] analyzing module top
WARNING: [VRFC 10-3380] identifier 'addr_a' is used before its declaration [C:/Hung/Viettel/Stage2/ML-KEM/NTT/top.v:110]
WARNING: [VRFC 10-3380] identifier 'addr_b' is used before its declaration [C:/Hung/Viettel/Stage2/ML-KEM/NTT/top.v:111]
INFO: [VRFC 10-2263] Analyzing Verilog file "C:/Hung/Viettel/Stage2/ML-KEM/NTT/tb_top.v" into library xil_defaultlib
INFO: [VRFC 10-311] analyzing module tb_top
INFO: [USF-XSim-69] 'compile' step finished in '1' seconds
Command: launch_simulation -step elaborate -simset sim_1 -mode behavioral
INFO: [Vivado 12-12493] Simulation top is 'tb_top'
WARNING: [Vivado 12-13340] Unable to auto find GCC executables from simulator install path! (path not set)
WARNING: [Vivado 12-13277] Compiled library path does not exist: ''
INFO: [Vivado 12-5682] Launching behavioral simulation in 'C:/Hung/Viettel/Stage2/ML-KEM/ml_kem/ml_kem.sim/sim_1/behav/xsim'
INFO: [SIM-utils-51] Simulation object is 'sim_1'
INFO: [USF-XSim-3] XSim::Elaborate design
INFO: [USF-XSim-61] Executing 'ELABORATE' step in 'C:/Hung/Viettel/Stage2/ML-KEM/ml_kem/ml_kem.sim/sim_1/behav/xsim'
"xelab --incr --debug typical --relax --mt 2 -L xil_defaultlib -L unisims_ver -L unimacro_ver -L secureip -L xpm --snapshot tb_top_behav xil_defaultlib.tb_top xil_defaultlib.glbl -log elaborate.log"
Vivado Simulator v2022.2.2
Copyright 1986-1999, 2001-2022 Xilinx, Inc. All Rights Reserved.
Running: C:/Xilinx/Vivado/2022.2/bin/unwrapped/win64.o/xelab.exe --incr --debug typical --relax --mt 2 -L xil_defaultlib -L unisims_ver -L unimacro_ver -L secureip -L xpm --snapshot tb_top_behav xil_defaultlib.tb_top xil_defaultlib.glbl -log elaborate.log 
Using 2 slave threads.
Starting static elaboration
Pass Through NonSizing Optimizer
Completed static elaboration
Starting simulation data flow analysis
Completed simulation data flow analysis
Time Resolution for simulation is 1ps
Compiling module xil_defaultlib.MyBootROM
Compiling module xil_defaultlib.AddressGenerator
Compiling module xil_defaultlib.MyReg
Compiling module xil_defaultlib.barret
Compiling module xil_defaultlib.BoothDecode
Compiling module xil_defaultlib.mul_default
Compiling module xil_defaultlib.bu_ntt
Compiling module xil_defaultlib.bu_intt
Compiling module xil_defaultlib.top
Compiling module xil_defaultlib.tb_top
Compiling module xil_defaultlib.glbl
Built simulation snapshot tb_top_behav
INFO: [USF-XSim-69] 'elaborate' step finished in '2' seconds
Time resolution is 1 ps
[5588000] DONE_STORE!
$finish called at time : 5667500 ps : File "C:/Hung/Viettel/Stage2/ML-KEM/NTT/tb_top.v" Line 115
relaunch_sim: Time (s): cpu = 00:00:01 ; elapsed = 00:00:06 . Memory (MB): peak = 2195.387 ; gain = 0.000
save_wave_config {C:/Hung/Viettel/Stage2/ML-KEM/ml_kem/tb_top_func_impl.wcfg}
relaunch_sim
Command: launch_simulation -step compile -simset sim_1 -mode behavioral
INFO: [Vivado 12-12493] Simulation top is 'tb_top'
WARNING: [Vivado 12-13340] Unable to auto find GCC executables from simulator install path! (path not set)
WARNING: [Vivado 12-13277] Compiled library path does not exist: ''
INFO: [Vivado 12-5682] Launching behavioral simulation in 'C:/Hung/Viettel/Stage2/ML-KEM/ml_kem/ml_kem.sim/sim_1/behav/xsim'
INFO: [SIM-utils-51] Simulation object is 'sim_1'
INFO: [USF-XSim-2] XSim::Compile design
INFO: [USF-XSim-61] Executing 'COMPILE and ANALYZE' step in 'C:/Hung/Viettel/Stage2/ML-KEM/ml_kem/ml_kem.sim/sim_1/behav/xsim'
"xvlog --incr --relax -prj tb_top_vlog.prj"
INFO: [VRFC 10-2263] Analyzing Verilog file "C:/Hung/Viettel/Stage2/ML-KEM/NTT/AddressGenerator.v" into library xil_defaultlib
INFO: [VRFC 10-311] analyzing module AddressGenerator
INFO: [VRFC 10-2263] Analyzing Verilog file "C:/Hung/Viettel/Stage2/ML-KEM/NTT/BoothDecode.v" into library xil_defaultlib
INFO: [VRFC 10-311] analyzing module BoothDecode
INFO: [VRFC 10-2263] Analyzing Verilog file "C:/Hung/Viettel/Stage2/ML-KEM/NTT/MyBootRom.v" into library xil_defaultlib
INFO: [VRFC 10-311] analyzing module MyBootROM
INFO: [VRFC 10-2263] Analyzing Verilog file "C:/Hung/Viettel/Stage2/ML-KEM/NTT/MyReg.v" into library xil_defaultlib
INFO: [VRFC 10-311] analyzing module MyReg
INFO: [VRFC 10-2263] Analyzing Verilog file "C:/Hung/Viettel/Stage2/ML-KEM/NTT/barret.v" into library xil_defaultlib
INFO: [VRFC 10-311] analyzing module barret
INFO: [VRFC 10-2263] Analyzing Verilog file "C:/Hung/Viettel/Stage2/ML-KEM/NTT/bu_intt.v" into library xil_defaultlib
INFO: [VRFC 10-311] analyzing module bu_intt
INFO: [VRFC 10-2263] Analyzing Verilog file "C:/Hung/Viettel/Stage2/ML-KEM/NTT/bu_ntt.v" into library xil_defaultlib
INFO: [VRFC 10-311] analyzing module bu_ntt
INFO: [VRFC 10-2263] Analyzing Verilog file "C:/Hung/Viettel/Stage2/ML-KEM/NTT/mul.v" into library xil_defaultlib
INFO: [VRFC 10-311] analyzing module mul
INFO: [VRFC 10-2263] Analyzing Verilog file "C:/Hung/Viettel/Stage2/ML-KEM/NTT/top.v" into library xil_defaultlib
INFO: [VRFC 10-311] analyzing module top
WARNING: [VRFC 10-3380] identifier 'addr_a' is used before its declaration [C:/Hung/Viettel/Stage2/ML-KEM/NTT/top.v:110]
WARNING: [VRFC 10-3380] identifier 'addr_b' is used before its declaration [C:/Hung/Viettel/Stage2/ML-KEM/NTT/top.v:111]
INFO: [VRFC 10-2263] Analyzing Verilog file "C:/Hung/Viettel/Stage2/ML-KEM/NTT/tb_top.v" into library xil_defaultlib
INFO: [VRFC 10-311] analyzing module tb_top
INFO: [USF-XSim-69] 'compile' step finished in '2' seconds
Command: launch_simulation -step elaborate -simset sim_1 -mode behavioral
INFO: [Vivado 12-12493] Simulation top is 'tb_top'
WARNING: [Vivado 12-13340] Unable to auto find GCC executables from simulator install path! (path not set)
WARNING: [Vivado 12-13277] Compiled library path does not exist: ''
INFO: [Vivado 12-5682] Launching behavioral simulation in 'C:/Hung/Viettel/Stage2/ML-KEM/ml_kem/ml_kem.sim/sim_1/behav/xsim'
INFO: [SIM-utils-51] Simulation object is 'sim_1'
INFO: [USF-XSim-3] XSim::Elaborate design
INFO: [USF-XSim-61] Executing 'ELABORATE' step in 'C:/Hung/Viettel/Stage2/ML-KEM/ml_kem/ml_kem.sim/sim_1/behav/xsim'
"xelab --incr --debug typical --relax --mt 2 -L xil_defaultlib -L unisims_ver -L unimacro_ver -L secureip -L xpm --snapshot tb_top_behav xil_defaultlib.tb_top xil_defaultlib.glbl -log elaborate.log"
Vivado Simulator v2022.2.2
Copyright 1986-1999, 2001-2022 Xilinx, Inc. All Rights Reserved.
Running: C:/Xilinx/Vivado/2022.2/bin/unwrapped/win64.o/xelab.exe --incr --debug typical --relax --mt 2 -L xil_defaultlib -L unisims_ver -L unimacro_ver -L secureip -L xpm --snapshot tb_top_behav xil_defaultlib.tb_top xil_defaultlib.glbl -log elaborate.log 
Using 2 slave threads.
Starting static elaboration
Pass Through NonSizing Optimizer
Completed static elaboration
Starting simulation data flow analysis
Completed simulation data flow analysis
Time Resolution for simulation is 1ps
Compiling module xil_defaultlib.MyBootROM
Compiling module xil_defaultlib.AddressGenerator
Compiling module xil_defaultlib.MyReg
Compiling module xil_defaultlib.barret
Compiling module xil_defaultlib.BoothDecode
Compiling module xil_defaultlib.mul_default
Compiling module xil_defaultlib.bu_ntt
Compiling module xil_defaultlib.bu_intt
Compiling module xil_defaultlib.top
Compiling module xil_defaultlib.tb_top
Compiling module xil_defaultlib.glbl
Built simulation snapshot tb_top_behav
INFO: [USF-XSim-69] 'elaborate' step finished in '2' seconds
Time resolution is 1 ps
[5588000] DONE_STORE!
$finish called at time : 5667500 ps : File "C:/Hung/Viettel/Stage2/ML-KEM/NTT/tb_top.v" Line 115
relaunch_sim: Time (s): cpu = 00:00:01 ; elapsed = 00:00:07 . Memory (MB): peak = 2195.387 ; gain = 0.000
save_wave_config {C:/Hung/Viettel/Stage2/ML-KEM/ml_kem/tb_top_func_impl.wcfg}
relaunch_sim
Command: launch_simulation -step compile -simset sim_1 -mode behavioral
INFO: [Vivado 12-12493] Simulation top is 'tb_top'
WARNING: [Vivado 12-13340] Unable to auto find GCC executables from simulator install path! (path not set)
WARNING: [Vivado 12-13277] Compiled library path does not exist: ''
INFO: [Vivado 12-5682] Launching behavioral simulation in 'C:/Hung/Viettel/Stage2/ML-KEM/ml_kem/ml_kem.sim/sim_1/behav/xsim'
INFO: [SIM-utils-51] Simulation object is 'sim_1'
INFO: [USF-XSim-2] XSim::Compile design
INFO: [USF-XSim-61] Executing 'COMPILE and ANALYZE' step in 'C:/Hung/Viettel/Stage2/ML-KEM/ml_kem/ml_kem.sim/sim_1/behav/xsim'
"xvlog --incr --relax -prj tb_top_vlog.prj"
INFO: [VRFC 10-2263] Analyzing Verilog file "C:/Hung/Viettel/Stage2/ML-KEM/NTT/AddressGenerator.v" into library xil_defaultlib
INFO: [VRFC 10-311] analyzing module AddressGenerator
INFO: [VRFC 10-2263] Analyzing Verilog file "C:/Hung/Viettel/Stage2/ML-KEM/NTT/BoothDecode.v" into library xil_defaultlib
INFO: [VRFC 10-311] analyzing module BoothDecode
INFO: [VRFC 10-2263] Analyzing Verilog file "C:/Hung/Viettel/Stage2/ML-KEM/NTT/MyBootRom.v" into library xil_defaultlib
INFO: [VRFC 10-311] analyzing module MyBootROM
INFO: [VRFC 10-2263] Analyzing Verilog file "C:/Hung/Viettel/Stage2/ML-KEM/NTT/MyReg.v" into library xil_defaultlib
INFO: [VRFC 10-311] analyzing module MyReg
INFO: [VRFC 10-2263] Analyzing Verilog file "C:/Hung/Viettel/Stage2/ML-KEM/NTT/barret.v" into library xil_defaultlib
INFO: [VRFC 10-311] analyzing module barret
INFO: [VRFC 10-2263] Analyzing Verilog file "C:/Hung/Viettel/Stage2/ML-KEM/NTT/bu_intt.v" into library xil_defaultlib
INFO: [VRFC 10-311] analyzing module bu_intt
INFO: [VRFC 10-2263] Analyzing Verilog file "C:/Hung/Viettel/Stage2/ML-KEM/NTT/bu_ntt.v" into library xil_defaultlib
INFO: [VRFC 10-311] analyzing module bu_ntt
INFO: [VRFC 10-2263] Analyzing Verilog file "C:/Hung/Viettel/Stage2/ML-KEM/NTT/mul.v" into library xil_defaultlib
INFO: [VRFC 10-311] analyzing module mul
INFO: [VRFC 10-2263] Analyzing Verilog file "C:/Hung/Viettel/Stage2/ML-KEM/NTT/top.v" into library xil_defaultlib
INFO: [VRFC 10-311] analyzing module top
WARNING: [VRFC 10-3380] identifier 'addr_a' is used before its declaration [C:/Hung/Viettel/Stage2/ML-KEM/NTT/top.v:110]
WARNING: [VRFC 10-3380] identifier 'addr_b' is used before its declaration [C:/Hung/Viettel/Stage2/ML-KEM/NTT/top.v:111]
INFO: [VRFC 10-2263] Analyzing Verilog file "C:/Hung/Viettel/Stage2/ML-KEM/NTT/tb_top.v" into library xil_defaultlib
INFO: [VRFC 10-311] analyzing module tb_top
INFO: [USF-XSim-69] 'compile' step finished in '1' seconds
Command: launch_simulation -step elaborate -simset sim_1 -mode behavioral
INFO: [Vivado 12-12493] Simulation top is 'tb_top'
WARNING: [Vivado 12-13340] Unable to auto find GCC executables from simulator install path! (path not set)
WARNING: [Vivado 12-13277] Compiled library path does not exist: ''
INFO: [Vivado 12-5682] Launching behavioral simulation in 'C:/Hung/Viettel/Stage2/ML-KEM/ml_kem/ml_kem.sim/sim_1/behav/xsim'
INFO: [SIM-utils-51] Simulation object is 'sim_1'
INFO: [USF-XSim-3] XSim::Elaborate design
INFO: [USF-XSim-61] Executing 'ELABORATE' step in 'C:/Hung/Viettel/Stage2/ML-KEM/ml_kem/ml_kem.sim/sim_1/behav/xsim'
"xelab --incr --debug typical --relax --mt 2 -L xil_defaultlib -L unisims_ver -L unimacro_ver -L secureip -L xpm --snapshot tb_top_behav xil_defaultlib.tb_top xil_defaultlib.glbl -log elaborate.log"
Vivado Simulator v2022.2.2
Copyright 1986-1999, 2001-2022 Xilinx, Inc. All Rights Reserved.
Running: C:/Xilinx/Vivado/2022.2/bin/unwrapped/win64.o/xelab.exe --incr --debug typical --relax --mt 2 -L xil_defaultlib -L unisims_ver -L unimacro_ver -L secureip -L xpm --snapshot tb_top_behav xil_defaultlib.tb_top xil_defaultlib.glbl -log elaborate.log 
Using 2 slave threads.
Starting static elaboration
Pass Through NonSizing Optimizer
Completed static elaboration
Starting simulation data flow analysis
Completed simulation data flow analysis
Time Resolution for simulation is 1ps
Compiling module xil_defaultlib.MyBootROM
Compiling module xil_defaultlib.AddressGenerator
Compiling module xil_defaultlib.MyReg
Compiling module xil_defaultlib.barret
Compiling module xil_defaultlib.BoothDecode
Compiling module xil_defaultlib.mul_default
Compiling module xil_defaultlib.bu_ntt
Compiling module xil_defaultlib.bu_intt
Compiling module xil_defaultlib.top
Compiling module xil_defaultlib.tb_top
Compiling module xil_defaultlib.glbl
Built simulation snapshot tb_top_behav
INFO: [USF-XSim-69] 'elaborate' step finished in '2' seconds
Time resolution is 1 ps
[5588000] DONE_STORE!
$finish called at time : 5667500 ps : File "C:/Hung/Viettel/Stage2/ML-KEM/NTT/tb_top.v" Line 115
relaunch_sim: Time (s): cpu = 00:00:01 ; elapsed = 00:00:05 . Memory (MB): peak = 2195.387 ; gain = 0.000
save_wave_config {C:/Hung/Viettel/Stage2/ML-KEM/ml_kem/tb_top_func_impl.wcfg}
relaunch_sim
Command: launch_simulation -step compile -simset sim_1 -mode behavioral
INFO: [Vivado 12-12493] Simulation top is 'tb_top'
WARNING: [Vivado 12-13340] Unable to auto find GCC executables from simulator install path! (path not set)
WARNING: [Vivado 12-13277] Compiled library path does not exist: ''
INFO: [Vivado 12-5682] Launching behavioral simulation in 'C:/Hung/Viettel/Stage2/ML-KEM/ml_kem/ml_kem.sim/sim_1/behav/xsim'
INFO: [SIM-utils-51] Simulation object is 'sim_1'
INFO: [USF-XSim-2] XSim::Compile design
INFO: [USF-XSim-61] Executing 'COMPILE and ANALYZE' step in 'C:/Hung/Viettel/Stage2/ML-KEM/ml_kem/ml_kem.sim/sim_1/behav/xsim'
"xvlog --incr --relax -prj tb_top_vlog.prj"
INFO: [VRFC 10-2263] Analyzing Verilog file "C:/Hung/Viettel/Stage2/ML-KEM/NTT/AddressGenerator.v" into library xil_defaultlib
INFO: [VRFC 10-311] analyzing module AddressGenerator
INFO: [VRFC 10-2263] Analyzing Verilog file "C:/Hung/Viettel/Stage2/ML-KEM/NTT/BoothDecode.v" into library xil_defaultlib
INFO: [VRFC 10-311] analyzing module BoothDecode
INFO: [VRFC 10-2263] Analyzing Verilog file "C:/Hung/Viettel/Stage2/ML-KEM/NTT/MyBootRom.v" into library xil_defaultlib
INFO: [VRFC 10-311] analyzing module MyBootROM
INFO: [VRFC 10-2263] Analyzing Verilog file "C:/Hung/Viettel/Stage2/ML-KEM/NTT/MyReg.v" into library xil_defaultlib
INFO: [VRFC 10-311] analyzing module MyReg
INFO: [VRFC 10-2263] Analyzing Verilog file "C:/Hung/Viettel/Stage2/ML-KEM/NTT/barret.v" into library xil_defaultlib
INFO: [VRFC 10-311] analyzing module barret
INFO: [VRFC 10-2263] Analyzing Verilog file "C:/Hung/Viettel/Stage2/ML-KEM/NTT/bu_intt.v" into library xil_defaultlib
INFO: [VRFC 10-311] analyzing module bu_intt
INFO: [VRFC 10-2263] Analyzing Verilog file "C:/Hung/Viettel/Stage2/ML-KEM/NTT/bu_ntt.v" into library xil_defaultlib
INFO: [VRFC 10-311] analyzing module bu_ntt
INFO: [VRFC 10-2263] Analyzing Verilog file "C:/Hung/Viettel/Stage2/ML-KEM/NTT/mul.v" into library xil_defaultlib
INFO: [VRFC 10-311] analyzing module mul
INFO: [VRFC 10-2263] Analyzing Verilog file "C:/Hung/Viettel/Stage2/ML-KEM/NTT/top.v" into library xil_defaultlib
INFO: [VRFC 10-311] analyzing module top
ERROR: [VRFC 10-4982] syntax error near 'always' [C:/Hung/Viettel/Stage2/ML-KEM/NTT/top.v:122]
ERROR: [VRFC 10-8549] Verilog 2000 keyword 'always' used in incorrect context [C:/Hung/Viettel/Stage2/ML-KEM/NTT/top.v:122]
ERROR: [VRFC 10-2969] 'state' is not a type [C:/Hung/Viettel/Stage2/ML-KEM/NTT/top.v:127]
ERROR: [VRFC 10-8530] module 'top' is ignored due to previous errors [C:/Hung/Viettel/Stage2/ML-KEM/NTT/top.v:3]
INFO: [USF-XSim-69] 'compile' step finished in '2' seconds
INFO: [USF-XSim-99] Step results log file:'C:/Hung/Viettel/Stage2/ML-KEM/ml_kem/ml_kem.sim/sim_1/behav/xsim/xvlog.log'
ERROR: [USF-XSim-62] 'compile' step failed with error(s). Please check the Tcl console output or 'C:/Hung/Viettel/Stage2/ML-KEM/ml_kem/ml_kem.sim/sim_1/behav/xsim/xvlog.log' file for more information.
ERROR: [Vivado 12-4473] Detected error while running simulation. Please correct the issue and retry this operation.
ERROR: [Common 17-39] 'launch_simulation' failed due to earlier errors.
ERROR: [Common 17-69] Command failed: ERROR: [Common 17-39] 'launch_simulation' failed due to earlier errors.

relaunch_sim
Command: launch_simulation -step compile -simset sim_1 -mode behavioral
INFO: [Vivado 12-12493] Simulation top is 'tb_top'
WARNING: [Vivado 12-13340] Unable to auto find GCC executables from simulator install path! (path not set)
WARNING: [Vivado 12-13277] Compiled library path does not exist: ''
INFO: [Vivado 12-5682] Launching behavioral simulation in 'C:/Hung/Viettel/Stage2/ML-KEM/ml_kem/ml_kem.sim/sim_1/behav/xsim'
INFO: [SIM-utils-51] Simulation object is 'sim_1'
INFO: [USF-XSim-2] XSim::Compile design
INFO: [USF-XSim-61] Executing 'COMPILE and ANALYZE' step in 'C:/Hung/Viettel/Stage2/ML-KEM/ml_kem/ml_kem.sim/sim_1/behav/xsim'
"xvlog --incr --relax -prj tb_top_vlog.prj"
INFO: [VRFC 10-2263] Analyzing Verilog file "C:/Hung/Viettel/Stage2/ML-KEM/NTT/AddressGenerator.v" into library xil_defaultlib
INFO: [VRFC 10-311] analyzing module AddressGenerator
INFO: [VRFC 10-2263] Analyzing Verilog file "C:/Hung/Viettel/Stage2/ML-KEM/NTT/BoothDecode.v" into library xil_defaultlib
INFO: [VRFC 10-311] analyzing module BoothDecode
INFO: [VRFC 10-2263] Analyzing Verilog file "C:/Hung/Viettel/Stage2/ML-KEM/NTT/MyBootRom.v" into library xil_defaultlib
INFO: [VRFC 10-311] analyzing module MyBootROM
INFO: [VRFC 10-2263] Analyzing Verilog file "C:/Hung/Viettel/Stage2/ML-KEM/NTT/MyReg.v" into library xil_defaultlib
INFO: [VRFC 10-311] analyzing module MyReg
INFO: [VRFC 10-2263] Analyzing Verilog file "C:/Hung/Viettel/Stage2/ML-KEM/NTT/barret.v" into library xil_defaultlib
INFO: [VRFC 10-311] analyzing module barret
INFO: [VRFC 10-2263] Analyzing Verilog file "C:/Hung/Viettel/Stage2/ML-KEM/NTT/bu_intt.v" into library xil_defaultlib
INFO: [VRFC 10-311] analyzing module bu_intt
INFO: [VRFC 10-2263] Analyzing Verilog file "C:/Hung/Viettel/Stage2/ML-KEM/NTT/bu_ntt.v" into library xil_defaultlib
INFO: [VRFC 10-311] analyzing module bu_ntt
INFO: [VRFC 10-2263] Analyzing Verilog file "C:/Hung/Viettel/Stage2/ML-KEM/NTT/mul.v" into library xil_defaultlib
INFO: [VRFC 10-311] analyzing module mul
INFO: [VRFC 10-2263] Analyzing Verilog file "C:/Hung/Viettel/Stage2/ML-KEM/NTT/top.v" into library xil_defaultlib
INFO: [VRFC 10-311] analyzing module top
WARNING: [VRFC 10-3380] identifier 'addr_a' is used before its declaration [C:/Hung/Viettel/Stage2/ML-KEM/NTT/top.v:109]
WARNING: [VRFC 10-3380] identifier 'addr_b' is used before its declaration [C:/Hung/Viettel/Stage2/ML-KEM/NTT/top.v:110]
INFO: [VRFC 10-2263] Analyzing Verilog file "C:/Hung/Viettel/Stage2/ML-KEM/NTT/tb_top.v" into library xil_defaultlib
INFO: [VRFC 10-311] analyzing module tb_top
INFO: [USF-XSim-69] 'compile' step finished in '1' seconds
Command: launch_simulation -step elaborate -simset sim_1 -mode behavioral
INFO: [Vivado 12-12493] Simulation top is 'tb_top'
WARNING: [Vivado 12-13340] Unable to auto find GCC executables from simulator install path! (path not set)
WARNING: [Vivado 12-13277] Compiled library path does not exist: ''
INFO: [Vivado 12-5682] Launching behavioral simulation in 'C:/Hung/Viettel/Stage2/ML-KEM/ml_kem/ml_kem.sim/sim_1/behav/xsim'
INFO: [SIM-utils-51] Simulation object is 'sim_1'
INFO: [USF-XSim-3] XSim::Elaborate design
INFO: [USF-XSim-61] Executing 'ELABORATE' step in 'C:/Hung/Viettel/Stage2/ML-KEM/ml_kem/ml_kem.sim/sim_1/behav/xsim'
"xelab --incr --debug typical --relax --mt 2 -L xil_defaultlib -L unisims_ver -L unimacro_ver -L secureip -L xpm --snapshot tb_top_behav xil_defaultlib.tb_top xil_defaultlib.glbl -log elaborate.log"
Vivado Simulator v2022.2.2
Copyright 1986-1999, 2001-2022 Xilinx, Inc. All Rights Reserved.
Running: C:/Xilinx/Vivado/2022.2/bin/unwrapped/win64.o/xelab.exe --incr --debug typical --relax --mt 2 -L xil_defaultlib -L unisims_ver -L unimacro_ver -L secureip -L xpm --snapshot tb_top_behav xil_defaultlib.tb_top xil_defaultlib.glbl -log elaborate.log 
Using 2 slave threads.
Starting static elaboration
Pass Through NonSizing Optimizer
Completed static elaboration
Starting simulation data flow analysis
Completed simulation data flow analysis
Time Resolution for simulation is 1ps
Compiling module xil_defaultlib.MyBootROM
Compiling module xil_defaultlib.AddressGenerator
Compiling module xil_defaultlib.MyReg
Compiling module xil_defaultlib.barret
Compiling module xil_defaultlib.BoothDecode
Compiling module xil_defaultlib.mul_default
Compiling module xil_defaultlib.bu_ntt
Compiling module xil_defaultlib.bu_intt
Compiling module xil_defaultlib.top
Compiling module xil_defaultlib.tb_top
Compiling module xil_defaultlib.glbl
Built simulation snapshot tb_top_behav
INFO: [USF-XSim-69] 'elaborate' step finished in '2' seconds
Time resolution is 1 ps
[5693000] DONE_STORE!
$finish called at time : 5772500 ps : File "C:/Hung/Viettel/Stage2/ML-KEM/NTT/tb_top.v" Line 115
save_wave_config {C:/Hung/Viettel/Stage2/ML-KEM/ml_kem/tb_top_func_impl.wcfg}
relaunch_sim
Command: launch_simulation -step compile -simset sim_1 -mode behavioral
INFO: [Vivado 12-12493] Simulation top is 'tb_top'
WARNING: [Vivado 12-13340] Unable to auto find GCC executables from simulator install path! (path not set)
WARNING: [Vivado 12-13277] Compiled library path does not exist: ''
INFO: [Vivado 12-5682] Launching behavioral simulation in 'C:/Hung/Viettel/Stage2/ML-KEM/ml_kem/ml_kem.sim/sim_1/behav/xsim'
INFO: [SIM-utils-51] Simulation object is 'sim_1'
INFO: [USF-XSim-2] XSim::Compile design
INFO: [USF-XSim-61] Executing 'COMPILE and ANALYZE' step in 'C:/Hung/Viettel/Stage2/ML-KEM/ml_kem/ml_kem.sim/sim_1/behav/xsim'
"xvlog --incr --relax -prj tb_top_vlog.prj"
INFO: [VRFC 10-2263] Analyzing Verilog file "C:/Hung/Viettel/Stage2/ML-KEM/NTT/AddressGenerator.v" into library xil_defaultlib
INFO: [VRFC 10-311] analyzing module AddressGenerator
INFO: [VRFC 10-2263] Analyzing Verilog file "C:/Hung/Viettel/Stage2/ML-KEM/NTT/BoothDecode.v" into library xil_defaultlib
INFO: [VRFC 10-311] analyzing module BoothDecode
INFO: [VRFC 10-2263] Analyzing Verilog file "C:/Hung/Viettel/Stage2/ML-KEM/NTT/MyBootRom.v" into library xil_defaultlib
INFO: [VRFC 10-311] analyzing module MyBootROM
INFO: [VRFC 10-2263] Analyzing Verilog file "C:/Hung/Viettel/Stage2/ML-KEM/NTT/MyReg.v" into library xil_defaultlib
INFO: [VRFC 10-311] analyzing module MyReg
INFO: [VRFC 10-2263] Analyzing Verilog file "C:/Hung/Viettel/Stage2/ML-KEM/NTT/barret.v" into library xil_defaultlib
INFO: [VRFC 10-311] analyzing module barret
INFO: [VRFC 10-2263] Analyzing Verilog file "C:/Hung/Viettel/Stage2/ML-KEM/NTT/bu_intt.v" into library xil_defaultlib
INFO: [VRFC 10-311] analyzing module bu_intt
INFO: [VRFC 10-2263] Analyzing Verilog file "C:/Hung/Viettel/Stage2/ML-KEM/NTT/bu_ntt.v" into library xil_defaultlib
INFO: [VRFC 10-311] analyzing module bu_ntt
INFO: [VRFC 10-2263] Analyzing Verilog file "C:/Hung/Viettel/Stage2/ML-KEM/NTT/mul.v" into library xil_defaultlib
INFO: [VRFC 10-311] analyzing module mul
INFO: [VRFC 10-2263] Analyzing Verilog file "C:/Hung/Viettel/Stage2/ML-KEM/NTT/top.v" into library xil_defaultlib
INFO: [VRFC 10-311] analyzing module top
WARNING: [VRFC 10-3380] identifier 'addr_a' is used before its declaration [C:/Hung/Viettel/Stage2/ML-KEM/NTT/top.v:109]
WARNING: [VRFC 10-3380] identifier 'addr_b' is used before its declaration [C:/Hung/Viettel/Stage2/ML-KEM/NTT/top.v:110]
INFO: [VRFC 10-2263] Analyzing Verilog file "C:/Hung/Viettel/Stage2/ML-KEM/NTT/tb_top.v" into library xil_defaultlib
INFO: [VRFC 10-311] analyzing module tb_top
INFO: [USF-XSim-69] 'compile' step finished in '2' seconds
Command: launch_simulation -step elaborate -simset sim_1 -mode behavioral
INFO: [Vivado 12-12493] Simulation top is 'tb_top'
WARNING: [Vivado 12-13340] Unable to auto find GCC executables from simulator install path! (path not set)
WARNING: [Vivado 12-13277] Compiled library path does not exist: ''
INFO: [Vivado 12-5682] Launching behavioral simulation in 'C:/Hung/Viettel/Stage2/ML-KEM/ml_kem/ml_kem.sim/sim_1/behav/xsim'
INFO: [SIM-utils-51] Simulation object is 'sim_1'
INFO: [USF-XSim-3] XSim::Elaborate design
INFO: [USF-XSim-61] Executing 'ELABORATE' step in 'C:/Hung/Viettel/Stage2/ML-KEM/ml_kem/ml_kem.sim/sim_1/behav/xsim'
"xelab --incr --debug typical --relax --mt 2 -L xil_defaultlib -L unisims_ver -L unimacro_ver -L secureip -L xpm --snapshot tb_top_behav xil_defaultlib.tb_top xil_defaultlib.glbl -log elaborate.log"
Vivado Simulator v2022.2.2
Copyright 1986-1999, 2001-2022 Xilinx, Inc. All Rights Reserved.
Running: C:/Xilinx/Vivado/2022.2/bin/unwrapped/win64.o/xelab.exe --incr --debug typical --relax --mt 2 -L xil_defaultlib -L unisims_ver -L unimacro_ver -L secureip -L xpm --snapshot tb_top_behav xil_defaultlib.tb_top xil_defaultlib.glbl -log elaborate.log 
Using 2 slave threads.
Starting static elaboration
Pass Through NonSizing Optimizer
Completed static elaboration
Starting simulation data flow analysis
Completed simulation data flow analysis
Time Resolution for simulation is 1ps
Compiling module xil_defaultlib.MyBootROM
Compiling module xil_defaultlib.AddressGenerator
Compiling module xil_defaultlib.MyReg
Compiling module xil_defaultlib.barret
Compiling module xil_defaultlib.BoothDecode
Compiling module xil_defaultlib.mul_default
Compiling module xil_defaultlib.bu_ntt
Compiling module xil_defaultlib.bu_intt
Compiling module xil_defaultlib.top
Compiling module xil_defaultlib.tb_top
Compiling module xil_defaultlib.glbl
Built simulation snapshot tb_top_behav
INFO: [USF-XSim-69] 'elaborate' step finished in '2' seconds
Time resolution is 1 ps
[5663000] DONE_STORE!
$finish called at time : 5742500 ps : File "C:/Hung/Viettel/Stage2/ML-KEM/NTT/tb_top.v" Line 115
relaunch_sim: Time (s): cpu = 00:00:01 ; elapsed = 00:00:05 . Memory (MB): peak = 2195.387 ; gain = 0.000
relaunch_sim
Command: launch_simulation -step compile -simset sim_1 -mode behavioral
INFO: [Vivado 12-12493] Simulation top is 'tb_top'
WARNING: [Vivado 12-13340] Unable to auto find GCC executables from simulator install path! (path not set)
WARNING: [Vivado 12-13277] Compiled library path does not exist: ''
INFO: [Vivado 12-5682] Launching behavioral simulation in 'C:/Hung/Viettel/Stage2/ML-KEM/ml_kem/ml_kem.sim/sim_1/behav/xsim'
INFO: [SIM-utils-51] Simulation object is 'sim_1'
INFO: [USF-XSim-2] XSim::Compile design
INFO: [USF-XSim-61] Executing 'COMPILE and ANALYZE' step in 'C:/Hung/Viettel/Stage2/ML-KEM/ml_kem/ml_kem.sim/sim_1/behav/xsim'
"xvlog --incr --relax -prj tb_top_vlog.prj"
INFO: [VRFC 10-2263] Analyzing Verilog file "C:/Hung/Viettel/Stage2/ML-KEM/NTT/AddressGenerator.v" into library xil_defaultlib
INFO: [VRFC 10-311] analyzing module AddressGenerator
INFO: [VRFC 10-2263] Analyzing Verilog file "C:/Hung/Viettel/Stage2/ML-KEM/NTT/BoothDecode.v" into library xil_defaultlib
INFO: [VRFC 10-311] analyzing module BoothDecode
INFO: [VRFC 10-2263] Analyzing Verilog file "C:/Hung/Viettel/Stage2/ML-KEM/NTT/MyBootRom.v" into library xil_defaultlib
INFO: [VRFC 10-311] analyzing module MyBootROM
INFO: [VRFC 10-2263] Analyzing Verilog file "C:/Hung/Viettel/Stage2/ML-KEM/NTT/MyReg.v" into library xil_defaultlib
INFO: [VRFC 10-311] analyzing module MyReg
INFO: [VRFC 10-2263] Analyzing Verilog file "C:/Hung/Viettel/Stage2/ML-KEM/NTT/barret.v" into library xil_defaultlib
INFO: [VRFC 10-311] analyzing module barret
INFO: [VRFC 10-2263] Analyzing Verilog file "C:/Hung/Viettel/Stage2/ML-KEM/NTT/bu_intt.v" into library xil_defaultlib
INFO: [VRFC 10-311] analyzing module bu_intt
INFO: [VRFC 10-2263] Analyzing Verilog file "C:/Hung/Viettel/Stage2/ML-KEM/NTT/bu_ntt.v" into library xil_defaultlib
INFO: [VRFC 10-311] analyzing module bu_ntt
INFO: [VRFC 10-2263] Analyzing Verilog file "C:/Hung/Viettel/Stage2/ML-KEM/NTT/mul.v" into library xil_defaultlib
INFO: [VRFC 10-311] analyzing module mul
INFO: [VRFC 10-2263] Analyzing Verilog file "C:/Hung/Viettel/Stage2/ML-KEM/NTT/top.v" into library xil_defaultlib
INFO: [VRFC 10-311] analyzing module top
WARNING: [VRFC 10-3380] identifier 'addr_a' is used before its declaration [C:/Hung/Viettel/Stage2/ML-KEM/NTT/top.v:108]
WARNING: [VRFC 10-3380] identifier 'addr_b' is used before its declaration [C:/Hung/Viettel/Stage2/ML-KEM/NTT/top.v:109]
INFO: [VRFC 10-2263] Analyzing Verilog file "C:/Hung/Viettel/Stage2/ML-KEM/NTT/tb_top.v" into library xil_defaultlib
INFO: [VRFC 10-311] analyzing module tb_top
INFO: [USF-XSim-69] 'compile' step finished in '2' seconds
Command: launch_simulation -step elaborate -simset sim_1 -mode behavioral
INFO: [Vivado 12-12493] Simulation top is 'tb_top'
WARNING: [Vivado 12-13340] Unable to auto find GCC executables from simulator install path! (path not set)
WARNING: [Vivado 12-13277] Compiled library path does not exist: ''
INFO: [Vivado 12-5682] Launching behavioral simulation in 'C:/Hung/Viettel/Stage2/ML-KEM/ml_kem/ml_kem.sim/sim_1/behav/xsim'
INFO: [SIM-utils-51] Simulation object is 'sim_1'
INFO: [USF-XSim-3] XSim::Elaborate design
INFO: [USF-XSim-61] Executing 'ELABORATE' step in 'C:/Hung/Viettel/Stage2/ML-KEM/ml_kem/ml_kem.sim/sim_1/behav/xsim'
"xelab --incr --debug typical --relax --mt 2 -L xil_defaultlib -L unisims_ver -L unimacro_ver -L secureip -L xpm --snapshot tb_top_behav xil_defaultlib.tb_top xil_defaultlib.glbl -log elaborate.log"
Vivado Simulator v2022.2.2
Copyright 1986-1999, 2001-2022 Xilinx, Inc. All Rights Reserved.
Running: C:/Xilinx/Vivado/2022.2/bin/unwrapped/win64.o/xelab.exe --incr --debug typical --relax --mt 2 -L xil_defaultlib -L unisims_ver -L unimacro_ver -L secureip -L xpm --snapshot tb_top_behav xil_defaultlib.tb_top xil_defaultlib.glbl -log elaborate.log 
Using 2 slave threads.
Starting static elaboration
Pass Through NonSizing Optimizer
Completed static elaboration
Starting simulation data flow analysis
Completed simulation data flow analysis
Time Resolution for simulation is 1ps
Compiling module xil_defaultlib.MyBootROM
Compiling module xil_defaultlib.AddressGenerator
Compiling module xil_defaultlib.MyReg
Compiling module xil_defaultlib.barret
Compiling module xil_defaultlib.BoothDecode
Compiling module xil_defaultlib.mul_default
Compiling module xil_defaultlib.bu_ntt
Compiling module xil_defaultlib.bu_intt
Compiling module xil_defaultlib.top
Compiling module xil_defaultlib.tb_top
Compiling module xil_defaultlib.glbl
Built simulation snapshot tb_top_behav
INFO: [USF-XSim-69] 'elaborate' step finished in '2' seconds
Time resolution is 1 ps
[5663000] DONE_STORE!
$finish called at time : 5742500 ps : File "C:/Hung/Viettel/Stage2/ML-KEM/NTT/tb_top.v" Line 115
relaunch_sim: Time (s): cpu = 00:00:00 ; elapsed = 00:00:05 . Memory (MB): peak = 2195.387 ; gain = 0.000
save_wave_config {C:/Hung/Viettel/Stage2/ML-KEM/ml_kem/tb_top_func_impl.wcfg}
relaunch_sim
Command: launch_simulation -step compile -simset sim_1 -mode behavioral
INFO: [Vivado 12-12493] Simulation top is 'tb_top'
WARNING: [Vivado 12-13340] Unable to auto find GCC executables from simulator install path! (path not set)
WARNING: [Vivado 12-13277] Compiled library path does not exist: ''
INFO: [Vivado 12-5682] Launching behavioral simulation in 'C:/Hung/Viettel/Stage2/ML-KEM/ml_kem/ml_kem.sim/sim_1/behav/xsim'
INFO: [SIM-utils-51] Simulation object is 'sim_1'
INFO: [USF-XSim-2] XSim::Compile design
INFO: [USF-XSim-61] Executing 'COMPILE and ANALYZE' step in 'C:/Hung/Viettel/Stage2/ML-KEM/ml_kem/ml_kem.sim/sim_1/behav/xsim'
"xvlog --incr --relax -prj tb_top_vlog.prj"
INFO: [VRFC 10-2263] Analyzing Verilog file "C:/Hung/Viettel/Stage2/ML-KEM/NTT/AddressGenerator.v" into library xil_defaultlib
INFO: [VRFC 10-311] analyzing module AddressGenerator
INFO: [VRFC 10-2263] Analyzing Verilog file "C:/Hung/Viettel/Stage2/ML-KEM/NTT/BoothDecode.v" into library xil_defaultlib
INFO: [VRFC 10-311] analyzing module BoothDecode
INFO: [VRFC 10-2263] Analyzing Verilog file "C:/Hung/Viettel/Stage2/ML-KEM/NTT/MyBootRom.v" into library xil_defaultlib
INFO: [VRFC 10-311] analyzing module MyBootROM
INFO: [VRFC 10-2263] Analyzing Verilog file "C:/Hung/Viettel/Stage2/ML-KEM/NTT/MyReg.v" into library xil_defaultlib
INFO: [VRFC 10-311] analyzing module MyReg
INFO: [VRFC 10-2263] Analyzing Verilog file "C:/Hung/Viettel/Stage2/ML-KEM/NTT/barret.v" into library xil_defaultlib
INFO: [VRFC 10-311] analyzing module barret
INFO: [VRFC 10-2263] Analyzing Verilog file "C:/Hung/Viettel/Stage2/ML-KEM/NTT/bu_intt.v" into library xil_defaultlib
INFO: [VRFC 10-311] analyzing module bu_intt
INFO: [VRFC 10-2263] Analyzing Verilog file "C:/Hung/Viettel/Stage2/ML-KEM/NTT/bu_ntt.v" into library xil_defaultlib
INFO: [VRFC 10-311] analyzing module bu_ntt
INFO: [VRFC 10-2263] Analyzing Verilog file "C:/Hung/Viettel/Stage2/ML-KEM/NTT/mul.v" into library xil_defaultlib
INFO: [VRFC 10-311] analyzing module mul
INFO: [VRFC 10-2263] Analyzing Verilog file "C:/Hung/Viettel/Stage2/ML-KEM/NTT/top.v" into library xil_defaultlib
INFO: [VRFC 10-311] analyzing module top
WARNING: [VRFC 10-3380] identifier 'addr_a' is used before its declaration [C:/Hung/Viettel/Stage2/ML-KEM/NTT/top.v:65]
WARNING: [VRFC 10-3380] identifier 'addr_b' is used before its declaration [C:/Hung/Viettel/Stage2/ML-KEM/NTT/top.v:66]
INFO: [VRFC 10-2263] Analyzing Verilog file "C:/Hung/Viettel/Stage2/ML-KEM/NTT/tb_top.v" into library xil_defaultlib
INFO: [VRFC 10-311] analyzing module tb_top
INFO: [USF-XSim-69] 'compile' step finished in '1' seconds
Command: launch_simulation -step elaborate -simset sim_1 -mode behavioral
INFO: [Vivado 12-12493] Simulation top is 'tb_top'
WARNING: [Vivado 12-13340] Unable to auto find GCC executables from simulator install path! (path not set)
WARNING: [Vivado 12-13277] Compiled library path does not exist: ''
INFO: [Vivado 12-5682] Launching behavioral simulation in 'C:/Hung/Viettel/Stage2/ML-KEM/ml_kem/ml_kem.sim/sim_1/behav/xsim'
INFO: [SIM-utils-51] Simulation object is 'sim_1'
INFO: [USF-XSim-3] XSim::Elaborate design
INFO: [USF-XSim-61] Executing 'ELABORATE' step in 'C:/Hung/Viettel/Stage2/ML-KEM/ml_kem/ml_kem.sim/sim_1/behav/xsim'
"xelab --incr --debug typical --relax --mt 2 -L xil_defaultlib -L unisims_ver -L unimacro_ver -L secureip -L xpm --snapshot tb_top_behav xil_defaultlib.tb_top xil_defaultlib.glbl -log elaborate.log"
Vivado Simulator v2022.2.2
Copyright 1986-1999, 2001-2022 Xilinx, Inc. All Rights Reserved.
Running: C:/Xilinx/Vivado/2022.2/bin/unwrapped/win64.o/xelab.exe --incr --debug typical --relax --mt 2 -L xil_defaultlib -L unisims_ver -L unimacro_ver -L secureip -L xpm --snapshot tb_top_behav xil_defaultlib.tb_top xil_defaultlib.glbl -log elaborate.log 
Using 2 slave threads.
Starting static elaboration
Pass Through NonSizing Optimizer
Completed static elaboration
Starting simulation data flow analysis
Completed simulation data flow analysis
Time Resolution for simulation is 1ps
Compiling module xil_defaultlib.MyBootROM
Compiling module xil_defaultlib.AddressGenerator
Compiling module xil_defaultlib.MyReg
Compiling module xil_defaultlib.barret
Compiling module xil_defaultlib.BoothDecode
Compiling module xil_defaultlib.mul_default
Compiling module xil_defaultlib.bu_ntt
Compiling module xil_defaultlib.bu_intt
Compiling module xil_defaultlib.top
Compiling module xil_defaultlib.tb_top
Compiling module xil_defaultlib.glbl
Built simulation snapshot tb_top_behav
INFO: [USF-XSim-69] 'elaborate' step finished in '3' seconds
Time resolution is 1 ps
[5663000] DONE_STORE!
$finish called at time : 5742500 ps : File "C:/Hung/Viettel/Stage2/ML-KEM/NTT/tb_top.v" Line 115
relaunch_sim: Time (s): cpu = 00:00:00 ; elapsed = 00:00:06 . Memory (MB): peak = 2195.387 ; gain = 0.000
current_wave_config {tb_top_func_impl.wcfg}
C:/Hung/Viettel/Stage2/ML-KEM/ml_kem/tb_top_func_impl.wcfg
add_wave {{/tb_top/dut/out0}} {{/tb_top/dut/out1}} {{/tb_top/dut/addr0}} {{/tb_top/dut/addr1}} 
current_wave_config {tb_top_func_impl.wcfg}
C:/Hung/Viettel/Stage2/ML-KEM/ml_kem/tb_top_func_impl.wcfg
add_wave {{/tb_top/dut/output_valid}} 
relaunch_sim
Command: launch_simulation -step compile -simset sim_1 -mode behavioral
INFO: [Vivado 12-12493] Simulation top is 'tb_top'
WARNING: [Vivado 12-13340] Unable to auto find GCC executables from simulator install path! (path not set)
WARNING: [Vivado 12-13277] Compiled library path does not exist: ''
INFO: [Vivado 12-5682] Launching behavioral simulation in 'C:/Hung/Viettel/Stage2/ML-KEM/ml_kem/ml_kem.sim/sim_1/behav/xsim'
INFO: [SIM-utils-51] Simulation object is 'sim_1'
INFO: [USF-XSim-2] XSim::Compile design
INFO: [USF-XSim-61] Executing 'COMPILE and ANALYZE' step in 'C:/Hung/Viettel/Stage2/ML-KEM/ml_kem/ml_kem.sim/sim_1/behav/xsim'
"xvlog --incr --relax -prj tb_top_vlog.prj"
INFO: [USF-XSim-69] 'compile' step finished in '1' seconds
Command: launch_simulation -step elaborate -simset sim_1 -mode behavioral
INFO: [Vivado 12-12493] Simulation top is 'tb_top'
WARNING: [Vivado 12-13340] Unable to auto find GCC executables from simulator install path! (path not set)
WARNING: [Vivado 12-13277] Compiled library path does not exist: ''
INFO: [Vivado 12-5682] Launching behavioral simulation in 'C:/Hung/Viettel/Stage2/ML-KEM/ml_kem/ml_kem.sim/sim_1/behav/xsim'
INFO: [SIM-utils-51] Simulation object is 'sim_1'
INFO: [USF-XSim-3] XSim::Elaborate design
INFO: [USF-XSim-61] Executing 'ELABORATE' step in 'C:/Hung/Viettel/Stage2/ML-KEM/ml_kem/ml_kem.sim/sim_1/behav/xsim'
"xelab --incr --debug typical --relax --mt 2 -L xil_defaultlib -L unisims_ver -L unimacro_ver -L secureip -L xpm --snapshot tb_top_behav xil_defaultlib.tb_top xil_defaultlib.glbl -log elaborate.log"
Vivado Simulator v2022.2.2
Copyright 1986-1999, 2001-2022 Xilinx, Inc. All Rights Reserved.
Running: C:/Xilinx/Vivado/2022.2/bin/unwrapped/win64.o/xelab.exe --incr --debug typical --relax --mt 2 -L xil_defaultlib -L unisims_ver -L unimacro_ver -L secureip -L xpm --snapshot tb_top_behav xil_defaultlib.tb_top xil_defaultlib.glbl -log elaborate.log 
Using 2 slave threads.
Starting static elaboration
Pass Through NonSizing Optimizer
Completed static elaboration
INFO: [XSIM 43-4323] No Change in HDL. Linking previously generated obj files to create kernel
INFO: [USF-XSim-69] 'elaborate' step finished in '1' seconds
Time resolution is 1 ps
[5663000] DONE_STORE!
$finish called at time : 5742500 ps : File "C:/Hung/Viettel/Stage2/ML-KEM/NTT/tb_top.v" Line 115
save_wave_config {C:/Hung/Viettel/Stage2/ML-KEM/ml_kem/tb_top_func_impl.wcfg}
relaunch_sim
Command: launch_simulation -step compile -simset sim_1 -mode behavioral
INFO: [Vivado 12-12493] Simulation top is 'tb_top'
WARNING: [Vivado 12-13340] Unable to auto find GCC executables from simulator install path! (path not set)
WARNING: [Vivado 12-13277] Compiled library path does not exist: ''
INFO: [Vivado 12-5682] Launching behavioral simulation in 'C:/Hung/Viettel/Stage2/ML-KEM/ml_kem/ml_kem.sim/sim_1/behav/xsim'
INFO: [SIM-utils-51] Simulation object is 'sim_1'
INFO: [USF-XSim-2] XSim::Compile design
INFO: [USF-XSim-61] Executing 'COMPILE and ANALYZE' step in 'C:/Hung/Viettel/Stage2/ML-KEM/ml_kem/ml_kem.sim/sim_1/behav/xsim'
"xvlog --incr --relax -prj tb_top_vlog.prj"
INFO: [VRFC 10-2263] Analyzing Verilog file "C:/Hung/Viettel/Stage2/ML-KEM/NTT/AddressGenerator.v" into library xil_defaultlib
INFO: [VRFC 10-311] analyzing module AddressGenerator
INFO: [VRFC 10-2263] Analyzing Verilog file "C:/Hung/Viettel/Stage2/ML-KEM/NTT/BoothDecode.v" into library xil_defaultlib
INFO: [VRFC 10-311] analyzing module BoothDecode
INFO: [VRFC 10-2263] Analyzing Verilog file "C:/Hung/Viettel/Stage2/ML-KEM/NTT/MyBootRom.v" into library xil_defaultlib
INFO: [VRFC 10-311] analyzing module MyBootROM
INFO: [VRFC 10-2263] Analyzing Verilog file "C:/Hung/Viettel/Stage2/ML-KEM/NTT/MyReg.v" into library xil_defaultlib
INFO: [VRFC 10-311] analyzing module MyReg
INFO: [VRFC 10-2263] Analyzing Verilog file "C:/Hung/Viettel/Stage2/ML-KEM/NTT/barret.v" into library xil_defaultlib
INFO: [VRFC 10-311] analyzing module barret
INFO: [VRFC 10-2263] Analyzing Verilog file "C:/Hung/Viettel/Stage2/ML-KEM/NTT/bu_intt.v" into library xil_defaultlib
INFO: [VRFC 10-311] analyzing module bu_intt
INFO: [VRFC 10-2263] Analyzing Verilog file "C:/Hung/Viettel/Stage2/ML-KEM/NTT/bu_ntt.v" into library xil_defaultlib
INFO: [VRFC 10-311] analyzing module bu_ntt
INFO: [VRFC 10-2263] Analyzing Verilog file "C:/Hung/Viettel/Stage2/ML-KEM/NTT/mul.v" into library xil_defaultlib
INFO: [VRFC 10-311] analyzing module mul
INFO: [VRFC 10-2263] Analyzing Verilog file "C:/Hung/Viettel/Stage2/ML-KEM/NTT/top.v" into library xil_defaultlib
INFO: [VRFC 10-311] analyzing module top
WARNING: [VRFC 10-3380] identifier 'addr_a' is used before its declaration [C:/Hung/Viettel/Stage2/ML-KEM/NTT/top.v:65]
WARNING: [VRFC 10-3380] identifier 'addr_b' is used before its declaration [C:/Hung/Viettel/Stage2/ML-KEM/NTT/top.v:66]
INFO: [VRFC 10-2263] Analyzing Verilog file "C:/Hung/Viettel/Stage2/ML-KEM/NTT/tb_top.v" into library xil_defaultlib
INFO: [VRFC 10-311] analyzing module tb_top
INFO: [USF-XSim-69] 'compile' step finished in '2' seconds
Command: launch_simulation -step elaborate -simset sim_1 -mode behavioral
INFO: [Vivado 12-12493] Simulation top is 'tb_top'
WARNING: [Vivado 12-13340] Unable to auto find GCC executables from simulator install path! (path not set)
WARNING: [Vivado 12-13277] Compiled library path does not exist: ''
INFO: [Vivado 12-5682] Launching behavioral simulation in 'C:/Hung/Viettel/Stage2/ML-KEM/ml_kem/ml_kem.sim/sim_1/behav/xsim'
INFO: [SIM-utils-51] Simulation object is 'sim_1'
INFO: [USF-XSim-3] XSim::Elaborate design
INFO: [USF-XSim-61] Executing 'ELABORATE' step in 'C:/Hung/Viettel/Stage2/ML-KEM/ml_kem/ml_kem.sim/sim_1/behav/xsim'
"xelab --incr --debug typical --relax --mt 2 -L xil_defaultlib -L unisims_ver -L unimacro_ver -L secureip -L xpm --snapshot tb_top_behav xil_defaultlib.tb_top xil_defaultlib.glbl -log elaborate.log"
Vivado Simulator v2022.2.2
Copyright 1986-1999, 2001-2022 Xilinx, Inc. All Rights Reserved.
Running: C:/Xilinx/Vivado/2022.2/bin/unwrapped/win64.o/xelab.exe --incr --debug typical --relax --mt 2 -L xil_defaultlib -L unisims_ver -L unimacro_ver -L secureip -L xpm --snapshot tb_top_behav xil_defaultlib.tb_top xil_defaultlib.glbl -log elaborate.log 
Using 2 slave threads.
Starting static elaboration
Pass Through NonSizing Optimizer
Completed static elaboration
Starting simulation data flow analysis
Completed simulation data flow analysis
Time Resolution for simulation is 1ps
Compiling module xil_defaultlib.MyBootROM
Compiling module xil_defaultlib.AddressGenerator
Compiling module xil_defaultlib.MyReg
Compiling module xil_defaultlib.barret
Compiling module xil_defaultlib.BoothDecode
Compiling module xil_defaultlib.mul_default
Compiling module xil_defaultlib.bu_ntt
Compiling module xil_defaultlib.bu_intt
Compiling module xil_defaultlib.top
Compiling module xil_defaultlib.tb_top
Compiling module xil_defaultlib.glbl
Built simulation snapshot tb_top_behav
INFO: [USF-XSim-69] 'elaborate' step finished in '2' seconds
Time resolution is 1 ps
[5663000] DONE_STORE!
$finish called at time : 5742500 ps : File "C:/Hung/Viettel/Stage2/ML-KEM/NTT/tb_top.v" Line 115
relaunch_sim: Time (s): cpu = 00:00:01 ; elapsed = 00:00:05 . Memory (MB): peak = 2195.387 ; gain = 0.000
relaunch_sim
Command: launch_simulation -step compile -simset sim_1 -mode behavioral
INFO: [Vivado 12-12493] Simulation top is 'tb_top'
WARNING: [Vivado 12-13340] Unable to auto find GCC executables from simulator install path! (path not set)
WARNING: [Vivado 12-13277] Compiled library path does not exist: ''
INFO: [Vivado 12-5682] Launching behavioral simulation in 'C:/Hung/Viettel/Stage2/ML-KEM/ml_kem/ml_kem.sim/sim_1/behav/xsim'
INFO: [SIM-utils-51] Simulation object is 'sim_1'
INFO: [USF-XSim-2] XSim::Compile design
INFO: [USF-XSim-61] Executing 'COMPILE and ANALYZE' step in 'C:/Hung/Viettel/Stage2/ML-KEM/ml_kem/ml_kem.sim/sim_1/behav/xsim'
"xvlog --incr --relax -prj tb_top_vlog.prj"
INFO: [VRFC 10-2263] Analyzing Verilog file "C:/Hung/Viettel/Stage2/ML-KEM/NTT/AddressGenerator.v" into library xil_defaultlib
INFO: [VRFC 10-311] analyzing module AddressGenerator
INFO: [VRFC 10-2263] Analyzing Verilog file "C:/Hung/Viettel/Stage2/ML-KEM/NTT/BoothDecode.v" into library xil_defaultlib
INFO: [VRFC 10-311] analyzing module BoothDecode
INFO: [VRFC 10-2263] Analyzing Verilog file "C:/Hung/Viettel/Stage2/ML-KEM/NTT/MyBootRom.v" into library xil_defaultlib
INFO: [VRFC 10-311] analyzing module MyBootROM
INFO: [VRFC 10-2263] Analyzing Verilog file "C:/Hung/Viettel/Stage2/ML-KEM/NTT/MyReg.v" into library xil_defaultlib
INFO: [VRFC 10-311] analyzing module MyReg
INFO: [VRFC 10-2263] Analyzing Verilog file "C:/Hung/Viettel/Stage2/ML-KEM/NTT/barret.v" into library xil_defaultlib
INFO: [VRFC 10-311] analyzing module barret
INFO: [VRFC 10-2263] Analyzing Verilog file "C:/Hung/Viettel/Stage2/ML-KEM/NTT/bu_intt.v" into library xil_defaultlib
INFO: [VRFC 10-311] analyzing module bu_intt
INFO: [VRFC 10-2263] Analyzing Verilog file "C:/Hung/Viettel/Stage2/ML-KEM/NTT/bu_ntt.v" into library xil_defaultlib
INFO: [VRFC 10-311] analyzing module bu_ntt
INFO: [VRFC 10-2263] Analyzing Verilog file "C:/Hung/Viettel/Stage2/ML-KEM/NTT/mul.v" into library xil_defaultlib
INFO: [VRFC 10-311] analyzing module mul
INFO: [VRFC 10-2263] Analyzing Verilog file "C:/Hung/Viettel/Stage2/ML-KEM/NTT/top.v" into library xil_defaultlib
INFO: [VRFC 10-311] analyzing module top
WARNING: [VRFC 10-3380] identifier 'addr_a' is used before its declaration [C:/Hung/Viettel/Stage2/ML-KEM/NTT/top.v:65]
WARNING: [VRFC 10-3380] identifier 'addr_b' is used before its declaration [C:/Hung/Viettel/Stage2/ML-KEM/NTT/top.v:66]
INFO: [VRFC 10-2263] Analyzing Verilog file "C:/Hung/Viettel/Stage2/ML-KEM/NTT/tb_top.v" into library xil_defaultlib
INFO: [VRFC 10-311] analyzing module tb_top
INFO: [USF-XSim-69] 'compile' step finished in '1' seconds
Command: launch_simulation -step elaborate -simset sim_1 -mode behavioral
INFO: [Vivado 12-12493] Simulation top is 'tb_top'
WARNING: [Vivado 12-13340] Unable to auto find GCC executables from simulator install path! (path not set)
WARNING: [Vivado 12-13277] Compiled library path does not exist: ''
INFO: [Vivado 12-5682] Launching behavioral simulation in 'C:/Hung/Viettel/Stage2/ML-KEM/ml_kem/ml_kem.sim/sim_1/behav/xsim'
INFO: [SIM-utils-51] Simulation object is 'sim_1'
INFO: [USF-XSim-3] XSim::Elaborate design
INFO: [USF-XSim-61] Executing 'ELABORATE' step in 'C:/Hung/Viettel/Stage2/ML-KEM/ml_kem/ml_kem.sim/sim_1/behav/xsim'
"xelab --incr --debug typical --relax --mt 2 -L xil_defaultlib -L unisims_ver -L unimacro_ver -L secureip -L xpm --snapshot tb_top_behav xil_defaultlib.tb_top xil_defaultlib.glbl -log elaborate.log"
Vivado Simulator v2022.2.2
Copyright 1986-1999, 2001-2022 Xilinx, Inc. All Rights Reserved.
Running: C:/Xilinx/Vivado/2022.2/bin/unwrapped/win64.o/xelab.exe --incr --debug typical --relax --mt 2 -L xil_defaultlib -L unisims_ver -L unimacro_ver -L secureip -L xpm --snapshot tb_top_behav xil_defaultlib.tb_top xil_defaultlib.glbl -log elaborate.log 
Using 2 slave threads.
Starting static elaboration
Pass Through NonSizing Optimizer
Completed static elaboration
Starting simulation data flow analysis
Completed simulation data flow analysis
Time Resolution for simulation is 1ps
Compiling module xil_defaultlib.MyBootROM
Compiling module xil_defaultlib.AddressGenerator
Compiling module xil_defaultlib.MyReg
Compiling module xil_defaultlib.barret
Compiling module xil_defaultlib.BoothDecode
Compiling module xil_defaultlib.mul_default
Compiling module xil_defaultlib.bu_ntt
Compiling module xil_defaultlib.bu_intt
Compiling module xil_defaultlib.top
Compiling module xil_defaultlib.tb_top
Compiling module xil_defaultlib.glbl
Built simulation snapshot tb_top_behav
INFO: [USF-XSim-69] 'elaborate' step finished in '3' seconds
Time resolution is 1 ps
[5663000] DONE_STORE!
$finish called at time : 5742500 ps : File "C:/Hung/Viettel/Stage2/ML-KEM/NTT/tb_top.v" Line 115
relaunch_sim: Time (s): cpu = 00:00:01 ; elapsed = 00:00:06 . Memory (MB): peak = 2195.387 ; gain = 0.000
save_wave_config {C:/Hung/Viettel/Stage2/ML-KEM/ml_kem/tb_top_func_impl.wcfg}
save_wave_config {C:/Hung/Viettel/Stage2/ML-KEM/ml_kem/tb_top_func_impl.wcfg}
save_wave_config {C:/Hung/Viettel/Stage2/ML-KEM/ml_kem/tb_top_func_impl.wcfg}
relaunch_sim
Command: launch_simulation -step compile -simset sim_1 -mode behavioral
INFO: [Vivado 12-12493] Simulation top is 'tb_top'
WARNING: [Vivado 12-13340] Unable to auto find GCC executables from simulator install path! (path not set)
WARNING: [Vivado 12-13277] Compiled library path does not exist: ''
INFO: [Vivado 12-5682] Launching behavioral simulation in 'C:/Hung/Viettel/Stage2/ML-KEM/ml_kem/ml_kem.sim/sim_1/behav/xsim'
INFO: [SIM-utils-51] Simulation object is 'sim_1'
INFO: [USF-XSim-2] XSim::Compile design
INFO: [USF-XSim-61] Executing 'COMPILE and ANALYZE' step in 'C:/Hung/Viettel/Stage2/ML-KEM/ml_kem/ml_kem.sim/sim_1/behav/xsim'
"xvlog --incr --relax -prj tb_top_vlog.prj"
INFO: [VRFC 10-2263] Analyzing Verilog file "C:/Hung/Viettel/Stage2/ML-KEM/NTT/AddressGenerator.v" into library xil_defaultlib
INFO: [VRFC 10-311] analyzing module AddressGenerator
INFO: [VRFC 10-2263] Analyzing Verilog file "C:/Hung/Viettel/Stage2/ML-KEM/NTT/BoothDecode.v" into library xil_defaultlib
INFO: [VRFC 10-311] analyzing module BoothDecode
INFO: [VRFC 10-2263] Analyzing Verilog file "C:/Hung/Viettel/Stage2/ML-KEM/NTT/MyBootRom.v" into library xil_defaultlib
INFO: [VRFC 10-311] analyzing module MyBootROM
INFO: [VRFC 10-2263] Analyzing Verilog file "C:/Hung/Viettel/Stage2/ML-KEM/NTT/MyReg.v" into library xil_defaultlib
INFO: [VRFC 10-311] analyzing module MyReg
INFO: [VRFC 10-2263] Analyzing Verilog file "C:/Hung/Viettel/Stage2/ML-KEM/NTT/barret.v" into library xil_defaultlib
INFO: [VRFC 10-311] analyzing module barret
INFO: [VRFC 10-2263] Analyzing Verilog file "C:/Hung/Viettel/Stage2/ML-KEM/NTT/bu_intt.v" into library xil_defaultlib
INFO: [VRFC 10-311] analyzing module bu_intt
INFO: [VRFC 10-2263] Analyzing Verilog file "C:/Hung/Viettel/Stage2/ML-KEM/NTT/bu_ntt.v" into library xil_defaultlib
INFO: [VRFC 10-311] analyzing module bu_ntt
INFO: [VRFC 10-2263] Analyzing Verilog file "C:/Hung/Viettel/Stage2/ML-KEM/NTT/mul.v" into library xil_defaultlib
INFO: [VRFC 10-311] analyzing module mul
INFO: [VRFC 10-2263] Analyzing Verilog file "C:/Hung/Viettel/Stage2/ML-KEM/NTT/top.v" into library xil_defaultlib
INFO: [VRFC 10-311] analyzing module top
WARNING: [VRFC 10-3380] identifier 'addr_a' is used before its declaration [C:/Hung/Viettel/Stage2/ML-KEM/NTT/top.v:64]
WARNING: [VRFC 10-3380] identifier 'addr_b' is used before its declaration [C:/Hung/Viettel/Stage2/ML-KEM/NTT/top.v:65]
INFO: [VRFC 10-2263] Analyzing Verilog file "C:/Hung/Viettel/Stage2/ML-KEM/NTT/tb_top.v" into library xil_defaultlib
INFO: [VRFC 10-311] analyzing module tb_top
INFO: [USF-XSim-69] 'compile' step finished in '1' seconds
Command: launch_simulation -step elaborate -simset sim_1 -mode behavioral
INFO: [Vivado 12-12493] Simulation top is 'tb_top'
WARNING: [Vivado 12-13340] Unable to auto find GCC executables from simulator install path! (path not set)
WARNING: [Vivado 12-13277] Compiled library path does not exist: ''
INFO: [Vivado 12-5682] Launching behavioral simulation in 'C:/Hung/Viettel/Stage2/ML-KEM/ml_kem/ml_kem.sim/sim_1/behav/xsim'
INFO: [SIM-utils-51] Simulation object is 'sim_1'
INFO: [USF-XSim-3] XSim::Elaborate design
INFO: [USF-XSim-61] Executing 'ELABORATE' step in 'C:/Hung/Viettel/Stage2/ML-KEM/ml_kem/ml_kem.sim/sim_1/behav/xsim'
"xelab --incr --debug typical --relax --mt 2 -L xil_defaultlib -L unisims_ver -L unimacro_ver -L secureip -L xpm --snapshot tb_top_behav xil_defaultlib.tb_top xil_defaultlib.glbl -log elaborate.log"
Vivado Simulator v2022.2.2
Copyright 1986-1999, 2001-2022 Xilinx, Inc. All Rights Reserved.
Running: C:/Xilinx/Vivado/2022.2/bin/unwrapped/win64.o/xelab.exe --incr --debug typical --relax --mt 2 -L xil_defaultlib -L unisims_ver -L unimacro_ver -L secureip -L xpm --snapshot tb_top_behav xil_defaultlib.tb_top xil_defaultlib.glbl -log elaborate.log 
Using 2 slave threads.
Starting static elaboration
Pass Through NonSizing Optimizer
Completed static elaboration
Starting simulation data flow analysis
Completed simulation data flow analysis
Time Resolution for simulation is 1ps
Compiling module xil_defaultlib.MyBootROM
Compiling module xil_defaultlib.AddressGenerator
Compiling module xil_defaultlib.MyReg
Compiling module xil_defaultlib.barret
Compiling module xil_defaultlib.BoothDecode
Compiling module xil_defaultlib.mul_default
Compiling module xil_defaultlib.bu_ntt
Compiling module xil_defaultlib.bu_intt
Compiling module xil_defaultlib.top
Compiling module xil_defaultlib.tb_top
Compiling module xil_defaultlib.glbl
Built simulation snapshot tb_top_behav
INFO: [USF-XSim-69] 'elaborate' step finished in '3' seconds
Time resolution is 1 ps
[5663000] DONE_STORE!
$finish called at time : 5742500 ps : File "C:/Hung/Viettel/Stage2/ML-KEM/NTT/tb_top.v" Line 115
relaunch_sim: Time (s): cpu = 00:00:00 ; elapsed = 00:00:05 . Memory (MB): peak = 2195.387 ; gain = 0.000
relaunch_sim
Command: launch_simulation -step compile -simset sim_1 -mode behavioral
INFO: [Vivado 12-12493] Simulation top is 'tb_top'
WARNING: [Vivado 12-13340] Unable to auto find GCC executables from simulator install path! (path not set)
WARNING: [Vivado 12-13277] Compiled library path does not exist: ''
INFO: [Vivado 12-5682] Launching behavioral simulation in 'C:/Hung/Viettel/Stage2/ML-KEM/ml_kem/ml_kem.sim/sim_1/behav/xsim'
INFO: [SIM-utils-51] Simulation object is 'sim_1'
INFO: [USF-XSim-2] XSim::Compile design
INFO: [USF-XSim-61] Executing 'COMPILE and ANALYZE' step in 'C:/Hung/Viettel/Stage2/ML-KEM/ml_kem/ml_kem.sim/sim_1/behav/xsim'
"xvlog --incr --relax -prj tb_top_vlog.prj"
INFO: [VRFC 10-2263] Analyzing Verilog file "C:/Hung/Viettel/Stage2/ML-KEM/NTT/AddressGenerator.v" into library xil_defaultlib
INFO: [VRFC 10-311] analyzing module AddressGenerator
INFO: [VRFC 10-2263] Analyzing Verilog file "C:/Hung/Viettel/Stage2/ML-KEM/NTT/BoothDecode.v" into library xil_defaultlib
INFO: [VRFC 10-311] analyzing module BoothDecode
INFO: [VRFC 10-2263] Analyzing Verilog file "C:/Hung/Viettel/Stage2/ML-KEM/NTT/MyBootRom.v" into library xil_defaultlib
INFO: [VRFC 10-311] analyzing module MyBootROM
INFO: [VRFC 10-2263] Analyzing Verilog file "C:/Hung/Viettel/Stage2/ML-KEM/NTT/MyReg.v" into library xil_defaultlib
INFO: [VRFC 10-311] analyzing module MyReg
INFO: [VRFC 10-2263] Analyzing Verilog file "C:/Hung/Viettel/Stage2/ML-KEM/NTT/barret.v" into library xil_defaultlib
INFO: [VRFC 10-311] analyzing module barret
INFO: [VRFC 10-2263] Analyzing Verilog file "C:/Hung/Viettel/Stage2/ML-KEM/NTT/bu_intt.v" into library xil_defaultlib
INFO: [VRFC 10-311] analyzing module bu_intt
INFO: [VRFC 10-2263] Analyzing Verilog file "C:/Hung/Viettel/Stage2/ML-KEM/NTT/bu_ntt.v" into library xil_defaultlib
INFO: [VRFC 10-311] analyzing module bu_ntt
INFO: [VRFC 10-2263] Analyzing Verilog file "C:/Hung/Viettel/Stage2/ML-KEM/NTT/mul.v" into library xil_defaultlib
INFO: [VRFC 10-311] analyzing module mul
INFO: [VRFC 10-2263] Analyzing Verilog file "C:/Hung/Viettel/Stage2/ML-KEM/NTT/top.v" into library xil_defaultlib
INFO: [VRFC 10-311] analyzing module top
WARNING: [VRFC 10-3380] identifier 'addr_a' is used before its declaration [C:/Hung/Viettel/Stage2/ML-KEM/NTT/top.v:64]
WARNING: [VRFC 10-3380] identifier 'addr_b' is used before its declaration [C:/Hung/Viettel/Stage2/ML-KEM/NTT/top.v:65]
INFO: [VRFC 10-2263] Analyzing Verilog file "C:/Hung/Viettel/Stage2/ML-KEM/NTT/tb_top.v" into library xil_defaultlib
INFO: [VRFC 10-311] analyzing module tb_top
INFO: [USF-XSim-69] 'compile' step finished in '2' seconds
Command: launch_simulation -step elaborate -simset sim_1 -mode behavioral
INFO: [Vivado 12-12493] Simulation top is 'tb_top'
WARNING: [Vivado 12-13340] Unable to auto find GCC executables from simulator install path! (path not set)
WARNING: [Vivado 12-13277] Compiled library path does not exist: ''
INFO: [Vivado 12-5682] Launching behavioral simulation in 'C:/Hung/Viettel/Stage2/ML-KEM/ml_kem/ml_kem.sim/sim_1/behav/xsim'
INFO: [SIM-utils-51] Simulation object is 'sim_1'
INFO: [USF-XSim-3] XSim::Elaborate design
INFO: [USF-XSim-61] Executing 'ELABORATE' step in 'C:/Hung/Viettel/Stage2/ML-KEM/ml_kem/ml_kem.sim/sim_1/behav/xsim'
"xelab --incr --debug typical --relax --mt 2 -L xil_defaultlib -L unisims_ver -L unimacro_ver -L secureip -L xpm --snapshot tb_top_behav xil_defaultlib.tb_top xil_defaultlib.glbl -log elaborate.log"
Vivado Simulator v2022.2.2
Copyright 1986-1999, 2001-2022 Xilinx, Inc. All Rights Reserved.
Running: C:/Xilinx/Vivado/2022.2/bin/unwrapped/win64.o/xelab.exe --incr --debug typical --relax --mt 2 -L xil_defaultlib -L unisims_ver -L unimacro_ver -L secureip -L xpm --snapshot tb_top_behav xil_defaultlib.tb_top xil_defaultlib.glbl -log elaborate.log 
Using 2 slave threads.
Starting static elaboration
Pass Through NonSizing Optimizer
Completed static elaboration
Starting simulation data flow analysis
Completed simulation data flow analysis
Time Resolution for simulation is 1ps
Compiling module xil_defaultlib.MyBootROM
Compiling module xil_defaultlib.AddressGenerator
Compiling module xil_defaultlib.MyReg
Compiling module xil_defaultlib.barret
Compiling module xil_defaultlib.BoothDecode
Compiling module xil_defaultlib.mul_default
Compiling module xil_defaultlib.bu_ntt
Compiling module xil_defaultlib.bu_intt
Compiling module xil_defaultlib.top
Compiling module xil_defaultlib.tb_top
Compiling module xil_defaultlib.glbl
Built simulation snapshot tb_top_behav
INFO: [USF-XSim-69] 'elaborate' step finished in '2' seconds
Time resolution is 1 ps
[5663000] DONE_STORE!
$finish called at time : 5742500 ps : File "C:/Hung/Viettel/Stage2/ML-KEM/NTT/tb_top.v" Line 115
relaunch_sim: Time (s): cpu = 00:00:00 ; elapsed = 00:00:06 . Memory (MB): peak = 2195.387 ; gain = 0.000
close_sim
INFO: [Simtcl 6-16] Simulation closed
launch_simulation
Command: launch_simulation 
INFO: [Vivado 12-12493] Simulation top is 'tb_top'
WARNING: [Vivado 12-13340] Unable to auto find GCC executables from simulator install path! (path not set)
WARNING: [Vivado 12-13277] Compiled library path does not exist: ''
INFO: [Vivado 12-5682] Launching behavioral simulation in 'C:/Hung/Viettel/Stage2/ML-KEM/ml_kem/ml_kem.sim/sim_1/behav/xsim'
INFO: [SIM-utils-51] Simulation object is 'sim_1'
INFO: [SIM-utils-72] Using boost library from 'C:/Xilinx/Vivado/2022.2/tps/boost_1_72_0'
INFO: [USF-XSim-7] Finding pre-compiled libraries...
INFO: [USF-XSim-11] File 'C:/Xilinx/Vivado/2022.2/data/xsim/xsim.ini' copied to run dir:'C:/Hung/Viettel/Stage2/ML-KEM/ml_kem/ml_kem.sim/sim_1/behav/xsim'
INFO: [SIM-utils-54] Inspecting design source files for 'tb_top' in fileset 'sim_1'...
INFO: [USF-XSim-97] Finding global include files...
INFO: [USF-XSim-98] Fetching design files from 'sim_1'...
INFO: [USF-XSim-2] XSim::Compile design
INFO: [USF-XSim-61] Executing 'COMPILE and ANALYZE' step in 'C:/Hung/Viettel/Stage2/ML-KEM/ml_kem/ml_kem.sim/sim_1/behav/xsim'
"xvlog --incr --relax -prj tb_top_vlog.prj"
INFO: [VRFC 10-2263] Analyzing Verilog file "C:/Hung/Viettel/Stage2/ML-KEM/NTT/AddressGenerator.v" into library xil_defaultlib
INFO: [VRFC 10-311] analyzing module AddressGenerator
INFO: [VRFC 10-2263] Analyzing Verilog file "C:/Hung/Viettel/Stage2/ML-KEM/NTT/BoothDecode.v" into library xil_defaultlib
INFO: [VRFC 10-311] analyzing module BoothDecode
INFO: [VRFC 10-2263] Analyzing Verilog file "C:/Hung/Viettel/Stage2/ML-KEM/NTT/MyBootRom.v" into library xil_defaultlib
INFO: [VRFC 10-311] analyzing module MyBootROM
INFO: [VRFC 10-2263] Analyzing Verilog file "C:/Hung/Viettel/Stage2/ML-KEM/NTT/MyReg.v" into library xil_defaultlib
INFO: [VRFC 10-311] analyzing module MyReg
INFO: [VRFC 10-2263] Analyzing Verilog file "C:/Hung/Viettel/Stage2/ML-KEM/NTT/barret.v" into library xil_defaultlib
INFO: [VRFC 10-311] analyzing module barret
INFO: [VRFC 10-2263] Analyzing Verilog file "C:/Hung/Viettel/Stage2/ML-KEM/NTT/bu_intt.v" into library xil_defaultlib
INFO: [VRFC 10-311] analyzing module bu_intt
INFO: [VRFC 10-2263] Analyzing Verilog file "C:/Hung/Viettel/Stage2/ML-KEM/NTT/bu_ntt.v" into library xil_defaultlib
INFO: [VRFC 10-311] analyzing module bu_ntt
INFO: [VRFC 10-2263] Analyzing Verilog file "C:/Hung/Viettel/Stage2/ML-KEM/NTT/mul.v" into library xil_defaultlib
INFO: [VRFC 10-311] analyzing module mul
INFO: [VRFC 10-2263] Analyzing Verilog file "C:/Hung/Viettel/Stage2/ML-KEM/NTT/top.v" into library xil_defaultlib
INFO: [VRFC 10-311] analyzing module top
WARNING: [VRFC 10-3380] identifier 'addr_a' is used before its declaration [C:/Hung/Viettel/Stage2/ML-KEM/NTT/top.v:64]
WARNING: [VRFC 10-3380] identifier 'addr_b' is used before its declaration [C:/Hung/Viettel/Stage2/ML-KEM/NTT/top.v:65]
INFO: [VRFC 10-2263] Analyzing Verilog file "C:/Hung/Viettel/Stage2/ML-KEM/NTT/tb_top.v" into library xil_defaultlib
INFO: [VRFC 10-311] analyzing module tb_top
INFO: [USF-XSim-69] 'compile' step finished in '1' seconds
INFO: [USF-XSim-3] XSim::Elaborate design
INFO: [USF-XSim-61] Executing 'ELABORATE' step in 'C:/Hung/Viettel/Stage2/ML-KEM/ml_kem/ml_kem.sim/sim_1/behav/xsim'
"xelab --incr --debug typical --relax --mt 2 -L xil_defaultlib -L unisims_ver -L unimacro_ver -L secureip -L xpm --snapshot tb_top_behav xil_defaultlib.tb_top xil_defaultlib.glbl -log elaborate.log"
Vivado Simulator v2022.2.2
Copyright 1986-1999, 2001-2022 Xilinx, Inc. All Rights Reserved.
Running: C:/Xilinx/Vivado/2022.2/bin/unwrapped/win64.o/xelab.exe --incr --debug typical --relax --mt 2 -L xil_defaultlib -L unisims_ver -L unimacro_ver -L secureip -L xpm --snapshot tb_top_behav xil_defaultlib.tb_top xil_defaultlib.glbl -log elaborate.log 
Using 2 slave threads.
Starting static elaboration
Pass Through NonSizing Optimizer
Completed static elaboration
Starting simulation data flow analysis
Completed simulation data flow analysis
Time Resolution for simulation is 1ps
Compiling module xil_defaultlib.MyBootROM
Compiling module xil_defaultlib.AddressGenerator
Compiling module xil_defaultlib.MyReg
Compiling module xil_defaultlib.barret
Compiling module xil_defaultlib.BoothDecode
Compiling module xil_defaultlib.mul_default
Compiling module xil_defaultlib.bu_ntt
Compiling module xil_defaultlib.bu_intt
Compiling module xil_defaultlib.top
Compiling module xil_defaultlib.tb_top
Compiling module xil_defaultlib.glbl
Built simulation snapshot tb_top_behav
INFO: [USF-XSim-69] 'elaborate' step finished in '3' seconds
INFO: [USF-XSim-4] XSim::Simulate design
INFO: [USF-XSim-61] Executing 'SIMULATE' step in 'C:/Hung/Viettel/Stage2/ML-KEM/ml_kem/ml_kem.sim/sim_1/behav/xsim'
INFO: [USF-XSim-98] *** Running xsim
   with args "tb_top_behav -key {Behavioral:sim_1:Functional:tb_top} -tclbatch {tb_top.tcl} -view {C:/Hung/Viettel/Stage2/ML-KEM/ml_kem/tb_top_func_impl.wcfg} -log {simulate.log}"
INFO: [USF-XSim-8] Loading simulator feature
Time resolution is 1 ps
open_wave_config C:/Hung/Viettel/Stage2/ML-KEM/ml_kem/tb_top_func_impl.wcfg
source tb_top.tcl
# set curr_wave [current_wave_config]
# if { [string length $curr_wave] == 0 } {
#   if { [llength [get_objects]] > 0} {
#     add_wave /
#     set_property needs_save false [current_wave_config]
#   } else {
#      send_msg_id Add_Wave-1 WARNING "No top level signals found. Simulator will start without a wave window. If you want to open a wave window go to 'File->New Waveform Configuration' or type 'create_wave_config' in the TCL console."
#   }
# }
# run 1000000ns
[5663000] DONE_STORE!
$finish called at time : 5742500 ps : File "C:/Hung/Viettel/Stage2/ML-KEM/NTT/tb_top.v" Line 115
INFO: [USF-XSim-96] XSim completed. Design snapshot 'tb_top_behav' loaded.
INFO: [USF-XSim-97] XSim simulation ran for 1000000ns
launch_simulation: Time (s): cpu = 00:00:02 ; elapsed = 00:00:06 . Memory (MB): peak = 2195.387 ; gain = 0.000
relaunch_sim
Command: launch_simulation -step compile -simset sim_1 -mode behavioral
INFO: [Vivado 12-12493] Simulation top is 'tb_top'
WARNING: [Vivado 12-13340] Unable to auto find GCC executables from simulator install path! (path not set)
WARNING: [Vivado 12-13277] Compiled library path does not exist: ''
INFO: [Vivado 12-5682] Launching behavioral simulation in 'C:/Hung/Viettel/Stage2/ML-KEM/ml_kem/ml_kem.sim/sim_1/behav/xsim'
INFO: [SIM-utils-51] Simulation object is 'sim_1'
INFO: [USF-XSim-2] XSim::Compile design
INFO: [USF-XSim-61] Executing 'COMPILE and ANALYZE' step in 'C:/Hung/Viettel/Stage2/ML-KEM/ml_kem/ml_kem.sim/sim_1/behav/xsim'
"xvlog --incr --relax -prj tb_top_vlog.prj"
INFO: [VRFC 10-2263] Analyzing Verilog file "C:/Hung/Viettel/Stage2/ML-KEM/NTT/AddressGenerator.v" into library xil_defaultlib
INFO: [VRFC 10-311] analyzing module AddressGenerator
INFO: [VRFC 10-2263] Analyzing Verilog file "C:/Hung/Viettel/Stage2/ML-KEM/NTT/BoothDecode.v" into library xil_defaultlib
INFO: [VRFC 10-311] analyzing module BoothDecode
INFO: [VRFC 10-2263] Analyzing Verilog file "C:/Hung/Viettel/Stage2/ML-KEM/NTT/MyBootRom.v" into library xil_defaultlib
INFO: [VRFC 10-311] analyzing module MyBootROM
INFO: [VRFC 10-2263] Analyzing Verilog file "C:/Hung/Viettel/Stage2/ML-KEM/NTT/MyReg.v" into library xil_defaultlib
INFO: [VRFC 10-311] analyzing module MyReg
INFO: [VRFC 10-2263] Analyzing Verilog file "C:/Hung/Viettel/Stage2/ML-KEM/NTT/barret.v" into library xil_defaultlib
INFO: [VRFC 10-311] analyzing module barret
INFO: [VRFC 10-2263] Analyzing Verilog file "C:/Hung/Viettel/Stage2/ML-KEM/NTT/bu_intt.v" into library xil_defaultlib
INFO: [VRFC 10-311] analyzing module bu_intt
INFO: [VRFC 10-2263] Analyzing Verilog file "C:/Hung/Viettel/Stage2/ML-KEM/NTT/bu_ntt.v" into library xil_defaultlib
INFO: [VRFC 10-311] analyzing module bu_ntt
INFO: [VRFC 10-2263] Analyzing Verilog file "C:/Hung/Viettel/Stage2/ML-KEM/NTT/mul.v" into library xil_defaultlib
INFO: [VRFC 10-311] analyzing module mul
INFO: [VRFC 10-2263] Analyzing Verilog file "C:/Hung/Viettel/Stage2/ML-KEM/NTT/top.v" into library xil_defaultlib
INFO: [VRFC 10-311] analyzing module top
WARNING: [VRFC 10-3380] identifier 'addr_a' is used before its declaration [C:/Hung/Viettel/Stage2/ML-KEM/NTT/top.v:64]
WARNING: [VRFC 10-3380] identifier 'addr_b' is used before its declaration [C:/Hung/Viettel/Stage2/ML-KEM/NTT/top.v:65]
INFO: [VRFC 10-2263] Analyzing Verilog file "C:/Hung/Viettel/Stage2/ML-KEM/NTT/tb_top.v" into library xil_defaultlib
INFO: [VRFC 10-311] analyzing module tb_top
INFO: [USF-XSim-69] 'compile' step finished in '1' seconds
Command: launch_simulation -step elaborate -simset sim_1 -mode behavioral
INFO: [Vivado 12-12493] Simulation top is 'tb_top'
WARNING: [Vivado 12-13340] Unable to auto find GCC executables from simulator install path! (path not set)
WARNING: [Vivado 12-13277] Compiled library path does not exist: ''
INFO: [Vivado 12-5682] Launching behavioral simulation in 'C:/Hung/Viettel/Stage2/ML-KEM/ml_kem/ml_kem.sim/sim_1/behav/xsim'
INFO: [SIM-utils-51] Simulation object is 'sim_1'
INFO: [USF-XSim-3] XSim::Elaborate design
INFO: [USF-XSim-61] Executing 'ELABORATE' step in 'C:/Hung/Viettel/Stage2/ML-KEM/ml_kem/ml_kem.sim/sim_1/behav/xsim'
"xelab --incr --debug typical --relax --mt 2 -L xil_defaultlib -L unisims_ver -L unimacro_ver -L secureip -L xpm --snapshot tb_top_behav xil_defaultlib.tb_top xil_defaultlib.glbl -log elaborate.log"
Vivado Simulator v2022.2.2
Copyright 1986-1999, 2001-2022 Xilinx, Inc. All Rights Reserved.
Running: C:/Xilinx/Vivado/2022.2/bin/unwrapped/win64.o/xelab.exe --incr --debug typical --relax --mt 2 -L xil_defaultlib -L unisims_ver -L unimacro_ver -L secureip -L xpm --snapshot tb_top_behav xil_defaultlib.tb_top xil_defaultlib.glbl -log elaborate.log 
Using 2 slave threads.
Starting static elaboration
Pass Through NonSizing Optimizer
Completed static elaboration
Starting simulation data flow analysis
Completed simulation data flow analysis
Time Resolution for simulation is 1ps
Compiling module xil_defaultlib.MyBootROM
Compiling module xil_defaultlib.AddressGenerator
Compiling module xil_defaultlib.MyReg
Compiling module xil_defaultlib.barret
Compiling module xil_defaultlib.BoothDecode
Compiling module xil_defaultlib.mul_default
Compiling module xil_defaultlib.bu_ntt
Compiling module xil_defaultlib.bu_intt
Compiling module xil_defaultlib.top
Compiling module xil_defaultlib.tb_top
Compiling module xil_defaultlib.glbl
Built simulation snapshot tb_top_behav
INFO: [USF-XSim-69] 'elaborate' step finished in '3' seconds
Time resolution is 1 ps
[5663000] DONE_STORE!
$finish called at time : 5742500 ps : File "C:/Hung/Viettel/Stage2/ML-KEM/NTT/tb_top.v" Line 115
relaunch_sim: Time (s): cpu = 00:00:00 ; elapsed = 00:00:06 . Memory (MB): peak = 2195.387 ; gain = 0.000
save_wave_config {C:/Hung/Viettel/Stage2/ML-KEM/ml_kem/tb_top_func_impl.wcfg}
relaunch_sim
Command: launch_simulation -step compile -simset sim_1 -mode behavioral
INFO: [Vivado 12-12493] Simulation top is 'tb_top'
WARNING: [Vivado 12-13340] Unable to auto find GCC executables from simulator install path! (path not set)
WARNING: [Vivado 12-13277] Compiled library path does not exist: ''
INFO: [Vivado 12-5682] Launching behavioral simulation in 'C:/Hung/Viettel/Stage2/ML-KEM/ml_kem/ml_kem.sim/sim_1/behav/xsim'
INFO: [SIM-utils-51] Simulation object is 'sim_1'
INFO: [USF-XSim-2] XSim::Compile design
INFO: [USF-XSim-61] Executing 'COMPILE and ANALYZE' step in 'C:/Hung/Viettel/Stage2/ML-KEM/ml_kem/ml_kem.sim/sim_1/behav/xsim'
"xvlog --incr --relax -prj tb_top_vlog.prj"
INFO: [VRFC 10-2263] Analyzing Verilog file "C:/Hung/Viettel/Stage2/ML-KEM/NTT/AddressGenerator.v" into library xil_defaultlib
INFO: [VRFC 10-311] analyzing module AddressGenerator
INFO: [VRFC 10-2263] Analyzing Verilog file "C:/Hung/Viettel/Stage2/ML-KEM/NTT/BoothDecode.v" into library xil_defaultlib
INFO: [VRFC 10-311] analyzing module BoothDecode
INFO: [VRFC 10-2263] Analyzing Verilog file "C:/Hung/Viettel/Stage2/ML-KEM/NTT/MyBootRom.v" into library xil_defaultlib
INFO: [VRFC 10-311] analyzing module MyBootROM
INFO: [VRFC 10-2263] Analyzing Verilog file "C:/Hung/Viettel/Stage2/ML-KEM/NTT/MyReg.v" into library xil_defaultlib
INFO: [VRFC 10-311] analyzing module MyReg
INFO: [VRFC 10-2263] Analyzing Verilog file "C:/Hung/Viettel/Stage2/ML-KEM/NTT/barret.v" into library xil_defaultlib
INFO: [VRFC 10-311] analyzing module barret
INFO: [VRFC 10-2263] Analyzing Verilog file "C:/Hung/Viettel/Stage2/ML-KEM/NTT/bu_intt.v" into library xil_defaultlib
INFO: [VRFC 10-311] analyzing module bu_intt
INFO: [VRFC 10-2263] Analyzing Verilog file "C:/Hung/Viettel/Stage2/ML-KEM/NTT/bu_ntt.v" into library xil_defaultlib
INFO: [VRFC 10-311] analyzing module bu_ntt
INFO: [VRFC 10-2263] Analyzing Verilog file "C:/Hung/Viettel/Stage2/ML-KEM/NTT/mul.v" into library xil_defaultlib
INFO: [VRFC 10-311] analyzing module mul
INFO: [VRFC 10-2263] Analyzing Verilog file "C:/Hung/Viettel/Stage2/ML-KEM/NTT/top.v" into library xil_defaultlib
INFO: [VRFC 10-311] analyzing module top
WARNING: [VRFC 10-3380] identifier 'addr_a' is used before its declaration [C:/Hung/Viettel/Stage2/ML-KEM/NTT/top.v:65]
WARNING: [VRFC 10-3380] identifier 'addr_b' is used before its declaration [C:/Hung/Viettel/Stage2/ML-KEM/NTT/top.v:66]
INFO: [VRFC 10-2263] Analyzing Verilog file "C:/Hung/Viettel/Stage2/ML-KEM/NTT/tb_top.v" into library xil_defaultlib
INFO: [VRFC 10-311] analyzing module tb_top
INFO: [USF-XSim-69] 'compile' step finished in '1' seconds
Command: launch_simulation -step elaborate -simset sim_1 -mode behavioral
INFO: [Vivado 12-12493] Simulation top is 'tb_top'
WARNING: [Vivado 12-13340] Unable to auto find GCC executables from simulator install path! (path not set)
WARNING: [Vivado 12-13277] Compiled library path does not exist: ''
INFO: [Vivado 12-5682] Launching behavioral simulation in 'C:/Hung/Viettel/Stage2/ML-KEM/ml_kem/ml_kem.sim/sim_1/behav/xsim'
INFO: [SIM-utils-51] Simulation object is 'sim_1'
INFO: [USF-XSim-3] XSim::Elaborate design
INFO: [USF-XSim-61] Executing 'ELABORATE' step in 'C:/Hung/Viettel/Stage2/ML-KEM/ml_kem/ml_kem.sim/sim_1/behav/xsim'
"xelab --incr --debug typical --relax --mt 2 -L xil_defaultlib -L unisims_ver -L unimacro_ver -L secureip -L xpm --snapshot tb_top_behav xil_defaultlib.tb_top xil_defaultlib.glbl -log elaborate.log"
Vivado Simulator v2022.2.2
Copyright 1986-1999, 2001-2022 Xilinx, Inc. All Rights Reserved.
Running: C:/Xilinx/Vivado/2022.2/bin/unwrapped/win64.o/xelab.exe --incr --debug typical --relax --mt 2 -L xil_defaultlib -L unisims_ver -L unimacro_ver -L secureip -L xpm --snapshot tb_top_behav xil_defaultlib.tb_top xil_defaultlib.glbl -log elaborate.log 
Using 2 slave threads.
Starting static elaboration
Pass Through NonSizing Optimizer
Completed static elaboration
Starting simulation data flow analysis
Completed simulation data flow analysis
Time Resolution for simulation is 1ps
Compiling module xil_defaultlib.MyBootROM
Compiling module xil_defaultlib.AddressGenerator
Compiling module xil_defaultlib.MyReg
Compiling module xil_defaultlib.barret
Compiling module xil_defaultlib.BoothDecode
Compiling module xil_defaultlib.mul_default
Compiling module xil_defaultlib.bu_ntt
Compiling module xil_defaultlib.bu_intt
Compiling module xil_defaultlib.top
Compiling module xil_defaultlib.tb_top
Compiling module xil_defaultlib.glbl
Built simulation snapshot tb_top_behav
INFO: [USF-XSim-69] 'elaborate' step finished in '3' seconds
Time resolution is 1 ps
[5663000] DONE_STORE!
$finish called at time : 5742500 ps : File "C:/Hung/Viettel/Stage2/ML-KEM/NTT/tb_top.v" Line 115
relaunch_sim: Time (s): cpu = 00:00:00 ; elapsed = 00:00:05 . Memory (MB): peak = 2195.387 ; gain = 0.000
close_sim
INFO: [Simtcl 6-16] Simulation closed
reset_run synth_1
launch_runs synth_1 -jobs 16
[Thu Sep  4 14:12:47 2025] Launched synth_1...
Run output will be captured here: C:/Hung/Viettel/Stage2/ML-KEM/ml_kem/ml_kem.runs/synth_1/runme.log
update_compile_order -fileset sources_1
update_compile_order -fileset sources_1
reset_run synth_1
launch_runs synth_1 -jobs 16
[Thu Sep  4 14:18:03 2025] Launched synth_1...
Run output will be captured here: C:/Hung/Viettel/Stage2/ML-KEM/ml_kem/ml_kem.runs/synth_1/runme.log
open_run synth_1 -name synth_1
Design is defaulting to impl run constrset: constrs_1
Design is defaulting to synth run part: xczu9eg-ffvb1156-2-e
INFO: [Device 21-403] Loading part xczu9eg-ffvb1156-2-e
Netlist sorting complete. Time (s): cpu = 00:00:00 ; elapsed = 00:00:00.048 . Memory (MB): peak = 2493.312 ; gain = 0.000
INFO: [Netlist 29-17] Analyzing 1888 Unisim elements for replacement
INFO: [Netlist 29-28] Unisim Transformation completed in 0 CPU seconds
INFO: [Project 1-479] Netlist was created with Vivado 2022.2.2
INFO: [Project 1-570] Preparing netlist for logic optimization
Parsing XDC File [C:/Hung/Viettel/Stage2/ML-KEM/ml_kem/ml_kem.srcs/constrs_1/new/clock.xdc]
Finished Parsing XDC File [C:/Hung/Viettel/Stage2/ML-KEM/ml_kem/ml_kem.srcs/constrs_1/new/clock.xdc]
INFO: [Opt 31-138] Pushed 0 inverter(s) to 0 load pin(s).
Netlist sorting complete. Time (s): cpu = 00:00:00 ; elapsed = 00:00:00.002 . Memory (MB): peak = 2599.988 ; gain = 0.000
INFO: [Project 1-111] Unisim Transformation Summary:
  A total of 37 instances were transformed.
  IBUF => IBUF (IBUFCTRL, INBUF): 37 instances

open_run: Time (s): cpu = 00:00:27 ; elapsed = 00:00:17 . Memory (MB): peak = 2898.730 ; gain = 703.344
report_timing_summary -delay_type min_max -report_unconstrained -check_timing_verbose -max_paths 10 -input_pins -routable_nets -name timing_1
INFO: [Timing 38-35] Done setting XDC timing constraints.
INFO: [Timing 38-91] UpdateTimingParams: Speed grade: -2, Temperature grade: E, Delay Type: min_max.
INFO: [Timing 38-191] Multithreading enabled for timing update using a maximum of 2 CPUs
report_timing_summary: Time (s): cpu = 00:00:23 ; elapsed = 00:00:20 . Memory (MB): peak = 4681.348 ; gain = 1191.574
launch_simulation -mode post-synthesis -type functional
Command: launch_simulation  -mode post-synthesis -type functional
INFO: [Vivado 12-12493] Simulation top is 'tb_top'
WARNING: [Vivado 12-13340] Unable to auto find GCC executables from simulator install path! (path not set)
WARNING: [Vivado 12-13277] Compiled library path does not exist: ''
INFO: [Vivado 12-5682] Launching post-synthesis functional simulation in 'C:/Hung/Viettel/Stage2/ML-KEM/ml_kem/ml_kem.sim/sim_1/synth/func/xsim'
INFO: [SIM-utils-51] Simulation object is 'sim_1'
INFO: [SIM-utils-72] Using boost library from 'C:/Xilinx/Vivado/2022.2/tps/boost_1_72_0'
INFO: [SIM-utils-24] Writing simulation netlist file for design 'synth_1'...
INFO: [SIM-utils-25] write_verilog -mode funcsim -nolib -force -file "C:/Hung/Viettel/Stage2/ML-KEM/ml_kem/ml_kem.sim/sim_1/synth/func/xsim/tb_top_func_synth.v"
INFO: [SIM-utils-36] Netlist generated:C:/Hung/Viettel/Stage2/ML-KEM/ml_kem/ml_kem.sim/sim_1/synth/func/xsim/tb_top_func_synth.v
INFO: [USF-XSim-7] Finding pre-compiled libraries...
INFO: [USF-XSim-11] File 'C:/Xilinx/Vivado/2022.2/data/xsim/xsim.ini' copied to run dir:'C:/Hung/Viettel/Stage2/ML-KEM/ml_kem/ml_kem.sim/sim_1/synth/func/xsim'
INFO: [SIM-utils-54] Inspecting design source files for 'tb_top' in fileset 'sim_1'...
INFO: [USF-XSim-2] XSim::Compile design
INFO: [USF-XSim-61] Executing 'COMPILE and ANALYZE' step in 'C:/Hung/Viettel/Stage2/ML-KEM/ml_kem/ml_kem.sim/sim_1/synth/func/xsim'
"xvlog --incr --relax -prj tb_top_vlog.prj"
INFO: [VRFC 10-2263] Analyzing Verilog file "C:/Hung/Viettel/Stage2/ML-KEM/ml_kem/ml_kem.sim/sim_1/synth/func/xsim/tb_top_func_synth.v" into library xil_defaultlib
INFO: [VRFC 10-311] analyzing module AddressGenerator
INFO: [VRFC 10-311] analyzing module BoothDecode
INFO: [VRFC 10-311] analyzing module BoothDecode_1
INFO: [VRFC 10-311] analyzing module BoothDecode_10
INFO: [VRFC 10-311] analyzing module BoothDecode_11
INFO: [VRFC 10-311] analyzing module BoothDecode_12
INFO: [VRFC 10-311] analyzing module BoothDecode_13
INFO: [VRFC 10-311] analyzing module BoothDecode_14
INFO: [VRFC 10-311] analyzing module BoothDecode_15
INFO: [VRFC 10-311] analyzing module BoothDecode_16
INFO: [VRFC 10-311] analyzing module BoothDecode_17
INFO: [VRFC 10-311] analyzing module BoothDecode_2
INFO: [VRFC 10-311] analyzing module BoothDecode_3
INFO: [VRFC 10-311] analyzing module BoothDecode_4
INFO: [VRFC 10-311] analyzing module BoothDecode_5
INFO: [VRFC 10-311] analyzing module BoothDecode_6
INFO: [VRFC 10-311] analyzing module MyBootROM
INFO: [VRFC 10-311] analyzing module MyReg
INFO: [VRFC 10-311] analyzing module barret
INFO: [VRFC 10-311] analyzing module barret_0
INFO: [VRFC 10-311] analyzing module barret_7
INFO: [VRFC 10-311] analyzing module barret_8
INFO: [VRFC 10-311] analyzing module bu_intt
INFO: [VRFC 10-311] analyzing module bu_ntt
INFO: [VRFC 10-311] analyzing module mul
INFO: [VRFC 10-311] analyzing module mul_9
INFO: [VRFC 10-311] analyzing module top
INFO: [VRFC 10-311] analyzing module glbl
INFO: [VRFC 10-2263] Analyzing Verilog file "C:/Hung/Viettel/Stage2/ML-KEM/NTT/tb_top.v" into library xil_defaultlib
INFO: [VRFC 10-311] analyzing module tb_top
INFO: [USF-XSim-69] 'compile' step finished in '2' seconds
INFO: [USF-XSim-3] XSim::Elaborate design
INFO: [USF-XSim-61] Executing 'ELABORATE' step in 'C:/Hung/Viettel/Stage2/ML-KEM/ml_kem/ml_kem.sim/sim_1/synth/func/xsim'
"xelab --incr --debug typical --relax --mt 2 -L xil_defaultlib -L unisims_ver -L secureip --snapshot tb_top_func_synth xil_defaultlib.tb_top xil_defaultlib.glbl -log elaborate.log"
Vivado Simulator v2022.2.2
Copyright 1986-1999, 2001-2022 Xilinx, Inc. All Rights Reserved.
Running: C:/Xilinx/Vivado/2022.2/bin/unwrapped/win64.o/xelab.exe --incr --debug typical --relax --mt 2 -L xil_defaultlib -L unisims_ver -L secureip --snapshot tb_top_func_synth xil_defaultlib.tb_top xil_defaultlib.glbl -log elaborate.log 
Using 2 slave threads.
Starting static elaboration
Pass Through NonSizing Optimizer
Completed static elaboration
Starting simulation data flow analysis
Completed simulation data flow analysis
Time Resolution for simulation is 1ps
Compiling module unisims_ver.LUT6
Compiling module unisims_ver.x_lut3_mux8
Compiling module unisims_ver.LUT3
Compiling module unisims_ver.x_lut2_mux4
Compiling module unisims_ver.LUT2
Compiling module unisims_ver.FDCE_default
Compiling module unisims_ver.LUT4
Compiling module unisims_ver.CARRY8
Compiling module unisims_ver.LUT5
Compiling module unisims_ver.x_lut1_mux2
Compiling module unisims_ver.LUT1
Compiling module xil_defaultlib.AddressGenerator
Compiling module unisims_ver.MUXF8
Compiling module unisims_ver.MUXF7
Compiling module xil_defaultlib.MyReg
Compiling module unisims_ver.OBUF
Compiling module xil_defaultlib.barret_7
Compiling module xil_defaultlib.barret_8
Compiling module xil_defaultlib.BoothDecode_10
Compiling module xil_defaultlib.BoothDecode_11
Compiling module xil_defaultlib.BoothDecode_12
Compiling module xil_defaultlib.BoothDecode_13
Compiling module xil_defaultlib.BoothDecode_14
Compiling module xil_defaultlib.BoothDecode_15
Compiling module xil_defaultlib.BoothDecode_16
Compiling module xil_defaultlib.BoothDecode_17
Compiling module unisims_ver.FDRE_default
Compiling module unisims_ver.SRL16E_default
Compiling module xil_defaultlib.mul_9
Compiling module xil_defaultlib.bu_intt
Compiling module xil_defaultlib.barret
Compiling module xil_defaultlib.barret_0
Compiling module xil_defaultlib.BoothDecode
Compiling module xil_defaultlib.BoothDecode_1
Compiling module xil_defaultlib.BoothDecode_2
Compiling module xil_defaultlib.BoothDecode_3
Compiling module xil_defaultlib.BoothDecode_4
Compiling module xil_defaultlib.BoothDecode_5
Compiling module xil_defaultlib.BoothDecode_6
Compiling module xil_defaultlib.mul
Compiling module xil_defaultlib.bu_ntt
Compiling module unisims_ver.BUFGCE(CE_TYPE="ASYNC",SIM_DEVIC...
Compiling module unisims_ver.IBUF
Compiling module xil_defaultlib.MyBootROM
Compiling module xil_defaultlib.top
Compiling module xil_defaultlib.tb_top
Compiling module xil_defaultlib.glbl
Built simulation snapshot tb_top_func_synth
run_program: Time (s): cpu = 00:00:01 ; elapsed = 00:00:21 . Memory (MB): peak = 4681.348 ; gain = 0.000
INFO: [USF-XSim-69] 'elaborate' step finished in '21' seconds
INFO: [USF-XSim-4] XSim::Simulate design
INFO: [USF-XSim-61] Executing 'SIMULATE' step in 'C:/Hung/Viettel/Stage2/ML-KEM/ml_kem/ml_kem.sim/sim_1/synth/func/xsim'
INFO: [USF-XSim-98] *** Running xsim
   with args "tb_top_func_synth -key {Post-Synthesis:sim_1:Functional:tb_top} -tclbatch {tb_top.tcl} -view {C:/Hung/Viettel/Stage2/ML-KEM/ml_kem/tb_top_func_impl.wcfg} -log {simulate.log}"
INFO: [USF-XSim-8] Loading simulator feature
Time resolution is 1 ps
open_wave_config C:/Hung/Viettel/Stage2/ML-KEM/ml_kem/tb_top_func_impl.wcfg
WARNING: Simulation object /tb_top/dut/valid_addr was not found in the design.
source tb_top.tcl
# set curr_wave [current_wave_config]
# if { [string length $curr_wave] == 0 } {
#   if { [llength [get_objects]] > 0} {
#     add_wave /
#     set_property needs_save false [current_wave_config]
#   } else {
#      send_msg_id Add_Wave-1 WARNING "No top level signals found. Simulator will start without a wave window. If you want to open a wave window go to 'File->New Waveform Configuration' or type 'create_wave_config' in the TCL console."
#   }
# }
# run 1000000ns
[5663000] DONE_STORE!
$finish called at time : 5742600 ps : File "C:/Hung/Viettel/Stage2/ML-KEM/NTT/tb_top.v" Line 115
xsim: Time (s): cpu = 00:00:05 ; elapsed = 00:00:06 . Memory (MB): peak = 4681.348 ; gain = 0.000
INFO: [USF-XSim-96] XSim completed. Design snapshot 'tb_top_func_synth' loaded.
INFO: [USF-XSim-97] XSim simulation ran for 1000000ns
launch_simulation: Time (s): cpu = 00:00:09 ; elapsed = 00:00:30 . Memory (MB): peak = 4681.348 ; gain = 0.000
save_wave_config {C:/Hung/Viettel/Stage2/ML-KEM/ml_kem/tb_top_func_impl.wcfg}
launch_runs impl_1 -jobs 16
INFO: [Timing 38-480] Writing timing data to binary archive.
[Thu Sep  4 14:22:37 2025] Launched impl_1...
Run output will be captured here: C:/Hung/Viettel/Stage2/ML-KEM/ml_kem/ml_kem.runs/impl_1/runme.log
open_run impl_1
Netlist sorting complete. Time (s): cpu = 00:00:00 ; elapsed = 00:00:00.048 . Memory (MB): peak = 4681.348 ; gain = 0.000
INFO: [Netlist 29-17] Analyzing 1888 Unisim elements for replacement
INFO: [Netlist 29-28] Unisim Transformation completed in 0 CPU seconds
INFO: [Project 1-479] Netlist was created with Vivado 2022.2.2
INFO: [Project 1-570] Preparing netlist for logic optimization
INFO: [Timing 38-478] Restoring timing data from binary archive.
INFO: [Timing 38-479] Binary timing data restore complete.
INFO: [Project 1-856] Restoring constraints from binary archive.
INFO: [Project 1-853] Binary constraint restore complete.
Reading XDEF placement.
Reading placer database...
Reading XDEF routing.
Read XDEF Files: Time (s): cpu = 00:00:00 ; elapsed = 00:00:00.848 . Memory (MB): peak = 4722.051 ; gain = 0.000
Restored from archive | CPU: 0.000000 secs | Memory: 0.000000 MB |
Finished XDEF File Restore: Time (s): cpu = 00:00:00 ; elapsed = 00:00:00.857 . Memory (MB): peak = 4722.051 ; gain = 0.000
Netlist sorting complete. Time (s): cpu = 00:00:00 ; elapsed = 00:00:00.002 . Memory (MB): peak = 4722.051 ; gain = 0.000
INFO: [Project 1-111] Unisim Transformation Summary:
  A total of 37 instances were transformed.
  IBUF => IBUF (IBUFCTRL, INBUF): 37 instances

open_run: Time (s): cpu = 00:00:10 ; elapsed = 00:00:07 . Memory (MB): peak = 4737.531 ; gain = 56.184
launch_simulation -mode post-implementation -type functional
Command: launch_simulation  -mode post-implementation -type functional
INFO: [Vivado 12-12493] Simulation top is 'tb_top'
WARNING: [Vivado 12-13340] Unable to auto find GCC executables from simulator install path! (path not set)
WARNING: [Vivado 12-13277] Compiled library path does not exist: ''
INFO: [Vivado 12-5682] Launching post-implementation functional simulation in 'C:/Hung/Viettel/Stage2/ML-KEM/ml_kem/ml_kem.sim/sim_1/impl/func/xsim'
INFO: [SIM-utils-51] Simulation object is 'sim_1'
INFO: [SIM-utils-72] Using boost library from 'C:/Xilinx/Vivado/2022.2/tps/boost_1_72_0'
INFO: [SIM-utils-31] Writing simulation netlist file for design 'impl_1'...
INFO: [SIM-utils-32] write_verilog -mode funcsim -nolib -force -file "C:/Hung/Viettel/Stage2/ML-KEM/ml_kem/ml_kem.sim/sim_1/impl/func/xsim/tb_top_func_impl.v"
INFO: [SIM-utils-36] Netlist generated:C:/Hung/Viettel/Stage2/ML-KEM/ml_kem/ml_kem.sim/sim_1/impl/func/xsim/tb_top_func_impl.v
INFO: [USF-XSim-7] Finding pre-compiled libraries...
INFO: [USF-XSim-11] File 'C:/Xilinx/Vivado/2022.2/data/xsim/xsim.ini' copied to run dir:'C:/Hung/Viettel/Stage2/ML-KEM/ml_kem/ml_kem.sim/sim_1/impl/func/xsim'
INFO: [SIM-utils-54] Inspecting design source files for 'tb_top' in fileset 'sim_1'...
INFO: [USF-XSim-2] XSim::Compile design
INFO: [USF-XSim-61] Executing 'COMPILE and ANALYZE' step in 'C:/Hung/Viettel/Stage2/ML-KEM/ml_kem/ml_kem.sim/sim_1/impl/func/xsim'
"xvlog --incr --relax -prj tb_top_vlog.prj"
INFO: [VRFC 10-2263] Analyzing Verilog file "C:/Hung/Viettel/Stage2/ML-KEM/ml_kem/ml_kem.sim/sim_1/impl/func/xsim/tb_top_func_impl.v" into library xil_defaultlib
INFO: [VRFC 10-311] analyzing module AddressGenerator
INFO: [VRFC 10-311] analyzing module BoothDecode
INFO: [VRFC 10-311] analyzing module BoothDecode_1
INFO: [VRFC 10-311] analyzing module BoothDecode_10
INFO: [VRFC 10-311] analyzing module BoothDecode_11
INFO: [VRFC 10-311] analyzing module BoothDecode_12
INFO: [VRFC 10-311] analyzing module BoothDecode_13
INFO: [VRFC 10-311] analyzing module BoothDecode_14
INFO: [VRFC 10-311] analyzing module BoothDecode_15
INFO: [VRFC 10-311] analyzing module BoothDecode_16
INFO: [VRFC 10-311] analyzing module BoothDecode_17
INFO: [VRFC 10-311] analyzing module BoothDecode_2
INFO: [VRFC 10-311] analyzing module BoothDecode_3
INFO: [VRFC 10-311] analyzing module BoothDecode_4
INFO: [VRFC 10-311] analyzing module BoothDecode_5
INFO: [VRFC 10-311] analyzing module BoothDecode_6
INFO: [VRFC 10-311] analyzing module MyBootROM
INFO: [VRFC 10-311] analyzing module MyReg
INFO: [VRFC 10-311] analyzing module barret
INFO: [VRFC 10-311] analyzing module barret_0
INFO: [VRFC 10-311] analyzing module barret_7
INFO: [VRFC 10-311] analyzing module barret_8
INFO: [VRFC 10-311] analyzing module bu_intt
INFO: [VRFC 10-311] analyzing module bu_ntt
INFO: [VRFC 10-311] analyzing module mul
INFO: [VRFC 10-311] analyzing module mul_9
INFO: [VRFC 10-311] analyzing module top
INFO: [VRFC 10-311] analyzing module glbl
INFO: [VRFC 10-2263] Analyzing Verilog file "C:/Hung/Viettel/Stage2/ML-KEM/NTT/tb_top.v" into library xil_defaultlib
INFO: [VRFC 10-311] analyzing module tb_top
INFO: [USF-XSim-69] 'compile' step finished in '2' seconds
INFO: [USF-XSim-3] XSim::Elaborate design
INFO: [USF-XSim-61] Executing 'ELABORATE' step in 'C:/Hung/Viettel/Stage2/ML-KEM/ml_kem/ml_kem.sim/sim_1/impl/func/xsim'
"xelab --incr --debug typical --relax --mt 2 -L xil_defaultlib -L unisims_ver -L secureip --snapshot tb_top_func_impl xil_defaultlib.tb_top xil_defaultlib.glbl -log elaborate.log"
Vivado Simulator v2022.2.2
Copyright 1986-1999, 2001-2022 Xilinx, Inc. All Rights Reserved.
Running: C:/Xilinx/Vivado/2022.2/bin/unwrapped/win64.o/xelab.exe --incr --debug typical --relax --mt 2 -L xil_defaultlib -L unisims_ver -L secureip --snapshot tb_top_func_impl xil_defaultlib.tb_top xil_defaultlib.glbl -log elaborate.log 
Using 2 slave threads.
Starting static elaboration
Pass Through NonSizing Optimizer
Completed static elaboration
Starting simulation data flow analysis
Completed simulation data flow analysis
Time Resolution for simulation is 1ps
Compiling module unisims_ver.LUT6
Compiling module unisims_ver.x_lut3_mux8
Compiling module unisims_ver.LUT3
Compiling module unisims_ver.x_lut2_mux4
Compiling module unisims_ver.LUT2
Compiling module unisims_ver.FDCE_default
Compiling module unisims_ver.LUT4
Compiling module unisims_ver.CARRY8
Compiling module unisims_ver.LUT5
Compiling module unisims_ver.x_lut1_mux2
Compiling module unisims_ver.LUT1
Compiling module xil_defaultlib.AddressGenerator
Compiling module unisims_ver.MUXF8
Compiling module unisims_ver.MUXF7
Compiling module xil_defaultlib.MyReg
Compiling module unisims_ver.OBUF
Compiling module xil_defaultlib.barret_7
Compiling module xil_defaultlib.barret_8
Compiling module xil_defaultlib.BoothDecode_10
Compiling module xil_defaultlib.BoothDecode_11
Compiling module xil_defaultlib.BoothDecode_12
Compiling module xil_defaultlib.BoothDecode_13
Compiling module xil_defaultlib.BoothDecode_14
Compiling module xil_defaultlib.BoothDecode_15
Compiling module xil_defaultlib.BoothDecode_16
Compiling module xil_defaultlib.BoothDecode_17
Compiling module unisims_ver.FDRE_default
Compiling module unisims_ver.SRL16E_default
Compiling module xil_defaultlib.mul_9
Compiling module xil_defaultlib.bu_intt
Compiling module xil_defaultlib.barret
Compiling module xil_defaultlib.barret_0
Compiling module xil_defaultlib.BoothDecode
Compiling module xil_defaultlib.BoothDecode_1
Compiling module xil_defaultlib.BoothDecode_2
Compiling module xil_defaultlib.BoothDecode_3
Compiling module xil_defaultlib.BoothDecode_4
Compiling module xil_defaultlib.BoothDecode_5
Compiling module xil_defaultlib.BoothDecode_6
Compiling module xil_defaultlib.mul
Compiling module xil_defaultlib.bu_ntt
Compiling module unisims_ver.BUFGCE(CE_TYPE="ASYNC",SIM_DEVIC...
Compiling module unisims_ver.IBUF
Compiling module xil_defaultlib.MyBootROM
Compiling module xil_defaultlib.top
Compiling module xil_defaultlib.tb_top
Compiling module xil_defaultlib.glbl
Built simulation snapshot tb_top_func_impl
run_program: Time (s): cpu = 00:00:02 ; elapsed = 00:00:22 . Memory (MB): peak = 4832.531 ; gain = 0.000
INFO: [USF-XSim-69] 'elaborate' step finished in '21' seconds
INFO: [USF-XSim-4] XSim::Simulate design
INFO: [USF-XSim-61] Executing 'SIMULATE' step in 'C:/Hung/Viettel/Stage2/ML-KEM/ml_kem/ml_kem.sim/sim_1/impl/func/xsim'
INFO: [USF-XSim-98] *** Running xsim
   with args "tb_top_func_impl -key {Post-Implementation:sim_1:Functional:tb_top} -tclbatch {tb_top.tcl} -view {C:/Hung/Viettel/Stage2/ML-KEM/ml_kem/tb_top_func_impl.wcfg} -log {simulate.log}"
INFO: [USF-XSim-8] Loading simulator feature
Time resolution is 1 ps
open_wave_config C:/Hung/Viettel/Stage2/ML-KEM/ml_kem/tb_top_func_impl.wcfg
source tb_top.tcl
# set curr_wave [current_wave_config]
# if { [string length $curr_wave] == 0 } {
#   if { [llength [get_objects]] > 0} {
#     add_wave /
#     set_property needs_save false [current_wave_config]
#   } else {
#      send_msg_id Add_Wave-1 WARNING "No top level signals found. Simulator will start without a wave window. If you want to open a wave window go to 'File->New Waveform Configuration' or type 'create_wave_config' in the TCL console."
#   }
# }
# run 1000000ns
[5663000] DONE_STORE!
$finish called at time : 5742600 ps : File "C:/Hung/Viettel/Stage2/ML-KEM/NTT/tb_top.v" Line 115
xsim: Time (s): cpu = 00:00:06 ; elapsed = 00:00:06 . Memory (MB): peak = 4871.555 ; gain = 39.023
INFO: [USF-XSim-96] XSim completed. Design snapshot 'tb_top_func_impl' loaded.
INFO: [USF-XSim-97] XSim simulation ran for 1000000ns
launch_simulation: Time (s): cpu = 00:00:09 ; elapsed = 00:00:31 . Memory (MB): peak = 4871.555 ; gain = 39.023
launch_simulation -mode post-implementation -type timing
Command: launch_simulation  -mode post-implementation -type timing
INFO: [Vivado 12-12493] Simulation top is 'tb_top'
WARNING: [Vivado 12-13340] Unable to auto find GCC executables from simulator install path! (path not set)
WARNING: [Vivado 12-13277] Compiled library path does not exist: ''
INFO: [Vivado 12-5682] Launching post-implementation timing simulation in 'C:/Hung/Viettel/Stage2/ML-KEM/ml_kem/ml_kem.sim/sim_1/impl/timing/xsim'
INFO: [SIM-utils-51] Simulation object is 'sim_1'
INFO: [SIM-utils-72] Using boost library from 'C:/Xilinx/Vivado/2022.2/tps/boost_1_72_0'
INFO: [SIM-utils-31] Writing simulation netlist file for design 'impl_1'...
INFO: [SIM-utils-32] write_verilog -mode timesim -nolib -sdf_anno true -force -file "C:/Hung/Viettel/Stage2/ML-KEM/ml_kem/ml_kem.sim/sim_1/impl/timing/xsim/tb_top_time_impl.v"
INFO: [SIM-utils-34] Writing SDF file...
INFO: [SIM-utils-35] write_sdf -mode timesim -process_corner slow -force -file "C:/Hung/Viettel/Stage2/ML-KEM/ml_kem/ml_kem.sim/sim_1/impl/timing/xsim/tb_top_time_impl.sdf"
INFO: [SIM-utils-36] Netlist generated:C:/Hung/Viettel/Stage2/ML-KEM/ml_kem/ml_kem.sim/sim_1/impl/timing/xsim/tb_top_time_impl.v
INFO: [SIM-utils-37] SDF generated:C:/Hung/Viettel/Stage2/ML-KEM/ml_kem/ml_kem.sim/sim_1/impl/timing/xsim/tb_top_time_impl.sdf
INFO: [USF-XSim-7] Finding pre-compiled libraries...
INFO: [USF-XSim-11] File 'C:/Xilinx/Vivado/2022.2/data/xsim/xsim.ini' copied to run dir:'C:/Hung/Viettel/Stage2/ML-KEM/ml_kem/ml_kem.sim/sim_1/impl/timing/xsim'
INFO: [SIM-utils-54] Inspecting design source files for 'tb_top' in fileset 'sim_1'...
INFO: [USF-XSim-2] XSim::Compile design
INFO: [USF-XSim-61] Executing 'COMPILE and ANALYZE' step in 'C:/Hung/Viettel/Stage2/ML-KEM/ml_kem/ml_kem.sim/sim_1/impl/timing/xsim'
"xvlog --incr --relax -prj tb_top_vlog.prj"
INFO: [VRFC 10-2263] Analyzing Verilog file "C:/Hung/Viettel/Stage2/ML-KEM/ml_kem/ml_kem.sim/sim_1/impl/timing/xsim/tb_top_time_impl.v" into library xil_defaultlib
INFO: [VRFC 10-311] analyzing module IBUF_UNIQ_BASE_
INFO: [VRFC 10-311] analyzing module IBUF_HD37
INFO: [VRFC 10-311] analyzing module IBUF_HD38
INFO: [VRFC 10-311] analyzing module IBUF_HD39
INFO: [VRFC 10-311] analyzing module IBUF_HD40
INFO: [VRFC 10-311] analyzing module IBUF_HD41
INFO: [VRFC 10-311] analyzing module IBUF_HD42
INFO: [VRFC 10-311] analyzing module IBUF_HD43
INFO: [VRFC 10-311] analyzing module IBUF_HD44
INFO: [VRFC 10-311] analyzing module IBUF_HD45
INFO: [VRFC 10-311] analyzing module IBUF_HD46
INFO: [VRFC 10-311] analyzing module IBUF_HD47
INFO: [VRFC 10-311] analyzing module IBUF_HD48
INFO: [VRFC 10-311] analyzing module IBUF_HD49
INFO: [VRFC 10-311] analyzing module IBUF_HD50
INFO: [VRFC 10-311] analyzing module IBUF_HD51
INFO: [VRFC 10-311] analyzing module IBUF_HD52
INFO: [VRFC 10-311] analyzing module IBUF_HD53
INFO: [VRFC 10-311] analyzing module IBUF_HD54
INFO: [VRFC 10-311] analyzing module IBUF_HD55
INFO: [VRFC 10-311] analyzing module IBUF_HD56
INFO: [VRFC 10-311] analyzing module IBUF_HD57
INFO: [VRFC 10-311] analyzing module IBUF_HD58
INFO: [VRFC 10-311] analyzing module IBUF_HD59
INFO: [VRFC 10-311] analyzing module IBUF_HD60
INFO: [VRFC 10-311] analyzing module IBUF_HD61
INFO: [VRFC 10-311] analyzing module IBUF_HD62
INFO: [VRFC 10-311] analyzing module IBUF_HD63
INFO: [VRFC 10-311] analyzing module IBUF_HD64
INFO: [VRFC 10-311] analyzing module IBUF_HD65
INFO: [VRFC 10-311] analyzing module IBUF_HD66
INFO: [VRFC 10-311] analyzing module IBUF_HD67
INFO: [VRFC 10-311] analyzing module IBUF_HD68
INFO: [VRFC 10-311] analyzing module IBUF_HD69
INFO: [VRFC 10-311] analyzing module IBUF_HD70
INFO: [VRFC 10-311] analyzing module IBUF_HD71
INFO: [VRFC 10-311] analyzing module IBUF_HD72
INFO: [VRFC 10-311] analyzing module AddressGenerator
INFO: [VRFC 10-311] analyzing module BoothDecode
INFO: [VRFC 10-311] analyzing module BoothDecode_1
INFO: [VRFC 10-311] analyzing module BoothDecode_10
INFO: [VRFC 10-311] analyzing module BoothDecode_11
INFO: [VRFC 10-311] analyzing module BoothDecode_12
INFO: [VRFC 10-311] analyzing module BoothDecode_13
INFO: [VRFC 10-311] analyzing module BoothDecode_14
INFO: [VRFC 10-311] analyzing module BoothDecode_15
INFO: [VRFC 10-311] analyzing module BoothDecode_16
INFO: [VRFC 10-311] analyzing module BoothDecode_17
INFO: [VRFC 10-311] analyzing module BoothDecode_2
INFO: [VRFC 10-311] analyzing module BoothDecode_3
INFO: [VRFC 10-311] analyzing module BoothDecode_4
INFO: [VRFC 10-311] analyzing module BoothDecode_5
INFO: [VRFC 10-311] analyzing module BoothDecode_6
INFO: [VRFC 10-311] analyzing module MyBootROM
INFO: [VRFC 10-311] analyzing module MyReg
INFO: [VRFC 10-311] analyzing module barret
INFO: [VRFC 10-311] analyzing module barret_0
INFO: [VRFC 10-311] analyzing module barret_7
INFO: [VRFC 10-311] analyzing module barret_8
INFO: [VRFC 10-311] analyzing module bu_intt
INFO: [VRFC 10-311] analyzing module bu_ntt
INFO: [VRFC 10-311] analyzing module mul
INFO: [VRFC 10-311] analyzing module mul_9
INFO: [VRFC 10-311] analyzing module top
INFO: [VRFC 10-311] analyzing module glbl
INFO: [VRFC 10-2263] Analyzing Verilog file "C:/Hung/Viettel/Stage2/ML-KEM/NTT/tb_top.v" into library xil_defaultlib
INFO: [VRFC 10-311] analyzing module tb_top
INFO: [USF-XSim-69] 'compile' step finished in '2' seconds
INFO: [USF-XSim-3] XSim::Elaborate design
INFO: [USF-XSim-61] Executing 'ELABORATE' step in 'C:/Hung/Viettel/Stage2/ML-KEM/ml_kem/ml_kem.sim/sim_1/impl/timing/xsim'
"xelab --incr --debug typical --relax --mt 2 --maxdelay -L xil_defaultlib -L simprims_ver -L secureip --snapshot tb_top_time_impl -transport_int_delays -pulse_r 0 -pulse_int_r 0 -pulse_e 0 -pulse_int_e 0 xil_defaultlib.tb_top xil_defaultlib.glbl -log elaborate.log"
Vivado Simulator v2022.2.2
Copyright 1986-1999, 2001-2022 Xilinx, Inc. All Rights Reserved.
Running: C:/Xilinx/Vivado/2022.2/bin/unwrapped/win64.o/xelab.exe --incr --debug typical --relax --mt 2 --maxdelay -L xil_defaultlib -L simprims_ver -L secureip --snapshot tb_top_time_impl -transport_int_delays -pulse_r 0 -pulse_int_r 0 -pulse_e 0 -pulse_int_e 0 xil_defaultlib.tb_top xil_defaultlib.glbl -log elaborate.log 
Using 2 slave threads.
Starting static elaboration
Pass Through NonSizing Optimizer
Completed static elaboration
Starting simulation data flow analysis
Completed simulation data flow analysis
INFO: [XSIM 43-3451] SDF backannotation process started with SDF file "tb_top_time_impl.sdf", for root module "tb_top/dut".
INFO: [XSIM 43-3452] SDF backannotation was successful for SDF file "tb_top_time_impl.sdf", for root module "tb_top/dut".
Time Resolution for simulation is 1ps
Compiling module simprims_ver.LUT6
Compiling module simprims_ver.x_lut3_mux8
Compiling module simprims_ver.LUT3
Compiling module simprims_ver.x_lut2_mux4
Compiling module simprims_ver.LUT2
Compiling module simprims_ver.FDCE_default
Compiling module simprims_ver.LUT4
Compiling module simprims_ver.CARRY8
Compiling module simprims_ver.LUT5
Compiling module simprims_ver.x_lut1_mux2
Compiling module simprims_ver.LUT1
Compiling module xil_defaultlib.AddressGenerator
Compiling module simprims_ver.MUXF8
Compiling module simprims_ver.MUXF7
Compiling module xil_defaultlib.MyReg
Compiling module simprims_ver.OBUF
Compiling module xil_defaultlib.barret_7
Compiling module xil_defaultlib.barret_8
Compiling module xil_defaultlib.BoothDecode_10
Compiling module xil_defaultlib.BoothDecode_11
Compiling module xil_defaultlib.BoothDecode_12
Compiling module xil_defaultlib.BoothDecode_13
Compiling module xil_defaultlib.BoothDecode_14
Compiling module xil_defaultlib.BoothDecode_15
Compiling module xil_defaultlib.BoothDecode_16
Compiling module xil_defaultlib.BoothDecode_17
Compiling module simprims_ver.FDRE_default
Compiling module simprims_ver.SRL16E_default
Compiling module xil_defaultlib.mul_9
Compiling module xil_defaultlib.bu_intt
Compiling module xil_defaultlib.barret
Compiling module xil_defaultlib.barret_0
Compiling module xil_defaultlib.BoothDecode
Compiling module xil_defaultlib.BoothDecode_1
Compiling module xil_defaultlib.BoothDecode_2
Compiling module xil_defaultlib.BoothDecode_3
Compiling module xil_defaultlib.BoothDecode_4
Compiling module xil_defaultlib.BoothDecode_5
Compiling module xil_defaultlib.BoothDecode_6
Compiling module xil_defaultlib.mul
Compiling module xil_defaultlib.bu_ntt
Compiling module simprims_ver.BUFGCE(CE_TYPE="ASYNC",SIM_DEVIC...
Compiling module simprims_ver.IBUFCTRL_default
Compiling module simprims_ver.INBUF_default
Compiling module xil_defaultlib.IBUF_UNIQ_BASE_
Compiling module xil_defaultlib.IBUF_HD37
Compiling module xil_defaultlib.IBUF_HD38
Compiling module xil_defaultlib.IBUF_HD39
Compiling module xil_defaultlib.IBUF_HD40
Compiling module xil_defaultlib.IBUF_HD41
Compiling module xil_defaultlib.IBUF_HD42
Compiling module xil_defaultlib.IBUF_HD43
Compiling module xil_defaultlib.IBUF_HD44
Compiling module xil_defaultlib.IBUF_HD45
Compiling module xil_defaultlib.IBUF_HD46
Compiling module xil_defaultlib.IBUF_HD47
Compiling module xil_defaultlib.IBUF_HD48
Compiling module xil_defaultlib.IBUF_HD49
Compiling module xil_defaultlib.IBUF_HD50
Compiling module xil_defaultlib.IBUF_HD51
Compiling module xil_defaultlib.IBUF_HD52
Compiling module xil_defaultlib.IBUF_HD53
Compiling module xil_defaultlib.IBUF_HD54
Compiling module xil_defaultlib.IBUF_HD55
Compiling module xil_defaultlib.IBUF_HD56
Compiling module xil_defaultlib.IBUF_HD57
Compiling module xil_defaultlib.IBUF_HD58
Compiling module xil_defaultlib.IBUF_HD59
Compiling module xil_defaultlib.IBUF_HD60
Compiling module xil_defaultlib.IBUF_HD61
Compiling module xil_defaultlib.IBUF_HD62
Compiling module xil_defaultlib.IBUF_HD63
Compiling module xil_defaultlib.IBUF_HD64
Compiling module xil_defaultlib.IBUF_HD65
Compiling module xil_defaultlib.IBUF_HD66
Compiling module xil_defaultlib.IBUF_HD67
Compiling module xil_defaultlib.IBUF_HD68
Compiling module xil_defaultlib.IBUF_HD69
Compiling module xil_defaultlib.MyBootROM
Compiling module xil_defaultlib.IBUF_HD70
Compiling module xil_defaultlib.IBUF_HD71
Compiling module xil_defaultlib.IBUF_HD72
Compiling module xil_defaultlib.top
Compiling module xil_defaultlib.tb_top
Compiling module xil_defaultlib.glbl
Built simulation snapshot tb_top_time_impl
run_program: Time (s): cpu = 00:00:26 ; elapsed = 00:08:46 . Memory (MB): peak = 4890.902 ; gain = 6.523
INFO: [USF-XSim-69] 'elaborate' step finished in '526' seconds
INFO: [USF-XSim-4] XSim::Simulate design
INFO: [USF-XSim-61] Executing 'SIMULATE' step in 'C:/Hung/Viettel/Stage2/ML-KEM/ml_kem/ml_kem.sim/sim_1/impl/timing/xsim'
INFO: [USF-XSim-98] *** Running xsim
   with args "tb_top_time_impl -key {Post-Implementation:sim_1:Timing:tb_top} -tclbatch {tb_top.tcl} -view {C:/Hung/Viettel/Stage2/ML-KEM/ml_kem/tb_top_func_impl.wcfg} -log {simulate.log}"
INFO: [USF-XSim-8] Loading simulator feature
Time resolution is 1 ps
open_wave_config C:/Hung/Viettel/Stage2/ML-KEM/ml_kem/tb_top_func_impl.wcfg
source tb_top.tcl
# set curr_wave [current_wave_config]
# if { [string length $curr_wave] == 0 } {
#   if { [llength [get_objects]] > 0} {
#     add_wave /
#     set_property needs_save false [current_wave_config]
#   } else {
#      send_msg_id Add_Wave-1 WARNING "No top level signals found. Simulator will start without a wave window. If you want to open a wave window go to 'File->New Waveform Configuration' or type 'create_wave_config' in the TCL console."
#   }
# }
# run 1000000ns
[1094000] DONE_STORE!
$finish called at time : 1174363 ps : File "C:/Hung/Viettel/Stage2/ML-KEM/NTT/tb_top.v" Line 115
run: Time (s): cpu = 00:00:06 ; elapsed = 00:00:07 . Memory (MB): peak = 4905.180 ; gain = 14.277
xsim: Time (s): cpu = 00:00:07 ; elapsed = 00:00:08 . Memory (MB): peak = 4905.180 ; gain = 14.277
INFO: [USF-XSim-96] XSim completed. Design snapshot 'tb_top_time_impl' loaded.
INFO: [USF-XSim-97] XSim simulation ran for 1000000ns
launch_simulation: Time (s): cpu = 00:01:08 ; elapsed = 00:09:01 . Memory (MB): peak = 4905.180 ; gain = 33.504
relaunch_sim
Command: launch_simulation -step compile -simset sim_1 -mode post-implementation -type timing
INFO: [Vivado 12-12493] Simulation top is 'tb_top'
WARNING: [Vivado 12-13340] Unable to auto find GCC executables from simulator install path! (path not set)
WARNING: [Vivado 12-13277] Compiled library path does not exist: ''
INFO: [Vivado 12-5682] Launching post-implementation timing simulation in 'C:/Hung/Viettel/Stage2/ML-KEM/ml_kem/ml_kem.sim/sim_1/impl/timing/xsim'
INFO: [SIM-utils-51] Simulation object is 'sim_1'
INFO: [USF-XSim-2] XSim::Compile design
INFO: [USF-XSim-61] Executing 'COMPILE and ANALYZE' step in 'C:/Hung/Viettel/Stage2/ML-KEM/ml_kem/ml_kem.sim/sim_1/impl/timing/xsim'
"xvlog --incr --relax -prj tb_top_vlog.prj"
INFO: [VRFC 10-2263] Analyzing Verilog file "C:/Hung/Viettel/Stage2/ML-KEM/ml_kem/ml_kem.sim/sim_1/impl/timing/xsim/tb_top_time_impl.v" into library xil_defaultlib
INFO: [VRFC 10-311] analyzing module IBUF_UNIQ_BASE_
INFO: [VRFC 10-311] analyzing module IBUF_HD37
INFO: [VRFC 10-311] analyzing module IBUF_HD38
INFO: [VRFC 10-311] analyzing module IBUF_HD39
INFO: [VRFC 10-311] analyzing module IBUF_HD40
INFO: [VRFC 10-311] analyzing module IBUF_HD41
INFO: [VRFC 10-311] analyzing module IBUF_HD42
INFO: [VRFC 10-311] analyzing module IBUF_HD43
INFO: [VRFC 10-311] analyzing module IBUF_HD44
INFO: [VRFC 10-311] analyzing module IBUF_HD45
INFO: [VRFC 10-311] analyzing module IBUF_HD46
INFO: [VRFC 10-311] analyzing module IBUF_HD47
INFO: [VRFC 10-311] analyzing module IBUF_HD48
INFO: [VRFC 10-311] analyzing module IBUF_HD49
INFO: [VRFC 10-311] analyzing module IBUF_HD50
INFO: [VRFC 10-311] analyzing module IBUF_HD51
INFO: [VRFC 10-311] analyzing module IBUF_HD52
INFO: [VRFC 10-311] analyzing module IBUF_HD53
INFO: [VRFC 10-311] analyzing module IBUF_HD54
INFO: [VRFC 10-311] analyzing module IBUF_HD55
INFO: [VRFC 10-311] analyzing module IBUF_HD56
INFO: [VRFC 10-311] analyzing module IBUF_HD57
INFO: [VRFC 10-311] analyzing module IBUF_HD58
INFO: [VRFC 10-311] analyzing module IBUF_HD59
INFO: [VRFC 10-311] analyzing module IBUF_HD60
INFO: [VRFC 10-311] analyzing module IBUF_HD61
INFO: [VRFC 10-311] analyzing module IBUF_HD62
INFO: [VRFC 10-311] analyzing module IBUF_HD63
INFO: [VRFC 10-311] analyzing module IBUF_HD64
INFO: [VRFC 10-311] analyzing module IBUF_HD65
INFO: [VRFC 10-311] analyzing module IBUF_HD66
INFO: [VRFC 10-311] analyzing module IBUF_HD67
INFO: [VRFC 10-311] analyzing module IBUF_HD68
INFO: [VRFC 10-311] analyzing module IBUF_HD69
INFO: [VRFC 10-311] analyzing module IBUF_HD70
INFO: [VRFC 10-311] analyzing module IBUF_HD71
INFO: [VRFC 10-311] analyzing module IBUF_HD72
INFO: [VRFC 10-311] analyzing module AddressGenerator
INFO: [VRFC 10-311] analyzing module BoothDecode
INFO: [VRFC 10-311] analyzing module BoothDecode_1
INFO: [VRFC 10-311] analyzing module BoothDecode_10
INFO: [VRFC 10-311] analyzing module BoothDecode_11
INFO: [VRFC 10-311] analyzing module BoothDecode_12
INFO: [VRFC 10-311] analyzing module BoothDecode_13
INFO: [VRFC 10-311] analyzing module BoothDecode_14
INFO: [VRFC 10-311] analyzing module BoothDecode_15
INFO: [VRFC 10-311] analyzing module BoothDecode_16
INFO: [VRFC 10-311] analyzing module BoothDecode_17
INFO: [VRFC 10-311] analyzing module BoothDecode_2
INFO: [VRFC 10-311] analyzing module BoothDecode_3
INFO: [VRFC 10-311] analyzing module BoothDecode_4
INFO: [VRFC 10-311] analyzing module BoothDecode_5
INFO: [VRFC 10-311] analyzing module BoothDecode_6
INFO: [VRFC 10-311] analyzing module MyBootROM
INFO: [VRFC 10-311] analyzing module MyReg
INFO: [VRFC 10-311] analyzing module barret
INFO: [VRFC 10-311] analyzing module barret_0
INFO: [VRFC 10-311] analyzing module barret_7
INFO: [VRFC 10-311] analyzing module barret_8
INFO: [VRFC 10-311] analyzing module bu_intt
INFO: [VRFC 10-311] analyzing module bu_ntt
INFO: [VRFC 10-311] analyzing module mul
INFO: [VRFC 10-311] analyzing module mul_9
INFO: [VRFC 10-311] analyzing module top
INFO: [VRFC 10-311] analyzing module glbl
INFO: [VRFC 10-2263] Analyzing Verilog file "C:/Hung/Viettel/Stage2/ML-KEM/NTT/tb_top.v" into library xil_defaultlib
INFO: [VRFC 10-311] analyzing module tb_top
INFO: [USF-XSim-69] 'compile' step finished in '2' seconds
Command: launch_simulation -step elaborate -simset sim_1 -mode post-implementation -type timing
INFO: [Vivado 12-12493] Simulation top is 'tb_top'
WARNING: [Vivado 12-13340] Unable to auto find GCC executables from simulator install path! (path not set)
WARNING: [Vivado 12-13277] Compiled library path does not exist: ''
INFO: [Vivado 12-5682] Launching post-implementation timing simulation in 'C:/Hung/Viettel/Stage2/ML-KEM/ml_kem/ml_kem.sim/sim_1/impl/timing/xsim'
INFO: [SIM-utils-51] Simulation object is 'sim_1'
INFO: [USF-XSim-3] XSim::Elaborate design
INFO: [USF-XSim-61] Executing 'ELABORATE' step in 'C:/Hung/Viettel/Stage2/ML-KEM/ml_kem/ml_kem.sim/sim_1/impl/timing/xsim'
"xelab --incr --debug typical --relax --mt 2 --maxdelay -L xil_defaultlib -L simprims_ver -L secureip --snapshot tb_top_time_impl -transport_int_delays -pulse_r 0 -pulse_int_r 0 -pulse_e 0 -pulse_int_e 0 xil_defaultlib.tb_top xil_defaultlib.glbl -log elaborate.log"
Vivado Simulator v2022.2.2
Copyright 1986-1999, 2001-2022 Xilinx, Inc. All Rights Reserved.
Running: C:/Xilinx/Vivado/2022.2/bin/unwrapped/win64.o/xelab.exe --incr --debug typical --relax --mt 2 --maxdelay -L xil_defaultlib -L simprims_ver -L secureip --snapshot tb_top_time_impl -transport_int_delays -pulse_r 0 -pulse_int_r 0 -pulse_e 0 -pulse_int_e 0 xil_defaultlib.tb_top xil_defaultlib.glbl -log elaborate.log 
Using 2 slave threads.
Starting static elaboration
Pass Through NonSizing Optimizer
ERROR: [VRFC 10-3180] cannot find port 'load_done' on this module [C:/Hung/Viettel/Stage2/ML-KEM/NTT/tb_top.v:41]
ERROR: [XSIM 43-3322] Static elaboration of top level Verilog design unit(s) in library work failed.
INFO: [USF-XSim-69] 'elaborate' step finished in '4' seconds
INFO: [USF-XSim-99] Step results log file:'C:/Hung/Viettel/Stage2/ML-KEM/ml_kem/ml_kem.sim/sim_1/impl/timing/xsim/elaborate.log'
ERROR: [USF-XSim-62] 'elaborate' step failed with error(s). Please check the Tcl console output or 'C:/Hung/Viettel/Stage2/ML-KEM/ml_kem/ml_kem.sim/sim_1/impl/timing/xsim/elaborate.log' file for more information.
ERROR: [Vivado 12-4473] Detected error while running simulation. Please correct the issue and retry this operation.
ERROR: [Common 17-39] 'launch_simulation' failed due to earlier errors.
ERROR: [Common 17-69] Command failed: ERROR: [Common 17-39] 'launch_simulation' failed due to earlier errors.

close_sim
INFO: [Simtcl 6-16] Simulation closed
current_sim simulation_9
close_sim
INFO: [Simtcl 6-16] Simulation closed
close_sim
INFO: [Simtcl 6-16] Simulation closed
launch_simulation -mode post-implementation -type functional
Command: launch_simulation  -mode post-implementation -type functional
INFO: [Vivado 12-12493] Simulation top is 'tb_top'
WARNING: [Vivado 12-13340] Unable to auto find GCC executables from simulator install path! (path not set)
WARNING: [Vivado 12-13277] Compiled library path does not exist: ''
INFO: [Vivado 12-5682] Launching post-implementation functional simulation in 'C:/Hung/Viettel/Stage2/ML-KEM/ml_kem/ml_kem.sim/sim_1/impl/func/xsim'
INFO: [SIM-utils-51] Simulation object is 'sim_1'
INFO: [SIM-utils-72] Using boost library from 'C:/Xilinx/Vivado/2022.2/tps/boost_1_72_0'
INFO: [SIM-utils-31] Writing simulation netlist file for design 'impl_1'...
INFO: [SIM-utils-32] write_verilog -mode funcsim -nolib -force -file "C:/Hung/Viettel/Stage2/ML-KEM/ml_kem/ml_kem.sim/sim_1/impl/func/xsim/tb_top_func_impl.v"
INFO: [SIM-utils-36] Netlist generated:C:/Hung/Viettel/Stage2/ML-KEM/ml_kem/ml_kem.sim/sim_1/impl/func/xsim/tb_top_func_impl.v
INFO: [USF-XSim-7] Finding pre-compiled libraries...
INFO: [USF-XSim-11] File 'C:/Xilinx/Vivado/2022.2/data/xsim/xsim.ini' copied to run dir:'C:/Hung/Viettel/Stage2/ML-KEM/ml_kem/ml_kem.sim/sim_1/impl/func/xsim'
INFO: [SIM-utils-54] Inspecting design source files for 'tb_top' in fileset 'sim_1'...
INFO: [USF-XSim-2] XSim::Compile design
INFO: [USF-XSim-61] Executing 'COMPILE and ANALYZE' step in 'C:/Hung/Viettel/Stage2/ML-KEM/ml_kem/ml_kem.sim/sim_1/impl/func/xsim'
"xvlog --incr --relax -prj tb_top_vlog.prj"
INFO: [VRFC 10-2263] Analyzing Verilog file "C:/Hung/Viettel/Stage2/ML-KEM/ml_kem/ml_kem.sim/sim_1/impl/func/xsim/tb_top_func_impl.v" into library xil_defaultlib
INFO: [VRFC 10-311] analyzing module AddressGenerator
INFO: [VRFC 10-311] analyzing module BoothDecode
INFO: [VRFC 10-311] analyzing module BoothDecode_1
INFO: [VRFC 10-311] analyzing module BoothDecode_10
INFO: [VRFC 10-311] analyzing module BoothDecode_11
INFO: [VRFC 10-311] analyzing module BoothDecode_12
INFO: [VRFC 10-311] analyzing module BoothDecode_13
INFO: [VRFC 10-311] analyzing module BoothDecode_14
INFO: [VRFC 10-311] analyzing module BoothDecode_15
INFO: [VRFC 10-311] analyzing module BoothDecode_16
INFO: [VRFC 10-311] analyzing module BoothDecode_17
INFO: [VRFC 10-311] analyzing module BoothDecode_2
INFO: [VRFC 10-311] analyzing module BoothDecode_3
INFO: [VRFC 10-311] analyzing module BoothDecode_4
INFO: [VRFC 10-311] analyzing module BoothDecode_5
INFO: [VRFC 10-311] analyzing module BoothDecode_6
INFO: [VRFC 10-311] analyzing module MyBootROM
INFO: [VRFC 10-311] analyzing module MyReg
INFO: [VRFC 10-311] analyzing module barret
INFO: [VRFC 10-311] analyzing module barret_0
INFO: [VRFC 10-311] analyzing module barret_7
INFO: [VRFC 10-311] analyzing module barret_8
INFO: [VRFC 10-311] analyzing module bu_intt
INFO: [VRFC 10-311] analyzing module bu_ntt
INFO: [VRFC 10-311] analyzing module mul
INFO: [VRFC 10-311] analyzing module mul_9
INFO: [VRFC 10-311] analyzing module top
INFO: [VRFC 10-311] analyzing module glbl
INFO: [VRFC 10-2263] Analyzing Verilog file "C:/Hung/Viettel/Stage2/ML-KEM/NTT/tb_top.v" into library xil_defaultlib
INFO: [VRFC 10-311] analyzing module tb_top
INFO: [USF-XSim-69] 'compile' step finished in '2' seconds
INFO: [USF-XSim-3] XSim::Elaborate design
INFO: [USF-XSim-61] Executing 'ELABORATE' step in 'C:/Hung/Viettel/Stage2/ML-KEM/ml_kem/ml_kem.sim/sim_1/impl/func/xsim'
"xelab --incr --debug typical --relax --mt 2 -L xil_defaultlib -L unisims_ver -L secureip --snapshot tb_top_func_impl xil_defaultlib.tb_top xil_defaultlib.glbl -log elaborate.log"
Vivado Simulator v2022.2.2
Copyright 1986-1999, 2001-2022 Xilinx, Inc. All Rights Reserved.
Running: C:/Xilinx/Vivado/2022.2/bin/unwrapped/win64.o/xelab.exe --incr --debug typical --relax --mt 2 -L xil_defaultlib -L unisims_ver -L secureip --snapshot tb_top_func_impl xil_defaultlib.tb_top xil_defaultlib.glbl -log elaborate.log 
Using 2 slave threads.
Starting static elaboration
Pass Through NonSizing Optimizer
ERROR: [VRFC 10-3180] cannot find port 'load_done' on this module [C:/Hung/Viettel/Stage2/ML-KEM/NTT/tb_top.v:41]
ERROR: [XSIM 43-3322] Static elaboration of top level Verilog design unit(s) in library work failed.
INFO: [USF-XSim-69] 'elaborate' step finished in '3' seconds
INFO: [USF-XSim-99] Step results log file:'C:/Hung/Viettel/Stage2/ML-KEM/ml_kem/ml_kem.sim/sim_1/impl/func/xsim/elaborate.log'
ERROR: [USF-XSim-62] 'elaborate' step failed with error(s). Please check the Tcl console output or 'C:/Hung/Viettel/Stage2/ML-KEM/ml_kem/ml_kem.sim/sim_1/impl/func/xsim/elaborate.log' file for more information.
ERROR: [Vivado 12-4473] Detected error while running simulation. Please correct the issue and retry this operation.
launch_simulation: Time (s): cpu = 00:00:03 ; elapsed = 00:00:06 . Memory (MB): peak = 4913.781 ; gain = 0.000
ERROR: [Common 17-39] 'launch_simulation' failed due to earlier errors.
launch_simulation -mode post-implementation -type functional
Command: launch_simulation  -mode post-implementation -type functional
INFO: [Vivado 12-12493] Simulation top is 'tb_top'
WARNING: [Vivado 12-13340] Unable to auto find GCC executables from simulator install path! (path not set)
WARNING: [Vivado 12-13277] Compiled library path does not exist: ''
INFO: [Vivado 12-5682] Launching post-implementation functional simulation in 'C:/Hung/Viettel/Stage2/ML-KEM/ml_kem/ml_kem.sim/sim_1/impl/func/xsim'
INFO: [SIM-utils-51] Simulation object is 'sim_1'
INFO: [SIM-utils-72] Using boost library from 'C:/Xilinx/Vivado/2022.2/tps/boost_1_72_0'
INFO: [SIM-utils-31] Writing simulation netlist file for design 'impl_1'...
INFO: [SIM-utils-32] write_verilog -mode funcsim -nolib -force -file "C:/Hung/Viettel/Stage2/ML-KEM/ml_kem/ml_kem.sim/sim_1/impl/func/xsim/tb_top_func_impl.v"
INFO: [SIM-utils-36] Netlist generated:C:/Hung/Viettel/Stage2/ML-KEM/ml_kem/ml_kem.sim/sim_1/impl/func/xsim/tb_top_func_impl.v
INFO: [USF-XSim-7] Finding pre-compiled libraries...
INFO: [USF-XSim-11] File 'C:/Xilinx/Vivado/2022.2/data/xsim/xsim.ini' copied to run dir:'C:/Hung/Viettel/Stage2/ML-KEM/ml_kem/ml_kem.sim/sim_1/impl/func/xsim'
INFO: [SIM-utils-54] Inspecting design source files for 'tb_top' in fileset 'sim_1'...
INFO: [USF-XSim-2] XSim::Compile design
INFO: [USF-XSim-61] Executing 'COMPILE and ANALYZE' step in 'C:/Hung/Viettel/Stage2/ML-KEM/ml_kem/ml_kem.sim/sim_1/impl/func/xsim'
"xvlog --incr --relax -prj tb_top_vlog.prj"
INFO: [VRFC 10-2263] Analyzing Verilog file "C:/Hung/Viettel/Stage2/ML-KEM/ml_kem/ml_kem.sim/sim_1/impl/func/xsim/tb_top_func_impl.v" into library xil_defaultlib
INFO: [VRFC 10-311] analyzing module AddressGenerator
INFO: [VRFC 10-311] analyzing module BoothDecode
INFO: [VRFC 10-311] analyzing module BoothDecode_1
INFO: [VRFC 10-311] analyzing module BoothDecode_10
INFO: [VRFC 10-311] analyzing module BoothDecode_11
INFO: [VRFC 10-311] analyzing module BoothDecode_12
INFO: [VRFC 10-311] analyzing module BoothDecode_13
INFO: [VRFC 10-311] analyzing module BoothDecode_14
INFO: [VRFC 10-311] analyzing module BoothDecode_15
INFO: [VRFC 10-311] analyzing module BoothDecode_16
INFO: [VRFC 10-311] analyzing module BoothDecode_17
INFO: [VRFC 10-311] analyzing module BoothDecode_2
INFO: [VRFC 10-311] analyzing module BoothDecode_3
INFO: [VRFC 10-311] analyzing module BoothDecode_4
INFO: [VRFC 10-311] analyzing module BoothDecode_5
INFO: [VRFC 10-311] analyzing module BoothDecode_6
INFO: [VRFC 10-311] analyzing module MyBootROM
INFO: [VRFC 10-311] analyzing module MyReg
INFO: [VRFC 10-311] analyzing module barret
INFO: [VRFC 10-311] analyzing module barret_0
INFO: [VRFC 10-311] analyzing module barret_7
INFO: [VRFC 10-311] analyzing module barret_8
INFO: [VRFC 10-311] analyzing module bu_intt
INFO: [VRFC 10-311] analyzing module bu_ntt
INFO: [VRFC 10-311] analyzing module mul
INFO: [VRFC 10-311] analyzing module mul_9
INFO: [VRFC 10-311] analyzing module top
INFO: [VRFC 10-311] analyzing module glbl
INFO: [VRFC 10-2263] Analyzing Verilog file "C:/Hung/Viettel/Stage2/ML-KEM/NTT/tb_top.v" into library xil_defaultlib
INFO: [VRFC 10-311] analyzing module tb_top
INFO: [USF-XSim-69] 'compile' step finished in '2' seconds
INFO: [USF-XSim-3] XSim::Elaborate design
INFO: [USF-XSim-61] Executing 'ELABORATE' step in 'C:/Hung/Viettel/Stage2/ML-KEM/ml_kem/ml_kem.sim/sim_1/impl/func/xsim'
"xelab --incr --debug typical --relax --mt 2 -L xil_defaultlib -L unisims_ver -L secureip --snapshot tb_top_func_impl xil_defaultlib.tb_top xil_defaultlib.glbl -log elaborate.log"
Vivado Simulator v2022.2.2
Copyright 1986-1999, 2001-2022 Xilinx, Inc. All Rights Reserved.
Running: C:/Xilinx/Vivado/2022.2/bin/unwrapped/win64.o/xelab.exe --incr --debug typical --relax --mt 2 -L xil_defaultlib -L unisims_ver -L secureip --snapshot tb_top_func_impl xil_defaultlib.tb_top xil_defaultlib.glbl -log elaborate.log 
Using 2 slave threads.
Starting static elaboration
Pass Through NonSizing Optimizer
Completed static elaboration
Starting simulation data flow analysis
Completed simulation data flow analysis
Time Resolution for simulation is 1ps
Compiling module unisims_ver.LUT6
Compiling module unisims_ver.x_lut3_mux8
Compiling module unisims_ver.LUT3
Compiling module unisims_ver.x_lut2_mux4
Compiling module unisims_ver.LUT2
Compiling module unisims_ver.FDCE_default
Compiling module unisims_ver.LUT4
Compiling module unisims_ver.CARRY8
Compiling module unisims_ver.LUT5
Compiling module unisims_ver.x_lut1_mux2
Compiling module unisims_ver.LUT1
Compiling module xil_defaultlib.AddressGenerator
Compiling module unisims_ver.MUXF8
Compiling module unisims_ver.MUXF7
Compiling module xil_defaultlib.MyReg
Compiling module unisims_ver.OBUF
INFO: [Common 17-41] Interrupt caught. Command should exit soon.
run_program: Time (s): cpu = 00:00:02 ; elapsed = 00:00:12 . Memory (MB): peak = 4913.781 ; gain = 0.000
INFO: [Common 17-344] 'run_program' was cancelled
INFO: [Vivado 12-5357] 'elaborate' step aborted
launch_simulation: Time (s): cpu = 00:00:03 ; elapsed = 00:00:14 . Memory (MB): peak = 4913.781 ; gain = 0.000
INFO: [Common 17-344] 'launch_simulation' was cancelled
launch_simulation -mode post-implementation -type functional
Command: launch_simulation  -mode post-implementation -type functional
INFO: [Vivado 12-12493] Simulation top is 'tb_top'
WARNING: [Vivado 12-13340] Unable to auto find GCC executables from simulator install path! (path not set)
WARNING: [Vivado 12-13277] Compiled library path does not exist: ''
INFO: [Vivado 12-5682] Launching post-implementation functional simulation in 'C:/Hung/Viettel/Stage2/ML-KEM/ml_kem/ml_kem.sim/sim_1/impl/func/xsim'
INFO: [SIM-utils-51] Simulation object is 'sim_1'
INFO: [SIM-utils-72] Using boost library from 'C:/Xilinx/Vivado/2022.2/tps/boost_1_72_0'
INFO: [SIM-utils-31] Writing simulation netlist file for design 'impl_1'...
INFO: [SIM-utils-32] write_verilog -mode funcsim -nolib -force -file "C:/Hung/Viettel/Stage2/ML-KEM/ml_kem/ml_kem.sim/sim_1/impl/func/xsim/tb_top_func_impl.v"
INFO: [SIM-utils-36] Netlist generated:C:/Hung/Viettel/Stage2/ML-KEM/ml_kem/ml_kem.sim/sim_1/impl/func/xsim/tb_top_func_impl.v
INFO: [USF-XSim-7] Finding pre-compiled libraries...
INFO: [USF-XSim-11] File 'C:/Xilinx/Vivado/2022.2/data/xsim/xsim.ini' copied to run dir:'C:/Hung/Viettel/Stage2/ML-KEM/ml_kem/ml_kem.sim/sim_1/impl/func/xsim'
INFO: [SIM-utils-54] Inspecting design source files for 'tb_top' in fileset 'sim_1'...
INFO: [USF-XSim-2] XSim::Compile design
INFO: [USF-XSim-61] Executing 'COMPILE and ANALYZE' step in 'C:/Hung/Viettel/Stage2/ML-KEM/ml_kem/ml_kem.sim/sim_1/impl/func/xsim'
"xvlog --incr --relax -prj tb_top_vlog.prj"
INFO: [VRFC 10-2263] Analyzing Verilog file "C:/Hung/Viettel/Stage2/ML-KEM/ml_kem/ml_kem.sim/sim_1/impl/func/xsim/tb_top_func_impl.v" into library xil_defaultlib
INFO: [VRFC 10-311] analyzing module AddressGenerator
INFO: [VRFC 10-311] analyzing module BoothDecode
INFO: [VRFC 10-311] analyzing module BoothDecode_1
INFO: [VRFC 10-311] analyzing module BoothDecode_10
INFO: [VRFC 10-311] analyzing module BoothDecode_11
INFO: [VRFC 10-311] analyzing module BoothDecode_12
INFO: [VRFC 10-311] analyzing module BoothDecode_13
INFO: [VRFC 10-311] analyzing module BoothDecode_14
INFO: [VRFC 10-311] analyzing module BoothDecode_15
INFO: [VRFC 10-311] analyzing module BoothDecode_16
INFO: [VRFC 10-311] analyzing module BoothDecode_17
INFO: [VRFC 10-311] analyzing module BoothDecode_2
INFO: [VRFC 10-311] analyzing module BoothDecode_3
INFO: [VRFC 10-311] analyzing module BoothDecode_4
INFO: [VRFC 10-311] analyzing module BoothDecode_5
INFO: [VRFC 10-311] analyzing module BoothDecode_6
INFO: [VRFC 10-311] analyzing module MyBootROM
INFO: [VRFC 10-311] analyzing module MyReg
INFO: [VRFC 10-311] analyzing module barret
INFO: [VRFC 10-311] analyzing module barret_0
INFO: [VRFC 10-311] analyzing module barret_7
INFO: [VRFC 10-311] analyzing module barret_8
INFO: [VRFC 10-311] analyzing module bu_intt
INFO: [VRFC 10-311] analyzing module bu_ntt
INFO: [VRFC 10-311] analyzing module mul
INFO: [VRFC 10-311] analyzing module mul_9
INFO: [VRFC 10-311] analyzing module top
INFO: [VRFC 10-311] analyzing module glbl
INFO: [VRFC 10-2263] Analyzing Verilog file "C:/Hung/Viettel/Stage2/ML-KEM/NTT/tb_top.v" into library xil_defaultlib
INFO: [VRFC 10-311] analyzing module tb_top
INFO: [USF-XSim-69] 'compile' step finished in '2' seconds
INFO: [USF-XSim-3] XSim::Elaborate design
INFO: [USF-XSim-61] Executing 'ELABORATE' step in 'C:/Hung/Viettel/Stage2/ML-KEM/ml_kem/ml_kem.sim/sim_1/impl/func/xsim'
"xelab --incr --debug typical --relax --mt 2 -L xil_defaultlib -L unisims_ver -L secureip --snapshot tb_top_func_impl xil_defaultlib.tb_top xil_defaultlib.glbl -log elaborate.log"
Vivado Simulator v2022.2.2
Copyright 1986-1999, 2001-2022 Xilinx, Inc. All Rights Reserved.
Running: C:/Xilinx/Vivado/2022.2/bin/unwrapped/win64.o/xelab.exe --incr --debug typical --relax --mt 2 -L xil_defaultlib -L unisims_ver -L secureip --snapshot tb_top_func_impl xil_defaultlib.tb_top xil_defaultlib.glbl -log elaborate.log 
Using 2 slave threads.
Starting static elaboration
Pass Through NonSizing Optimizer
Completed static elaboration
Starting simulation data flow analysis
Completed simulation data flow analysis
Time Resolution for simulation is 1ps
Compiling module unisims_ver.LUT6
Compiling module unisims_ver.x_lut3_mux8
Compiling module unisims_ver.LUT3
Compiling module unisims_ver.x_lut2_mux4
Compiling module unisims_ver.LUT2
Compiling module unisims_ver.FDCE_default
Compiling module unisims_ver.LUT4
Compiling module unisims_ver.CARRY8
Compiling module unisims_ver.LUT5
Compiling module unisims_ver.x_lut1_mux2
Compiling module unisims_ver.LUT1
Compiling module xil_defaultlib.AddressGenerator
Compiling module unisims_ver.MUXF8
Compiling module unisims_ver.MUXF7
Compiling module xil_defaultlib.MyReg
Compiling module unisims_ver.OBUF
Compiling module xil_defaultlib.barret_7
Compiling module xil_defaultlib.barret_8
Compiling module xil_defaultlib.BoothDecode_10
Compiling module xil_defaultlib.BoothDecode_11
Compiling module xil_defaultlib.BoothDecode_12
Compiling module xil_defaultlib.BoothDecode_13
Compiling module xil_defaultlib.BoothDecode_14
Compiling module xil_defaultlib.BoothDecode_15
Compiling module xil_defaultlib.BoothDecode_16
Compiling module xil_defaultlib.BoothDecode_17
Compiling module unisims_ver.FDRE_default
Compiling module unisims_ver.SRL16E_default
Compiling module xil_defaultlib.mul_9
Compiling module xil_defaultlib.bu_intt
Compiling module xil_defaultlib.barret
Compiling module xil_defaultlib.barret_0
Compiling module xil_defaultlib.BoothDecode
Compiling module xil_defaultlib.BoothDecode_1
Compiling module xil_defaultlib.BoothDecode_2
Compiling module xil_defaultlib.BoothDecode_3
Compiling module xil_defaultlib.BoothDecode_4
Compiling module xil_defaultlib.BoothDecode_5
Compiling module xil_defaultlib.BoothDecode_6
Compiling module xil_defaultlib.mul
Compiling module xil_defaultlib.bu_ntt
Compiling module unisims_ver.BUFGCE(CE_TYPE="ASYNC",SIM_DEVIC...
Compiling module unisims_ver.IBUF
Compiling module xil_defaultlib.MyBootROM
Compiling module xil_defaultlib.top
Compiling module xil_defaultlib.tb_top
Compiling module xil_defaultlib.glbl
Built simulation snapshot tb_top_func_impl
run_program: Time (s): cpu = 00:00:03 ; elapsed = 00:00:22 . Memory (MB): peak = 4913.781 ; gain = 0.000
INFO: [USF-XSim-69] 'elaborate' step finished in '21' seconds
INFO: [USF-XSim-4] XSim::Simulate design
INFO: [USF-XSim-61] Executing 'SIMULATE' step in 'C:/Hung/Viettel/Stage2/ML-KEM/ml_kem/ml_kem.sim/sim_1/impl/func/xsim'
INFO: [USF-XSim-98] *** Running xsim
   with args "tb_top_func_impl -key {Post-Implementation:sim_1:Functional:tb_top} -tclbatch {tb_top.tcl} -view {C:/Hung/Viettel/Stage2/ML-KEM/ml_kem/tb_top_func_impl.wcfg} -log {simulate.log}"
INFO: [USF-XSim-8] Loading simulator feature
Time resolution is 1 ps
open_wave_config C:/Hung/Viettel/Stage2/ML-KEM/ml_kem/tb_top_func_impl.wcfg
source tb_top.tcl
# set curr_wave [current_wave_config]
# if { [string length $curr_wave] == 0 } {
#   if { [llength [get_objects]] > 0} {
#     add_wave /
#     set_property needs_save false [current_wave_config]
#   } else {
#      send_msg_id Add_Wave-1 WARNING "No top level signals found. Simulator will start without a wave window. If you want to open a wave window go to 'File->New Waveform Configuration' or type 'create_wave_config' in the TCL console."
#   }
# }
# run 1000000ns
[5663000] DONE_STORE!
$finish called at time : 5742600 ps : File "C:/Hung/Viettel/Stage2/ML-KEM/NTT/tb_top.v" Line 115
xsim: Time (s): cpu = 00:00:06 ; elapsed = 00:00:06 . Memory (MB): peak = 4913.781 ; gain = 0.000
INFO: [USF-XSim-96] XSim completed. Design snapshot 'tb_top_func_impl' loaded.
INFO: [USF-XSim-97] XSim simulation ran for 1000000ns
launch_simulation: Time (s): cpu = 00:00:10 ; elapsed = 00:00:31 . Memory (MB): peak = 4913.781 ; gain = 0.000
save_wave_config {C:/Hung/Viettel/Stage2/ML-KEM/ml_kem/tb_top_func_impl.wcfg}
current_wave_config {tb_top_func_impl.wcfg}
C:/Hung/Viettel/Stage2/ML-KEM/ml_kem/tb_top_func_impl.wcfg
add_wave {{/tb_top/clk}} {{/tb_top/rst_n}} {{/tb_top/start}} {{/tb_top/is_ntt}} {{/tb_top/valid_input}} 
current_wave_config {tb_top_func_impl.wcfg}
C:/Hung/Viettel/Stage2/ML-KEM/ml_kem/tb_top_func_impl.wcfg
add_wave {{/tb_top/in0}} {{/tb_top/in1}} {{/tb_top/addr0}} {{/tb_top/addr1}} 
current_wave_config {tb_top_func_impl.wcfg}
C:/Hung/Viettel/Stage2/ML-KEM/ml_kem/tb_top_func_impl.wcfg
add_wave {{/tb_top/out0}} {{/tb_top/out1}} 
relaunch_sim
Command: launch_simulation -step compile -simset sim_1 -mode post-implementation -type functional
INFO: [Vivado 12-12493] Simulation top is 'tb_top'
WARNING: [Vivado 12-13340] Unable to auto find GCC executables from simulator install path! (path not set)
WARNING: [Vivado 12-13277] Compiled library path does not exist: ''
INFO: [Vivado 12-5682] Launching post-implementation functional simulation in 'C:/Hung/Viettel/Stage2/ML-KEM/ml_kem/ml_kem.sim/sim_1/impl/func/xsim'
INFO: [SIM-utils-51] Simulation object is 'sim_1'
INFO: [USF-XSim-2] XSim::Compile design
INFO: [USF-XSim-61] Executing 'COMPILE and ANALYZE' step in 'C:/Hung/Viettel/Stage2/ML-KEM/ml_kem/ml_kem.sim/sim_1/impl/func/xsim'
"xvlog --incr --relax -prj tb_top_vlog.prj"
INFO: [VRFC 10-2263] Analyzing Verilog file "C:/Hung/Viettel/Stage2/ML-KEM/ml_kem/ml_kem.sim/sim_1/impl/func/xsim/tb_top_func_impl.v" into library xil_defaultlib
INFO: [VRFC 10-311] analyzing module AddressGenerator
INFO: [VRFC 10-311] analyzing module BoothDecode
INFO: [VRFC 10-311] analyzing module BoothDecode_1
INFO: [VRFC 10-311] analyzing module BoothDecode_10
INFO: [VRFC 10-311] analyzing module BoothDecode_11
INFO: [VRFC 10-311] analyzing module BoothDecode_12
INFO: [VRFC 10-311] analyzing module BoothDecode_13
INFO: [VRFC 10-311] analyzing module BoothDecode_14
INFO: [VRFC 10-311] analyzing module BoothDecode_15
INFO: [VRFC 10-311] analyzing module BoothDecode_16
INFO: [VRFC 10-311] analyzing module BoothDecode_17
INFO: [VRFC 10-311] analyzing module BoothDecode_2
INFO: [VRFC 10-311] analyzing module BoothDecode_3
INFO: [VRFC 10-311] analyzing module BoothDecode_4
INFO: [VRFC 10-311] analyzing module BoothDecode_5
INFO: [VRFC 10-311] analyzing module BoothDecode_6
INFO: [VRFC 10-311] analyzing module MyBootROM
INFO: [VRFC 10-311] analyzing module MyReg
INFO: [VRFC 10-311] analyzing module barret
INFO: [VRFC 10-311] analyzing module barret_0
INFO: [VRFC 10-311] analyzing module barret_7
INFO: [VRFC 10-311] analyzing module barret_8
INFO: [VRFC 10-311] analyzing module bu_intt
INFO: [VRFC 10-311] analyzing module bu_ntt
INFO: [VRFC 10-311] analyzing module mul
INFO: [VRFC 10-311] analyzing module mul_9
INFO: [VRFC 10-311] analyzing module top
INFO: [VRFC 10-311] analyzing module glbl
INFO: [VRFC 10-2263] Analyzing Verilog file "C:/Hung/Viettel/Stage2/ML-KEM/NTT/tb_top.v" into library xil_defaultlib
INFO: [VRFC 10-311] analyzing module tb_top
INFO: [USF-XSim-69] 'compile' step finished in '2' seconds
Command: launch_simulation -step elaborate -simset sim_1 -mode post-implementation -type functional
INFO: [Vivado 12-12493] Simulation top is 'tb_top'
WARNING: [Vivado 12-13340] Unable to auto find GCC executables from simulator install path! (path not set)
WARNING: [Vivado 12-13277] Compiled library path does not exist: ''
INFO: [Vivado 12-5682] Launching post-implementation functional simulation in 'C:/Hung/Viettel/Stage2/ML-KEM/ml_kem/ml_kem.sim/sim_1/impl/func/xsim'
INFO: [SIM-utils-51] Simulation object is 'sim_1'
INFO: [USF-XSim-3] XSim::Elaborate design
INFO: [USF-XSim-61] Executing 'ELABORATE' step in 'C:/Hung/Viettel/Stage2/ML-KEM/ml_kem/ml_kem.sim/sim_1/impl/func/xsim'
"xelab --incr --debug typical --relax --mt 2 -L xil_defaultlib -L unisims_ver -L secureip --snapshot tb_top_func_impl xil_defaultlib.tb_top xil_defaultlib.glbl -log elaborate.log"
Vivado Simulator v2022.2.2
Copyright 1986-1999, 2001-2022 Xilinx, Inc. All Rights Reserved.
Running: C:/Xilinx/Vivado/2022.2/bin/unwrapped/win64.o/xelab.exe --incr --debug typical --relax --mt 2 -L xil_defaultlib -L unisims_ver -L secureip --snapshot tb_top_func_impl xil_defaultlib.tb_top xil_defaultlib.glbl -log elaborate.log 
Using 2 slave threads.
Starting static elaboration
Pass Through NonSizing Optimizer
Completed static elaboration
Starting simulation data flow analysis
Completed simulation data flow analysis
Time Resolution for simulation is 1ps
Compiling module unisims_ver.LUT6
Compiling module unisims_ver.x_lut3_mux8
Compiling module unisims_ver.LUT3
Compiling module unisims_ver.x_lut2_mux4
Compiling module unisims_ver.LUT2
Compiling module unisims_ver.FDCE_default
Compiling module unisims_ver.LUT4
Compiling module unisims_ver.CARRY8
Compiling module unisims_ver.LUT5
Compiling module unisims_ver.x_lut1_mux2
Compiling module unisims_ver.LUT1
Compiling module xil_defaultlib.AddressGenerator
Compiling module unisims_ver.MUXF8
Compiling module unisims_ver.MUXF7
Compiling module xil_defaultlib.MyReg
Compiling module unisims_ver.OBUF
Compiling module xil_defaultlib.barret_7
Compiling module xil_defaultlib.barret_8
Compiling module xil_defaultlib.BoothDecode_10
Compiling module xil_defaultlib.BoothDecode_11
Compiling module xil_defaultlib.BoothDecode_12
Compiling module xil_defaultlib.BoothDecode_13
Compiling module xil_defaultlib.BoothDecode_14
Compiling module xil_defaultlib.BoothDecode_15
Compiling module xil_defaultlib.BoothDecode_16
Compiling module xil_defaultlib.BoothDecode_17
Compiling module unisims_ver.FDRE_default
Compiling module unisims_ver.SRL16E_default
Compiling module xil_defaultlib.mul_9
Compiling module xil_defaultlib.bu_intt
Compiling module xil_defaultlib.barret
Compiling module xil_defaultlib.barret_0
Compiling module xil_defaultlib.BoothDecode
Compiling module xil_defaultlib.BoothDecode_1
Compiling module xil_defaultlib.BoothDecode_2
Compiling module xil_defaultlib.BoothDecode_3
Compiling module xil_defaultlib.BoothDecode_4
Compiling module xil_defaultlib.BoothDecode_5
Compiling module xil_defaultlib.BoothDecode_6
Compiling module xil_defaultlib.mul
Compiling module xil_defaultlib.bu_ntt
Compiling module unisims_ver.BUFGCE(CE_TYPE="ASYNC",SIM_DEVIC...
Compiling module unisims_ver.IBUF
Compiling module xil_defaultlib.MyBootROM
Compiling module xil_defaultlib.top
Compiling module xil_defaultlib.tb_top
Compiling module xil_defaultlib.glbl
Built simulation snapshot tb_top_func_impl
run_program: Time (s): cpu = 00:00:01 ; elapsed = 00:00:22 . Memory (MB): peak = 4913.781 ; gain = 0.000
INFO: [USF-XSim-69] 'elaborate' step finished in '21' seconds
launch_simulation: Time (s): cpu = 00:00:01 ; elapsed = 00:00:22 . Memory (MB): peak = 4913.781 ; gain = 0.000
Time resolution is 1 ps
[5663000] DONE_STORE!
$finish called at time : 5742600 ps : File "C:/Hung/Viettel/Stage2/ML-KEM/NTT/tb_top.v" Line 115
relaunch_xsim_kernel: Time (s): cpu = 00:00:05 ; elapsed = 00:00:06 . Memory (MB): peak = 4913.781 ; gain = 0.000
relaunch_sim: Time (s): cpu = 00:00:06 ; elapsed = 00:00:30 . Memory (MB): peak = 4913.781 ; gain = 0.000
save_wave_config {C:/Hung/Viettel/Stage2/ML-KEM/ml_kem/tb_top_func_impl.wcfg}
save_wave_config {C:/Hung/Viettel/Stage2/ML-KEM/ml_kem/tb_top_func_impl.wcfg}
save_wave_config {C:/Hung/Viettel/Stage2/ML-KEM/ml_kem/tb_top_func_impl.wcfg}
save_wave_config {C:/Hung/Viettel/Stage2/ML-KEM/ml_kem/tb_top_func_impl.wcfg}
save_wave_config {C:/Hung/Viettel/Stage2/ML-KEM/ml_kem/tb_top_func_impl.wcfg}
save_wave_config {C:/Hung/Viettel/Stage2/ML-KEM/ml_kem/tb_top_func_impl.wcfg}
save_wave_config {C:/Hung/Viettel/Stage2/ML-KEM/ml_kem/tb_top_func_impl.wcfg}
save_wave_config {C:/Hung/Viettel/Stage2/ML-KEM/ml_kem/tb_top_func_impl.wcfg}
launch_simulation -mode post-implementation -type timing
Command: launch_simulation  -mode post-implementation -type timing
INFO: [Vivado 12-12493] Simulation top is 'tb_top'
WARNING: [Vivado 12-13340] Unable to auto find GCC executables from simulator install path! (path not set)
WARNING: [Vivado 12-13277] Compiled library path does not exist: ''
INFO: [Vivado 12-5682] Launching post-implementation timing simulation in 'C:/Hung/Viettel/Stage2/ML-KEM/ml_kem/ml_kem.sim/sim_1/impl/timing/xsim'
INFO: [SIM-utils-51] Simulation object is 'sim_1'
INFO: [SIM-utils-72] Using boost library from 'C:/Xilinx/Vivado/2022.2/tps/boost_1_72_0'
INFO: [SIM-utils-31] Writing simulation netlist file for design 'impl_1'...
INFO: [SIM-utils-32] write_verilog -mode timesim -nolib -sdf_anno true -force -file "C:/Hung/Viettel/Stage2/ML-KEM/ml_kem/ml_kem.sim/sim_1/impl/timing/xsim/tb_top_time_impl.v"
INFO: [SIM-utils-34] Writing SDF file...
INFO: [SIM-utils-35] write_sdf -mode timesim -process_corner slow -force -file "C:/Hung/Viettel/Stage2/ML-KEM/ml_kem/ml_kem.sim/sim_1/impl/timing/xsim/tb_top_time_impl.sdf"
INFO: [SIM-utils-36] Netlist generated:C:/Hung/Viettel/Stage2/ML-KEM/ml_kem/ml_kem.sim/sim_1/impl/timing/xsim/tb_top_time_impl.v
INFO: [SIM-utils-37] SDF generated:C:/Hung/Viettel/Stage2/ML-KEM/ml_kem/ml_kem.sim/sim_1/impl/timing/xsim/tb_top_time_impl.sdf
INFO: [USF-XSim-7] Finding pre-compiled libraries...
INFO: [USF-XSim-11] File 'C:/Xilinx/Vivado/2022.2/data/xsim/xsim.ini' copied to run dir:'C:/Hung/Viettel/Stage2/ML-KEM/ml_kem/ml_kem.sim/sim_1/impl/timing/xsim'
INFO: [SIM-utils-54] Inspecting design source files for 'tb_top' in fileset 'sim_1'...
INFO: [USF-XSim-2] XSim::Compile design
INFO: [USF-XSim-61] Executing 'COMPILE and ANALYZE' step in 'C:/Hung/Viettel/Stage2/ML-KEM/ml_kem/ml_kem.sim/sim_1/impl/timing/xsim'
"xvlog --incr --relax -prj tb_top_vlog.prj"
INFO: [VRFC 10-2263] Analyzing Verilog file "C:/Hung/Viettel/Stage2/ML-KEM/ml_kem/ml_kem.sim/sim_1/impl/timing/xsim/tb_top_time_impl.v" into library xil_defaultlib
INFO: [VRFC 10-311] analyzing module IBUF_UNIQ_BASE_
INFO: [VRFC 10-311] analyzing module IBUF_HD37
INFO: [VRFC 10-311] analyzing module IBUF_HD38
INFO: [VRFC 10-311] analyzing module IBUF_HD39
INFO: [VRFC 10-311] analyzing module IBUF_HD40
INFO: [VRFC 10-311] analyzing module IBUF_HD41
INFO: [VRFC 10-311] analyzing module IBUF_HD42
INFO: [VRFC 10-311] analyzing module IBUF_HD43
INFO: [VRFC 10-311] analyzing module IBUF_HD44
INFO: [VRFC 10-311] analyzing module IBUF_HD45
INFO: [VRFC 10-311] analyzing module IBUF_HD46
INFO: [VRFC 10-311] analyzing module IBUF_HD47
INFO: [VRFC 10-311] analyzing module IBUF_HD48
INFO: [VRFC 10-311] analyzing module IBUF_HD49
INFO: [VRFC 10-311] analyzing module IBUF_HD50
INFO: [VRFC 10-311] analyzing module IBUF_HD51
INFO: [VRFC 10-311] analyzing module IBUF_HD52
INFO: [VRFC 10-311] analyzing module IBUF_HD53
INFO: [VRFC 10-311] analyzing module IBUF_HD54
INFO: [VRFC 10-311] analyzing module IBUF_HD55
INFO: [VRFC 10-311] analyzing module IBUF_HD56
INFO: [VRFC 10-311] analyzing module IBUF_HD57
INFO: [VRFC 10-311] analyzing module IBUF_HD58
INFO: [VRFC 10-311] analyzing module IBUF_HD59
INFO: [VRFC 10-311] analyzing module IBUF_HD60
INFO: [VRFC 10-311] analyzing module IBUF_HD61
INFO: [VRFC 10-311] analyzing module IBUF_HD62
INFO: [VRFC 10-311] analyzing module IBUF_HD63
INFO: [VRFC 10-311] analyzing module IBUF_HD64
INFO: [VRFC 10-311] analyzing module IBUF_HD65
INFO: [VRFC 10-311] analyzing module IBUF_HD66
INFO: [VRFC 10-311] analyzing module IBUF_HD67
INFO: [VRFC 10-311] analyzing module IBUF_HD68
INFO: [VRFC 10-311] analyzing module IBUF_HD69
INFO: [VRFC 10-311] analyzing module IBUF_HD70
INFO: [VRFC 10-311] analyzing module IBUF_HD71
INFO: [VRFC 10-311] analyzing module IBUF_HD72
INFO: [VRFC 10-311] analyzing module AddressGenerator
INFO: [VRFC 10-311] analyzing module BoothDecode
INFO: [VRFC 10-311] analyzing module BoothDecode_1
INFO: [VRFC 10-311] analyzing module BoothDecode_10
INFO: [VRFC 10-311] analyzing module BoothDecode_11
INFO: [VRFC 10-311] analyzing module BoothDecode_12
INFO: [VRFC 10-311] analyzing module BoothDecode_13
INFO: [VRFC 10-311] analyzing module BoothDecode_14
INFO: [VRFC 10-311] analyzing module BoothDecode_15
INFO: [VRFC 10-311] analyzing module BoothDecode_16
INFO: [VRFC 10-311] analyzing module BoothDecode_17
INFO: [VRFC 10-311] analyzing module BoothDecode_2
INFO: [VRFC 10-311] analyzing module BoothDecode_3
INFO: [VRFC 10-311] analyzing module BoothDecode_4
INFO: [VRFC 10-311] analyzing module BoothDecode_5
INFO: [VRFC 10-311] analyzing module BoothDecode_6
INFO: [VRFC 10-311] analyzing module MyBootROM
INFO: [VRFC 10-311] analyzing module MyReg
INFO: [VRFC 10-311] analyzing module barret
INFO: [VRFC 10-311] analyzing module barret_0
INFO: [VRFC 10-311] analyzing module barret_7
INFO: [VRFC 10-311] analyzing module barret_8
INFO: [VRFC 10-311] analyzing module bu_intt
INFO: [VRFC 10-311] analyzing module bu_ntt
INFO: [VRFC 10-311] analyzing module mul
INFO: [VRFC 10-311] analyzing module mul_9
INFO: [VRFC 10-311] analyzing module top
INFO: [VRFC 10-311] analyzing module glbl
INFO: [VRFC 10-2263] Analyzing Verilog file "C:/Hung/Viettel/Stage2/ML-KEM/NTT/tb_top.v" into library xil_defaultlib
INFO: [VRFC 10-311] analyzing module tb_top
INFO: [USF-XSim-69] 'compile' step finished in '2' seconds
INFO: [USF-XSim-3] XSim::Elaborate design
INFO: [USF-XSim-61] Executing 'ELABORATE' step in 'C:/Hung/Viettel/Stage2/ML-KEM/ml_kem/ml_kem.sim/sim_1/impl/timing/xsim'
"xelab --incr --debug typical --relax --mt 2 --maxdelay -L xil_defaultlib -L simprims_ver -L secureip --snapshot tb_top_time_impl -transport_int_delays -pulse_r 0 -pulse_int_r 0 -pulse_e 0 -pulse_int_e 0 xil_defaultlib.tb_top xil_defaultlib.glbl -log elaborate.log"
Vivado Simulator v2022.2.2
Copyright 1986-1999, 2001-2022 Xilinx, Inc. All Rights Reserved.
Running: C:/Xilinx/Vivado/2022.2/bin/unwrapped/win64.o/xelab.exe --incr --debug typical --relax --mt 2 --maxdelay -L xil_defaultlib -L simprims_ver -L secureip --snapshot tb_top_time_impl -transport_int_delays -pulse_r 0 -pulse_int_r 0 -pulse_e 0 -pulse_int_e 0 xil_defaultlib.tb_top xil_defaultlib.glbl -log elaborate.log 
Using 2 slave threads.
Starting static elaboration
Pass Through NonSizing Optimizer
Completed static elaboration
Starting simulation data flow analysis
Completed simulation data flow analysis
INFO: [XSIM 43-3451] SDF backannotation process started with SDF file "tb_top_time_impl.sdf", for root module "tb_top/dut".
INFO: [XSIM 43-3452] SDF backannotation was successful for SDF file "tb_top_time_impl.sdf", for root module "tb_top/dut".
Time Resolution for simulation is 1ps
Compiling module simprims_ver.LUT6
Compiling module simprims_ver.x_lut3_mux8
Compiling module simprims_ver.LUT3
Compiling module simprims_ver.x_lut2_mux4
Compiling module simprims_ver.LUT2
Compiling module simprims_ver.FDCE_default
Compiling module simprims_ver.LUT4
Compiling module simprims_ver.CARRY8
Compiling module simprims_ver.LUT5
Compiling module simprims_ver.x_lut1_mux2
Compiling module simprims_ver.LUT1
Compiling module xil_defaultlib.AddressGenerator
Compiling module simprims_ver.MUXF8
Compiling module simprims_ver.MUXF7
Compiling module xil_defaultlib.MyReg
Compiling module simprims_ver.OBUF
Compiling module xil_defaultlib.barret_7
Compiling module xil_defaultlib.barret_8
Compiling module xil_defaultlib.BoothDecode_10
Compiling module xil_defaultlib.BoothDecode_11
Compiling module xil_defaultlib.BoothDecode_12
Compiling module xil_defaultlib.BoothDecode_13
Compiling module xil_defaultlib.BoothDecode_14
Compiling module xil_defaultlib.BoothDecode_15
Compiling module xil_defaultlib.BoothDecode_16
Compiling module xil_defaultlib.BoothDecode_17
Compiling module simprims_ver.FDRE_default
Compiling module simprims_ver.SRL16E_default
Compiling module xil_defaultlib.mul_9
Compiling module xil_defaultlib.bu_intt
Compiling module xil_defaultlib.barret
Compiling module xil_defaultlib.barret_0
Compiling module xil_defaultlib.BoothDecode
Compiling module xil_defaultlib.BoothDecode_1
Compiling module xil_defaultlib.BoothDecode_2
Compiling module xil_defaultlib.BoothDecode_3
Compiling module xil_defaultlib.BoothDecode_4
Compiling module xil_defaultlib.BoothDecode_5
Compiling module xil_defaultlib.BoothDecode_6
Compiling module xil_defaultlib.mul
Compiling module xil_defaultlib.bu_ntt
Compiling module simprims_ver.BUFGCE(CE_TYPE="ASYNC",SIM_DEVIC...
Compiling module simprims_ver.IBUFCTRL_default
Compiling module simprims_ver.INBUF_default
Compiling module xil_defaultlib.IBUF_UNIQ_BASE_
Compiling module xil_defaultlib.IBUF_HD37
Compiling module xil_defaultlib.IBUF_HD38
Compiling module xil_defaultlib.IBUF_HD39
Compiling module xil_defaultlib.IBUF_HD40
Compiling module xil_defaultlib.IBUF_HD41
Compiling module xil_defaultlib.IBUF_HD42
Compiling module xil_defaultlib.IBUF_HD43
Compiling module xil_defaultlib.IBUF_HD44
Compiling module xil_defaultlib.IBUF_HD45
Compiling module xil_defaultlib.IBUF_HD46
Compiling module xil_defaultlib.IBUF_HD47
Compiling module xil_defaultlib.IBUF_HD48
Compiling module xil_defaultlib.IBUF_HD49
Compiling module xil_defaultlib.IBUF_HD50
Compiling module xil_defaultlib.IBUF_HD51
Compiling module xil_defaultlib.IBUF_HD52
Compiling module xil_defaultlib.IBUF_HD53
Compiling module xil_defaultlib.IBUF_HD54
Compiling module xil_defaultlib.IBUF_HD55
Compiling module xil_defaultlib.IBUF_HD56
Compiling module xil_defaultlib.IBUF_HD57
Compiling module xil_defaultlib.IBUF_HD58
Compiling module xil_defaultlib.IBUF_HD59
Compiling module xil_defaultlib.IBUF_HD60
Compiling module xil_defaultlib.IBUF_HD61
Compiling module xil_defaultlib.IBUF_HD62
Compiling module xil_defaultlib.IBUF_HD63
Compiling module xil_defaultlib.IBUF_HD64
Compiling module xil_defaultlib.IBUF_HD65
Compiling module xil_defaultlib.IBUF_HD66
Compiling module xil_defaultlib.IBUF_HD67
Compiling module xil_defaultlib.IBUF_HD68
Compiling module xil_defaultlib.IBUF_HD69
Compiling module xil_defaultlib.MyBootROM
Compiling module xil_defaultlib.IBUF_HD70
Compiling module xil_defaultlib.IBUF_HD71
Compiling module xil_defaultlib.IBUF_HD72
Compiling module xil_defaultlib.top
Compiling module xil_defaultlib.tb_top
Compiling module xil_defaultlib.glbl
Built simulation snapshot tb_top_time_impl
run_program: Time (s): cpu = 00:00:23 ; elapsed = 00:08:49 . Memory (MB): peak = 4913.781 ; gain = 0.000
INFO: [USF-XSim-69] 'elaborate' step finished in '529' seconds
INFO: [USF-XSim-4] XSim::Simulate design
INFO: [USF-XSim-61] Executing 'SIMULATE' step in 'C:/Hung/Viettel/Stage2/ML-KEM/ml_kem/ml_kem.sim/sim_1/impl/timing/xsim'
INFO: [USF-XSim-98] *** Running xsim
   with args "tb_top_time_impl -key {Post-Implementation:sim_1:Timing:tb_top} -tclbatch {tb_top.tcl} -view {C:/Hung/Viettel/Stage2/ML-KEM/ml_kem/tb_top_func_impl.wcfg} -log {simulate.log}"
INFO: [USF-XSim-8] Loading simulator feature
Time resolution is 1 ps
open_wave_config C:/Hung/Viettel/Stage2/ML-KEM/ml_kem/tb_top_func_impl.wcfg
source tb_top.tcl
# set curr_wave [current_wave_config]
# if { [string length $curr_wave] == 0 } {
#   if { [llength [get_objects]] > 0} {
#     add_wave /
#     set_property needs_save false [current_wave_config]
#   } else {
#      send_msg_id Add_Wave-1 WARNING "No top level signals found. Simulator will start without a wave window. If you want to open a wave window go to 'File->New Waveform Configuration' or type 'create_wave_config' in the TCL console."
#   }
# }
# run 1000000ns
[1094000] DONE_STORE!
$finish called at time : 1174363 ps : File "C:/Hung/Viettel/Stage2/ML-KEM/NTT/tb_top.v" Line 115
run: Time (s): cpu = 00:00:06 ; elapsed = 00:00:07 . Memory (MB): peak = 4913.781 ; gain = 0.000
xsim: Time (s): cpu = 00:00:07 ; elapsed = 00:00:08 . Memory (MB): peak = 4913.781 ; gain = 0.000
INFO: [USF-XSim-96] XSim completed. Design snapshot 'tb_top_time_impl' loaded.
INFO: [USF-XSim-97] XSim simulation ran for 1000000ns
launch_simulation: Time (s): cpu = 00:01:03 ; elapsed = 00:09:02 . Memory (MB): peak = 4913.781 ; gain = 0.000
close_sim
INFO: [Simtcl 6-16] Simulation closed
close_sim
INFO: [Simtcl 6-16] Simulation closed
launch_simulation -mode post-implementation -type functional
Command: launch_simulation  -mode post-implementation -type functional
INFO: [Vivado 12-12493] Simulation top is 'tb_top'
WARNING: [Vivado 12-13340] Unable to auto find GCC executables from simulator install path! (path not set)
WARNING: [Vivado 12-13277] Compiled library path does not exist: ''
INFO: [Vivado 12-5682] Launching post-implementation functional simulation in 'C:/Hung/Viettel/Stage2/ML-KEM/ml_kem/ml_kem.sim/sim_1/impl/func/xsim'
INFO: [SIM-utils-51] Simulation object is 'sim_1'
INFO: [SIM-utils-72] Using boost library from 'C:/Xilinx/Vivado/2022.2/tps/boost_1_72_0'
INFO: [SIM-utils-31] Writing simulation netlist file for design 'impl_1'...
INFO: [SIM-utils-32] write_verilog -mode funcsim -nolib -force -file "C:/Hung/Viettel/Stage2/ML-KEM/ml_kem/ml_kem.sim/sim_1/impl/func/xsim/tb_top_func_impl.v"
INFO: [SIM-utils-36] Netlist generated:C:/Hung/Viettel/Stage2/ML-KEM/ml_kem/ml_kem.sim/sim_1/impl/func/xsim/tb_top_func_impl.v
INFO: [USF-XSim-7] Finding pre-compiled libraries...
INFO: [USF-XSim-11] File 'C:/Xilinx/Vivado/2022.2/data/xsim/xsim.ini' copied to run dir:'C:/Hung/Viettel/Stage2/ML-KEM/ml_kem/ml_kem.sim/sim_1/impl/func/xsim'
INFO: [SIM-utils-54] Inspecting design source files for 'tb_top' in fileset 'sim_1'...
INFO: [USF-XSim-2] XSim::Compile design
INFO: [USF-XSim-61] Executing 'COMPILE and ANALYZE' step in 'C:/Hung/Viettel/Stage2/ML-KEM/ml_kem/ml_kem.sim/sim_1/impl/func/xsim'
"xvlog --incr --relax -prj tb_top_vlog.prj"
INFO: [VRFC 10-2263] Analyzing Verilog file "C:/Hung/Viettel/Stage2/ML-KEM/ml_kem/ml_kem.sim/sim_1/impl/func/xsim/tb_top_func_impl.v" into library xil_defaultlib
INFO: [VRFC 10-311] analyzing module AddressGenerator
INFO: [VRFC 10-311] analyzing module BoothDecode
INFO: [VRFC 10-311] analyzing module BoothDecode_1
INFO: [VRFC 10-311] analyzing module BoothDecode_10
INFO: [VRFC 10-311] analyzing module BoothDecode_11
INFO: [VRFC 10-311] analyzing module BoothDecode_12
INFO: [VRFC 10-311] analyzing module BoothDecode_13
INFO: [VRFC 10-311] analyzing module BoothDecode_14
INFO: [VRFC 10-311] analyzing module BoothDecode_15
INFO: [VRFC 10-311] analyzing module BoothDecode_16
INFO: [VRFC 10-311] analyzing module BoothDecode_17
INFO: [VRFC 10-311] analyzing module BoothDecode_2
INFO: [VRFC 10-311] analyzing module BoothDecode_3
INFO: [VRFC 10-311] analyzing module BoothDecode_4
INFO: [VRFC 10-311] analyzing module BoothDecode_5
INFO: [VRFC 10-311] analyzing module BoothDecode_6
INFO: [VRFC 10-311] analyzing module MyBootROM
INFO: [VRFC 10-311] analyzing module MyReg
INFO: [VRFC 10-311] analyzing module barret
INFO: [VRFC 10-311] analyzing module barret_0
INFO: [VRFC 10-311] analyzing module barret_7
INFO: [VRFC 10-311] analyzing module barret_8
INFO: [VRFC 10-311] analyzing module bu_intt
INFO: [VRFC 10-311] analyzing module bu_ntt
INFO: [VRFC 10-311] analyzing module mul
INFO: [VRFC 10-311] analyzing module mul_9
INFO: [VRFC 10-311] analyzing module top
INFO: [VRFC 10-311] analyzing module glbl
INFO: [VRFC 10-2263] Analyzing Verilog file "C:/Hung/Viettel/Stage2/ML-KEM/NTT/tb_top.v" into library xil_defaultlib
INFO: [VRFC 10-311] analyzing module tb_top
INFO: [USF-XSim-69] 'compile' step finished in '2' seconds
INFO: [USF-XSim-3] XSim::Elaborate design
INFO: [USF-XSim-61] Executing 'ELABORATE' step in 'C:/Hung/Viettel/Stage2/ML-KEM/ml_kem/ml_kem.sim/sim_1/impl/func/xsim'
"xelab --incr --debug typical --relax --mt 2 -L xil_defaultlib -L unisims_ver -L secureip --snapshot tb_top_func_impl xil_defaultlib.tb_top xil_defaultlib.glbl -log elaborate.log"
Vivado Simulator v2022.2.2
Copyright 1986-1999, 2001-2022 Xilinx, Inc. All Rights Reserved.
Running: C:/Xilinx/Vivado/2022.2/bin/unwrapped/win64.o/xelab.exe --incr --debug typical --relax --mt 2 -L xil_defaultlib -L unisims_ver -L secureip --snapshot tb_top_func_impl xil_defaultlib.tb_top xil_defaultlib.glbl -log elaborate.log 
Using 2 slave threads.
Starting static elaboration
Pass Through NonSizing Optimizer
Completed static elaboration
Starting simulation data flow analysis
Completed simulation data flow analysis
Time Resolution for simulation is 1ps
Compiling module unisims_ver.LUT6
Compiling module unisims_ver.x_lut3_mux8
Compiling module unisims_ver.LUT3
Compiling module unisims_ver.x_lut2_mux4
Compiling module unisims_ver.LUT2
Compiling module unisims_ver.FDCE_default
Compiling module unisims_ver.LUT4
Compiling module unisims_ver.CARRY8
Compiling module unisims_ver.LUT5
Compiling module unisims_ver.x_lut1_mux2
Compiling module unisims_ver.LUT1
Compiling module xil_defaultlib.AddressGenerator
Compiling module unisims_ver.MUXF8
Compiling module unisims_ver.MUXF7
Compiling module xil_defaultlib.MyReg
Compiling module unisims_ver.OBUF
Compiling module xil_defaultlib.barret_7
Compiling module xil_defaultlib.barret_8
Compiling module xil_defaultlib.BoothDecode_10
Compiling module xil_defaultlib.BoothDecode_11
Compiling module xil_defaultlib.BoothDecode_12
Compiling module xil_defaultlib.BoothDecode_13
Compiling module xil_defaultlib.BoothDecode_14
Compiling module xil_defaultlib.BoothDecode_15
Compiling module xil_defaultlib.BoothDecode_16
Compiling module xil_defaultlib.BoothDecode_17
Compiling module unisims_ver.FDRE_default
Compiling module unisims_ver.SRL16E_default
Compiling module xil_defaultlib.mul_9
Compiling module xil_defaultlib.bu_intt
Compiling module xil_defaultlib.barret
Compiling module xil_defaultlib.barret_0
Compiling module xil_defaultlib.BoothDecode
Compiling module xil_defaultlib.BoothDecode_1
Compiling module xil_defaultlib.BoothDecode_2
Compiling module xil_defaultlib.BoothDecode_3
Compiling module xil_defaultlib.BoothDecode_4
Compiling module xil_defaultlib.BoothDecode_5
Compiling module xil_defaultlib.BoothDecode_6
Compiling module xil_defaultlib.mul
Compiling module xil_defaultlib.bu_ntt
Compiling module unisims_ver.BUFGCE(CE_TYPE="ASYNC",SIM_DEVIC...
Compiling module unisims_ver.IBUF
Compiling module xil_defaultlib.MyBootROM
Compiling module xil_defaultlib.top
Compiling module xil_defaultlib.tb_top
Compiling module xil_defaultlib.glbl
Built simulation snapshot tb_top_func_impl
run_program: Time (s): cpu = 00:00:02 ; elapsed = 00:00:22 . Memory (MB): peak = 5110.742 ; gain = 0.000
INFO: [USF-XSim-69] 'elaborate' step finished in '22' seconds
INFO: [USF-XSim-4] XSim::Simulate design
INFO: [USF-XSim-61] Executing 'SIMULATE' step in 'C:/Hung/Viettel/Stage2/ML-KEM/ml_kem/ml_kem.sim/sim_1/impl/func/xsim'
INFO: [USF-XSim-98] *** Running xsim
   with args "tb_top_func_impl -key {Post-Implementation:sim_1:Functional:tb_top} -tclbatch {tb_top.tcl} -view {C:/Hung/Viettel/Stage2/ML-KEM/ml_kem/tb_top_func_impl.wcfg} -log {simulate.log}"
INFO: [USF-XSim-8] Loading simulator feature
Time resolution is 1 ps
open_wave_config C:/Hung/Viettel/Stage2/ML-KEM/ml_kem/tb_top_func_impl.wcfg
source tb_top.tcl
# set curr_wave [current_wave_config]
# if { [string length $curr_wave] == 0 } {
#   if { [llength [get_objects]] > 0} {
#     add_wave /
#     set_property needs_save false [current_wave_config]
#   } else {
#      send_msg_id Add_Wave-1 WARNING "No top level signals found. Simulator will start without a wave window. If you want to open a wave window go to 'File->New Waveform Configuration' or type 'create_wave_config' in the TCL console."
#   }
# }
# run 1000000ns
[5663000] DONE_STORE!
$finish called at time : 5742600 ps : File "C:/Hung/Viettel/Stage2/ML-KEM/NTT/tb_top.v" Line 115
xsim: Time (s): cpu = 00:00:05 ; elapsed = 00:00:06 . Memory (MB): peak = 5110.742 ; gain = 0.000
INFO: [USF-XSim-96] XSim completed. Design snapshot 'tb_top_func_impl' loaded.
INFO: [USF-XSim-97] XSim simulation ran for 1000000ns
launch_simulation: Time (s): cpu = 00:00:07 ; elapsed = 00:00:31 . Memory (MB): peak = 5110.742 ; gain = 0.000
current_wave_config {tb_top_func_impl.wcfg}
tb_top_func_impl.wcfg
add_wave {{/tb_top/done_compute}} 
relaunch_sim
Command: launch_simulation -step compile -simset sim_1 -mode post-implementation -type functional
INFO: [Vivado 12-12493] Simulation top is 'tb_top'
WARNING: [Vivado 12-13340] Unable to auto find GCC executables from simulator install path! (path not set)
WARNING: [Vivado 12-13277] Compiled library path does not exist: ''
INFO: [Vivado 12-5682] Launching post-implementation functional simulation in 'C:/Hung/Viettel/Stage2/ML-KEM/ml_kem/ml_kem.sim/sim_1/impl/func/xsim'
INFO: [SIM-utils-51] Simulation object is 'sim_1'
INFO: [USF-XSim-2] XSim::Compile design
INFO: [USF-XSim-61] Executing 'COMPILE and ANALYZE' step in 'C:/Hung/Viettel/Stage2/ML-KEM/ml_kem/ml_kem.sim/sim_1/impl/func/xsim'
"xvlog --incr --relax -prj tb_top_vlog.prj"
INFO: [USF-XSim-69] 'compile' step finished in '1' seconds
Command: launch_simulation -step elaborate -simset sim_1 -mode post-implementation -type functional
INFO: [Vivado 12-12493] Simulation top is 'tb_top'
WARNING: [Vivado 12-13340] Unable to auto find GCC executables from simulator install path! (path not set)
WARNING: [Vivado 12-13277] Compiled library path does not exist: ''
INFO: [Vivado 12-5682] Launching post-implementation functional simulation in 'C:/Hung/Viettel/Stage2/ML-KEM/ml_kem/ml_kem.sim/sim_1/impl/func/xsim'
INFO: [SIM-utils-51] Simulation object is 'sim_1'
INFO: [USF-XSim-3] XSim::Elaborate design
INFO: [USF-XSim-61] Executing 'ELABORATE' step in 'C:/Hung/Viettel/Stage2/ML-KEM/ml_kem/ml_kem.sim/sim_1/impl/func/xsim'
"xelab --incr --debug typical --relax --mt 2 -L xil_defaultlib -L unisims_ver -L secureip --snapshot tb_top_func_impl xil_defaultlib.tb_top xil_defaultlib.glbl -log elaborate.log"
Vivado Simulator v2022.2.2
Copyright 1986-1999, 2001-2022 Xilinx, Inc. All Rights Reserved.
Running: C:/Xilinx/Vivado/2022.2/bin/unwrapped/win64.o/xelab.exe --incr --debug typical --relax --mt 2 -L xil_defaultlib -L unisims_ver -L secureip --snapshot tb_top_func_impl xil_defaultlib.tb_top xil_defaultlib.glbl -log elaborate.log 
Using 2 slave threads.
Starting static elaboration
Pass Through NonSizing Optimizer
Completed static elaboration
INFO: [XSIM 43-4323] No Change in HDL. Linking previously generated obj files to create kernel
INFO: [USF-XSim-69] 'elaborate' step finished in '4' seconds
Time resolution is 1 ps
[5663000] DONE_STORE!
$finish called at time : 5742600 ps : File "C:/Hung/Viettel/Stage2/ML-KEM/NTT/tb_top.v" Line 115
relaunch_xsim_kernel: Time (s): cpu = 00:00:02 ; elapsed = 00:00:06 . Memory (MB): peak = 5110.742 ; gain = 0.000
relaunch_sim: Time (s): cpu = 00:00:03 ; elapsed = 00:00:12 . Memory (MB): peak = 5110.742 ; gain = 0.000
save_wave_config {C:/Hung/Viettel/Stage2/ML-KEM/ml_kem/tb_top_func_impl.wcfg}
launch_simulation -mode post-implementation -type timing
Command: launch_simulation  -mode post-implementation -type timing
INFO: [Vivado 12-12493] Simulation top is 'tb_top'
WARNING: [Vivado 12-13340] Unable to auto find GCC executables from simulator install path! (path not set)
WARNING: [Vivado 12-13277] Compiled library path does not exist: ''
INFO: [Vivado 12-5682] Launching post-implementation timing simulation in 'C:/Hung/Viettel/Stage2/ML-KEM/ml_kem/ml_kem.sim/sim_1/impl/timing/xsim'
INFO: [SIM-utils-51] Simulation object is 'sim_1'
INFO: [SIM-utils-72] Using boost library from 'C:/Xilinx/Vivado/2022.2/tps/boost_1_72_0'
INFO: [SIM-utils-31] Writing simulation netlist file for design 'impl_1'...
INFO: [SIM-utils-32] write_verilog -mode timesim -nolib -sdf_anno true -force -file "C:/Hung/Viettel/Stage2/ML-KEM/ml_kem/ml_kem.sim/sim_1/impl/timing/xsim/tb_top_time_impl.v"
INFO: [SIM-utils-34] Writing SDF file...
INFO: [SIM-utils-35] write_sdf -mode timesim -process_corner slow -force -file "C:/Hung/Viettel/Stage2/ML-KEM/ml_kem/ml_kem.sim/sim_1/impl/timing/xsim/tb_top_time_impl.sdf"
INFO: [SIM-utils-36] Netlist generated:C:/Hung/Viettel/Stage2/ML-KEM/ml_kem/ml_kem.sim/sim_1/impl/timing/xsim/tb_top_time_impl.v
INFO: [SIM-utils-37] SDF generated:C:/Hung/Viettel/Stage2/ML-KEM/ml_kem/ml_kem.sim/sim_1/impl/timing/xsim/tb_top_time_impl.sdf
INFO: [USF-XSim-7] Finding pre-compiled libraries...
INFO: [USF-XSim-11] File 'C:/Xilinx/Vivado/2022.2/data/xsim/xsim.ini' copied to run dir:'C:/Hung/Viettel/Stage2/ML-KEM/ml_kem/ml_kem.sim/sim_1/impl/timing/xsim'
INFO: [SIM-utils-54] Inspecting design source files for 'tb_top' in fileset 'sim_1'...
INFO: [USF-XSim-2] XSim::Compile design
INFO: [USF-XSim-61] Executing 'COMPILE and ANALYZE' step in 'C:/Hung/Viettel/Stage2/ML-KEM/ml_kem/ml_kem.sim/sim_1/impl/timing/xsim'
"xvlog --incr --relax -prj tb_top_vlog.prj"
INFO: [VRFC 10-2263] Analyzing Verilog file "C:/Hung/Viettel/Stage2/ML-KEM/ml_kem/ml_kem.sim/sim_1/impl/timing/xsim/tb_top_time_impl.v" into library xil_defaultlib
INFO: [VRFC 10-311] analyzing module IBUF_UNIQ_BASE_
INFO: [VRFC 10-311] analyzing module IBUF_HD37
INFO: [VRFC 10-311] analyzing module IBUF_HD38
INFO: [VRFC 10-311] analyzing module IBUF_HD39
INFO: [VRFC 10-311] analyzing module IBUF_HD40
INFO: [VRFC 10-311] analyzing module IBUF_HD41
INFO: [VRFC 10-311] analyzing module IBUF_HD42
INFO: [VRFC 10-311] analyzing module IBUF_HD43
INFO: [VRFC 10-311] analyzing module IBUF_HD44
INFO: [VRFC 10-311] analyzing module IBUF_HD45
INFO: [VRFC 10-311] analyzing module IBUF_HD46
INFO: [VRFC 10-311] analyzing module IBUF_HD47
INFO: [VRFC 10-311] analyzing module IBUF_HD48
INFO: [VRFC 10-311] analyzing module IBUF_HD49
INFO: [VRFC 10-311] analyzing module IBUF_HD50
INFO: [VRFC 10-311] analyzing module IBUF_HD51
INFO: [VRFC 10-311] analyzing module IBUF_HD52
INFO: [VRFC 10-311] analyzing module IBUF_HD53
INFO: [VRFC 10-311] analyzing module IBUF_HD54
INFO: [VRFC 10-311] analyzing module IBUF_HD55
INFO: [VRFC 10-311] analyzing module IBUF_HD56
INFO: [VRFC 10-311] analyzing module IBUF_HD57
INFO: [VRFC 10-311] analyzing module IBUF_HD58
INFO: [VRFC 10-311] analyzing module IBUF_HD59
INFO: [VRFC 10-311] analyzing module IBUF_HD60
INFO: [VRFC 10-311] analyzing module IBUF_HD61
INFO: [VRFC 10-311] analyzing module IBUF_HD62
INFO: [VRFC 10-311] analyzing module IBUF_HD63
INFO: [VRFC 10-311] analyzing module IBUF_HD64
INFO: [VRFC 10-311] analyzing module IBUF_HD65
INFO: [VRFC 10-311] analyzing module IBUF_HD66
INFO: [VRFC 10-311] analyzing module IBUF_HD67
INFO: [VRFC 10-311] analyzing module IBUF_HD68
INFO: [VRFC 10-311] analyzing module IBUF_HD69
INFO: [VRFC 10-311] analyzing module IBUF_HD70
INFO: [VRFC 10-311] analyzing module IBUF_HD71
INFO: [VRFC 10-311] analyzing module IBUF_HD72
INFO: [VRFC 10-311] analyzing module AddressGenerator
INFO: [VRFC 10-311] analyzing module BoothDecode
INFO: [VRFC 10-311] analyzing module BoothDecode_1
INFO: [VRFC 10-311] analyzing module BoothDecode_10
INFO: [VRFC 10-311] analyzing module BoothDecode_11
INFO: [VRFC 10-311] analyzing module BoothDecode_12
INFO: [VRFC 10-311] analyzing module BoothDecode_13
INFO: [VRFC 10-311] analyzing module BoothDecode_14
INFO: [VRFC 10-311] analyzing module BoothDecode_15
INFO: [VRFC 10-311] analyzing module BoothDecode_16
INFO: [VRFC 10-311] analyzing module BoothDecode_17
INFO: [VRFC 10-311] analyzing module BoothDecode_2
INFO: [VRFC 10-311] analyzing module BoothDecode_3
INFO: [VRFC 10-311] analyzing module BoothDecode_4
INFO: [VRFC 10-311] analyzing module BoothDecode_5
INFO: [VRFC 10-311] analyzing module BoothDecode_6
INFO: [VRFC 10-311] analyzing module MyBootROM
INFO: [VRFC 10-311] analyzing module MyReg
INFO: [VRFC 10-311] analyzing module barret
INFO: [VRFC 10-311] analyzing module barret_0
INFO: [VRFC 10-311] analyzing module barret_7
INFO: [VRFC 10-311] analyzing module barret_8
INFO: [VRFC 10-311] analyzing module bu_intt
INFO: [VRFC 10-311] analyzing module bu_ntt
INFO: [VRFC 10-311] analyzing module mul
INFO: [VRFC 10-311] analyzing module mul_9
INFO: [VRFC 10-311] analyzing module top
INFO: [VRFC 10-311] analyzing module glbl
INFO: [VRFC 10-2263] Analyzing Verilog file "C:/Hung/Viettel/Stage2/ML-KEM/NTT/tb_top.v" into library xil_defaultlib
INFO: [VRFC 10-311] analyzing module tb_top
INFO: [USF-XSim-69] 'compile' step finished in '2' seconds
INFO: [USF-XSim-3] XSim::Elaborate design
INFO: [USF-XSim-61] Executing 'ELABORATE' step in 'C:/Hung/Viettel/Stage2/ML-KEM/ml_kem/ml_kem.sim/sim_1/impl/timing/xsim'
"xelab --incr --debug typical --relax --mt 2 --maxdelay -L xil_defaultlib -L simprims_ver -L secureip --snapshot tb_top_time_impl -transport_int_delays -pulse_r 0 -pulse_int_r 0 -pulse_e 0 -pulse_int_e 0 xil_defaultlib.tb_top xil_defaultlib.glbl -log elaborate.log"
Vivado Simulator v2022.2.2
Copyright 1986-1999, 2001-2022 Xilinx, Inc. All Rights Reserved.
Running: C:/Xilinx/Vivado/2022.2/bin/unwrapped/win64.o/xelab.exe --incr --debug typical --relax --mt 2 --maxdelay -L xil_defaultlib -L simprims_ver -L secureip --snapshot tb_top_time_impl -transport_int_delays -pulse_r 0 -pulse_int_r 0 -pulse_e 0 -pulse_int_e 0 xil_defaultlib.tb_top xil_defaultlib.glbl -log elaborate.log 
Using 2 slave threads.
Starting static elaboration
Pass Through NonSizing Optimizer
Completed static elaboration
Starting simulation data flow analysis
Completed simulation data flow analysis
INFO: [XSIM 43-3451] SDF backannotation process started with SDF file "tb_top_time_impl.sdf", for root module "tb_top/dut".
INFO: [XSIM 43-3452] SDF backannotation was successful for SDF file "tb_top_time_impl.sdf", for root module "tb_top/dut".
Time Resolution for simulation is 1ps
Compiling module simprims_ver.LUT6
Compiling module simprims_ver.x_lut3_mux8
Compiling module simprims_ver.LUT3
Compiling module simprims_ver.x_lut2_mux4
Compiling module simprims_ver.LUT2
Compiling module simprims_ver.FDCE_default
Compiling module simprims_ver.LUT4
Compiling module simprims_ver.CARRY8
Compiling module simprims_ver.LUT5
Compiling module simprims_ver.x_lut1_mux2
Compiling module simprims_ver.LUT1
Compiling module xil_defaultlib.AddressGenerator
Compiling module simprims_ver.MUXF8
Compiling module simprims_ver.MUXF7
Compiling module xil_defaultlib.MyReg
Compiling module simprims_ver.OBUF
Compiling module xil_defaultlib.barret_7
Compiling module xil_defaultlib.barret_8
Compiling module xil_defaultlib.BoothDecode_10
Compiling module xil_defaultlib.BoothDecode_11
Compiling module xil_defaultlib.BoothDecode_12
Compiling module xil_defaultlib.BoothDecode_13
Compiling module xil_defaultlib.BoothDecode_14
Compiling module xil_defaultlib.BoothDecode_15
Compiling module xil_defaultlib.BoothDecode_16
Compiling module xil_defaultlib.BoothDecode_17
Compiling module simprims_ver.FDRE_default
Compiling module simprims_ver.SRL16E_default
Compiling module xil_defaultlib.mul_9
Compiling module xil_defaultlib.bu_intt
Compiling module xil_defaultlib.barret
Compiling module xil_defaultlib.barret_0
Compiling module xil_defaultlib.BoothDecode
Compiling module xil_defaultlib.BoothDecode_1
Compiling module xil_defaultlib.BoothDecode_2
Compiling module xil_defaultlib.BoothDecode_3
Compiling module xil_defaultlib.BoothDecode_4
Compiling module xil_defaultlib.BoothDecode_5
Compiling module xil_defaultlib.BoothDecode_6
Compiling module xil_defaultlib.mul
Compiling module xil_defaultlib.bu_ntt
Compiling module simprims_ver.BUFGCE(CE_TYPE="ASYNC",SIM_DEVIC...
Compiling module simprims_ver.IBUFCTRL_default
Compiling module simprims_ver.INBUF_default
Compiling module xil_defaultlib.IBUF_UNIQ_BASE_
Compiling module xil_defaultlib.IBUF_HD37
Compiling module xil_defaultlib.IBUF_HD38
Compiling module xil_defaultlib.IBUF_HD39
Compiling module xil_defaultlib.IBUF_HD40
Compiling module xil_defaultlib.IBUF_HD41
Compiling module xil_defaultlib.IBUF_HD42
Compiling module xil_defaultlib.IBUF_HD43
Compiling module xil_defaultlib.IBUF_HD44
Compiling module xil_defaultlib.IBUF_HD45
Compiling module xil_defaultlib.IBUF_HD46
Compiling module xil_defaultlib.IBUF_HD47
Compiling module xil_defaultlib.IBUF_HD48
Compiling module xil_defaultlib.IBUF_HD49
Compiling module xil_defaultlib.IBUF_HD50
Compiling module xil_defaultlib.IBUF_HD51
Compiling module xil_defaultlib.IBUF_HD52
Compiling module xil_defaultlib.IBUF_HD53
Compiling module xil_defaultlib.IBUF_HD54
Compiling module xil_defaultlib.IBUF_HD55
Compiling module xil_defaultlib.IBUF_HD56
Compiling module xil_defaultlib.IBUF_HD57
Compiling module xil_defaultlib.IBUF_HD58
Compiling module xil_defaultlib.IBUF_HD59
Compiling module xil_defaultlib.IBUF_HD60
Compiling module xil_defaultlib.IBUF_HD61
Compiling module xil_defaultlib.IBUF_HD62
Compiling module xil_defaultlib.IBUF_HD63
Compiling module xil_defaultlib.IBUF_HD64
Compiling module xil_defaultlib.IBUF_HD65
Compiling module xil_defaultlib.IBUF_HD66
Compiling module xil_defaultlib.IBUF_HD67
Compiling module xil_defaultlib.IBUF_HD68
Compiling module xil_defaultlib.IBUF_HD69
Compiling module xil_defaultlib.MyBootROM
Compiling module xil_defaultlib.IBUF_HD70
Compiling module xil_defaultlib.IBUF_HD71
Compiling module xil_defaultlib.IBUF_HD72
Compiling module xil_defaultlib.top
Compiling module xil_defaultlib.tb_top
Compiling module xil_defaultlib.glbl
Built simulation snapshot tb_top_time_impl
run_program: Time (s): cpu = 00:00:26 ; elapsed = 00:08:49 . Memory (MB): peak = 5110.742 ; gain = 0.000
INFO: [USF-XSim-69] 'elaborate' step finished in '529' seconds
INFO: [USF-XSim-4] XSim::Simulate design
INFO: [USF-XSim-61] Executing 'SIMULATE' step in 'C:/Hung/Viettel/Stage2/ML-KEM/ml_kem/ml_kem.sim/sim_1/impl/timing/xsim'
INFO: [USF-XSim-98] *** Running xsim
   with args "tb_top_time_impl -key {Post-Implementation:sim_1:Timing:tb_top} -tclbatch {tb_top.tcl} -view {C:/Hung/Viettel/Stage2/ML-KEM/ml_kem/tb_top_func_impl.wcfg} -log {simulate.log}"
INFO: [USF-XSim-8] Loading simulator feature
Time resolution is 1 ps
open_wave_config C:/Hung/Viettel/Stage2/ML-KEM/ml_kem/tb_top_func_impl.wcfg
source tb_top.tcl
# set curr_wave [current_wave_config]
# if { [string length $curr_wave] == 0 } {
#   if { [llength [get_objects]] > 0} {
#     add_wave /
#     set_property needs_save false [current_wave_config]
#   } else {
#      send_msg_id Add_Wave-1 WARNING "No top level signals found. Simulator will start without a wave window. If you want to open a wave window go to 'File->New Waveform Configuration' or type 'create_wave_config' in the TCL console."
#   }
# }
# run 1000000ns
[1094000] DONE_STORE!
$finish called at time : 1174363 ps : File "C:/Hung/Viettel/Stage2/ML-KEM/NTT/tb_top.v" Line 115
run: Time (s): cpu = 00:00:05 ; elapsed = 00:00:07 . Memory (MB): peak = 5112.301 ; gain = 1.559
xsim: Time (s): cpu = 00:00:05 ; elapsed = 00:00:08 . Memory (MB): peak = 5112.301 ; gain = 1.559
INFO: [USF-XSim-96] XSim completed. Design snapshot 'tb_top_time_impl' loaded.
INFO: [USF-XSim-97] XSim simulation ran for 1000000ns
launch_simulation: Time (s): cpu = 00:01:03 ; elapsed = 00:09:02 . Memory (MB): peak = 5112.301 ; gain = 1.559
close_sim
INFO: [Simtcl 6-16] Simulation closed
close_sim
INFO: [Simtcl 6-16] Simulation closed
reset_run synth_1
launch_runs impl_1 -jobs 16
WARNING: [Project 1-478] Design 'synth_1' is stale and will not be used when launching 'impl_1'
[Thu Sep  4 15:10:51 2025] Launched synth_1...
Run output will be captured here: C:/Hung/Viettel/Stage2/ML-KEM/ml_kem/ml_kem.runs/synth_1/runme.log
[Thu Sep  4 15:10:51 2025] Launched impl_1...
Run output will be captured here: C:/Hung/Viettel/Stage2/ML-KEM/ml_kem/ml_kem.runs/impl_1/runme.log
close_design
launch_simulation -mode post-implementation -type functional
Command: launch_simulation  -mode post-implementation -type functional
INFO: [Vivado 12-12493] Simulation top is 'tb_top'
WARNING: [Vivado 12-13340] Unable to auto find GCC executables from simulator install path! (path not set)
WARNING: [Vivado 12-13277] Compiled library path does not exist: ''
INFO: [Vivado 12-5682] Launching post-implementation functional simulation in 'C:/Hung/Viettel/Stage2/ML-KEM/ml_kem/ml_kem.sim/sim_1/impl/func/xsim'
INFO: [SIM-utils-51] Simulation object is 'sim_1'
INFO: [SIM-utils-72] Using boost library from 'C:/Xilinx/Vivado/2022.2/tps/boost_1_72_0'
Netlist sorting complete. Time (s): cpu = 00:00:00 ; elapsed = 00:00:00.070 . Memory (MB): peak = 5112.441 ; gain = 0.000
INFO: [Netlist 29-17] Analyzing 1888 Unisim elements for replacement
INFO: [Netlist 29-28] Unisim Transformation completed in 0 CPU seconds
INFO: [Project 1-479] Netlist was created with Vivado 2022.2.2
INFO: [Project 1-570] Preparing netlist for logic optimization
INFO: [Timing 38-478] Restoring timing data from binary archive.
INFO: [Timing 38-479] Binary timing data restore complete.
INFO: [Project 1-856] Restoring constraints from binary archive.
INFO: [Project 1-853] Binary constraint restore complete.
Reading XDEF placement.
Reading placer database...
Reading XDEF routing.
Read XDEF Files: Time (s): cpu = 00:00:01 ; elapsed = 00:00:01 . Memory (MB): peak = 5112.441 ; gain = 0.000
Restored from archive | CPU: 1.000000 secs | Memory: 0.000000 MB |
Finished XDEF File Restore: Time (s): cpu = 00:00:01 ; elapsed = 00:00:01 . Memory (MB): peak = 5112.441 ; gain = 0.000
Netlist sorting complete. Time (s): cpu = 00:00:00 ; elapsed = 00:00:00.006 . Memory (MB): peak = 5112.441 ; gain = 0.000
INFO: [Project 1-111] Unisim Transformation Summary:
  A total of 37 instances were transformed.
  IBUF => IBUF (IBUFCTRL, INBUF): 37 instances

open_run: Time (s): cpu = 00:00:12 ; elapsed = 00:00:09 . Memory (MB): peak = 5112.441 ; gain = 0.000
INFO: [SIM-utils-31] Writing simulation netlist file for design 'impl_1'...
INFO: [SIM-utils-32] write_verilog -mode funcsim -nolib -force -file "C:/Hung/Viettel/Stage2/ML-KEM/ml_kem/ml_kem.sim/sim_1/impl/func/xsim/tb_top_func_impl.v"
INFO: [SIM-utils-36] Netlist generated:C:/Hung/Viettel/Stage2/ML-KEM/ml_kem/ml_kem.sim/sim_1/impl/func/xsim/tb_top_func_impl.v
INFO: [USF-XSim-7] Finding pre-compiled libraries...
INFO: [USF-XSim-11] File 'C:/Xilinx/Vivado/2022.2/data/xsim/xsim.ini' copied to run dir:'C:/Hung/Viettel/Stage2/ML-KEM/ml_kem/ml_kem.sim/sim_1/impl/func/xsim'
INFO: [SIM-utils-54] Inspecting design source files for 'tb_top' in fileset 'sim_1'...
INFO: [USF-XSim-2] XSim::Compile design
INFO: [USF-XSim-61] Executing 'COMPILE and ANALYZE' step in 'C:/Hung/Viettel/Stage2/ML-KEM/ml_kem/ml_kem.sim/sim_1/impl/func/xsim'
"xvlog --incr --relax -prj tb_top_vlog.prj"
INFO: [VRFC 10-2263] Analyzing Verilog file "C:/Hung/Viettel/Stage2/ML-KEM/ml_kem/ml_kem.sim/sim_1/impl/func/xsim/tb_top_func_impl.v" into library xil_defaultlib
INFO: [VRFC 10-311] analyzing module AddressGenerator
INFO: [VRFC 10-311] analyzing module BoothDecode
INFO: [VRFC 10-311] analyzing module BoothDecode_1
INFO: [VRFC 10-311] analyzing module BoothDecode_10
INFO: [VRFC 10-311] analyzing module BoothDecode_11
INFO: [VRFC 10-311] analyzing module BoothDecode_12
INFO: [VRFC 10-311] analyzing module BoothDecode_13
INFO: [VRFC 10-311] analyzing module BoothDecode_14
INFO: [VRFC 10-311] analyzing module BoothDecode_15
INFO: [VRFC 10-311] analyzing module BoothDecode_16
INFO: [VRFC 10-311] analyzing module BoothDecode_17
INFO: [VRFC 10-311] analyzing module BoothDecode_2
INFO: [VRFC 10-311] analyzing module BoothDecode_3
INFO: [VRFC 10-311] analyzing module BoothDecode_4
INFO: [VRFC 10-311] analyzing module BoothDecode_5
INFO: [VRFC 10-311] analyzing module BoothDecode_6
INFO: [VRFC 10-311] analyzing module MyBootROM
INFO: [VRFC 10-311] analyzing module MyReg
INFO: [VRFC 10-311] analyzing module barret
INFO: [VRFC 10-311] analyzing module barret_0
INFO: [VRFC 10-311] analyzing module barret_7
INFO: [VRFC 10-311] analyzing module barret_8
INFO: [VRFC 10-311] analyzing module bu_intt
INFO: [VRFC 10-311] analyzing module bu_ntt
INFO: [VRFC 10-311] analyzing module mul
INFO: [VRFC 10-311] analyzing module mul_9
INFO: [VRFC 10-311] analyzing module top
INFO: [VRFC 10-311] analyzing module glbl
INFO: [VRFC 10-2263] Analyzing Verilog file "C:/Hung/Viettel/Stage2/ML-KEM/NTT/tb_top.v" into library xil_defaultlib
INFO: [VRFC 10-311] analyzing module tb_top
INFO: [USF-XSim-69] 'compile' step finished in '3' seconds
INFO: [USF-XSim-3] XSim::Elaborate design
INFO: [USF-XSim-61] Executing 'ELABORATE' step in 'C:/Hung/Viettel/Stage2/ML-KEM/ml_kem/ml_kem.sim/sim_1/impl/func/xsim'
"xelab --incr --debug typical --relax --mt 2 -L xil_defaultlib -L unisims_ver -L secureip --snapshot tb_top_func_impl xil_defaultlib.tb_top xil_defaultlib.glbl -log elaborate.log"
Vivado Simulator v2022.2.2
Copyright 1986-1999, 2001-2022 Xilinx, Inc. All Rights Reserved.
Running: C:/Xilinx/Vivado/2022.2/bin/unwrapped/win64.o/xelab.exe --incr --debug typical --relax --mt 2 -L xil_defaultlib -L unisims_ver -L secureip --snapshot tb_top_func_impl xil_defaultlib.tb_top xil_defaultlib.glbl -log elaborate.log 
Using 2 slave threads.
Starting static elaboration
Pass Through NonSizing Optimizer
Completed static elaboration
Starting simulation data flow analysis
Completed simulation data flow analysis
Time Resolution for simulation is 1ps
Compiling module unisims_ver.LUT6
Compiling module unisims_ver.x_lut3_mux8
Compiling module unisims_ver.LUT3
Compiling module unisims_ver.x_lut2_mux4
Compiling module unisims_ver.LUT2
Compiling module unisims_ver.FDCE_default
Compiling module unisims_ver.LUT4
Compiling module unisims_ver.CARRY8
Compiling module unisims_ver.LUT5
Compiling module unisims_ver.x_lut1_mux2
Compiling module unisims_ver.LUT1
Compiling module xil_defaultlib.AddressGenerator
Compiling module unisims_ver.MUXF8
Compiling module unisims_ver.MUXF7
Compiling module xil_defaultlib.MyReg
Compiling module unisims_ver.OBUF
Compiling module xil_defaultlib.barret_7
Compiling module xil_defaultlib.barret_8
Compiling module xil_defaultlib.BoothDecode_10
Compiling module xil_defaultlib.BoothDecode_11
Compiling module xil_defaultlib.BoothDecode_12
Compiling module xil_defaultlib.BoothDecode_13
Compiling module xil_defaultlib.BoothDecode_14
Compiling module xil_defaultlib.BoothDecode_15
Compiling module xil_defaultlib.BoothDecode_16
Compiling module xil_defaultlib.BoothDecode_17
Compiling module unisims_ver.FDRE_default
Compiling module unisims_ver.SRL16E_default
Compiling module xil_defaultlib.mul_9
Compiling module xil_defaultlib.bu_intt
Compiling module xil_defaultlib.barret
Compiling module xil_defaultlib.barret_0
Compiling module xil_defaultlib.BoothDecode
Compiling module xil_defaultlib.BoothDecode_1
Compiling module xil_defaultlib.BoothDecode_2
Compiling module xil_defaultlib.BoothDecode_3
Compiling module xil_defaultlib.BoothDecode_4
Compiling module xil_defaultlib.BoothDecode_5
Compiling module xil_defaultlib.BoothDecode_6
Compiling module xil_defaultlib.mul
Compiling module xil_defaultlib.bu_ntt
Compiling module unisims_ver.BUFGCE(CE_TYPE="ASYNC",SIM_DEVIC...
Compiling module unisims_ver.IBUF
Compiling module xil_defaultlib.MyBootROM
Compiling module xil_defaultlib.top
Compiling module xil_defaultlib.tb_top
Compiling module xil_defaultlib.glbl
Built simulation snapshot tb_top_func_impl
run_program: Time (s): cpu = 00:00:04 ; elapsed = 00:00:25 . Memory (MB): peak = 5154.477 ; gain = 0.000
INFO: [USF-XSim-69] 'elaborate' step finished in '24' seconds
INFO: [USF-XSim-4] XSim::Simulate design
INFO: [USF-XSim-61] Executing 'SIMULATE' step in 'C:/Hung/Viettel/Stage2/ML-KEM/ml_kem/ml_kem.sim/sim_1/impl/func/xsim'
INFO: [USF-XSim-98] *** Running xsim
   with args "tb_top_func_impl -key {Post-Implementation:sim_1:Functional:tb_top} -tclbatch {tb_top.tcl} -view {C:/Hung/Viettel/Stage2/ML-KEM/ml_kem/tb_top_func_impl.wcfg} -log {simulate.log}"
INFO: [USF-XSim-8] Loading simulator feature
Time resolution is 1 ps
open_wave_config C:/Hung/Viettel/Stage2/ML-KEM/ml_kem/tb_top_func_impl.wcfg
source tb_top.tcl
# set curr_wave [current_wave_config]
# if { [string length $curr_wave] == 0 } {
#   if { [llength [get_objects]] > 0} {
#     add_wave /
#     set_property needs_save false [current_wave_config]
#   } else {
#      send_msg_id Add_Wave-1 WARNING "No top level signals found. Simulator will start without a wave window. If you want to open a wave window go to 'File->New Waveform Configuration' or type 'create_wave_config' in the TCL console."
#   }
# }
# run 1000000ns
[5663000] DONE_STORE!
$finish called at time : 5742600 ps : File "C:/Hung/Viettel/Stage2/ML-KEM/NTT/tb_top.v" Line 115
run: Time (s): cpu = 00:00:03 ; elapsed = 00:00:06 . Memory (MB): peak = 5159.496 ; gain = 5.020
xsim: Time (s): cpu = 00:00:05 ; elapsed = 00:00:08 . Memory (MB): peak = 5159.496 ; gain = 5.020
INFO: [USF-XSim-96] XSim completed. Design snapshot 'tb_top_func_impl' loaded.
INFO: [USF-XSim-97] XSim simulation ran for 1000000ns
launch_simulation: Time (s): cpu = 00:00:27 ; elapsed = 00:00:45 . Memory (MB): peak = 5159.496 ; gain = 47.055
current_wave_config {tb_top_func_impl.wcfg}
tb_top_func_impl.wcfg
add_wave {{/tb_top/ostate}} 
relaunch_sim
Command: launch_simulation -step compile -simset sim_1 -mode post-implementation -type functional
INFO: [Vivado 12-12493] Simulation top is 'tb_top'
WARNING: [Vivado 12-13340] Unable to auto find GCC executables from simulator install path! (path not set)
WARNING: [Vivado 12-13277] Compiled library path does not exist: ''
INFO: [Vivado 12-5682] Launching post-implementation functional simulation in 'C:/Hung/Viettel/Stage2/ML-KEM/ml_kem/ml_kem.sim/sim_1/impl/func/xsim'
INFO: [SIM-utils-51] Simulation object is 'sim_1'
INFO: [USF-XSim-2] XSim::Compile design
INFO: [USF-XSim-61] Executing 'COMPILE and ANALYZE' step in 'C:/Hung/Viettel/Stage2/ML-KEM/ml_kem/ml_kem.sim/sim_1/impl/func/xsim'
"xvlog --incr --relax -prj tb_top_vlog.prj"
INFO: [VRFC 10-2263] Analyzing Verilog file "C:/Hung/Viettel/Stage2/ML-KEM/ml_kem/ml_kem.sim/sim_1/impl/func/xsim/tb_top_func_impl.v" into library xil_defaultlib
INFO: [VRFC 10-311] analyzing module AddressGenerator
INFO: [VRFC 10-311] analyzing module BoothDecode
INFO: [VRFC 10-311] analyzing module BoothDecode_1
INFO: [VRFC 10-311] analyzing module BoothDecode_10
INFO: [VRFC 10-311] analyzing module BoothDecode_11
INFO: [VRFC 10-311] analyzing module BoothDecode_12
INFO: [VRFC 10-311] analyzing module BoothDecode_13
INFO: [VRFC 10-311] analyzing module BoothDecode_14
INFO: [VRFC 10-311] analyzing module BoothDecode_15
INFO: [VRFC 10-311] analyzing module BoothDecode_16
INFO: [VRFC 10-311] analyzing module BoothDecode_17
INFO: [VRFC 10-311] analyzing module BoothDecode_2
INFO: [VRFC 10-311] analyzing module BoothDecode_3
INFO: [VRFC 10-311] analyzing module BoothDecode_4
INFO: [VRFC 10-311] analyzing module BoothDecode_5
INFO: [VRFC 10-311] analyzing module BoothDecode_6
INFO: [VRFC 10-311] analyzing module MyBootROM
INFO: [VRFC 10-311] analyzing module MyReg
INFO: [VRFC 10-311] analyzing module barret
INFO: [VRFC 10-311] analyzing module barret_0
INFO: [VRFC 10-311] analyzing module barret_7
INFO: [VRFC 10-311] analyzing module barret_8
INFO: [VRFC 10-311] analyzing module bu_intt
INFO: [VRFC 10-311] analyzing module bu_ntt
INFO: [VRFC 10-311] analyzing module mul
INFO: [VRFC 10-311] analyzing module mul_9
INFO: [VRFC 10-311] analyzing module top
INFO: [VRFC 10-311] analyzing module glbl
INFO: [VRFC 10-2263] Analyzing Verilog file "C:/Hung/Viettel/Stage2/ML-KEM/NTT/tb_top.v" into library xil_defaultlib
INFO: [VRFC 10-311] analyzing module tb_top
INFO: [USF-XSim-69] 'compile' step finished in '3' seconds
Command: launch_simulation -step elaborate -simset sim_1 -mode post-implementation -type functional
INFO: [Vivado 12-12493] Simulation top is 'tb_top'
WARNING: [Vivado 12-13340] Unable to auto find GCC executables from simulator install path! (path not set)
WARNING: [Vivado 12-13277] Compiled library path does not exist: ''
INFO: [Vivado 12-5682] Launching post-implementation functional simulation in 'C:/Hung/Viettel/Stage2/ML-KEM/ml_kem/ml_kem.sim/sim_1/impl/func/xsim'
INFO: [SIM-utils-51] Simulation object is 'sim_1'
INFO: [USF-XSim-3] XSim::Elaborate design
INFO: [USF-XSim-61] Executing 'ELABORATE' step in 'C:/Hung/Viettel/Stage2/ML-KEM/ml_kem/ml_kem.sim/sim_1/impl/func/xsim'
"xelab --incr --debug typical --relax --mt 2 -L xil_defaultlib -L unisims_ver -L secureip --snapshot tb_top_func_impl xil_defaultlib.tb_top xil_defaultlib.glbl -log elaborate.log"
Vivado Simulator v2022.2.2
Copyright 1986-1999, 2001-2022 Xilinx, Inc. All Rights Reserved.
Running: C:/Xilinx/Vivado/2022.2/bin/unwrapped/win64.o/xelab.exe --incr --debug typical --relax --mt 2 -L xil_defaultlib -L unisims_ver -L secureip --snapshot tb_top_func_impl xil_defaultlib.tb_top xil_defaultlib.glbl -log elaborate.log 
Using 2 slave threads.
Starting static elaboration
Pass Through NonSizing Optimizer
Completed static elaboration
Starting simulation data flow analysis
Completed simulation data flow analysis
Time Resolution for simulation is 1ps
Compiling module unisims_ver.LUT6
Compiling module unisims_ver.x_lut3_mux8
Compiling module unisims_ver.LUT3
Compiling module unisims_ver.x_lut2_mux4
Compiling module unisims_ver.LUT2
Compiling module unisims_ver.FDCE_default
Compiling module unisims_ver.LUT4
Compiling module unisims_ver.CARRY8
Compiling module unisims_ver.LUT5
Compiling module unisims_ver.x_lut1_mux2
Compiling module unisims_ver.LUT1
Compiling module xil_defaultlib.AddressGenerator
Compiling module unisims_ver.MUXF8
Compiling module unisims_ver.MUXF7
Compiling module xil_defaultlib.MyReg
Compiling module unisims_ver.OBUF
Compiling module xil_defaultlib.barret_7
Compiling module xil_defaultlib.barret_8
Compiling module xil_defaultlib.BoothDecode_10
Compiling module xil_defaultlib.BoothDecode_11
Compiling module xil_defaultlib.BoothDecode_12
Compiling module xil_defaultlib.BoothDecode_13
Compiling module xil_defaultlib.BoothDecode_14
Compiling module xil_defaultlib.BoothDecode_15
Compiling module xil_defaultlib.BoothDecode_16
Compiling module xil_defaultlib.BoothDecode_17
Compiling module unisims_ver.FDRE_default
Compiling module unisims_ver.SRL16E_default
Compiling module xil_defaultlib.mul_9
Compiling module xil_defaultlib.bu_intt
Compiling module xil_defaultlib.barret
Compiling module xil_defaultlib.barret_0
Compiling module xil_defaultlib.BoothDecode
Compiling module xil_defaultlib.BoothDecode_1
Compiling module xil_defaultlib.BoothDecode_2
Compiling module xil_defaultlib.BoothDecode_3
Compiling module xil_defaultlib.BoothDecode_4
Compiling module xil_defaultlib.BoothDecode_5
Compiling module xil_defaultlib.BoothDecode_6
Compiling module xil_defaultlib.mul
Compiling module xil_defaultlib.bu_ntt
Compiling module unisims_ver.BUFGCE(CE_TYPE="ASYNC",SIM_DEVIC...
Compiling module unisims_ver.IBUF
Compiling module xil_defaultlib.MyBootROM
Compiling module xil_defaultlib.top
Compiling module xil_defaultlib.tb_top
Compiling module xil_defaultlib.glbl
Built simulation snapshot tb_top_func_impl
run_program: Time (s): cpu = 00:00:01 ; elapsed = 00:00:25 . Memory (MB): peak = 5162.469 ; gain = 0.000
INFO: [USF-XSim-69] 'elaborate' step finished in '24' seconds
launch_simulation: Time (s): cpu = 00:00:01 ; elapsed = 00:00:25 . Memory (MB): peak = 5162.469 ; gain = 0.000
Time resolution is 1 ps
[5663000] DONE_STORE!
$finish called at time : 5742600 ps : File "C:/Hung/Viettel/Stage2/ML-KEM/NTT/tb_top.v" Line 115
run: Time (s): cpu = 00:00:05 ; elapsed = 00:00:06 . Memory (MB): peak = 5162.469 ; gain = 0.000
relaunch_xsim_kernel: Time (s): cpu = 00:00:05 ; elapsed = 00:00:08 . Memory (MB): peak = 5162.469 ; gain = 0.000
relaunch_sim: Time (s): cpu = 00:00:08 ; elapsed = 00:00:35 . Memory (MB): peak = 5162.469 ; gain = 0.000
save_wave_config {C:/Hung/Viettel/Stage2/ML-KEM/ml_kem/tb_top_func_impl.wcfg}
launch_simulation -mode post-implementation -type timing
Command: launch_simulation  -mode post-implementation -type timing
INFO: [Vivado 12-12493] Simulation top is 'tb_top'
WARNING: [Vivado 12-13340] Unable to auto find GCC executables from simulator install path! (path not set)
WARNING: [Vivado 12-13277] Compiled library path does not exist: ''
INFO: [Vivado 12-5682] Launching post-implementation timing simulation in 'C:/Hung/Viettel/Stage2/ML-KEM/ml_kem/ml_kem.sim/sim_1/impl/timing/xsim'
INFO: [SIM-utils-51] Simulation object is 'sim_1'
INFO: [SIM-utils-72] Using boost library from 'C:/Xilinx/Vivado/2022.2/tps/boost_1_72_0'
INFO: [SIM-utils-31] Writing simulation netlist file for design 'impl_1'...
INFO: [SIM-utils-32] write_verilog -mode timesim -nolib -sdf_anno true -force -file "C:/Hung/Viettel/Stage2/ML-KEM/ml_kem/ml_kem.sim/sim_1/impl/timing/xsim/tb_top_time_impl.v"
INFO: [SIM-utils-34] Writing SDF file...
INFO: [SIM-utils-35] write_sdf -mode timesim -process_corner slow -force -file "C:/Hung/Viettel/Stage2/ML-KEM/ml_kem/ml_kem.sim/sim_1/impl/timing/xsim/tb_top_time_impl.sdf"
INFO: [SIM-utils-36] Netlist generated:C:/Hung/Viettel/Stage2/ML-KEM/ml_kem/ml_kem.sim/sim_1/impl/timing/xsim/tb_top_time_impl.v
INFO: [SIM-utils-37] SDF generated:C:/Hung/Viettel/Stage2/ML-KEM/ml_kem/ml_kem.sim/sim_1/impl/timing/xsim/tb_top_time_impl.sdf
INFO: [USF-XSim-7] Finding pre-compiled libraries...
INFO: [USF-XSim-11] File 'C:/Xilinx/Vivado/2022.2/data/xsim/xsim.ini' copied to run dir:'C:/Hung/Viettel/Stage2/ML-KEM/ml_kem/ml_kem.sim/sim_1/impl/timing/xsim'
INFO: [SIM-utils-54] Inspecting design source files for 'tb_top' in fileset 'sim_1'...
INFO: [USF-XSim-2] XSim::Compile design
INFO: [USF-XSim-61] Executing 'COMPILE and ANALYZE' step in 'C:/Hung/Viettel/Stage2/ML-KEM/ml_kem/ml_kem.sim/sim_1/impl/timing/xsim'
"xvlog --incr --relax -prj tb_top_vlog.prj"
INFO: [VRFC 10-2263] Analyzing Verilog file "C:/Hung/Viettel/Stage2/ML-KEM/ml_kem/ml_kem.sim/sim_1/impl/timing/xsim/tb_top_time_impl.v" into library xil_defaultlib
INFO: [VRFC 10-311] analyzing module IBUF_UNIQ_BASE_
INFO: [VRFC 10-311] analyzing module IBUF_HD100
INFO: [VRFC 10-311] analyzing module IBUF_HD101
INFO: [VRFC 10-311] analyzing module IBUF_HD102
INFO: [VRFC 10-311] analyzing module IBUF_HD103
INFO: [VRFC 10-311] analyzing module IBUF_HD104
INFO: [VRFC 10-311] analyzing module IBUF_HD105
INFO: [VRFC 10-311] analyzing module IBUF_HD106
INFO: [VRFC 10-311] analyzing module IBUF_HD107
INFO: [VRFC 10-311] analyzing module IBUF_HD108
INFO: [VRFC 10-311] analyzing module IBUF_HD73
INFO: [VRFC 10-311] analyzing module IBUF_HD74
INFO: [VRFC 10-311] analyzing module IBUF_HD75
INFO: [VRFC 10-311] analyzing module IBUF_HD76
INFO: [VRFC 10-311] analyzing module IBUF_HD77
INFO: [VRFC 10-311] analyzing module IBUF_HD78
INFO: [VRFC 10-311] analyzing module IBUF_HD79
INFO: [VRFC 10-311] analyzing module IBUF_HD80
INFO: [VRFC 10-311] analyzing module IBUF_HD81
INFO: [VRFC 10-311] analyzing module IBUF_HD82
INFO: [VRFC 10-311] analyzing module IBUF_HD83
INFO: [VRFC 10-311] analyzing module IBUF_HD84
INFO: [VRFC 10-311] analyzing module IBUF_HD85
INFO: [VRFC 10-311] analyzing module IBUF_HD86
INFO: [VRFC 10-311] analyzing module IBUF_HD87
INFO: [VRFC 10-311] analyzing module IBUF_HD88
INFO: [VRFC 10-311] analyzing module IBUF_HD89
INFO: [VRFC 10-311] analyzing module IBUF_HD90
INFO: [VRFC 10-311] analyzing module IBUF_HD91
INFO: [VRFC 10-311] analyzing module IBUF_HD92
INFO: [VRFC 10-311] analyzing module IBUF_HD93
INFO: [VRFC 10-311] analyzing module IBUF_HD94
INFO: [VRFC 10-311] analyzing module IBUF_HD95
INFO: [VRFC 10-311] analyzing module IBUF_HD96
INFO: [VRFC 10-311] analyzing module IBUF_HD97
INFO: [VRFC 10-311] analyzing module IBUF_HD98
INFO: [VRFC 10-311] analyzing module IBUF_HD99
INFO: [VRFC 10-311] analyzing module AddressGenerator
INFO: [VRFC 10-311] analyzing module BoothDecode
INFO: [VRFC 10-311] analyzing module BoothDecode_1
INFO: [VRFC 10-311] analyzing module BoothDecode_10
INFO: [VRFC 10-311] analyzing module BoothDecode_11
INFO: [VRFC 10-311] analyzing module BoothDecode_12
INFO: [VRFC 10-311] analyzing module BoothDecode_13
INFO: [VRFC 10-311] analyzing module BoothDecode_14
INFO: [VRFC 10-311] analyzing module BoothDecode_15
INFO: [VRFC 10-311] analyzing module BoothDecode_16
INFO: [VRFC 10-311] analyzing module BoothDecode_17
INFO: [VRFC 10-311] analyzing module BoothDecode_2
INFO: [VRFC 10-311] analyzing module BoothDecode_3
INFO: [VRFC 10-311] analyzing module BoothDecode_4
INFO: [VRFC 10-311] analyzing module BoothDecode_5
INFO: [VRFC 10-311] analyzing module BoothDecode_6
INFO: [VRFC 10-311] analyzing module MyBootROM
INFO: [VRFC 10-311] analyzing module MyReg
INFO: [VRFC 10-311] analyzing module barret
INFO: [VRFC 10-311] analyzing module barret_0
INFO: [VRFC 10-311] analyzing module barret_7
INFO: [VRFC 10-311] analyzing module barret_8
INFO: [VRFC 10-311] analyzing module bu_intt
INFO: [VRFC 10-311] analyzing module bu_ntt
INFO: [VRFC 10-311] analyzing module mul
INFO: [VRFC 10-311] analyzing module mul_9
INFO: [VRFC 10-311] analyzing module top
INFO: [VRFC 10-311] analyzing module glbl
INFO: [VRFC 10-2263] Analyzing Verilog file "C:/Hung/Viettel/Stage2/ML-KEM/NTT/tb_top.v" into library xil_defaultlib
INFO: [VRFC 10-311] analyzing module tb_top
INFO: [USF-XSim-69] 'compile' step finished in '2' seconds
INFO: [USF-XSim-3] XSim::Elaborate design
INFO: [USF-XSim-61] Executing 'ELABORATE' step in 'C:/Hung/Viettel/Stage2/ML-KEM/ml_kem/ml_kem.sim/sim_1/impl/timing/xsim'
"xelab --incr --debug typical --relax --mt 2 --maxdelay -L xil_defaultlib -L simprims_ver -L secureip --snapshot tb_top_time_impl -transport_int_delays -pulse_r 0 -pulse_int_r 0 -pulse_e 0 -pulse_int_e 0 xil_defaultlib.tb_top xil_defaultlib.glbl -log elaborate.log"
Vivado Simulator v2022.2.2
Copyright 1986-1999, 2001-2022 Xilinx, Inc. All Rights Reserved.
Running: C:/Xilinx/Vivado/2022.2/bin/unwrapped/win64.o/xelab.exe --incr --debug typical --relax --mt 2 --maxdelay -L xil_defaultlib -L simprims_ver -L secureip --snapshot tb_top_time_impl -transport_int_delays -pulse_r 0 -pulse_int_r 0 -pulse_e 0 -pulse_int_e 0 xil_defaultlib.tb_top xil_defaultlib.glbl -log elaborate.log 
Using 2 slave threads.
Starting static elaboration
Pass Through NonSizing Optimizer
Completed static elaboration
Starting simulation data flow analysis
Completed simulation data flow analysis
INFO: [XSIM 43-3451] SDF backannotation process started with SDF file "tb_top_time_impl.sdf", for root module "tb_top/dut".
INFO: [XSIM 43-3452] SDF backannotation was successful for SDF file "tb_top_time_impl.sdf", for root module "tb_top/dut".
Time Resolution for simulation is 1ps
Compiling module simprims_ver.LUT6
Compiling module simprims_ver.x_lut3_mux8
Compiling module simprims_ver.LUT3
Compiling module simprims_ver.x_lut2_mux4
Compiling module simprims_ver.LUT2
Compiling module simprims_ver.FDCE_default
Compiling module simprims_ver.LUT4
Compiling module simprims_ver.CARRY8
Compiling module simprims_ver.LUT5
Compiling module simprims_ver.x_lut1_mux2
Compiling module simprims_ver.LUT1
Compiling module xil_defaultlib.AddressGenerator
Compiling module simprims_ver.MUXF8
Compiling module simprims_ver.MUXF7
Compiling module xil_defaultlib.MyReg
Compiling module simprims_ver.OBUF
Compiling module xil_defaultlib.barret_7
Compiling module xil_defaultlib.barret_8
Compiling module xil_defaultlib.BoothDecode_10
Compiling module xil_defaultlib.BoothDecode_11
Compiling module xil_defaultlib.BoothDecode_12
Compiling module xil_defaultlib.BoothDecode_13
Compiling module xil_defaultlib.BoothDecode_14
Compiling module xil_defaultlib.BoothDecode_15
Compiling module xil_defaultlib.BoothDecode_16
Compiling module xil_defaultlib.BoothDecode_17
Compiling module simprims_ver.FDRE_default
Compiling module simprims_ver.SRL16E_default
Compiling module xil_defaultlib.mul_9
Compiling module xil_defaultlib.bu_intt
Compiling module xil_defaultlib.barret
Compiling module xil_defaultlib.barret_0
Compiling module xil_defaultlib.BoothDecode
Compiling module xil_defaultlib.BoothDecode_1
Compiling module xil_defaultlib.BoothDecode_2
Compiling module xil_defaultlib.BoothDecode_3
Compiling module xil_defaultlib.BoothDecode_4
Compiling module xil_defaultlib.BoothDecode_5
Compiling module xil_defaultlib.BoothDecode_6
Compiling module xil_defaultlib.mul
Compiling module xil_defaultlib.bu_ntt
Compiling module simprims_ver.BUFGCE(CE_TYPE="ASYNC",SIM_DEVIC...
Compiling module simprims_ver.IBUFCTRL_default
Compiling module simprims_ver.INBUF_default
Compiling module xil_defaultlib.IBUF_UNIQ_BASE_
Compiling module xil_defaultlib.IBUF_HD73
Compiling module xil_defaultlib.IBUF_HD74
Compiling module xil_defaultlib.IBUF_HD75
Compiling module xil_defaultlib.IBUF_HD76
Compiling module xil_defaultlib.IBUF_HD77
Compiling module xil_defaultlib.IBUF_HD78
Compiling module xil_defaultlib.IBUF_HD79
Compiling module xil_defaultlib.IBUF_HD80
Compiling module xil_defaultlib.IBUF_HD81
Compiling module xil_defaultlib.IBUF_HD82
Compiling module xil_defaultlib.IBUF_HD83
Compiling module xil_defaultlib.IBUF_HD84
Compiling module xil_defaultlib.IBUF_HD85
Compiling module xil_defaultlib.IBUF_HD86
Compiling module xil_defaultlib.IBUF_HD87
Compiling module xil_defaultlib.IBUF_HD88
Compiling module xil_defaultlib.IBUF_HD89
Compiling module xil_defaultlib.IBUF_HD90
Compiling module xil_defaultlib.IBUF_HD91
Compiling module xil_defaultlib.IBUF_HD92
Compiling module xil_defaultlib.IBUF_HD93
Compiling module xil_defaultlib.IBUF_HD94
Compiling module xil_defaultlib.IBUF_HD95
Compiling module xil_defaultlib.IBUF_HD96
Compiling module xil_defaultlib.IBUF_HD97
Compiling module xil_defaultlib.IBUF_HD98
Compiling module xil_defaultlib.IBUF_HD99
Compiling module xil_defaultlib.IBUF_HD100
Compiling module xil_defaultlib.IBUF_HD101
Compiling module xil_defaultlib.IBUF_HD102
Compiling module xil_defaultlib.IBUF_HD103
Compiling module xil_defaultlib.IBUF_HD104
Compiling module xil_defaultlib.IBUF_HD105
Compiling module xil_defaultlib.MyBootROM
Compiling module xil_defaultlib.IBUF_HD106
Compiling module xil_defaultlib.IBUF_HD107
Compiling module xil_defaultlib.IBUF_HD108
Compiling module xil_defaultlib.top
Compiling module xil_defaultlib.tb_top
Compiling module xil_defaultlib.glbl
Built simulation snapshot tb_top_time_impl
run_program: Time (s): cpu = 00:00:27 ; elapsed = 00:08:52 . Memory (MB): peak = 5162.469 ; gain = 0.000
INFO: [USF-XSim-69] 'elaborate' step finished in '532' seconds
INFO: [USF-XSim-4] XSim::Simulate design
INFO: [USF-XSim-61] Executing 'SIMULATE' step in 'C:/Hung/Viettel/Stage2/ML-KEM/ml_kem/ml_kem.sim/sim_1/impl/timing/xsim'
INFO: [USF-XSim-98] *** Running xsim
   with args "tb_top_time_impl -key {Post-Implementation:sim_1:Timing:tb_top} -tclbatch {tb_top.tcl} -view {C:/Hung/Viettel/Stage2/ML-KEM/ml_kem/tb_top_func_impl.wcfg} -log {simulate.log}"
INFO: [USF-XSim-8] Loading simulator feature
Time resolution is 1 ps
open_wave_config C:/Hung/Viettel/Stage2/ML-KEM/ml_kem/tb_top_func_impl.wcfg
source tb_top.tcl
# set curr_wave [current_wave_config]
# if { [string length $curr_wave] == 0 } {
#   if { [llength [get_objects]] > 0} {
#     add_wave /
#     set_property needs_save false [current_wave_config]
#   } else {
#      send_msg_id Add_Wave-1 WARNING "No top level signals found. Simulator will start without a wave window. If you want to open a wave window go to 'File->New Waveform Configuration' or type 'create_wave_config' in the TCL console."
#   }
# }
# run 1000000ns
[1094000] DONE_STORE!
$finish called at time : 1174428 ps : File "C:/Hung/Viettel/Stage2/ML-KEM/NTT/tb_top.v" Line 115
run: Time (s): cpu = 00:00:04 ; elapsed = 00:00:07 . Memory (MB): peak = 5170.309 ; gain = 7.840
xsim: Time (s): cpu = 00:00:04 ; elapsed = 00:00:08 . Memory (MB): peak = 5170.309 ; gain = 7.840
INFO: [USF-XSim-96] XSim completed. Design snapshot 'tb_top_time_impl' loaded.
INFO: [USF-XSim-97] XSim simulation ran for 1000000ns
launch_simulation: Time (s): cpu = 00:01:05 ; elapsed = 00:09:06 . Memory (MB): peak = 5170.309 ; gain = 7.840
close_sim
INFO: [Simtcl 6-16] Simulation closed
close_sim
INFO: [Simtcl 6-16] Simulation closed
reset_run synth_1
launch_runs impl_1 -jobs 16
WARNING: [Project 1-478] Design 'synth_1' is stale and will not be used when launching 'impl_1'
[Thu Sep  4 15:29:35 2025] Launched synth_1...
Run output will be captured here: C:/Hung/Viettel/Stage2/ML-KEM/ml_kem/ml_kem.runs/synth_1/runme.log
[Thu Sep  4 15:29:35 2025] Launched impl_1...
Run output will be captured here: C:/Hung/Viettel/Stage2/ML-KEM/ml_kem/ml_kem.runs/impl_1/runme.log
refresh_design
Netlist sorting complete. Time (s): cpu = 00:00:00 ; elapsed = 00:00:00.048 . Memory (MB): peak = 5170.398 ; gain = 0.000
INFO: [Netlist 29-17] Analyzing 1888 Unisim elements for replacement
INFO: [Netlist 29-28] Unisim Transformation completed in 0 CPU seconds
INFO: [Project 1-479] Netlist was created with Vivado 2022.2.2
INFO: [Project 1-570] Preparing netlist for logic optimization
INFO: [Timing 38-478] Restoring timing data from binary archive.
INFO: [Timing 38-479] Binary timing data restore complete.
INFO: [Project 1-856] Restoring constraints from binary archive.
INFO: [Project 1-853] Binary constraint restore complete.
Reading XDEF placement.
Reading placer database...
Reading XDEF routing.
Read XDEF Files: Time (s): cpu = 00:00:00 ; elapsed = 00:00:00.842 . Memory (MB): peak = 5170.398 ; gain = 0.000
Restored from archive | CPU: 0.000000 secs | Memory: 0.000000 MB |
Finished XDEF File Restore: Time (s): cpu = 00:00:00 ; elapsed = 00:00:00.849 . Memory (MB): peak = 5170.398 ; gain = 0.000
refresh_design: Time (s): cpu = 00:00:11 ; elapsed = 00:00:08 . Memory (MB): peak = 5170.398 ; gain = 0.000
launch_simulation -mode post-implementation -type functional
Command: launch_simulation  -mode post-implementation -type functional
INFO: [Vivado 12-12493] Simulation top is 'tb_top'
WARNING: [Vivado 12-13340] Unable to auto find GCC executables from simulator install path! (path not set)
WARNING: [Vivado 12-13277] Compiled library path does not exist: ''
INFO: [Vivado 12-5682] Launching post-implementation functional simulation in 'C:/Hung/Viettel/Stage2/ML-KEM/ml_kem/ml_kem.sim/sim_1/impl/func/xsim'
INFO: [SIM-utils-51] Simulation object is 'sim_1'
INFO: [SIM-utils-72] Using boost library from 'C:/Xilinx/Vivado/2022.2/tps/boost_1_72_0'
INFO: [SIM-utils-31] Writing simulation netlist file for design 'impl_1'...
INFO: [SIM-utils-32] write_verilog -mode funcsim -nolib -force -file "C:/Hung/Viettel/Stage2/ML-KEM/ml_kem/ml_kem.sim/sim_1/impl/func/xsim/tb_top_func_impl.v"
INFO: [SIM-utils-36] Netlist generated:C:/Hung/Viettel/Stage2/ML-KEM/ml_kem/ml_kem.sim/sim_1/impl/func/xsim/tb_top_func_impl.v
INFO: [USF-XSim-7] Finding pre-compiled libraries...
INFO: [USF-XSim-11] File 'C:/Xilinx/Vivado/2022.2/data/xsim/xsim.ini' copied to run dir:'C:/Hung/Viettel/Stage2/ML-KEM/ml_kem/ml_kem.sim/sim_1/impl/func/xsim'
INFO: [SIM-utils-54] Inspecting design source files for 'tb_top' in fileset 'sim_1'...
INFO: [USF-XSim-2] XSim::Compile design
INFO: [USF-XSim-61] Executing 'COMPILE and ANALYZE' step in 'C:/Hung/Viettel/Stage2/ML-KEM/ml_kem/ml_kem.sim/sim_1/impl/func/xsim'
"xvlog --incr --relax -prj tb_top_vlog.prj"
INFO: [VRFC 10-2263] Analyzing Verilog file "C:/Hung/Viettel/Stage2/ML-KEM/ml_kem/ml_kem.sim/sim_1/impl/func/xsim/tb_top_func_impl.v" into library xil_defaultlib
INFO: [VRFC 10-311] analyzing module AddressGenerator
INFO: [VRFC 10-311] analyzing module BoothDecode
INFO: [VRFC 10-311] analyzing module BoothDecode_1
INFO: [VRFC 10-311] analyzing module BoothDecode_10
INFO: [VRFC 10-311] analyzing module BoothDecode_11
INFO: [VRFC 10-311] analyzing module BoothDecode_12
INFO: [VRFC 10-311] analyzing module BoothDecode_13
INFO: [VRFC 10-311] analyzing module BoothDecode_14
INFO: [VRFC 10-311] analyzing module BoothDecode_15
INFO: [VRFC 10-311] analyzing module BoothDecode_16
INFO: [VRFC 10-311] analyzing module BoothDecode_17
INFO: [VRFC 10-311] analyzing module BoothDecode_2
INFO: [VRFC 10-311] analyzing module BoothDecode_3
INFO: [VRFC 10-311] analyzing module BoothDecode_4
INFO: [VRFC 10-311] analyzing module BoothDecode_5
INFO: [VRFC 10-311] analyzing module BoothDecode_6
INFO: [VRFC 10-311] analyzing module MyBootROM
INFO: [VRFC 10-311] analyzing module MyReg
INFO: [VRFC 10-311] analyzing module barret
INFO: [VRFC 10-311] analyzing module barret_0
INFO: [VRFC 10-311] analyzing module barret_7
INFO: [VRFC 10-311] analyzing module barret_8
INFO: [VRFC 10-311] analyzing module bu_intt
INFO: [VRFC 10-311] analyzing module bu_ntt
INFO: [VRFC 10-311] analyzing module mul
INFO: [VRFC 10-311] analyzing module mul_9
INFO: [VRFC 10-311] analyzing module top
INFO: [VRFC 10-311] analyzing module glbl
INFO: [VRFC 10-2263] Analyzing Verilog file "C:/Hung/Viettel/Stage2/ML-KEM/NTT/tb_top.v" into library xil_defaultlib
INFO: [VRFC 10-311] analyzing module tb_top
INFO: [USF-XSim-69] 'compile' step finished in '2' seconds
INFO: [USF-XSim-3] XSim::Elaborate design
INFO: [USF-XSim-61] Executing 'ELABORATE' step in 'C:/Hung/Viettel/Stage2/ML-KEM/ml_kem/ml_kem.sim/sim_1/impl/func/xsim'
"xelab --incr --debug typical --relax --mt 2 -L xil_defaultlib -L unisims_ver -L secureip --snapshot tb_top_func_impl xil_defaultlib.tb_top xil_defaultlib.glbl -log elaborate.log"
Vivado Simulator v2022.2.2
Copyright 1986-1999, 2001-2022 Xilinx, Inc. All Rights Reserved.
Running: C:/Xilinx/Vivado/2022.2/bin/unwrapped/win64.o/xelab.exe --incr --debug typical --relax --mt 2 -L xil_defaultlib -L unisims_ver -L secureip --snapshot tb_top_func_impl xil_defaultlib.tb_top xil_defaultlib.glbl -log elaborate.log 
Using 2 slave threads.
Starting static elaboration
Pass Through NonSizing Optimizer
Completed static elaboration
Starting simulation data flow analysis
Completed simulation data flow analysis
Time Resolution for simulation is 1ps
Compiling module unisims_ver.LUT6
Compiling module unisims_ver.x_lut3_mux8
Compiling module unisims_ver.LUT3
Compiling module unisims_ver.x_lut2_mux4
Compiling module unisims_ver.LUT2
Compiling module unisims_ver.FDCE_default
Compiling module unisims_ver.LUT4
Compiling module unisims_ver.CARRY8
Compiling module unisims_ver.LUT5
Compiling module unisims_ver.x_lut1_mux2
Compiling module unisims_ver.LUT1
Compiling module xil_defaultlib.AddressGenerator
Compiling module unisims_ver.MUXF8
Compiling module unisims_ver.MUXF7
Compiling module xil_defaultlib.MyReg
Compiling module unisims_ver.OBUF
Compiling module xil_defaultlib.barret_7
Compiling module xil_defaultlib.barret_8
Compiling module xil_defaultlib.BoothDecode_10
Compiling module xil_defaultlib.BoothDecode_11
Compiling module xil_defaultlib.BoothDecode_12
Compiling module xil_defaultlib.BoothDecode_13
Compiling module xil_defaultlib.BoothDecode_14
Compiling module xil_defaultlib.BoothDecode_15
Compiling module xil_defaultlib.BoothDecode_16
Compiling module xil_defaultlib.BoothDecode_17
Compiling module unisims_ver.FDRE_default
Compiling module unisims_ver.SRL16E_default
Compiling module xil_defaultlib.mul_9
Compiling module xil_defaultlib.bu_intt
Compiling module xil_defaultlib.barret
Compiling module xil_defaultlib.barret_0
Compiling module xil_defaultlib.BoothDecode
Compiling module xil_defaultlib.BoothDecode_1
Compiling module xil_defaultlib.BoothDecode_2
Compiling module xil_defaultlib.BoothDecode_3
Compiling module xil_defaultlib.BoothDecode_4
Compiling module xil_defaultlib.BoothDecode_5
Compiling module xil_defaultlib.BoothDecode_6
Compiling module xil_defaultlib.mul
Compiling module xil_defaultlib.bu_ntt
Compiling module unisims_ver.BUFGCE(CE_TYPE="ASYNC",SIM_DEVIC...
Compiling module unisims_ver.IBUF
Compiling module xil_defaultlib.MyBootROM
Compiling module xil_defaultlib.top
Compiling module xil_defaultlib.tb_top
Compiling module xil_defaultlib.glbl
Built simulation snapshot tb_top_func_impl
run_program: Time (s): cpu = 00:00:02 ; elapsed = 00:00:21 . Memory (MB): peak = 5211.926 ; gain = 0.000
INFO: [USF-XSim-69] 'elaborate' step finished in '21' seconds
INFO: [USF-XSim-4] XSim::Simulate design
INFO: [USF-XSim-61] Executing 'SIMULATE' step in 'C:/Hung/Viettel/Stage2/ML-KEM/ml_kem/ml_kem.sim/sim_1/impl/func/xsim'
INFO: [USF-XSim-98] *** Running xsim
   with args "tb_top_func_impl -key {Post-Implementation:sim_1:Functional:tb_top} -tclbatch {tb_top.tcl} -view {C:/Hung/Viettel/Stage2/ML-KEM/ml_kem/tb_top_func_impl.wcfg} -log {simulate.log}"
INFO: [USF-XSim-8] Loading simulator feature
Time resolution is 1 ps
open_wave_config C:/Hung/Viettel/Stage2/ML-KEM/ml_kem/tb_top_func_impl.wcfg
source tb_top.tcl
# set curr_wave [current_wave_config]
# if { [string length $curr_wave] == 0 } {
#   if { [llength [get_objects]] > 0} {
#     add_wave /
#     set_property needs_save false [current_wave_config]
#   } else {
#      send_msg_id Add_Wave-1 WARNING "No top level signals found. Simulator will start without a wave window. If you want to open a wave window go to 'File->New Waveform Configuration' or type 'create_wave_config' in the TCL console."
#   }
# }
# run 1000000ns
[5668000] DONE_STORE!
$finish called at time : 5747600 ps : File "C:/Hung/Viettel/Stage2/ML-KEM/NTT/tb_top.v" Line 115
xsim: Time (s): cpu = 00:00:09 ; elapsed = 00:00:06 . Memory (MB): peak = 5220.438 ; gain = 8.512
INFO: [USF-XSim-96] XSim completed. Design snapshot 'tb_top_func_impl' loaded.
INFO: [USF-XSim-97] XSim simulation ran for 1000000ns
launch_simulation: Time (s): cpu = 00:00:13 ; elapsed = 00:00:30 . Memory (MB): peak = 5220.438 ; gain = 8.512
launch_simulation -mode post-implementation -type timing
Command: launch_simulation  -mode post-implementation -type timing
INFO: [Vivado 12-12493] Simulation top is 'tb_top'
WARNING: [Vivado 12-13340] Unable to auto find GCC executables from simulator install path! (path not set)
WARNING: [Vivado 12-13277] Compiled library path does not exist: ''
INFO: [Vivado 12-5682] Launching post-implementation timing simulation in 'C:/Hung/Viettel/Stage2/ML-KEM/ml_kem/ml_kem.sim/sim_1/impl/timing/xsim'
INFO: [SIM-utils-51] Simulation object is 'sim_1'
INFO: [SIM-utils-72] Using boost library from 'C:/Xilinx/Vivado/2022.2/tps/boost_1_72_0'
INFO: [SIM-utils-31] Writing simulation netlist file for design 'impl_1'...
INFO: [SIM-utils-32] write_verilog -mode timesim -nolib -sdf_anno true -force -file "C:/Hung/Viettel/Stage2/ML-KEM/ml_kem/ml_kem.sim/sim_1/impl/timing/xsim/tb_top_time_impl.v"
INFO: [SIM-utils-34] Writing SDF file...
INFO: [SIM-utils-35] write_sdf -mode timesim -process_corner slow -force -file "C:/Hung/Viettel/Stage2/ML-KEM/ml_kem/ml_kem.sim/sim_1/impl/timing/xsim/tb_top_time_impl.sdf"
INFO: [SIM-utils-36] Netlist generated:C:/Hung/Viettel/Stage2/ML-KEM/ml_kem/ml_kem.sim/sim_1/impl/timing/xsim/tb_top_time_impl.v
INFO: [SIM-utils-37] SDF generated:C:/Hung/Viettel/Stage2/ML-KEM/ml_kem/ml_kem.sim/sim_1/impl/timing/xsim/tb_top_time_impl.sdf
INFO: [USF-XSim-7] Finding pre-compiled libraries...
INFO: [USF-XSim-11] File 'C:/Xilinx/Vivado/2022.2/data/xsim/xsim.ini' copied to run dir:'C:/Hung/Viettel/Stage2/ML-KEM/ml_kem/ml_kem.sim/sim_1/impl/timing/xsim'
INFO: [SIM-utils-54] Inspecting design source files for 'tb_top' in fileset 'sim_1'...
INFO: [USF-XSim-2] XSim::Compile design
INFO: [USF-XSim-61] Executing 'COMPILE and ANALYZE' step in 'C:/Hung/Viettel/Stage2/ML-KEM/ml_kem/ml_kem.sim/sim_1/impl/timing/xsim'
"xvlog --incr --relax -prj tb_top_vlog.prj"
INFO: [VRFC 10-2263] Analyzing Verilog file "C:/Hung/Viettel/Stage2/ML-KEM/ml_kem/ml_kem.sim/sim_1/impl/timing/xsim/tb_top_time_impl.v" into library xil_defaultlib
INFO: [VRFC 10-311] analyzing module IBUF_UNIQ_BASE_
INFO: [VRFC 10-311] analyzing module IBUF_HD109
INFO: [VRFC 10-311] analyzing module IBUF_HD110
INFO: [VRFC 10-311] analyzing module IBUF_HD111
INFO: [VRFC 10-311] analyzing module IBUF_HD112
INFO: [VRFC 10-311] analyzing module IBUF_HD113
INFO: [VRFC 10-311] analyzing module IBUF_HD114
INFO: [VRFC 10-311] analyzing module IBUF_HD115
INFO: [VRFC 10-311] analyzing module IBUF_HD116
INFO: [VRFC 10-311] analyzing module IBUF_HD117
INFO: [VRFC 10-311] analyzing module IBUF_HD118
INFO: [VRFC 10-311] analyzing module IBUF_HD119
INFO: [VRFC 10-311] analyzing module IBUF_HD120
INFO: [VRFC 10-311] analyzing module IBUF_HD121
INFO: [VRFC 10-311] analyzing module IBUF_HD122
INFO: [VRFC 10-311] analyzing module IBUF_HD123
INFO: [VRFC 10-311] analyzing module IBUF_HD124
INFO: [VRFC 10-311] analyzing module IBUF_HD125
INFO: [VRFC 10-311] analyzing module IBUF_HD126
INFO: [VRFC 10-311] analyzing module IBUF_HD127
INFO: [VRFC 10-311] analyzing module IBUF_HD128
INFO: [VRFC 10-311] analyzing module IBUF_HD129
INFO: [VRFC 10-311] analyzing module IBUF_HD130
INFO: [VRFC 10-311] analyzing module IBUF_HD131
INFO: [VRFC 10-311] analyzing module IBUF_HD132
INFO: [VRFC 10-311] analyzing module IBUF_HD133
INFO: [VRFC 10-311] analyzing module IBUF_HD134
INFO: [VRFC 10-311] analyzing module IBUF_HD135
INFO: [VRFC 10-311] analyzing module IBUF_HD136
INFO: [VRFC 10-311] analyzing module IBUF_HD137
INFO: [VRFC 10-311] analyzing module IBUF_HD138
INFO: [VRFC 10-311] analyzing module IBUF_HD139
INFO: [VRFC 10-311] analyzing module IBUF_HD140
INFO: [VRFC 10-311] analyzing module IBUF_HD141
INFO: [VRFC 10-311] analyzing module IBUF_HD142
INFO: [VRFC 10-311] analyzing module IBUF_HD143
INFO: [VRFC 10-311] analyzing module IBUF_HD144
INFO: [VRFC 10-311] analyzing module AddressGenerator
INFO: [VRFC 10-311] analyzing module BoothDecode
INFO: [VRFC 10-311] analyzing module BoothDecode_1
INFO: [VRFC 10-311] analyzing module BoothDecode_10
INFO: [VRFC 10-311] analyzing module BoothDecode_11
INFO: [VRFC 10-311] analyzing module BoothDecode_12
INFO: [VRFC 10-311] analyzing module BoothDecode_13
INFO: [VRFC 10-311] analyzing module BoothDecode_14
INFO: [VRFC 10-311] analyzing module BoothDecode_15
INFO: [VRFC 10-311] analyzing module BoothDecode_16
INFO: [VRFC 10-311] analyzing module BoothDecode_17
INFO: [VRFC 10-311] analyzing module BoothDecode_2
INFO: [VRFC 10-311] analyzing module BoothDecode_3
INFO: [VRFC 10-311] analyzing module BoothDecode_4
INFO: [VRFC 10-311] analyzing module BoothDecode_5
INFO: [VRFC 10-311] analyzing module BoothDecode_6
INFO: [VRFC 10-311] analyzing module MyBootROM
INFO: [VRFC 10-311] analyzing module MyReg
INFO: [VRFC 10-311] analyzing module barret
INFO: [VRFC 10-311] analyzing module barret_0
INFO: [VRFC 10-311] analyzing module barret_7
INFO: [VRFC 10-311] analyzing module barret_8
INFO: [VRFC 10-311] analyzing module bu_intt
INFO: [VRFC 10-311] analyzing module bu_ntt
INFO: [VRFC 10-311] analyzing module mul
INFO: [VRFC 10-311] analyzing module mul_9
INFO: [VRFC 10-311] analyzing module top
INFO: [VRFC 10-311] analyzing module glbl
INFO: [VRFC 10-2263] Analyzing Verilog file "C:/Hung/Viettel/Stage2/ML-KEM/NTT/tb_top.v" into library xil_defaultlib
INFO: [VRFC 10-311] analyzing module tb_top
INFO: [USF-XSim-69] 'compile' step finished in '2' seconds
INFO: [USF-XSim-3] XSim::Elaborate design
INFO: [USF-XSim-61] Executing 'ELABORATE' step in 'C:/Hung/Viettel/Stage2/ML-KEM/ml_kem/ml_kem.sim/sim_1/impl/timing/xsim'
"xelab --incr --debug typical --relax --mt 2 --maxdelay -L xil_defaultlib -L simprims_ver -L secureip --snapshot tb_top_time_impl -transport_int_delays -pulse_r 0 -pulse_int_r 0 -pulse_e 0 -pulse_int_e 0 xil_defaultlib.tb_top xil_defaultlib.glbl -log elaborate.log"
Vivado Simulator v2022.2.2
Copyright 1986-1999, 2001-2022 Xilinx, Inc. All Rights Reserved.
Running: C:/Xilinx/Vivado/2022.2/bin/unwrapped/win64.o/xelab.exe --incr --debug typical --relax --mt 2 --maxdelay -L xil_defaultlib -L simprims_ver -L secureip --snapshot tb_top_time_impl -transport_int_delays -pulse_r 0 -pulse_int_r 0 -pulse_e 0 -pulse_int_e 0 xil_defaultlib.tb_top xil_defaultlib.glbl -log elaborate.log 
Using 2 slave threads.
Starting static elaboration
Pass Through NonSizing Optimizer
Completed static elaboration
Starting simulation data flow analysis
Completed simulation data flow analysis
INFO: [XSIM 43-3451] SDF backannotation process started with SDF file "tb_top_time_impl.sdf", for root module "tb_top/dut".
INFO: [XSIM 43-3452] SDF backannotation was successful for SDF file "tb_top_time_impl.sdf", for root module "tb_top/dut".
Time Resolution for simulation is 1ps
Compiling module simprims_ver.LUT6
Compiling module simprims_ver.x_lut3_mux8
Compiling module simprims_ver.LUT3
Compiling module simprims_ver.x_lut2_mux4
Compiling module simprims_ver.LUT2
Compiling module simprims_ver.FDCE_default
Compiling module simprims_ver.LUT4
Compiling module simprims_ver.CARRY8
Compiling module simprims_ver.LUT5
Compiling module simprims_ver.x_lut1_mux2
Compiling module simprims_ver.LUT1
Compiling module xil_defaultlib.AddressGenerator
Compiling module simprims_ver.MUXF8
Compiling module simprims_ver.MUXF7
Compiling module xil_defaultlib.MyReg
Compiling module simprims_ver.OBUF
Compiling module xil_defaultlib.barret_7
Compiling module xil_defaultlib.barret_8
Compiling module xil_defaultlib.BoothDecode_10
Compiling module xil_defaultlib.BoothDecode_11
Compiling module xil_defaultlib.BoothDecode_12
Compiling module xil_defaultlib.BoothDecode_13
Compiling module xil_defaultlib.BoothDecode_14
Compiling module xil_defaultlib.BoothDecode_15
Compiling module xil_defaultlib.BoothDecode_16
Compiling module xil_defaultlib.BoothDecode_17
Compiling module simprims_ver.FDRE_default
Compiling module simprims_ver.SRL16E_default
Compiling module xil_defaultlib.mul_9
Compiling module xil_defaultlib.bu_intt
Compiling module xil_defaultlib.barret
Compiling module xil_defaultlib.barret_0
Compiling module xil_defaultlib.BoothDecode
Compiling module xil_defaultlib.BoothDecode_1
Compiling module xil_defaultlib.BoothDecode_2
Compiling module xil_defaultlib.BoothDecode_3
Compiling module xil_defaultlib.BoothDecode_4
Compiling module xil_defaultlib.BoothDecode_5
Compiling module xil_defaultlib.BoothDecode_6
Compiling module xil_defaultlib.mul
Compiling module xil_defaultlib.bu_ntt
Compiling module simprims_ver.BUFGCE(CE_TYPE="ASYNC",SIM_DEVIC...
Compiling module simprims_ver.IBUFCTRL_default
Compiling module simprims_ver.INBUF_default
Compiling module xil_defaultlib.IBUF_UNIQ_BASE_
Compiling module xil_defaultlib.IBUF_HD109
Compiling module xil_defaultlib.IBUF_HD110
Compiling module xil_defaultlib.IBUF_HD111
Compiling module xil_defaultlib.IBUF_HD112
Compiling module xil_defaultlib.IBUF_HD113
Compiling module xil_defaultlib.IBUF_HD114
Compiling module xil_defaultlib.IBUF_HD115
Compiling module xil_defaultlib.IBUF_HD116
Compiling module xil_defaultlib.IBUF_HD117
Compiling module xil_defaultlib.IBUF_HD118
Compiling module xil_defaultlib.IBUF_HD119
Compiling module xil_defaultlib.IBUF_HD120
Compiling module xil_defaultlib.IBUF_HD121
Compiling module xil_defaultlib.IBUF_HD122
Compiling module xil_defaultlib.IBUF_HD123
Compiling module xil_defaultlib.IBUF_HD124
Compiling module xil_defaultlib.IBUF_HD125
Compiling module xil_defaultlib.IBUF_HD126
Compiling module xil_defaultlib.IBUF_HD127
Compiling module xil_defaultlib.IBUF_HD128
Compiling module xil_defaultlib.IBUF_HD129
Compiling module xil_defaultlib.IBUF_HD130
Compiling module xil_defaultlib.IBUF_HD131
Compiling module xil_defaultlib.IBUF_HD132
Compiling module xil_defaultlib.IBUF_HD133
Compiling module xil_defaultlib.IBUF_HD134
Compiling module xil_defaultlib.IBUF_HD135
Compiling module xil_defaultlib.IBUF_HD136
Compiling module xil_defaultlib.IBUF_HD137
Compiling module xil_defaultlib.IBUF_HD138
Compiling module xil_defaultlib.IBUF_HD139
Compiling module xil_defaultlib.IBUF_HD140
Compiling module xil_defaultlib.IBUF_HD141
Compiling module xil_defaultlib.MyBootROM
Compiling module xil_defaultlib.IBUF_HD142
Compiling module xil_defaultlib.IBUF_HD143
Compiling module xil_defaultlib.IBUF_HD144
Compiling module xil_defaultlib.top
Compiling module xil_defaultlib.tb_top
Compiling module xil_defaultlib.glbl
Built simulation snapshot tb_top_time_impl
run_program: Time (s): cpu = 00:00:37 ; elapsed = 00:08:43 . Memory (MB): peak = 5220.438 ; gain = 0.000
INFO: [USF-XSim-69] 'elaborate' step finished in '522' seconds
INFO: [USF-XSim-4] XSim::Simulate design
INFO: [USF-XSim-61] Executing 'SIMULATE' step in 'C:/Hung/Viettel/Stage2/ML-KEM/ml_kem/ml_kem.sim/sim_1/impl/timing/xsim'
INFO: [USF-XSim-98] *** Running xsim
   with args "tb_top_time_impl -key {Post-Implementation:sim_1:Timing:tb_top} -tclbatch {tb_top.tcl} -view {C:/Hung/Viettel/Stage2/ML-KEM/ml_kem/tb_top_func_impl.wcfg} -log {simulate.log}"
INFO: [USF-XSim-8] Loading simulator feature
Time resolution is 1 ps
open_wave_config C:/Hung/Viettel/Stage2/ML-KEM/ml_kem/tb_top_func_impl.wcfg
source tb_top.tcl
# set curr_wave [current_wave_config]
# if { [string length $curr_wave] == 0 } {
#   if { [llength [get_objects]] > 0} {
#     add_wave /
#     set_property needs_save false [current_wave_config]
#   } else {
#      send_msg_id Add_Wave-1 WARNING "No top level signals found. Simulator will start without a wave window. If you want to open a wave window go to 'File->New Waveform Configuration' or type 'create_wave_config' in the TCL console."
#   }
# }
# run 1000000ns
[5673000] DONE_STORE!
$finish called at time : 5753029 ps : File "C:/Hung/Viettel/Stage2/ML-KEM/NTT/tb_top.v" Line 115
run: Time (s): cpu = 00:01:13 ; elapsed = 00:01:28 . Memory (MB): peak = 5228.543 ; gain = 8.105
xsim: Time (s): cpu = 00:01:15 ; elapsed = 00:01:30 . Memory (MB): peak = 5228.543 ; gain = 8.105
INFO: [USF-XSim-96] XSim completed. Design snapshot 'tb_top_time_impl' loaded.
INFO: [USF-XSim-97] XSim simulation ran for 1000000ns
launch_simulation: Time (s): cpu = 00:02:25 ; elapsed = 00:10:18 . Memory (MB): peak = 5228.543 ; gain = 8.105
save_wave_config {C:/Hung/Viettel/Stage2/ML-KEM/ml_kem/tb_top_func_impl.wcfg}
current_sim simulation_17
current_sim simulation_18
close_sim
INFO: xsimkernel Simulation Memory Usage: 316272 KB (Peak: 316272 KB), Simulation CPU Usage: 88374 ms
INFO: [Simtcl 6-16] Simulation closed
close_sim
INFO: [Simtcl 6-16] Simulation closed
reset_run synth_1
launch_runs impl_1 -jobs 16
WARNING: [Project 1-478] Design 'synth_1' is stale and will not be used when launching 'impl_1'
[Thu Sep  4 15:55:17 2025] Launched synth_1...
Run output will be captured here: C:/Hung/Viettel/Stage2/ML-KEM/ml_kem/ml_kem.runs/synth_1/runme.log
[Thu Sep  4 15:55:17 2025] Launched impl_1...
Run output will be captured here: C:/Hung/Viettel/Stage2/ML-KEM/ml_kem/ml_kem.runs/impl_1/runme.log
refresh_design
Netlist sorting complete. Time (s): cpu = 00:00:00 ; elapsed = 00:00:00.047 . Memory (MB): peak = 6105.727 ; gain = 0.000
INFO: [Netlist 29-17] Analyzing 1888 Unisim elements for replacement
INFO: [Netlist 29-28] Unisim Transformation completed in 0 CPU seconds
INFO: [Project 1-479] Netlist was created with Vivado 2022.2.2
INFO: [Project 1-570] Preparing netlist for logic optimization
INFO: [Timing 38-478] Restoring timing data from binary archive.
INFO: [Timing 38-479] Binary timing data restore complete.
INFO: [Project 1-856] Restoring constraints from binary archive.
INFO: [Project 1-853] Binary constraint restore complete.
Reading XDEF placement.
Reading placer database...
Reading XDEF routing.
Read XDEF Files: Time (s): cpu = 00:00:01 ; elapsed = 00:00:00.989 . Memory (MB): peak = 6105.727 ; gain = 0.000
Restored from archive | CPU: 1.000000 secs | Memory: 0.000000 MB |
Finished XDEF File Restore: Time (s): cpu = 00:00:01 ; elapsed = 00:00:00.999 . Memory (MB): peak = 6105.727 ; gain = 0.000
refresh_design: Time (s): cpu = 00:00:14 ; elapsed = 00:00:09 . Memory (MB): peak = 6105.727 ; gain = 0.000
close_design
close_design
launch_simulation
Command: launch_simulation 
INFO: [Vivado 12-12493] Simulation top is 'tb_top'
WARNING: [Vivado 12-13340] Unable to auto find GCC executables from simulator install path! (path not set)
WARNING: [Vivado 12-13277] Compiled library path does not exist: ''
INFO: [Vivado 12-5682] Launching behavioral simulation in 'C:/Hung/Viettel/Stage2/ML-KEM/ml_kem/ml_kem.sim/sim_1/behav/xsim'
INFO: [SIM-utils-51] Simulation object is 'sim_1'
INFO: [SIM-utils-72] Using boost library from 'C:/Xilinx/Vivado/2022.2/tps/boost_1_72_0'
INFO: [USF-XSim-7] Finding pre-compiled libraries...
INFO: [USF-XSim-11] File 'C:/Xilinx/Vivado/2022.2/data/xsim/xsim.ini' copied to run dir:'C:/Hung/Viettel/Stage2/ML-KEM/ml_kem/ml_kem.sim/sim_1/behav/xsim'
INFO: [SIM-utils-54] Inspecting design source files for 'tb_top' in fileset 'sim_1'...
INFO: [USF-XSim-97] Finding global include files...
INFO: [USF-XSim-98] Fetching design files from 'sim_1'...
INFO: [USF-XSim-2] XSim::Compile design
INFO: [USF-XSim-61] Executing 'COMPILE and ANALYZE' step in 'C:/Hung/Viettel/Stage2/ML-KEM/ml_kem/ml_kem.sim/sim_1/behav/xsim'
"xvlog --incr --relax -prj tb_top_vlog.prj"
INFO: [VRFC 10-2263] Analyzing Verilog file "C:/Hung/Viettel/Stage2/ML-KEM/NTT/AddressGenerator.v" into library xil_defaultlib
INFO: [VRFC 10-311] analyzing module AddressGenerator
INFO: [VRFC 10-2263] Analyzing Verilog file "C:/Hung/Viettel/Stage2/ML-KEM/NTT/BoothDecode.v" into library xil_defaultlib
INFO: [VRFC 10-311] analyzing module BoothDecode
INFO: [VRFC 10-2263] Analyzing Verilog file "C:/Hung/Viettel/Stage2/ML-KEM/NTT/MyBootRom.v" into library xil_defaultlib
INFO: [VRFC 10-311] analyzing module MyBootROM
INFO: [VRFC 10-2263] Analyzing Verilog file "C:/Hung/Viettel/Stage2/ML-KEM/NTT/MyReg.v" into library xil_defaultlib
INFO: [VRFC 10-311] analyzing module MyReg
INFO: [VRFC 10-2263] Analyzing Verilog file "C:/Hung/Viettel/Stage2/ML-KEM/NTT/barret.v" into library xil_defaultlib
INFO: [VRFC 10-311] analyzing module barret
INFO: [VRFC 10-2263] Analyzing Verilog file "C:/Hung/Viettel/Stage2/ML-KEM/NTT/bu_intt.v" into library xil_defaultlib
INFO: [VRFC 10-311] analyzing module bu_intt
INFO: [VRFC 10-2263] Analyzing Verilog file "C:/Hung/Viettel/Stage2/ML-KEM/NTT/bu_ntt.v" into library xil_defaultlib
INFO: [VRFC 10-311] analyzing module bu_ntt
INFO: [VRFC 10-2263] Analyzing Verilog file "C:/Hung/Viettel/Stage2/ML-KEM/NTT/mul.v" into library xil_defaultlib
INFO: [VRFC 10-311] analyzing module mul
INFO: [VRFC 10-2263] Analyzing Verilog file "C:/Hung/Viettel/Stage2/ML-KEM/NTT/top.v" into library xil_defaultlib
INFO: [VRFC 10-311] analyzing module top
INFO: [VRFC 10-2263] Analyzing Verilog file "C:/Hung/Viettel/Stage2/ML-KEM/NTT/tb_top.v" into library xil_defaultlib
INFO: [VRFC 10-311] analyzing module tb_top
INFO: [USF-XSim-69] 'compile' step finished in '3' seconds
INFO: [USF-XSim-3] XSim::Elaborate design
INFO: [USF-XSim-61] Executing 'ELABORATE' step in 'C:/Hung/Viettel/Stage2/ML-KEM/ml_kem/ml_kem.sim/sim_1/behav/xsim'
"xelab --incr --debug typical --relax --mt 2 -L xil_defaultlib -L unisims_ver -L unimacro_ver -L secureip -L xpm --snapshot tb_top_behav xil_defaultlib.tb_top xil_defaultlib.glbl -log elaborate.log"
Vivado Simulator v2022.2.2
Copyright 1986-1999, 2001-2022 Xilinx, Inc. All Rights Reserved.
Running: C:/Xilinx/Vivado/2022.2/bin/unwrapped/win64.o/xelab.exe --incr --debug typical --relax --mt 2 -L xil_defaultlib -L unisims_ver -L unimacro_ver -L secureip -L xpm --snapshot tb_top_behav xil_defaultlib.tb_top xil_defaultlib.glbl -log elaborate.log 
Using 2 slave threads.
Starting static elaboration
Pass Through NonSizing Optimizer
Completed static elaboration
Starting simulation data flow analysis
Completed simulation data flow analysis
Time Resolution for simulation is 1ps
Compiling module xil_defaultlib.MyBootROM
Compiling module xil_defaultlib.AddressGenerator
Compiling module xil_defaultlib.MyReg
Compiling module xil_defaultlib.barret
Compiling module xil_defaultlib.BoothDecode
Compiling module xil_defaultlib.mul_default
Compiling module xil_defaultlib.bu_ntt
Compiling module xil_defaultlib.bu_intt
Compiling module xil_defaultlib.top
Compiling module xil_defaultlib.tb_top
Compiling module xil_defaultlib.glbl
Built simulation snapshot tb_top_behav
INFO: [USF-XSim-69] 'elaborate' step finished in '5' seconds
INFO: [USF-XSim-4] XSim::Simulate design
INFO: [USF-XSim-61] Executing 'SIMULATE' step in 'C:/Hung/Viettel/Stage2/ML-KEM/ml_kem/ml_kem.sim/sim_1/behav/xsim'
INFO: [USF-XSim-98] *** Running xsim
   with args "tb_top_behav -key {Behavioral:sim_1:Functional:tb_top} -tclbatch {tb_top.tcl} -view {C:/Hung/Viettel/Stage2/ML-KEM/ml_kem/tb_top_func_impl.wcfg} -log {simulate.log}"
INFO: [USF-XSim-8] Loading simulator feature
Time resolution is 1 ps
open_wave_config C:/Hung/Viettel/Stage2/ML-KEM/ml_kem/tb_top_func_impl.wcfg
source tb_top.tcl
# set curr_wave [current_wave_config]
# if { [string length $curr_wave] == 0 } {
#   if { [llength [get_objects]] > 0} {
#     add_wave /
#     set_property needs_save false [current_wave_config]
#   } else {
#      send_msg_id Add_Wave-1 WARNING "No top level signals found. Simulator will start without a wave window. If you want to open a wave window go to 'File->New Waveform Configuration' or type 'create_wave_config' in the TCL console."
#   }
# }
# run 1000000ns
[5668000] DONE_STORE!
$finish called at time : 5747500 ps : File "C:/Hung/Viettel/Stage2/ML-KEM/NTT/tb_top.v" Line 115
INFO: [USF-XSim-96] XSim completed. Design snapshot 'tb_top_behav' loaded.
INFO: [USF-XSim-97] XSim simulation ran for 1000000ns
launch_simulation: Time (s): cpu = 00:00:04 ; elapsed = 00:00:10 . Memory (MB): peak = 6105.727 ; gain = 0.000
current_wave_config {tb_top_func_impl.wcfg}
tb_top_func_impl.wcfg
add_wave {{/tb_top/dut/bu_intt0/A_In}} {{/tb_top/dut/bu_intt0/B_In}} {{/tb_top/dut/bu_intt0/W_In}} {{/tb_top/dut/bu_intt0/A_Out}} {{/tb_top/dut/bu_intt0/B_Out}} 
save_wave_config {C:/Hung/Viettel/Stage2/ML-KEM/ml_kem/tb_top_func_impl.wcfg}
relaunch_sim
Command: launch_simulation -step compile -simset sim_1 -mode behavioral
INFO: [Vivado 12-12493] Simulation top is 'tb_top'
WARNING: [Vivado 12-13340] Unable to auto find GCC executables from simulator install path! (path not set)
WARNING: [Vivado 12-13277] Compiled library path does not exist: ''
INFO: [Vivado 12-5682] Launching behavioral simulation in 'C:/Hung/Viettel/Stage2/ML-KEM/ml_kem/ml_kem.sim/sim_1/behav/xsim'
INFO: [SIM-utils-51] Simulation object is 'sim_1'
INFO: [USF-XSim-2] XSim::Compile design
INFO: [USF-XSim-61] Executing 'COMPILE and ANALYZE' step in 'C:/Hung/Viettel/Stage2/ML-KEM/ml_kem/ml_kem.sim/sim_1/behav/xsim'
"xvlog --incr --relax -prj tb_top_vlog.prj"
INFO: [VRFC 10-2263] Analyzing Verilog file "C:/Hung/Viettel/Stage2/ML-KEM/NTT/AddressGenerator.v" into library xil_defaultlib
INFO: [VRFC 10-311] analyzing module AddressGenerator
INFO: [VRFC 10-2263] Analyzing Verilog file "C:/Hung/Viettel/Stage2/ML-KEM/NTT/BoothDecode.v" into library xil_defaultlib
INFO: [VRFC 10-311] analyzing module BoothDecode
INFO: [VRFC 10-2263] Analyzing Verilog file "C:/Hung/Viettel/Stage2/ML-KEM/NTT/MyBootRom.v" into library xil_defaultlib
INFO: [VRFC 10-311] analyzing module MyBootROM
INFO: [VRFC 10-2263] Analyzing Verilog file "C:/Hung/Viettel/Stage2/ML-KEM/NTT/MyReg.v" into library xil_defaultlib
INFO: [VRFC 10-311] analyzing module MyReg
INFO: [VRFC 10-2263] Analyzing Verilog file "C:/Hung/Viettel/Stage2/ML-KEM/NTT/barret.v" into library xil_defaultlib
INFO: [VRFC 10-311] analyzing module barret
INFO: [VRFC 10-2263] Analyzing Verilog file "C:/Hung/Viettel/Stage2/ML-KEM/NTT/bu_intt.v" into library xil_defaultlib
INFO: [VRFC 10-311] analyzing module bu_intt
INFO: [VRFC 10-2263] Analyzing Verilog file "C:/Hung/Viettel/Stage2/ML-KEM/NTT/bu_ntt.v" into library xil_defaultlib
INFO: [VRFC 10-311] analyzing module bu_ntt
INFO: [VRFC 10-2263] Analyzing Verilog file "C:/Hung/Viettel/Stage2/ML-KEM/NTT/mul.v" into library xil_defaultlib
INFO: [VRFC 10-311] analyzing module mul
INFO: [VRFC 10-2263] Analyzing Verilog file "C:/Hung/Viettel/Stage2/ML-KEM/NTT/top.v" into library xil_defaultlib
INFO: [VRFC 10-311] analyzing module top
INFO: [VRFC 10-2263] Analyzing Verilog file "C:/Hung/Viettel/Stage2/ML-KEM/NTT/tb_top.v" into library xil_defaultlib
INFO: [VRFC 10-311] analyzing module tb_top
INFO: [USF-XSim-69] 'compile' step finished in '2' seconds
Command: launch_simulation -step elaborate -simset sim_1 -mode behavioral
INFO: [Vivado 12-12493] Simulation top is 'tb_top'
WARNING: [Vivado 12-13340] Unable to auto find GCC executables from simulator install path! (path not set)
WARNING: [Vivado 12-13277] Compiled library path does not exist: ''
INFO: [Vivado 12-5682] Launching behavioral simulation in 'C:/Hung/Viettel/Stage2/ML-KEM/ml_kem/ml_kem.sim/sim_1/behav/xsim'
INFO: [SIM-utils-51] Simulation object is 'sim_1'
INFO: [USF-XSim-3] XSim::Elaborate design
INFO: [USF-XSim-61] Executing 'ELABORATE' step in 'C:/Hung/Viettel/Stage2/ML-KEM/ml_kem/ml_kem.sim/sim_1/behav/xsim'
"xelab --incr --debug typical --relax --mt 2 -L xil_defaultlib -L unisims_ver -L unimacro_ver -L secureip -L xpm --snapshot tb_top_behav xil_defaultlib.tb_top xil_defaultlib.glbl -log elaborate.log"
Vivado Simulator v2022.2.2
Copyright 1986-1999, 2001-2022 Xilinx, Inc. All Rights Reserved.
Running: C:/Xilinx/Vivado/2022.2/bin/unwrapped/win64.o/xelab.exe --incr --debug typical --relax --mt 2 -L xil_defaultlib -L unisims_ver -L unimacro_ver -L secureip -L xpm --snapshot tb_top_behav xil_defaultlib.tb_top xil_defaultlib.glbl -log elaborate.log 
Using 2 slave threads.
Starting static elaboration
Pass Through NonSizing Optimizer
Completed static elaboration
Starting simulation data flow analysis
Completed simulation data flow analysis
Time Resolution for simulation is 1ps
Compiling module xil_defaultlib.MyBootROM
Compiling module xil_defaultlib.AddressGenerator
Compiling module xil_defaultlib.MyReg
Compiling module xil_defaultlib.barret
Compiling module xil_defaultlib.BoothDecode
Compiling module xil_defaultlib.mul_default
Compiling module xil_defaultlib.bu_ntt
Compiling module xil_defaultlib.bu_intt
Compiling module xil_defaultlib.top
Compiling module xil_defaultlib.tb_top
Compiling module xil_defaultlib.glbl
Built simulation snapshot tb_top_behav
INFO: [USF-XSim-69] 'elaborate' step finished in '4' seconds
Time resolution is 1 ps
[5668000] DONE_STORE!
$finish called at time : 5747500 ps : File "C:/Hung/Viettel/Stage2/ML-KEM/NTT/tb_top.v" Line 115
relaunch_sim: Time (s): cpu = 00:00:03 ; elapsed = 00:00:09 . Memory (MB): peak = 6105.727 ; gain = 0.000
save_wave_config {C:/Hung/Viettel/Stage2/ML-KEM/ml_kem/tb_top_func_impl.wcfg}
current_wave_config {tb_top_func_impl.wcfg}
C:/Hung/Viettel/Stage2/ML-KEM/ml_kem/tb_top_func_impl.wcfg
add_wave {{/tb_top/dut/bu_intt0/mul_out}} 
relaunch_sim
Command: launch_simulation -step compile -simset sim_1 -mode behavioral
INFO: [Vivado 12-12493] Simulation top is 'tb_top'
WARNING: [Vivado 12-13340] Unable to auto find GCC executables from simulator install path! (path not set)
WARNING: [Vivado 12-13277] Compiled library path does not exist: ''
INFO: [Vivado 12-5682] Launching behavioral simulation in 'C:/Hung/Viettel/Stage2/ML-KEM/ml_kem/ml_kem.sim/sim_1/behav/xsim'
INFO: [SIM-utils-51] Simulation object is 'sim_1'
INFO: [USF-XSim-2] XSim::Compile design
INFO: [USF-XSim-61] Executing 'COMPILE and ANALYZE' step in 'C:/Hung/Viettel/Stage2/ML-KEM/ml_kem/ml_kem.sim/sim_1/behav/xsim'
"xvlog --incr --relax -prj tb_top_vlog.prj"
INFO: [VRFC 10-2263] Analyzing Verilog file "C:/Hung/Viettel/Stage2/ML-KEM/NTT/AddressGenerator.v" into library xil_defaultlib
INFO: [VRFC 10-311] analyzing module AddressGenerator
INFO: [VRFC 10-2263] Analyzing Verilog file "C:/Hung/Viettel/Stage2/ML-KEM/NTT/BoothDecode.v" into library xil_defaultlib
INFO: [VRFC 10-311] analyzing module BoothDecode
INFO: [VRFC 10-2263] Analyzing Verilog file "C:/Hung/Viettel/Stage2/ML-KEM/NTT/MyBootRom.v" into library xil_defaultlib
INFO: [VRFC 10-311] analyzing module MyBootROM
INFO: [VRFC 10-2263] Analyzing Verilog file "C:/Hung/Viettel/Stage2/ML-KEM/NTT/MyReg.v" into library xil_defaultlib
INFO: [VRFC 10-311] analyzing module MyReg
INFO: [VRFC 10-2263] Analyzing Verilog file "C:/Hung/Viettel/Stage2/ML-KEM/NTT/barret.v" into library xil_defaultlib
INFO: [VRFC 10-311] analyzing module barret
INFO: [VRFC 10-2263] Analyzing Verilog file "C:/Hung/Viettel/Stage2/ML-KEM/NTT/bu_intt.v" into library xil_defaultlib
INFO: [VRFC 10-311] analyzing module bu_intt
INFO: [VRFC 10-2263] Analyzing Verilog file "C:/Hung/Viettel/Stage2/ML-KEM/NTT/bu_ntt.v" into library xil_defaultlib
INFO: [VRFC 10-311] analyzing module bu_ntt
INFO: [VRFC 10-2263] Analyzing Verilog file "C:/Hung/Viettel/Stage2/ML-KEM/NTT/mul.v" into library xil_defaultlib
INFO: [VRFC 10-311] analyzing module mul
INFO: [VRFC 10-2263] Analyzing Verilog file "C:/Hung/Viettel/Stage2/ML-KEM/NTT/top.v" into library xil_defaultlib
INFO: [VRFC 10-311] analyzing module top
INFO: [VRFC 10-2263] Analyzing Verilog file "C:/Hung/Viettel/Stage2/ML-KEM/NTT/tb_top.v" into library xil_defaultlib
INFO: [VRFC 10-311] analyzing module tb_top
INFO: [USF-XSim-69] 'compile' step finished in '3' seconds
Command: launch_simulation -step elaborate -simset sim_1 -mode behavioral
INFO: [Vivado 12-12493] Simulation top is 'tb_top'
WARNING: [Vivado 12-13340] Unable to auto find GCC executables from simulator install path! (path not set)
WARNING: [Vivado 12-13277] Compiled library path does not exist: ''
INFO: [Vivado 12-5682] Launching behavioral simulation in 'C:/Hung/Viettel/Stage2/ML-KEM/ml_kem/ml_kem.sim/sim_1/behav/xsim'
INFO: [SIM-utils-51] Simulation object is 'sim_1'
INFO: [USF-XSim-3] XSim::Elaborate design
INFO: [USF-XSim-61] Executing 'ELABORATE' step in 'C:/Hung/Viettel/Stage2/ML-KEM/ml_kem/ml_kem.sim/sim_1/behav/xsim'
"xelab --incr --debug typical --relax --mt 2 -L xil_defaultlib -L unisims_ver -L unimacro_ver -L secureip -L xpm --snapshot tb_top_behav xil_defaultlib.tb_top xil_defaultlib.glbl -log elaborate.log"
Vivado Simulator v2022.2.2
Copyright 1986-1999, 2001-2022 Xilinx, Inc. All Rights Reserved.
Running: C:/Xilinx/Vivado/2022.2/bin/unwrapped/win64.o/xelab.exe --incr --debug typical --relax --mt 2 -L xil_defaultlib -L unisims_ver -L unimacro_ver -L secureip -L xpm --snapshot tb_top_behav xil_defaultlib.tb_top xil_defaultlib.glbl -log elaborate.log 
Using 2 slave threads.
Starting static elaboration
Pass Through NonSizing Optimizer
Completed static elaboration
Starting simulation data flow analysis
Completed simulation data flow analysis
Time Resolution for simulation is 1ps
Compiling module xil_defaultlib.MyBootROM
Compiling module xil_defaultlib.AddressGenerator
Compiling module xil_defaultlib.MyReg
Compiling module xil_defaultlib.barret
Compiling module xil_defaultlib.BoothDecode
Compiling module xil_defaultlib.mul_default
Compiling module xil_defaultlib.bu_ntt
Compiling module xil_defaultlib.bu_intt
Compiling module xil_defaultlib.top
Compiling module xil_defaultlib.tb_top
Compiling module xil_defaultlib.glbl
Built simulation snapshot tb_top_behav
INFO: [USF-XSim-69] 'elaborate' step finished in '4' seconds
Time resolution is 1 ps
[5668000] DONE_STORE!
$finish called at time : 5747500 ps : File "C:/Hung/Viettel/Stage2/ML-KEM/NTT/tb_top.v" Line 115
relaunch_sim: Time (s): cpu = 00:00:02 ; elapsed = 00:00:09 . Memory (MB): peak = 6105.727 ; gain = 0.000
save_wave_config {C:/Hung/Viettel/Stage2/ML-KEM/ml_kem/tb_top_func_impl.wcfg}
current_wave_config {tb_top_func_impl.wcfg}
C:/Hung/Viettel/Stage2/ML-KEM/ml_kem/tb_top_func_impl.wcfg
add_wave {{/tb_top/dut/bu_intt0/barrett_out2}} 
relaunch_sim
Command: launch_simulation -step compile -simset sim_1 -mode behavioral
INFO: [Vivado 12-12493] Simulation top is 'tb_top'
WARNING: [Vivado 12-13340] Unable to auto find GCC executables from simulator install path! (path not set)
WARNING: [Vivado 12-13277] Compiled library path does not exist: ''
INFO: [Vivado 12-5682] Launching behavioral simulation in 'C:/Hung/Viettel/Stage2/ML-KEM/ml_kem/ml_kem.sim/sim_1/behav/xsim'
INFO: [SIM-utils-51] Simulation object is 'sim_1'
INFO: [USF-XSim-2] XSim::Compile design
INFO: [USF-XSim-61] Executing 'COMPILE and ANALYZE' step in 'C:/Hung/Viettel/Stage2/ML-KEM/ml_kem/ml_kem.sim/sim_1/behav/xsim'
"xvlog --incr --relax -prj tb_top_vlog.prj"
INFO: [VRFC 10-2263] Analyzing Verilog file "C:/Hung/Viettel/Stage2/ML-KEM/NTT/AddressGenerator.v" into library xil_defaultlib
INFO: [VRFC 10-311] analyzing module AddressGenerator
INFO: [VRFC 10-2263] Analyzing Verilog file "C:/Hung/Viettel/Stage2/ML-KEM/NTT/BoothDecode.v" into library xil_defaultlib
INFO: [VRFC 10-311] analyzing module BoothDecode
INFO: [VRFC 10-2263] Analyzing Verilog file "C:/Hung/Viettel/Stage2/ML-KEM/NTT/MyBootRom.v" into library xil_defaultlib
INFO: [VRFC 10-311] analyzing module MyBootROM
INFO: [VRFC 10-2263] Analyzing Verilog file "C:/Hung/Viettel/Stage2/ML-KEM/NTT/MyReg.v" into library xil_defaultlib
INFO: [VRFC 10-311] analyzing module MyReg
INFO: [VRFC 10-2263] Analyzing Verilog file "C:/Hung/Viettel/Stage2/ML-KEM/NTT/barret.v" into library xil_defaultlib
INFO: [VRFC 10-311] analyzing module barret
INFO: [VRFC 10-2263] Analyzing Verilog file "C:/Hung/Viettel/Stage2/ML-KEM/NTT/bu_intt.v" into library xil_defaultlib
INFO: [VRFC 10-311] analyzing module bu_intt
INFO: [VRFC 10-2263] Analyzing Verilog file "C:/Hung/Viettel/Stage2/ML-KEM/NTT/bu_ntt.v" into library xil_defaultlib
INFO: [VRFC 10-311] analyzing module bu_ntt
INFO: [VRFC 10-2263] Analyzing Verilog file "C:/Hung/Viettel/Stage2/ML-KEM/NTT/mul.v" into library xil_defaultlib
INFO: [VRFC 10-311] analyzing module mul
INFO: [VRFC 10-2263] Analyzing Verilog file "C:/Hung/Viettel/Stage2/ML-KEM/NTT/top.v" into library xil_defaultlib
INFO: [VRFC 10-311] analyzing module top
INFO: [VRFC 10-2263] Analyzing Verilog file "C:/Hung/Viettel/Stage2/ML-KEM/NTT/tb_top.v" into library xil_defaultlib
INFO: [VRFC 10-311] analyzing module tb_top
INFO: [USF-XSim-69] 'compile' step finished in '2' seconds
Command: launch_simulation -step elaborate -simset sim_1 -mode behavioral
INFO: [Vivado 12-12493] Simulation top is 'tb_top'
WARNING: [Vivado 12-13340] Unable to auto find GCC executables from simulator install path! (path not set)
WARNING: [Vivado 12-13277] Compiled library path does not exist: ''
INFO: [Vivado 12-5682] Launching behavioral simulation in 'C:/Hung/Viettel/Stage2/ML-KEM/ml_kem/ml_kem.sim/sim_1/behav/xsim'
INFO: [SIM-utils-51] Simulation object is 'sim_1'
INFO: [USF-XSim-3] XSim::Elaborate design
INFO: [USF-XSim-61] Executing 'ELABORATE' step in 'C:/Hung/Viettel/Stage2/ML-KEM/ml_kem/ml_kem.sim/sim_1/behav/xsim'
"xelab --incr --debug typical --relax --mt 2 -L xil_defaultlib -L unisims_ver -L unimacro_ver -L secureip -L xpm --snapshot tb_top_behav xil_defaultlib.tb_top xil_defaultlib.glbl -log elaborate.log"
Vivado Simulator v2022.2.2
Copyright 1986-1999, 2001-2022 Xilinx, Inc. All Rights Reserved.
Running: C:/Xilinx/Vivado/2022.2/bin/unwrapped/win64.o/xelab.exe --incr --debug typical --relax --mt 2 -L xil_defaultlib -L unisims_ver -L unimacro_ver -L secureip -L xpm --snapshot tb_top_behav xil_defaultlib.tb_top xil_defaultlib.glbl -log elaborate.log 
Using 2 slave threads.
Starting static elaboration
Pass Through NonSizing Optimizer
Completed static elaboration
Starting simulation data flow analysis
Completed simulation data flow analysis
Time Resolution for simulation is 1ps
Compiling module xil_defaultlib.MyBootROM
Compiling module xil_defaultlib.AddressGenerator
Compiling module xil_defaultlib.MyReg
Compiling module xil_defaultlib.barret
Compiling module xil_defaultlib.BoothDecode
Compiling module xil_defaultlib.mul_default
Compiling module xil_defaultlib.bu_ntt
Compiling module xil_defaultlib.bu_intt
Compiling module xil_defaultlib.top
Compiling module xil_defaultlib.tb_top
Compiling module xil_defaultlib.glbl
Built simulation snapshot tb_top_behav
INFO: [USF-XSim-69] 'elaborate' step finished in '3' seconds
Time resolution is 1 ps
[5668000] DONE_STORE!
$finish called at time : 5747500 ps : File "C:/Hung/Viettel/Stage2/ML-KEM/NTT/tb_top.v" Line 115
relaunch_sim: Time (s): cpu = 00:00:02 ; elapsed = 00:00:08 . Memory (MB): peak = 6105.727 ; gain = 0.000
save_wave_config {C:/Hung/Viettel/Stage2/ML-KEM/ml_kem/tb_top_func_impl.wcfg}
relaunch_sim
Command: launch_simulation -step compile -simset sim_1 -mode behavioral
INFO: [Vivado 12-12493] Simulation top is 'tb_top'
WARNING: [Vivado 12-13340] Unable to auto find GCC executables from simulator install path! (path not set)
WARNING: [Vivado 12-13277] Compiled library path does not exist: ''
INFO: [Vivado 12-5682] Launching behavioral simulation in 'C:/Hung/Viettel/Stage2/ML-KEM/ml_kem/ml_kem.sim/sim_1/behav/xsim'
INFO: [SIM-utils-51] Simulation object is 'sim_1'
INFO: [USF-XSim-2] XSim::Compile design
INFO: [USF-XSim-61] Executing 'COMPILE and ANALYZE' step in 'C:/Hung/Viettel/Stage2/ML-KEM/ml_kem/ml_kem.sim/sim_1/behav/xsim'
"xvlog --incr --relax -prj tb_top_vlog.prj"
INFO: [VRFC 10-2263] Analyzing Verilog file "C:/Hung/Viettel/Stage2/ML-KEM/NTT/AddressGenerator.v" into library xil_defaultlib
INFO: [VRFC 10-311] analyzing module AddressGenerator
INFO: [VRFC 10-2263] Analyzing Verilog file "C:/Hung/Viettel/Stage2/ML-KEM/NTT/BoothDecode.v" into library xil_defaultlib
INFO: [VRFC 10-311] analyzing module BoothDecode
INFO: [VRFC 10-2263] Analyzing Verilog file "C:/Hung/Viettel/Stage2/ML-KEM/NTT/MyBootRom.v" into library xil_defaultlib
INFO: [VRFC 10-311] analyzing module MyBootROM
INFO: [VRFC 10-2263] Analyzing Verilog file "C:/Hung/Viettel/Stage2/ML-KEM/NTT/MyReg.v" into library xil_defaultlib
INFO: [VRFC 10-311] analyzing module MyReg
INFO: [VRFC 10-2263] Analyzing Verilog file "C:/Hung/Viettel/Stage2/ML-KEM/NTT/barret.v" into library xil_defaultlib
INFO: [VRFC 10-311] analyzing module barret
INFO: [VRFC 10-2263] Analyzing Verilog file "C:/Hung/Viettel/Stage2/ML-KEM/NTT/bu_intt.v" into library xil_defaultlib
INFO: [VRFC 10-311] analyzing module bu_intt
INFO: [VRFC 10-2263] Analyzing Verilog file "C:/Hung/Viettel/Stage2/ML-KEM/NTT/bu_ntt.v" into library xil_defaultlib
INFO: [VRFC 10-311] analyzing module bu_ntt
INFO: [VRFC 10-2263] Analyzing Verilog file "C:/Hung/Viettel/Stage2/ML-KEM/NTT/mul.v" into library xil_defaultlib
INFO: [VRFC 10-311] analyzing module mul
INFO: [VRFC 10-2263] Analyzing Verilog file "C:/Hung/Viettel/Stage2/ML-KEM/NTT/top.v" into library xil_defaultlib
INFO: [VRFC 10-311] analyzing module top
INFO: [VRFC 10-2263] Analyzing Verilog file "C:/Hung/Viettel/Stage2/ML-KEM/NTT/tb_top.v" into library xil_defaultlib
INFO: [VRFC 10-311] analyzing module tb_top
INFO: [USF-XSim-69] 'compile' step finished in '2' seconds
Command: launch_simulation -step elaborate -simset sim_1 -mode behavioral
INFO: [Vivado 12-12493] Simulation top is 'tb_top'
WARNING: [Vivado 12-13340] Unable to auto find GCC executables from simulator install path! (path not set)
WARNING: [Vivado 12-13277] Compiled library path does not exist: ''
INFO: [Vivado 12-5682] Launching behavioral simulation in 'C:/Hung/Viettel/Stage2/ML-KEM/ml_kem/ml_kem.sim/sim_1/behav/xsim'
INFO: [SIM-utils-51] Simulation object is 'sim_1'
INFO: [USF-XSim-3] XSim::Elaborate design
INFO: [USF-XSim-61] Executing 'ELABORATE' step in 'C:/Hung/Viettel/Stage2/ML-KEM/ml_kem/ml_kem.sim/sim_1/behav/xsim'
"xelab --incr --debug typical --relax --mt 2 -L xil_defaultlib -L unisims_ver -L unimacro_ver -L secureip -L xpm --snapshot tb_top_behav xil_defaultlib.tb_top xil_defaultlib.glbl -log elaborate.log"
Vivado Simulator v2022.2.2
Copyright 1986-1999, 2001-2022 Xilinx, Inc. All Rights Reserved.
Running: C:/Xilinx/Vivado/2022.2/bin/unwrapped/win64.o/xelab.exe --incr --debug typical --relax --mt 2 -L xil_defaultlib -L unisims_ver -L unimacro_ver -L secureip -L xpm --snapshot tb_top_behav xil_defaultlib.tb_top xil_defaultlib.glbl -log elaborate.log 
Using 2 slave threads.
Starting static elaboration
Pass Through NonSizing Optimizer
Completed static elaboration
Starting simulation data flow analysis
Completed simulation data flow analysis
Time Resolution for simulation is 1ps
Compiling module xil_defaultlib.MyBootROM
Compiling module xil_defaultlib.AddressGenerator
Compiling module xil_defaultlib.MyReg
Compiling module xil_defaultlib.barret
Compiling module xil_defaultlib.BoothDecode
Compiling module xil_defaultlib.mul_default
Compiling module xil_defaultlib.bu_ntt
Compiling module xil_defaultlib.bu_intt
Compiling module xil_defaultlib.top
Compiling module xil_defaultlib.tb_top
Compiling module xil_defaultlib.glbl
Built simulation snapshot tb_top_behav
INFO: [USF-XSim-69] 'elaborate' step finished in '4' seconds
Time resolution is 1 ps
[5668000] DONE_STORE!
$finish called at time : 5747500 ps : File "C:/Hung/Viettel/Stage2/ML-KEM/NTT/tb_top.v" Line 115
relaunch_sim: Time (s): cpu = 00:00:03 ; elapsed = 00:00:08 . Memory (MB): peak = 6105.727 ; gain = 0.000
save_wave_config {C:/Hung/Viettel/Stage2/ML-KEM/ml_kem/tb_top_func_impl.wcfg}
save_wave_config {C:/Hung/Viettel/Stage2/ML-KEM/ml_kem/tb_top_func_impl.wcfg}
close_sim
INFO: [Simtcl 6-16] Simulation closed
exit
INFO: [Common 17-206] Exiting Vivado at Thu Sep  4 16:59:16 2025...
