#-----------------------------------------------------------
# Vivado v2022.2.2 (64-bit)
# SW Build 3788238 on Tue Feb 21 20:00:34 MST 2023
# IP Build 3783773 on Tue Feb 21 23:41:56 MST 2023
# Start of session at: Mon Aug 18 08:16:27 2025
# Process ID: 23052
# Current directory: C:/Hung/Viettel/Stage2/ML-KEM/ml_kem
# Command line: vivado.exe -gui_launcher_event rodinguilauncherevent19164 C:\Hung\Viettel\Stage2\ML-KEM\ml_kem\ml_kem.xpr
# Log file: C:/Hung/Viettel/Stage2/ML-KEM/ml_kem/vivado.log
# Journal file: C:/Hung/Viettel/Stage2/ML-KEM/ml_kem\vivado.jou
# Running On: DESKTOP-DA5EM0P, OS: Windows, CPU Frequency: 2304 MHz, CPU Physical cores: 8, Host memory: 16948 MB
#-----------------------------------------------------------
start_gui
open_project C:/Hung/Viettel/Stage2/ML-KEM/ml_kem/ml_kem.xpr
INFO: [filemgmt 56-3] Default IP Output Path : Could not find the directory 'C:/Hung/Viettel/Stage2/ML-KEM/ml_kem/ml_kem.gen/sources_1'.
Scanning sources...
Finished scanning sources
WARNING: [Board 49-26] cannot add Board Part xilinx.com:vck190:part0:2.2 available at C:/Xilinx/Vivado/2022.2/data/xhub/boards/XilinxBoardStore/boards/Xilinx/vck190/production/2.2/board.xml as part xcvc1902-vsva2197-2mp-e-s specified in board_part file is either invalid or not available
WARNING: [Board 49-26] cannot add Board Part xilinx.com:vck190:part0:3.0 available at C:/Xilinx/Vivado/2022.2/data/xhub/boards/XilinxBoardStore/boards/Xilinx/vck190/production/3.0/board.xml as part xcvc1902-vsva2197-2mp-e-s specified in board_part file is either invalid or not available
WARNING: [Board 49-26] cannot add Board Part xilinx.com:vck190:part0:3.1 available at C:/Xilinx/Vivado/2022.2/data/xhub/boards/XilinxBoardStore/boards/Xilinx/vck190/production/3.1/board.xml as part xcvc1902-vsva2197-2mp-e-s specified in board_part file is either invalid or not available
WARNING: [Board 49-26] cannot add Board Part xilinx.com:vck190_newl:part0:1.0 available at C:/Xilinx/Vivado/2022.2/data/xhub/boards/XilinxBoardStore/boards/Xilinx/vck190_newl/production/1.0/board.xml as part xcvc1902-vsva2197-2mp-e-s specified in board_part file is either invalid or not available
WARNING: [Board 49-26] cannot add Board Part xilinx.com:vek280_es:part0:1.0 available at C:/Xilinx/Vivado/2022.2/data/xhub/boards/XilinxBoardStore/boards/Xilinx/vek280/es/rev_a/1.0/board.xml as part xcve2802-vsvh1760-2lp-e-s-es1 specified in board_part file is either invalid or not available
WARNING: [Board 49-26] cannot add Board Part xilinx.com:vek280_es_revb:part0:1.0 available at C:/Xilinx/Vivado/2022.2/data/xhub/boards/XilinxBoardStore/boards/Xilinx/vek280/es/rev_b/1.0/board.xml as part xcve2802-vsvh1760-2mp-e-s-es1 specified in board_part file is either invalid or not available
WARNING: [Board 49-26] cannot add Board Part xilinx.com:vhk158_es:part0:1.0 available at C:/Xilinx/Vivado/2022.2/data/xhub/boards/XilinxBoardStore/boards/Xilinx/vhk158/es/1.0/board.xml as part xcvh1582-vsva3697-2mp-e-s-es1 specified in board_part file is either invalid or not available
WARNING: [Board 49-26] cannot add Board Part xilinx.com:vmk180:part0:2.2 available at C:/Xilinx/Vivado/2022.2/data/xhub/boards/XilinxBoardStore/boards/Xilinx/vmk180/production/2.2/board.xml as part xcvm1802-vsva2197-2mp-e-s specified in board_part file is either invalid or not available
WARNING: [Board 49-26] cannot add Board Part xilinx.com:vmk180:part0:3.0 available at C:/Xilinx/Vivado/2022.2/data/xhub/boards/XilinxBoardStore/boards/Xilinx/vmk180/production/3.0/board.xml as part xcvm1802-vsva2197-2mp-e-s specified in board_part file is either invalid or not available
WARNING: [Board 49-26] cannot add Board Part xilinx.com:vmk180:part0:3.1 available at C:/Xilinx/Vivado/2022.2/data/xhub/boards/XilinxBoardStore/boards/Xilinx/vmk180/production/3.1/board.xml as part xcvm1802-vsva2197-2mp-e-s specified in board_part file is either invalid or not available
WARNING: [Board 49-26] cannot add Board Part xilinx.com:vmk180_newl:part0:1.0 available at C:/Xilinx/Vivado/2022.2/data/xhub/boards/XilinxBoardStore/boards/Xilinx/vmk180_newl/production/1.0/board.xml as part xcvm1802-vsva2197-2mp-e-s specified in board_part file is either invalid or not available
WARNING: [Board 49-26] cannot add Board Part xilinx.com:vpk120:part0:1.0 available at C:/Xilinx/Vivado/2022.2/data/xhub/boards/XilinxBoardStore/boards/Xilinx/vpk120/production/1.0/board.xml as part xcvp1202-vsva2785-2mp-e-s specified in board_part file is either invalid or not available
WARNING: [Board 49-26] cannot add Board Part xilinx.com:vpk120_es:part0:1.2 available at C:/Xilinx/Vivado/2022.2/data/xhub/boards/XilinxBoardStore/boards/Xilinx/vpk120/es/1.2/board.xml as part xcvp1202-vsva2785-2mp-e-s-es1 specified in board_part file is either invalid or not available
WARNING: [Board 49-26] cannot add Board Part xilinx.com:vpk120_es_revb:part0:1.0 available at C:/Xilinx/Vivado/2022.2/data/xhub/boards/XilinxBoardStore/boards/Xilinx/vpk120_revb/es/1.0/board.xml as part xcvp1202-vsva2785-2mp-e-s-es1 specified in board_part file is either invalid or not available
WARNING: [Board 49-26] cannot add Board Part xilinx.com:vpk180_es:part0:1.0 available at C:/Xilinx/Vivado/2022.2/data/xhub/boards/XilinxBoardStore/boards/Xilinx/vpk180/es/1.0/board.xml as part xcvp1802-lsvc4072-2mp-e-s-es1 specified in board_part file is either invalid or not available
WARNING: [Board 49-26] cannot add Board Part xilinx.com:zcu208ld:part0:2.0 available at C:/Xilinx/Vivado/2022.2/data/xhub/boards/XilinxBoardStore/boards/Xilinx/zcu208ld/production/2.0/board.xml as part xczu58dr-fsvg1517-2-i specified in board_part file is either invalid or not available
WARNING: [Board 49-26] cannot add Board Part xilinx.com:zcu216ld:part0:2.0 available at C:/Xilinx/Vivado/2022.2/data/xhub/boards/XilinxBoardStore/boards/Xilinx/zcu216ld/production/2.0/board.xml as part xczu59dr-ffvf1760-2-i specified in board_part file is either invalid or not available
WARNING: [Board 49-26] cannot add Board Part xilinx.com:zcu670:part0:2.0 available at C:/Xilinx/Vivado/2022.2/data/xhub/boards/XilinxBoardStore/boards/Xilinx/zcu670/2.0/board.xml as part xczu67dr-fsve1156-2-i specified in board_part file is either invalid or not available
WARNING: [Board 49-26] cannot add Board Part xilinx.com:zcu670ld:part0:1.0 available at C:/Xilinx/Vivado/2022.2/data/xhub/boards/XilinxBoardStore/boards/Xilinx/zcu670ld/1.0/board.xml as part xczu57dr-fsve1156-2-i specified in board_part file is either invalid or not available
INFO: [IP_Flow 19-234] Refreshing IP repositories
INFO: [IP_Flow 19-1704] No user IP repositories specified
INFO: [IP_Flow 19-2313] Loaded Vivado IP repository 'C:/Xilinx/Vivado/2022.2/data/ip'.
open_project: Time (s): cpu = 00:00:21 ; elapsed = 00:00:11 . Memory (MB): peak = 1210.109 ; gain = 405.938
update_compile_order -fileset sources_1
launch_simulation
Command: launch_simulation 
INFO: [Vivado 12-12493] Simulation top is 'tb_top'
WARNING: [Vivado 12-13340] Unable to auto find GCC executables from simulator install path! (path not set)
WARNING: [Vivado 12-13277] Compiled library path does not exist: ''
INFO: [Vivado 12-5682] Launching behavioral simulation in 'C:/Hung/Viettel/Stage2/ML-KEM/ml_kem/ml_kem.sim/sim_1/behav/xsim'
INFO: [SIM-utils-51] Simulation object is 'sim_1'
INFO: [SIM-utils-72] Using boost library from 'C:/Xilinx/Vivado/2022.2/tps/boost_1_72_0'
INFO: [SIM-utils-54] Inspecting design source files for 'tb_top' in fileset 'sim_1'...
INFO: [USF-XSim-97] Finding global include files...
INFO: [USF-XSim-98] Fetching design files from 'sim_1'...
INFO: [USF-XSim-2] XSim::Compile design
INFO: [USF-XSim-61] Executing 'COMPILE and ANALYZE' step in 'C:/Hung/Viettel/Stage2/ML-KEM/ml_kem/ml_kem.sim/sim_1/behav/xsim'
"xvlog --incr --relax -prj tb_top_vlog.prj"
INFO: [USF-XSim-69] 'compile' step finished in '1' seconds
INFO: [USF-XSim-3] XSim::Elaborate design
INFO: [USF-XSim-61] Executing 'ELABORATE' step in 'C:/Hung/Viettel/Stage2/ML-KEM/ml_kem/ml_kem.sim/sim_1/behav/xsim'
"xelab --incr --debug typical --relax --mt 2 -L xil_defaultlib -L unisims_ver -L unimacro_ver -L secureip --snapshot tb_top_behav xil_defaultlib.tb_top xil_defaultlib.glbl -log elaborate.log"
Vivado Simulator v2022.2.2
Copyright 1986-1999, 2001-2022 Xilinx, Inc. All Rights Reserved.
Running: C:/Xilinx/Vivado/2022.2/bin/unwrapped/win64.o/xelab.exe --incr --debug typical --relax --mt 2 -L xil_defaultlib -L unisims_ver -L unimacro_ver -L secureip --snapshot tb_top_behav xil_defaultlib.tb_top xil_defaultlib.glbl -log elaborate.log 
Using 2 slave threads.
Starting static elaboration
Pass Through NonSizing Optimizer
Completed static elaboration
INFO: [XSIM 43-4323] No Change in HDL. Linking previously generated obj files to create kernel
INFO: [USF-XSim-69] 'elaborate' step finished in '2' seconds
INFO: [USF-XSim-4] XSim::Simulate design
INFO: [USF-XSim-61] Executing 'SIMULATE' step in 'C:/Hung/Viettel/Stage2/ML-KEM/ml_kem/ml_kem.sim/sim_1/behav/xsim'
INFO: [USF-XSim-98] *** Running xsim
   with args "tb_top_behav -key {Behavioral:sim_1:Functional:tb_top} -tclbatch {tb_top.tcl} -view {C:/Hung/Viettel/Stage2/ML-KEM/ml_kem/tb_top_func_impl.wcfg} -log {simulate.log}"
INFO: [USF-XSim-8] Loading simulator feature
Time resolution is 1 ps
open_wave_config C:/Hung/Viettel/Stage2/ML-KEM/ml_kem/tb_top_func_impl.wcfg
source tb_top.tcl
# set curr_wave [current_wave_config]
# if { [string length $curr_wave] == 0 } {
#   if { [llength [get_objects]] > 0} {
#     add_wave /
#     set_property needs_save false [current_wave_config]
#   } else {
#      send_msg_id Add_Wave-1 WARNING "No top level signals found. Simulator will start without a wave window. If you want to open a wave window go to 'File->New Waveform Configuration' or type 'create_wave_config' in the TCL console."
#   }
# }
# run 100000ns
[11950000] DONE_STORE!
$finish called at time : 12030 ns : File "C:/Hung/Viettel/Stage2/ML-KEM/NTT/tb_top.v" Line 125
INFO: [USF-XSim-96] XSim completed. Design snapshot 'tb_top_behav' loaded.
INFO: [USF-XSim-97] XSim simulation ran for 100000ns
launch_simulation: Time (s): cpu = 00:00:08 ; elapsed = 00:00:07 . Memory (MB): peak = 1226.012 ; gain = 15.902
relaunch_sim
Command: launch_simulation -step compile -simset sim_1 -mode behavioral
INFO: [Vivado 12-12493] Simulation top is 'tb_top'
WARNING: [Vivado 12-13340] Unable to auto find GCC executables from simulator install path! (path not set)
WARNING: [Vivado 12-13277] Compiled library path does not exist: ''
INFO: [Vivado 12-5682] Launching behavioral simulation in 'C:/Hung/Viettel/Stage2/ML-KEM/ml_kem/ml_kem.sim/sim_1/behav/xsim'
INFO: [SIM-utils-51] Simulation object is 'sim_1'
INFO: [SIM-utils-72] Using boost library from 'C:/Xilinx/Vivado/2022.2/tps/boost_1_72_0'
INFO: [SIM-utils-54] Inspecting design source files for 'tb_top' in fileset 'sim_1'...
INFO: [USF-XSim-97] Finding global include files...
INFO: [USF-XSim-98] Fetching design files from 'sim_1'...
INFO: [USF-XSim-2] XSim::Compile design
INFO: [USF-XSim-61] Executing 'COMPILE and ANALYZE' step in 'C:/Hung/Viettel/Stage2/ML-KEM/ml_kem/ml_kem.sim/sim_1/behav/xsim'
"xvlog --incr --relax -prj tb_top_vlog.prj"
INFO: [VRFC 10-2263] Analyzing Verilog file "C:/Hung/Viettel/Stage2/ML-KEM/NTT/AddressGenerator.v" into library xil_defaultlib
INFO: [VRFC 10-311] analyzing module AddressGenerator
INFO: [VRFC 10-2263] Analyzing Verilog file "C:/Hung/Viettel/Stage2/ML-KEM/NTT/BoothDecode.v" into library xil_defaultlib
INFO: [VRFC 10-311] analyzing module BoothDecode
INFO: [VRFC 10-2263] Analyzing Verilog file "C:/Hung/Viettel/Stage2/ML-KEM/NTT/MyBootRom.v" into library xil_defaultlib
INFO: [VRFC 10-311] analyzing module MyBootROM
INFO: [VRFC 10-2263] Analyzing Verilog file "C:/Hung/Viettel/Stage2/ML-KEM/NTT/barret.v" into library xil_defaultlib
INFO: [VRFC 10-311] analyzing module barret
INFO: [VRFC 10-2263] Analyzing Verilog file "C:/Hung/Viettel/Stage2/ML-KEM/NTT/bram.v" into library xil_defaultlib
INFO: [VRFC 10-311] analyzing module bram
INFO: [VRFC 10-2263] Analyzing Verilog file "C:/Hung/Viettel/Stage2/ML-KEM/NTT/bu_intt.v" into library xil_defaultlib
INFO: [VRFC 10-311] analyzing module bu_intt
INFO: [VRFC 10-2263] Analyzing Verilog file "C:/Hung/Viettel/Stage2/ML-KEM/NTT/bu_ntt.v" into library xil_defaultlib
INFO: [VRFC 10-311] analyzing module bu_ntt
INFO: [VRFC 10-2263] Analyzing Verilog file "C:/Hung/Viettel/Stage2/ML-KEM/NTT/mul.v" into library xil_defaultlib
INFO: [VRFC 10-311] analyzing module mul
INFO: [VRFC 10-2263] Analyzing Verilog file "C:/Hung/Viettel/Stage2/ML-KEM/NTT/normalize_output.v" into library xil_defaultlib
INFO: [VRFC 10-311] analyzing module normalize_output
INFO: [VRFC 10-2263] Analyzing Verilog file "C:/Hung/Viettel/Stage2/ML-KEM/NTT/top.v" into library xil_defaultlib
INFO: [VRFC 10-311] analyzing module top
INFO: [VRFC 10-2263] Analyzing Verilog file "C:/Hung/Viettel/Stage2/ML-KEM/NTT/tb_top.v" into library xil_defaultlib
INFO: [VRFC 10-311] analyzing module tb_top
INFO: [USF-XSim-69] 'compile' step finished in '1' seconds
Command: launch_simulation -step elaborate -simset sim_1 -mode behavioral
INFO: [Vivado 12-12493] Simulation top is 'tb_top'
WARNING: [Vivado 12-13340] Unable to auto find GCC executables from simulator install path! (path not set)
WARNING: [Vivado 12-13277] Compiled library path does not exist: ''
INFO: [Vivado 12-5682] Launching behavioral simulation in 'C:/Hung/Viettel/Stage2/ML-KEM/ml_kem/ml_kem.sim/sim_1/behav/xsim'
INFO: [SIM-utils-51] Simulation object is 'sim_1'
INFO: [USF-XSim-3] XSim::Elaborate design
INFO: [USF-XSim-61] Executing 'ELABORATE' step in 'C:/Hung/Viettel/Stage2/ML-KEM/ml_kem/ml_kem.sim/sim_1/behav/xsim'
"xelab --incr --debug typical --relax --mt 2 -L xil_defaultlib -L unisims_ver -L unimacro_ver -L secureip --snapshot tb_top_behav xil_defaultlib.tb_top xil_defaultlib.glbl -log elaborate.log"
Vivado Simulator v2022.2.2
Copyright 1986-1999, 2001-2022 Xilinx, Inc. All Rights Reserved.
Running: C:/Xilinx/Vivado/2022.2/bin/unwrapped/win64.o/xelab.exe --incr --debug typical --relax --mt 2 -L xil_defaultlib -L unisims_ver -L unimacro_ver -L secureip --snapshot tb_top_behav xil_defaultlib.tb_top xil_defaultlib.glbl -log elaborate.log 
Using 2 slave threads.
Starting static elaboration
Pass Through NonSizing Optimizer
Completed static elaboration
Starting simulation data flow analysis
WARNING: [XSIM 43-4099] "C:/Hung/Viettel/Stage2/ML-KEM/NTT/top.v" Line 1. Module top doesn't have a timescale but at least one module in design has a timescale.
WARNING: [XSIM 43-4099] "C:/Hung/Viettel/Stage2/ML-KEM/NTT/MyBootRom.v" Line 1. Module MyBootROM doesn't have a timescale but at least one module in design has a timescale.
WARNING: [XSIM 43-4099] "C:/Hung/Viettel/Stage2/ML-KEM/NTT/bram.v" Line 1. Module bram_default doesn't have a timescale but at least one module in design has a timescale.
WARNING: [XSIM 43-4099] "C:/Hung/Viettel/Stage2/ML-KEM/NTT/AddressGenerator.v" Line 1. Module AddressGenerator doesn't have a timescale but at least one module in design has a timescale.
WARNING: [XSIM 43-4099] "C:/Hung/Viettel/Stage2/ML-KEM/NTT/bu_ntt.v" Line 1. Module bu_ntt doesn't have a timescale but at least one module in design has a timescale.
WARNING: [XSIM 43-4099] "C:/Hung/Viettel/Stage2/ML-KEM/NTT/barret.v" Line 1. Module barret doesn't have a timescale but at least one module in design has a timescale.
WARNING: [XSIM 43-4099] "C:/Hung/Viettel/Stage2/ML-KEM/NTT/barret.v" Line 1. Module barret doesn't have a timescale but at least one module in design has a timescale.
WARNING: [XSIM 43-4099] "C:/Hung/Viettel/Stage2/ML-KEM/NTT/barret.v" Line 1. Module barret doesn't have a timescale but at least one module in design has a timescale.
WARNING: [XSIM 43-4099] "C:/Hung/Viettel/Stage2/ML-KEM/NTT/mul.v" Line 1. Module mul_default doesn't have a timescale but at least one module in design has a timescale.
WARNING: [XSIM 43-4099] "C:/Hung/Viettel/Stage2/ML-KEM/NTT/BoothDecode.v" Line 1. Module BoothDecode doesn't have a timescale but at least one module in design has a timescale.
WARNING: [XSIM 43-4099] "C:/Hung/Viettel/Stage2/ML-KEM/NTT/BoothDecode.v" Line 1. Module BoothDecode doesn't have a timescale but at least one module in design has a timescale.
WARNING: [XSIM 43-4099] "C:/Hung/Viettel/Stage2/ML-KEM/NTT/BoothDecode.v" Line 1. Module BoothDecode doesn't have a timescale but at least one module in design has a timescale.
WARNING: [XSIM 43-4099] "C:/Hung/Viettel/Stage2/ML-KEM/NTT/BoothDecode.v" Line 1. Module BoothDecode doesn't have a timescale but at least one module in design has a timescale.
WARNING: [XSIM 43-4099] "C:/Hung/Viettel/Stage2/ML-KEM/NTT/BoothDecode.v" Line 1. Module BoothDecode doesn't have a timescale but at least one module in design has a timescale.
WARNING: [XSIM 43-4099] "C:/Hung/Viettel/Stage2/ML-KEM/NTT/BoothDecode.v" Line 1. Module BoothDecode doesn't have a timescale but at least one module in design has a timescale.
WARNING: [XSIM 43-4099] "C:/Hung/Viettel/Stage2/ML-KEM/NTT/BoothDecode.v" Line 1. Module BoothDecode doesn't have a timescale but at least one module in design has a timescale.
WARNING: [XSIM 43-4099] "C:/Hung/Viettel/Stage2/ML-KEM/NTT/BoothDecode.v" Line 1. Module BoothDecode doesn't have a timescale but at least one module in design has a timescale.
WARNING: [XSIM 43-4099] "C:/Hung/Viettel/Stage2/ML-KEM/NTT/bu_intt.v" Line 1. Module bu_intt doesn't have a timescale but at least one module in design has a timescale.
WARNING: [XSIM 43-4099] "C:/Hung/Viettel/Stage2/ML-KEM/NTT/barret.v" Line 1. Module barret doesn't have a timescale but at least one module in design has a timescale.
WARNING: [XSIM 43-4099] "C:/Hung/Viettel/Stage2/ML-KEM/NTT/barret.v" Line 1. Module barret doesn't have a timescale but at least one module in design has a timescale.
WARNING: [XSIM 43-4099] "C:/Hung/Viettel/Stage2/ML-KEM/NTT/barret.v" Line 1. Module barret doesn't have a timescale but at least one module in design has a timescale.
WARNING: [XSIM 43-4099] "C:/Hung/Viettel/Stage2/ML-KEM/NTT/mul.v" Line 1. Module mul_default doesn't have a timescale but at least one module in design has a timescale.
WARNING: [XSIM 43-4099] "C:/Hung/Viettel/Stage2/ML-KEM/NTT/BoothDecode.v" Line 1. Module BoothDecode doesn't have a timescale but at least one module in design has a timescale.
WARNING: [XSIM 43-4099] "C:/Hung/Viettel/Stage2/ML-KEM/NTT/BoothDecode.v" Line 1. Module BoothDecode doesn't have a timescale but at least one module in design has a timescale.
WARNING: [XSIM 43-4099] "C:/Hung/Viettel/Stage2/ML-KEM/NTT/BoothDecode.v" Line 1. Module BoothDecode doesn't have a timescale but at least one module in design has a timescale.
WARNING: [XSIM 43-4099] "C:/Hung/Viettel/Stage2/ML-KEM/NTT/BoothDecode.v" Line 1. Module BoothDecode doesn't have a timescale but at least one module in design has a timescale.
WARNING: [XSIM 43-4099] "C:/Hung/Viettel/Stage2/ML-KEM/NTT/BoothDecode.v" Line 1. Module BoothDecode doesn't have a timescale but at least one module in design has a timescale.
WARNING: [XSIM 43-4099] "C:/Hung/Viettel/Stage2/ML-KEM/NTT/BoothDecode.v" Line 1. Module BoothDecode doesn't have a timescale but at least one module in design has a timescale.
WARNING: [XSIM 43-4099] "C:/Hung/Viettel/Stage2/ML-KEM/NTT/BoothDecode.v" Line 1. Module BoothDecode doesn't have a timescale but at least one module in design has a timescale.
WARNING: [XSIM 43-4099] "C:/Hung/Viettel/Stage2/ML-KEM/NTT/BoothDecode.v" Line 1. Module BoothDecode doesn't have a timescale but at least one module in design has a timescale.
WARNING: [XSIM 43-4099] "C:/Hung/Viettel/Stage2/ML-KEM/NTT/normalize_output.v" Line 1. Module normalize_output doesn't have a timescale but at least one module in design has a timescale.
WARNING: [XSIM 43-4099] "C:/Hung/Viettel/Stage2/ML-KEM/NTT/barret.v" Line 1. Module barret doesn't have a timescale but at least one module in design has a timescale.
WARNING: [XSIM 43-4099] "C:/Hung/Viettel/Stage2/ML-KEM/NTT/barret.v" Line 1. Module barret doesn't have a timescale but at least one module in design has a timescale.
WARNING: [XSIM 43-4099] "C:/Hung/Viettel/Stage2/ML-KEM/NTT/top.v" Line 1. Module top doesn't have a timescale but at least one module in design has a timescale.
WARNING: [XSIM 43-4099] "C:/Hung/Viettel/Stage2/ML-KEM/NTT/MyBootRom.v" Line 1. Module MyBootROM doesn't have a timescale but at least one module in design has a timescale.
WARNING: [XSIM 43-4099] "C:/Hung/Viettel/Stage2/ML-KEM/NTT/bram.v" Line 1. Module bram_default doesn't have a timescale but at least one module in design has a timescale.
WARNING: [XSIM 43-4099] "C:/Hung/Viettel/Stage2/ML-KEM/NTT/AddressGenerator.v" Line 1. Module AddressGenerator doesn't have a timescale but at least one module in design has a timescale.
WARNING: [XSIM 43-4099] "C:/Hung/Viettel/Stage2/ML-KEM/NTT/bu_ntt.v" Line 1. Module bu_ntt doesn't have a timescale but at least one module in design has a timescale.
WARNING: [XSIM 43-4099] "C:/Hung/Viettel/Stage2/ML-KEM/NTT/barret.v" Line 1. Module barret doesn't have a timescale but at least one module in design has a timescale.
WARNING: [XSIM 43-4099] "C:/Hung/Viettel/Stage2/ML-KEM/NTT/barret.v" Line 1. Module barret doesn't have a timescale but at least one module in design has a timescale.
WARNING: [XSIM 43-4099] "C:/Hung/Viettel/Stage2/ML-KEM/NTT/barret.v" Line 1. Module barret doesn't have a timescale but at least one module in design has a timescale.
WARNING: [XSIM 43-4099] "C:/Hung/Viettel/Stage2/ML-KEM/NTT/mul.v" Line 1. Module mul_default doesn't have a timescale but at least one module in design has a timescale.
WARNING: [XSIM 43-4099] "C:/Hung/Viettel/Stage2/ML-KEM/NTT/BoothDecode.v" Line 1. Module BoothDecode doesn't have a timescale but at least one module in design has a timescale.
WARNING: [XSIM 43-4099] "C:/Hung/Viettel/Stage2/ML-KEM/NTT/BoothDecode.v" Line 1. Module BoothDecode doesn't have a timescale but at least one module in design has a timescale.
WARNING: [XSIM 43-4099] "C:/Hung/Viettel/Stage2/ML-KEM/NTT/BoothDecode.v" Line 1. Module BoothDecode doesn't have a timescale but at least one module in design has a timescale.
WARNING: [XSIM 43-4099] "C:/Hung/Viettel/Stage2/ML-KEM/NTT/BoothDecode.v" Line 1. Module BoothDecode doesn't have a timescale but at least one module in design has a timescale.
WARNING: [XSIM 43-4099] "C:/Hung/Viettel/Stage2/ML-KEM/NTT/BoothDecode.v" Line 1. Module BoothDecode doesn't have a timescale but at least one module in design has a timescale.
WARNING: [XSIM 43-4099] "C:/Hung/Viettel/Stage2/ML-KEM/NTT/BoothDecode.v" Line 1. Module BoothDecode doesn't have a timescale but at least one module in design has a timescale.
WARNING: [XSIM 43-4099] "C:/Hung/Viettel/Stage2/ML-KEM/NTT/BoothDecode.v" Line 1. Module BoothDecode doesn't have a timescale but at least one module in design has a timescale.
WARNING: [XSIM 43-4099] "C:/Hung/Viettel/Stage2/ML-KEM/NTT/BoothDecode.v" Line 1. Module BoothDecode doesn't have a timescale but at least one module in design has a timescale.
WARNING: [XSIM 43-4099] "C:/Hung/Viettel/Stage2/ML-KEM/NTT/bu_intt.v" Line 1. Module bu_intt doesn't have a timescale but at least one module in design has a timescale.
WARNING: [XSIM 43-4099] "C:/Hung/Viettel/Stage2/ML-KEM/NTT/barret.v" Line 1. Module barret doesn't have a timescale but at least one module in design has a timescale.
WARNING: [XSIM 43-4099] "C:/Hung/Viettel/Stage2/ML-KEM/NTT/barret.v" Line 1. Module barret doesn't have a timescale but at least one module in design has a timescale.
WARNING: [XSIM 43-4099] "C:/Hung/Viettel/Stage2/ML-KEM/NTT/barret.v" Line 1. Module barret doesn't have a timescale but at least one module in design has a timescale.
WARNING: [XSIM 43-4099] "C:/Hung/Viettel/Stage2/ML-KEM/NTT/mul.v" Line 1. Module mul_default doesn't have a timescale but at least one module in design has a timescale.
WARNING: [XSIM 43-4099] "C:/Hung/Viettel/Stage2/ML-KEM/NTT/BoothDecode.v" Line 1. Module BoothDecode doesn't have a timescale but at least one module in design has a timescale.
WARNING: [XSIM 43-4099] "C:/Hung/Viettel/Stage2/ML-KEM/NTT/BoothDecode.v" Line 1. Module BoothDecode doesn't have a timescale but at least one module in design has a timescale.
WARNING: [XSIM 43-4099] "C:/Hung/Viettel/Stage2/ML-KEM/NTT/BoothDecode.v" Line 1. Module BoothDecode doesn't have a timescale but at least one module in design has a timescale.
WARNING: [XSIM 43-4099] "C:/Hung/Viettel/Stage2/ML-KEM/NTT/BoothDecode.v" Line 1. Module BoothDecode doesn't have a timescale but at least one module in design has a timescale.
WARNING: [XSIM 43-4099] "C:/Hung/Viettel/Stage2/ML-KEM/NTT/BoothDecode.v" Line 1. Module BoothDecode doesn't have a timescale but at least one module in design has a timescale.
WARNING: [XSIM 43-4099] "C:/Hung/Viettel/Stage2/ML-KEM/NTT/BoothDecode.v" Line 1. Module BoothDecode doesn't have a timescale but at least one module in design has a timescale.
WARNING: [XSIM 43-4099] "C:/Hung/Viettel/Stage2/ML-KEM/NTT/BoothDecode.v" Line 1. Module BoothDecode doesn't have a timescale but at least one module in design has a timescale.
WARNING: [XSIM 43-4099] "C:/Hung/Viettel/Stage2/ML-KEM/NTT/BoothDecode.v" Line 1. Module BoothDecode doesn't have a timescale but at least one module in design has a timescale.
WARNING: [XSIM 43-4099] "C:/Hung/Viettel/Stage2/ML-KEM/NTT/normalize_output.v" Line 1. Module normalize_output doesn't have a timescale but at least one module in design has a timescale.
WARNING: [XSIM 43-4099] "C:/Hung/Viettel/Stage2/ML-KEM/NTT/barret.v" Line 1. Module barret doesn't have a timescale but at least one module in design has a timescale.
WARNING: [XSIM 43-4099] "C:/Hung/Viettel/Stage2/ML-KEM/NTT/barret.v" Line 1. Module barret doesn't have a timescale but at least one module in design has a timescale.
Completed simulation data flow analysis
Time Resolution for simulation is 1ps
Compiling module xil_defaultlib.MyBootROM
Compiling module xil_defaultlib.bram_default
Compiling module xil_defaultlib.AddressGenerator
Compiling module xil_defaultlib.barret
Compiling module xil_defaultlib.BoothDecode
Compiling module xil_defaultlib.mul_default
Compiling module xil_defaultlib.bu_ntt
Compiling module xil_defaultlib.bu_intt
Compiling module xil_defaultlib.normalize_output
Compiling module xil_defaultlib.top
Compiling module xil_defaultlib.tb_top
Compiling module xil_defaultlib.glbl
Built simulation snapshot tb_top_behav
run_program: Time (s): cpu = 00:00:01 ; elapsed = 00:00:07 . Memory (MB): peak = 1232.168 ; gain = 0.000
INFO: [USF-XSim-69] 'elaborate' step finished in '7' seconds
launch_simulation: Time (s): cpu = 00:00:01 ; elapsed = 00:00:07 . Memory (MB): peak = 1232.168 ; gain = 0.000
Time resolution is 1 ps
[11950000] DONE_STORE!
$finish called at time : 12030 ns : File "C:/Hung/Viettel/Stage2/ML-KEM/NTT/tb_top.v" Line 125
relaunch_sim: Time (s): cpu = 00:00:02 ; elapsed = 00:00:12 . Memory (MB): peak = 1232.168 ; gain = 0.000
current_wave_config {tb_top_func_impl.wcfg}
tb_top_func_impl.wcfg
add_wave {{/tb_top/dut/bu_ntt0/A_In}} {{/tb_top/dut/bu_ntt0/B_In}} {{/tb_top/dut/bu_ntt0/W_In}} 
relaunch_sim
Command: launch_simulation -step compile -simset sim_1 -mode behavioral
INFO: [Vivado 12-12493] Simulation top is 'tb_top'
WARNING: [Vivado 12-13340] Unable to auto find GCC executables from simulator install path! (path not set)
WARNING: [Vivado 12-13277] Compiled library path does not exist: ''
INFO: [Vivado 12-5682] Launching behavioral simulation in 'C:/Hung/Viettel/Stage2/ML-KEM/ml_kem/ml_kem.sim/sim_1/behav/xsim'
INFO: [SIM-utils-51] Simulation object is 'sim_1'
INFO: [USF-XSim-2] XSim::Compile design
INFO: [USF-XSim-61] Executing 'COMPILE and ANALYZE' step in 'C:/Hung/Viettel/Stage2/ML-KEM/ml_kem/ml_kem.sim/sim_1/behav/xsim'
"xvlog --incr --relax -prj tb_top_vlog.prj"
INFO: [USF-XSim-69] 'compile' step finished in '1' seconds
Command: launch_simulation -step elaborate -simset sim_1 -mode behavioral
INFO: [Vivado 12-12493] Simulation top is 'tb_top'
WARNING: [Vivado 12-13340] Unable to auto find GCC executables from simulator install path! (path not set)
WARNING: [Vivado 12-13277] Compiled library path does not exist: ''
INFO: [Vivado 12-5682] Launching behavioral simulation in 'C:/Hung/Viettel/Stage2/ML-KEM/ml_kem/ml_kem.sim/sim_1/behav/xsim'
INFO: [SIM-utils-51] Simulation object is 'sim_1'
INFO: [USF-XSim-3] XSim::Elaborate design
INFO: [USF-XSim-61] Executing 'ELABORATE' step in 'C:/Hung/Viettel/Stage2/ML-KEM/ml_kem/ml_kem.sim/sim_1/behav/xsim'
"xelab --incr --debug typical --relax --mt 2 -L xil_defaultlib -L unisims_ver -L unimacro_ver -L secureip --snapshot tb_top_behav xil_defaultlib.tb_top xil_defaultlib.glbl -log elaborate.log"
Vivado Simulator v2022.2.2
Copyright 1986-1999, 2001-2022 Xilinx, Inc. All Rights Reserved.
Running: C:/Xilinx/Vivado/2022.2/bin/unwrapped/win64.o/xelab.exe --incr --debug typical --relax --mt 2 -L xil_defaultlib -L unisims_ver -L unimacro_ver -L secureip --snapshot tb_top_behav xil_defaultlib.tb_top xil_defaultlib.glbl -log elaborate.log 
Using 2 slave threads.
Starting static elaboration
Pass Through NonSizing Optimizer
Completed static elaboration
INFO: [XSIM 43-4323] No Change in HDL. Linking previously generated obj files to create kernel
INFO: [USF-XSim-69] 'elaborate' step finished in '2' seconds
Time resolution is 1 ps
[11950000] DONE_STORE!
$finish called at time : 12030 ns : File "C:/Hung/Viettel/Stage2/ML-KEM/NTT/tb_top.v" Line 125
relaunch_sim
Command: launch_simulation -step compile -simset sim_1 -mode behavioral
INFO: [Vivado 12-12493] Simulation top is 'tb_top'
WARNING: [Vivado 12-13340] Unable to auto find GCC executables from simulator install path! (path not set)
WARNING: [Vivado 12-13277] Compiled library path does not exist: ''
INFO: [Vivado 12-5682] Launching behavioral simulation in 'C:/Hung/Viettel/Stage2/ML-KEM/ml_kem/ml_kem.sim/sim_1/behav/xsim'
INFO: [SIM-utils-51] Simulation object is 'sim_1'
INFO: [USF-XSim-2] XSim::Compile design
INFO: [USF-XSim-61] Executing 'COMPILE and ANALYZE' step in 'C:/Hung/Viettel/Stage2/ML-KEM/ml_kem/ml_kem.sim/sim_1/behav/xsim'
"xvlog --incr --relax -prj tb_top_vlog.prj"
INFO: [VRFC 10-2263] Analyzing Verilog file "C:/Hung/Viettel/Stage2/ML-KEM/NTT/AddressGenerator.v" into library xil_defaultlib
INFO: [VRFC 10-311] analyzing module AddressGenerator
INFO: [VRFC 10-2263] Analyzing Verilog file "C:/Hung/Viettel/Stage2/ML-KEM/NTT/BoothDecode.v" into library xil_defaultlib
INFO: [VRFC 10-311] analyzing module BoothDecode
INFO: [VRFC 10-2263] Analyzing Verilog file "C:/Hung/Viettel/Stage2/ML-KEM/NTT/MyBootRom.v" into library xil_defaultlib
INFO: [VRFC 10-311] analyzing module MyBootROM
INFO: [VRFC 10-2263] Analyzing Verilog file "C:/Hung/Viettel/Stage2/ML-KEM/NTT/barret.v" into library xil_defaultlib
INFO: [VRFC 10-311] analyzing module barret
INFO: [VRFC 10-2263] Analyzing Verilog file "C:/Hung/Viettel/Stage2/ML-KEM/NTT/bram.v" into library xil_defaultlib
INFO: [VRFC 10-311] analyzing module bram
INFO: [VRFC 10-2263] Analyzing Verilog file "C:/Hung/Viettel/Stage2/ML-KEM/NTT/bu_intt.v" into library xil_defaultlib
INFO: [VRFC 10-311] analyzing module bu_intt
INFO: [VRFC 10-2263] Analyzing Verilog file "C:/Hung/Viettel/Stage2/ML-KEM/NTT/bu_ntt.v" into library xil_defaultlib
INFO: [VRFC 10-311] analyzing module bu_ntt
INFO: [VRFC 10-2263] Analyzing Verilog file "C:/Hung/Viettel/Stage2/ML-KEM/NTT/mul.v" into library xil_defaultlib
INFO: [VRFC 10-311] analyzing module mul
INFO: [VRFC 10-2263] Analyzing Verilog file "C:/Hung/Viettel/Stage2/ML-KEM/NTT/normalize_output.v" into library xil_defaultlib
INFO: [VRFC 10-311] analyzing module normalize_output
INFO: [VRFC 10-2263] Analyzing Verilog file "C:/Hung/Viettel/Stage2/ML-KEM/NTT/top.v" into library xil_defaultlib
INFO: [VRFC 10-311] analyzing module top
INFO: [VRFC 10-2263] Analyzing Verilog file "C:/Hung/Viettel/Stage2/ML-KEM/NTT/tb_top.v" into library xil_defaultlib
INFO: [VRFC 10-311] analyzing module tb_top
INFO: [USF-XSim-69] 'compile' step finished in '1' seconds
Command: launch_simulation -step elaborate -simset sim_1 -mode behavioral
INFO: [Vivado 12-12493] Simulation top is 'tb_top'
WARNING: [Vivado 12-13340] Unable to auto find GCC executables from simulator install path! (path not set)
WARNING: [Vivado 12-13277] Compiled library path does not exist: ''
INFO: [Vivado 12-5682] Launching behavioral simulation in 'C:/Hung/Viettel/Stage2/ML-KEM/ml_kem/ml_kem.sim/sim_1/behav/xsim'
INFO: [SIM-utils-51] Simulation object is 'sim_1'
INFO: [USF-XSim-3] XSim::Elaborate design
INFO: [USF-XSim-61] Executing 'ELABORATE' step in 'C:/Hung/Viettel/Stage2/ML-KEM/ml_kem/ml_kem.sim/sim_1/behav/xsim'
"xelab --incr --debug typical --relax --mt 2 -L xil_defaultlib -L unisims_ver -L unimacro_ver -L secureip --snapshot tb_top_behav xil_defaultlib.tb_top xil_defaultlib.glbl -log elaborate.log"
Vivado Simulator v2022.2.2
Copyright 1986-1999, 2001-2022 Xilinx, Inc. All Rights Reserved.
Running: C:/Xilinx/Vivado/2022.2/bin/unwrapped/win64.o/xelab.exe --incr --debug typical --relax --mt 2 -L xil_defaultlib -L unisims_ver -L unimacro_ver -L secureip --snapshot tb_top_behav xil_defaultlib.tb_top xil_defaultlib.glbl -log elaborate.log 
Using 2 slave threads.
Starting static elaboration
Pass Through NonSizing Optimizer
Completed static elaboration
Starting simulation data flow analysis
WARNING: [XSIM 43-4099] "C:/Hung/Viettel/Stage2/ML-KEM/NTT/top.v" Line 1. Module top doesn't have a timescale but at least one module in design has a timescale.
WARNING: [XSIM 43-4099] "C:/Hung/Viettel/Stage2/ML-KEM/NTT/MyBootRom.v" Line 1. Module MyBootROM doesn't have a timescale but at least one module in design has a timescale.
WARNING: [XSIM 43-4099] "C:/Hung/Viettel/Stage2/ML-KEM/NTT/bram.v" Line 1. Module bram_default doesn't have a timescale but at least one module in design has a timescale.
WARNING: [XSIM 43-4099] "C:/Hung/Viettel/Stage2/ML-KEM/NTT/AddressGenerator.v" Line 1. Module AddressGenerator doesn't have a timescale but at least one module in design has a timescale.
WARNING: [XSIM 43-4099] "C:/Hung/Viettel/Stage2/ML-KEM/NTT/bu_ntt.v" Line 1. Module bu_ntt doesn't have a timescale but at least one module in design has a timescale.
WARNING: [XSIM 43-4099] "C:/Hung/Viettel/Stage2/ML-KEM/NTT/barret.v" Line 1. Module barret doesn't have a timescale but at least one module in design has a timescale.
WARNING: [XSIM 43-4099] "C:/Hung/Viettel/Stage2/ML-KEM/NTT/barret.v" Line 1. Module barret doesn't have a timescale but at least one module in design has a timescale.
WARNING: [XSIM 43-4099] "C:/Hung/Viettel/Stage2/ML-KEM/NTT/barret.v" Line 1. Module barret doesn't have a timescale but at least one module in design has a timescale.
WARNING: [XSIM 43-4099] "C:/Hung/Viettel/Stage2/ML-KEM/NTT/mul.v" Line 1. Module mul_default doesn't have a timescale but at least one module in design has a timescale.
WARNING: [XSIM 43-4099] "C:/Hung/Viettel/Stage2/ML-KEM/NTT/BoothDecode.v" Line 1. Module BoothDecode doesn't have a timescale but at least one module in design has a timescale.
WARNING: [XSIM 43-4099] "C:/Hung/Viettel/Stage2/ML-KEM/NTT/BoothDecode.v" Line 1. Module BoothDecode doesn't have a timescale but at least one module in design has a timescale.
WARNING: [XSIM 43-4099] "C:/Hung/Viettel/Stage2/ML-KEM/NTT/BoothDecode.v" Line 1. Module BoothDecode doesn't have a timescale but at least one module in design has a timescale.
WARNING: [XSIM 43-4099] "C:/Hung/Viettel/Stage2/ML-KEM/NTT/BoothDecode.v" Line 1. Module BoothDecode doesn't have a timescale but at least one module in design has a timescale.
WARNING: [XSIM 43-4099] "C:/Hung/Viettel/Stage2/ML-KEM/NTT/BoothDecode.v" Line 1. Module BoothDecode doesn't have a timescale but at least one module in design has a timescale.
WARNING: [XSIM 43-4099] "C:/Hung/Viettel/Stage2/ML-KEM/NTT/BoothDecode.v" Line 1. Module BoothDecode doesn't have a timescale but at least one module in design has a timescale.
WARNING: [XSIM 43-4099] "C:/Hung/Viettel/Stage2/ML-KEM/NTT/BoothDecode.v" Line 1. Module BoothDecode doesn't have a timescale but at least one module in design has a timescale.
WARNING: [XSIM 43-4099] "C:/Hung/Viettel/Stage2/ML-KEM/NTT/BoothDecode.v" Line 1. Module BoothDecode doesn't have a timescale but at least one module in design has a timescale.
WARNING: [XSIM 43-4099] "C:/Hung/Viettel/Stage2/ML-KEM/NTT/bu_intt.v" Line 1. Module bu_intt doesn't have a timescale but at least one module in design has a timescale.
WARNING: [XSIM 43-4099] "C:/Hung/Viettel/Stage2/ML-KEM/NTT/barret.v" Line 1. Module barret doesn't have a timescale but at least one module in design has a timescale.
WARNING: [XSIM 43-4099] "C:/Hung/Viettel/Stage2/ML-KEM/NTT/barret.v" Line 1. Module barret doesn't have a timescale but at least one module in design has a timescale.
WARNING: [XSIM 43-4099] "C:/Hung/Viettel/Stage2/ML-KEM/NTT/barret.v" Line 1. Module barret doesn't have a timescale but at least one module in design has a timescale.
WARNING: [XSIM 43-4099] "C:/Hung/Viettel/Stage2/ML-KEM/NTT/mul.v" Line 1. Module mul_default doesn't have a timescale but at least one module in design has a timescale.
WARNING: [XSIM 43-4099] "C:/Hung/Viettel/Stage2/ML-KEM/NTT/BoothDecode.v" Line 1. Module BoothDecode doesn't have a timescale but at least one module in design has a timescale.
WARNING: [XSIM 43-4099] "C:/Hung/Viettel/Stage2/ML-KEM/NTT/BoothDecode.v" Line 1. Module BoothDecode doesn't have a timescale but at least one module in design has a timescale.
WARNING: [XSIM 43-4099] "C:/Hung/Viettel/Stage2/ML-KEM/NTT/BoothDecode.v" Line 1. Module BoothDecode doesn't have a timescale but at least one module in design has a timescale.
WARNING: [XSIM 43-4099] "C:/Hung/Viettel/Stage2/ML-KEM/NTT/BoothDecode.v" Line 1. Module BoothDecode doesn't have a timescale but at least one module in design has a timescale.
WARNING: [XSIM 43-4099] "C:/Hung/Viettel/Stage2/ML-KEM/NTT/BoothDecode.v" Line 1. Module BoothDecode doesn't have a timescale but at least one module in design has a timescale.
WARNING: [XSIM 43-4099] "C:/Hung/Viettel/Stage2/ML-KEM/NTT/BoothDecode.v" Line 1. Module BoothDecode doesn't have a timescale but at least one module in design has a timescale.
WARNING: [XSIM 43-4099] "C:/Hung/Viettel/Stage2/ML-KEM/NTT/BoothDecode.v" Line 1. Module BoothDecode doesn't have a timescale but at least one module in design has a timescale.
WARNING: [XSIM 43-4099] "C:/Hung/Viettel/Stage2/ML-KEM/NTT/BoothDecode.v" Line 1. Module BoothDecode doesn't have a timescale but at least one module in design has a timescale.
WARNING: [XSIM 43-4099] "C:/Hung/Viettel/Stage2/ML-KEM/NTT/normalize_output.v" Line 1. Module normalize_output doesn't have a timescale but at least one module in design has a timescale.
WARNING: [XSIM 43-4099] "C:/Hung/Viettel/Stage2/ML-KEM/NTT/barret.v" Line 1. Module barret doesn't have a timescale but at least one module in design has a timescale.
WARNING: [XSIM 43-4099] "C:/Hung/Viettel/Stage2/ML-KEM/NTT/barret.v" Line 1. Module barret doesn't have a timescale but at least one module in design has a timescale.
WARNING: [XSIM 43-4099] "C:/Hung/Viettel/Stage2/ML-KEM/NTT/top.v" Line 1. Module top doesn't have a timescale but at least one module in design has a timescale.
WARNING: [XSIM 43-4099] "C:/Hung/Viettel/Stage2/ML-KEM/NTT/MyBootRom.v" Line 1. Module MyBootROM doesn't have a timescale but at least one module in design has a timescale.
WARNING: [XSIM 43-4099] "C:/Hung/Viettel/Stage2/ML-KEM/NTT/bram.v" Line 1. Module bram_default doesn't have a timescale but at least one module in design has a timescale.
WARNING: [XSIM 43-4099] "C:/Hung/Viettel/Stage2/ML-KEM/NTT/AddressGenerator.v" Line 1. Module AddressGenerator doesn't have a timescale but at least one module in design has a timescale.
WARNING: [XSIM 43-4099] "C:/Hung/Viettel/Stage2/ML-KEM/NTT/bu_ntt.v" Line 1. Module bu_ntt doesn't have a timescale but at least one module in design has a timescale.
WARNING: [XSIM 43-4099] "C:/Hung/Viettel/Stage2/ML-KEM/NTT/barret.v" Line 1. Module barret doesn't have a timescale but at least one module in design has a timescale.
WARNING: [XSIM 43-4099] "C:/Hung/Viettel/Stage2/ML-KEM/NTT/barret.v" Line 1. Module barret doesn't have a timescale but at least one module in design has a timescale.
WARNING: [XSIM 43-4099] "C:/Hung/Viettel/Stage2/ML-KEM/NTT/barret.v" Line 1. Module barret doesn't have a timescale but at least one module in design has a timescale.
WARNING: [XSIM 43-4099] "C:/Hung/Viettel/Stage2/ML-KEM/NTT/mul.v" Line 1. Module mul_default doesn't have a timescale but at least one module in design has a timescale.
WARNING: [XSIM 43-4099] "C:/Hung/Viettel/Stage2/ML-KEM/NTT/BoothDecode.v" Line 1. Module BoothDecode doesn't have a timescale but at least one module in design has a timescale.
WARNING: [XSIM 43-4099] "C:/Hung/Viettel/Stage2/ML-KEM/NTT/BoothDecode.v" Line 1. Module BoothDecode doesn't have a timescale but at least one module in design has a timescale.
WARNING: [XSIM 43-4099] "C:/Hung/Viettel/Stage2/ML-KEM/NTT/BoothDecode.v" Line 1. Module BoothDecode doesn't have a timescale but at least one module in design has a timescale.
WARNING: [XSIM 43-4099] "C:/Hung/Viettel/Stage2/ML-KEM/NTT/BoothDecode.v" Line 1. Module BoothDecode doesn't have a timescale but at least one module in design has a timescale.
WARNING: [XSIM 43-4099] "C:/Hung/Viettel/Stage2/ML-KEM/NTT/BoothDecode.v" Line 1. Module BoothDecode doesn't have a timescale but at least one module in design has a timescale.
WARNING: [XSIM 43-4099] "C:/Hung/Viettel/Stage2/ML-KEM/NTT/BoothDecode.v" Line 1. Module BoothDecode doesn't have a timescale but at least one module in design has a timescale.
WARNING: [XSIM 43-4099] "C:/Hung/Viettel/Stage2/ML-KEM/NTT/BoothDecode.v" Line 1. Module BoothDecode doesn't have a timescale but at least one module in design has a timescale.
WARNING: [XSIM 43-4099] "C:/Hung/Viettel/Stage2/ML-KEM/NTT/BoothDecode.v" Line 1. Module BoothDecode doesn't have a timescale but at least one module in design has a timescale.
WARNING: [XSIM 43-4099] "C:/Hung/Viettel/Stage2/ML-KEM/NTT/bu_intt.v" Line 1. Module bu_intt doesn't have a timescale but at least one module in design has a timescale.
WARNING: [XSIM 43-4099] "C:/Hung/Viettel/Stage2/ML-KEM/NTT/barret.v" Line 1. Module barret doesn't have a timescale but at least one module in design has a timescale.
WARNING: [XSIM 43-4099] "C:/Hung/Viettel/Stage2/ML-KEM/NTT/barret.v" Line 1. Module barret doesn't have a timescale but at least one module in design has a timescale.
WARNING: [XSIM 43-4099] "C:/Hung/Viettel/Stage2/ML-KEM/NTT/barret.v" Line 1. Module barret doesn't have a timescale but at least one module in design has a timescale.
WARNING: [XSIM 43-4099] "C:/Hung/Viettel/Stage2/ML-KEM/NTT/mul.v" Line 1. Module mul_default doesn't have a timescale but at least one module in design has a timescale.
WARNING: [XSIM 43-4099] "C:/Hung/Viettel/Stage2/ML-KEM/NTT/BoothDecode.v" Line 1. Module BoothDecode doesn't have a timescale but at least one module in design has a timescale.
WARNING: [XSIM 43-4099] "C:/Hung/Viettel/Stage2/ML-KEM/NTT/BoothDecode.v" Line 1. Module BoothDecode doesn't have a timescale but at least one module in design has a timescale.
WARNING: [XSIM 43-4099] "C:/Hung/Viettel/Stage2/ML-KEM/NTT/BoothDecode.v" Line 1. Module BoothDecode doesn't have a timescale but at least one module in design has a timescale.
WARNING: [XSIM 43-4099] "C:/Hung/Viettel/Stage2/ML-KEM/NTT/BoothDecode.v" Line 1. Module BoothDecode doesn't have a timescale but at least one module in design has a timescale.
WARNING: [XSIM 43-4099] "C:/Hung/Viettel/Stage2/ML-KEM/NTT/BoothDecode.v" Line 1. Module BoothDecode doesn't have a timescale but at least one module in design has a timescale.
WARNING: [XSIM 43-4099] "C:/Hung/Viettel/Stage2/ML-KEM/NTT/BoothDecode.v" Line 1. Module BoothDecode doesn't have a timescale but at least one module in design has a timescale.
WARNING: [XSIM 43-4099] "C:/Hung/Viettel/Stage2/ML-KEM/NTT/BoothDecode.v" Line 1. Module BoothDecode doesn't have a timescale but at least one module in design has a timescale.
WARNING: [XSIM 43-4099] "C:/Hung/Viettel/Stage2/ML-KEM/NTT/BoothDecode.v" Line 1. Module BoothDecode doesn't have a timescale but at least one module in design has a timescale.
WARNING: [XSIM 43-4099] "C:/Hung/Viettel/Stage2/ML-KEM/NTT/normalize_output.v" Line 1. Module normalize_output doesn't have a timescale but at least one module in design has a timescale.
WARNING: [XSIM 43-4099] "C:/Hung/Viettel/Stage2/ML-KEM/NTT/barret.v" Line 1. Module barret doesn't have a timescale but at least one module in design has a timescale.
WARNING: [XSIM 43-4099] "C:/Hung/Viettel/Stage2/ML-KEM/NTT/barret.v" Line 1. Module barret doesn't have a timescale but at least one module in design has a timescale.
Completed simulation data flow analysis
Time Resolution for simulation is 1ps
Compiling module xil_defaultlib.MyBootROM
Compiling module xil_defaultlib.bram_default
Compiling module xil_defaultlib.AddressGenerator
Compiling module xil_defaultlib.barret
Compiling module xil_defaultlib.BoothDecode
Compiling module xil_defaultlib.mul_default
Compiling module xil_defaultlib.bu_ntt
Compiling module xil_defaultlib.bu_intt
Compiling module xil_defaultlib.normalize_output
Compiling module xil_defaultlib.top
Compiling module xil_defaultlib.tb_top
Compiling module xil_defaultlib.glbl
Built simulation snapshot tb_top_behav
run_program: Time (s): cpu = 00:00:00 ; elapsed = 00:00:06 . Memory (MB): peak = 1255.242 ; gain = 0.000
INFO: [USF-XSim-69] 'elaborate' step finished in '6' seconds
launch_simulation: Time (s): cpu = 00:00:00 ; elapsed = 00:00:06 . Memory (MB): peak = 1255.242 ; gain = 0.000
Time resolution is 1 ps
[11950000] DONE_STORE!
$finish called at time : 12030 ns : File "C:/Hung/Viettel/Stage2/ML-KEM/NTT/tb_top.v" Line 125
relaunch_sim: Time (s): cpu = 00:00:01 ; elapsed = 00:00:09 . Memory (MB): peak = 1255.242 ; gain = 0.000
save_wave_config {C:/Hung/Viettel/Stage2/ML-KEM/ml_kem/tb_top_func_impl.wcfg}
close_sim
INFO: [Simtcl 6-16] Simulation closed
launch_simulation
Command: launch_simulation 
INFO: [Vivado 12-12493] Simulation top is 'tb_top'
WARNING: [Vivado 12-13340] Unable to auto find GCC executables from simulator install path! (path not set)
WARNING: [Vivado 12-13277] Compiled library path does not exist: ''
INFO: [Vivado 12-5682] Launching behavioral simulation in 'C:/Hung/Viettel/Stage2/ML-KEM/ml_kem/ml_kem.sim/sim_1/behav/xsim'
INFO: [SIM-utils-51] Simulation object is 'sim_1'
INFO: [SIM-utils-72] Using boost library from 'C:/Xilinx/Vivado/2022.2/tps/boost_1_72_0'
INFO: [SIM-utils-54] Inspecting design source files for 'tb_top' in fileset 'sim_1'...
INFO: [USF-XSim-97] Finding global include files...
INFO: [USF-XSim-98] Fetching design files from 'sim_1'...
INFO: [USF-XSim-2] XSim::Compile design
INFO: [USF-XSim-61] Executing 'COMPILE and ANALYZE' step in 'C:/Hung/Viettel/Stage2/ML-KEM/ml_kem/ml_kem.sim/sim_1/behav/xsim'
"xvlog --incr --relax -prj tb_top_vlog.prj"
INFO: [VRFC 10-2263] Analyzing Verilog file "C:/Hung/Viettel/Stage2/ML-KEM/NTT/AddressGenerator.v" into library xil_defaultlib
INFO: [VRFC 10-311] analyzing module AddressGenerator
INFO: [VRFC 10-2263] Analyzing Verilog file "C:/Hung/Viettel/Stage2/ML-KEM/NTT/BoothDecode.v" into library xil_defaultlib
INFO: [VRFC 10-311] analyzing module BoothDecode
INFO: [VRFC 10-2263] Analyzing Verilog file "C:/Hung/Viettel/Stage2/ML-KEM/NTT/MyBootRom.v" into library xil_defaultlib
INFO: [VRFC 10-311] analyzing module MyBootROM
INFO: [VRFC 10-2263] Analyzing Verilog file "C:/Hung/Viettel/Stage2/ML-KEM/NTT/barret.v" into library xil_defaultlib
INFO: [VRFC 10-311] analyzing module barret
INFO: [VRFC 10-2263] Analyzing Verilog file "C:/Hung/Viettel/Stage2/ML-KEM/NTT/bram.v" into library xil_defaultlib
INFO: [VRFC 10-311] analyzing module bram
INFO: [VRFC 10-2263] Analyzing Verilog file "C:/Hung/Viettel/Stage2/ML-KEM/NTT/bu_intt.v" into library xil_defaultlib
INFO: [VRFC 10-311] analyzing module bu_intt
INFO: [VRFC 10-2263] Analyzing Verilog file "C:/Hung/Viettel/Stage2/ML-KEM/NTT/bu_ntt.v" into library xil_defaultlib
INFO: [VRFC 10-311] analyzing module bu_ntt
INFO: [VRFC 10-2263] Analyzing Verilog file "C:/Hung/Viettel/Stage2/ML-KEM/NTT/mul.v" into library xil_defaultlib
INFO: [VRFC 10-311] analyzing module mul
INFO: [VRFC 10-2263] Analyzing Verilog file "C:/Hung/Viettel/Stage2/ML-KEM/NTT/normalize_output.v" into library xil_defaultlib
INFO: [VRFC 10-311] analyzing module normalize_output
INFO: [VRFC 10-2263] Analyzing Verilog file "C:/Hung/Viettel/Stage2/ML-KEM/NTT/top.v" into library xil_defaultlib
INFO: [VRFC 10-311] analyzing module top
INFO: [VRFC 10-2263] Analyzing Verilog file "C:/Hung/Viettel/Stage2/ML-KEM/NTT/tb_top.v" into library xil_defaultlib
INFO: [VRFC 10-311] analyzing module tb_top
INFO: [USF-XSim-69] 'compile' step finished in '1' seconds
INFO: [USF-XSim-3] XSim::Elaborate design
INFO: [USF-XSim-61] Executing 'ELABORATE' step in 'C:/Hung/Viettel/Stage2/ML-KEM/ml_kem/ml_kem.sim/sim_1/behav/xsim'
"xelab --incr --debug typical --relax --mt 2 -L xil_defaultlib -L unisims_ver -L unimacro_ver -L secureip --snapshot tb_top_behav xil_defaultlib.tb_top xil_defaultlib.glbl -log elaborate.log"
Vivado Simulator v2022.2.2
Copyright 1986-1999, 2001-2022 Xilinx, Inc. All Rights Reserved.
Running: C:/Xilinx/Vivado/2022.2/bin/unwrapped/win64.o/xelab.exe --incr --debug typical --relax --mt 2 -L xil_defaultlib -L unisims_ver -L unimacro_ver -L secureip --snapshot tb_top_behav xil_defaultlib.tb_top xil_defaultlib.glbl -log elaborate.log 
Using 2 slave threads.
Starting static elaboration
Pass Through NonSizing Optimizer
ERROR: [VRFC 10-3180] cannot find port 'oaddr_zetas' on this module [C:/Hung/Viettel/Stage2/ML-KEM/NTT/tb_top.v:58]
ERROR: [XSIM 43-3322] Static elaboration of top level Verilog design unit(s) in library work failed.
INFO: [USF-XSim-69] 'elaborate' step finished in '1' seconds
INFO: [USF-XSim-99] Step results log file:'C:/Hung/Viettel/Stage2/ML-KEM/ml_kem/ml_kem.sim/sim_1/behav/xsim/elaborate.log'
ERROR: [USF-XSim-62] 'elaborate' step failed with error(s). Please check the Tcl console output or 'C:/Hung/Viettel/Stage2/ML-KEM/ml_kem/ml_kem.sim/sim_1/behav/xsim/elaborate.log' file for more information.
ERROR: [Vivado 12-4473] Detected error while running simulation. Please correct the issue and retry this operation.
ERROR: [Common 17-39] 'launch_simulation' failed due to earlier errors.
launch_simulation
Command: launch_simulation 
INFO: [Vivado 12-12493] Simulation top is 'tb_top'
WARNING: [Vivado 12-13340] Unable to auto find GCC executables from simulator install path! (path not set)
WARNING: [Vivado 12-13277] Compiled library path does not exist: ''
INFO: [Vivado 12-5682] Launching behavioral simulation in 'C:/Hung/Viettel/Stage2/ML-KEM/ml_kem/ml_kem.sim/sim_1/behav/xsim'
INFO: [SIM-utils-51] Simulation object is 'sim_1'
INFO: [SIM-utils-72] Using boost library from 'C:/Xilinx/Vivado/2022.2/tps/boost_1_72_0'
INFO: [SIM-utils-54] Inspecting design source files for 'tb_top' in fileset 'sim_1'...
INFO: [USF-XSim-97] Finding global include files...
INFO: [USF-XSim-98] Fetching design files from 'sim_1'...
INFO: [USF-XSim-2] XSim::Compile design
INFO: [USF-XSim-61] Executing 'COMPILE and ANALYZE' step in 'C:/Hung/Viettel/Stage2/ML-KEM/ml_kem/ml_kem.sim/sim_1/behav/xsim'
"xvlog --incr --relax -prj tb_top_vlog.prj"
INFO: [VRFC 10-2263] Analyzing Verilog file "C:/Hung/Viettel/Stage2/ML-KEM/NTT/AddressGenerator.v" into library xil_defaultlib
INFO: [VRFC 10-311] analyzing module AddressGenerator
INFO: [VRFC 10-2263] Analyzing Verilog file "C:/Hung/Viettel/Stage2/ML-KEM/NTT/BoothDecode.v" into library xil_defaultlib
INFO: [VRFC 10-311] analyzing module BoothDecode
INFO: [VRFC 10-2263] Analyzing Verilog file "C:/Hung/Viettel/Stage2/ML-KEM/NTT/MyBootRom.v" into library xil_defaultlib
INFO: [VRFC 10-311] analyzing module MyBootROM
INFO: [VRFC 10-2263] Analyzing Verilog file "C:/Hung/Viettel/Stage2/ML-KEM/NTT/barret.v" into library xil_defaultlib
INFO: [VRFC 10-311] analyzing module barret
INFO: [VRFC 10-2263] Analyzing Verilog file "C:/Hung/Viettel/Stage2/ML-KEM/NTT/bram.v" into library xil_defaultlib
INFO: [VRFC 10-311] analyzing module bram
INFO: [VRFC 10-2263] Analyzing Verilog file "C:/Hung/Viettel/Stage2/ML-KEM/NTT/bu_intt.v" into library xil_defaultlib
INFO: [VRFC 10-311] analyzing module bu_intt
INFO: [VRFC 10-2263] Analyzing Verilog file "C:/Hung/Viettel/Stage2/ML-KEM/NTT/bu_ntt.v" into library xil_defaultlib
INFO: [VRFC 10-311] analyzing module bu_ntt
INFO: [VRFC 10-2263] Analyzing Verilog file "C:/Hung/Viettel/Stage2/ML-KEM/NTT/mul.v" into library xil_defaultlib
INFO: [VRFC 10-311] analyzing module mul
INFO: [VRFC 10-2263] Analyzing Verilog file "C:/Hung/Viettel/Stage2/ML-KEM/NTT/normalize_output.v" into library xil_defaultlib
INFO: [VRFC 10-311] analyzing module normalize_output
INFO: [VRFC 10-2263] Analyzing Verilog file "C:/Hung/Viettel/Stage2/ML-KEM/NTT/top.v" into library xil_defaultlib
INFO: [VRFC 10-311] analyzing module top
INFO: [VRFC 10-2263] Analyzing Verilog file "C:/Hung/Viettel/Stage2/ML-KEM/NTT/tb_top.v" into library xil_defaultlib
INFO: [VRFC 10-311] analyzing module tb_top
INFO: [USF-XSim-69] 'compile' step finished in '1' seconds
INFO: [USF-XSim-3] XSim::Elaborate design
INFO: [USF-XSim-61] Executing 'ELABORATE' step in 'C:/Hung/Viettel/Stage2/ML-KEM/ml_kem/ml_kem.sim/sim_1/behav/xsim'
"xelab --incr --debug typical --relax --mt 2 -L xil_defaultlib -L unisims_ver -L unimacro_ver -L secureip --snapshot tb_top_behav xil_defaultlib.tb_top xil_defaultlib.glbl -log elaborate.log"
Vivado Simulator v2022.2.2
Copyright 1986-1999, 2001-2022 Xilinx, Inc. All Rights Reserved.
Running: C:/Xilinx/Vivado/2022.2/bin/unwrapped/win64.o/xelab.exe --incr --debug typical --relax --mt 2 -L xil_defaultlib -L unisims_ver -L unimacro_ver -L secureip --snapshot tb_top_behav xil_defaultlib.tb_top xil_defaultlib.glbl -log elaborate.log 
Using 2 slave threads.
Starting static elaboration
Pass Through NonSizing Optimizer
Completed static elaboration
Starting simulation data flow analysis
WARNING: [XSIM 43-4099] "C:/Hung/Viettel/Stage2/ML-KEM/NTT/top.v" Line 1. Module top doesn't have a timescale but at least one module in design has a timescale.
WARNING: [XSIM 43-4099] "C:/Hung/Viettel/Stage2/ML-KEM/NTT/MyBootRom.v" Line 1. Module MyBootROM doesn't have a timescale but at least one module in design has a timescale.
WARNING: [XSIM 43-4099] "C:/Hung/Viettel/Stage2/ML-KEM/NTT/bram.v" Line 1. Module bram_default doesn't have a timescale but at least one module in design has a timescale.
WARNING: [XSIM 43-4099] "C:/Hung/Viettel/Stage2/ML-KEM/NTT/AddressGenerator.v" Line 1. Module AddressGenerator doesn't have a timescale but at least one module in design has a timescale.
WARNING: [XSIM 43-4099] "C:/Hung/Viettel/Stage2/ML-KEM/NTT/bu_ntt.v" Line 1. Module bu_ntt doesn't have a timescale but at least one module in design has a timescale.
WARNING: [XSIM 43-4099] "C:/Hung/Viettel/Stage2/ML-KEM/NTT/barret.v" Line 1. Module barret doesn't have a timescale but at least one module in design has a timescale.
WARNING: [XSIM 43-4099] "C:/Hung/Viettel/Stage2/ML-KEM/NTT/barret.v" Line 1. Module barret doesn't have a timescale but at least one module in design has a timescale.
WARNING: [XSIM 43-4099] "C:/Hung/Viettel/Stage2/ML-KEM/NTT/barret.v" Line 1. Module barret doesn't have a timescale but at least one module in design has a timescale.
WARNING: [XSIM 43-4099] "C:/Hung/Viettel/Stage2/ML-KEM/NTT/mul.v" Line 1. Module mul_default doesn't have a timescale but at least one module in design has a timescale.
WARNING: [XSIM 43-4099] "C:/Hung/Viettel/Stage2/ML-KEM/NTT/BoothDecode.v" Line 1. Module BoothDecode doesn't have a timescale but at least one module in design has a timescale.
WARNING: [XSIM 43-4099] "C:/Hung/Viettel/Stage2/ML-KEM/NTT/BoothDecode.v" Line 1. Module BoothDecode doesn't have a timescale but at least one module in design has a timescale.
WARNING: [XSIM 43-4099] "C:/Hung/Viettel/Stage2/ML-KEM/NTT/BoothDecode.v" Line 1. Module BoothDecode doesn't have a timescale but at least one module in design has a timescale.
WARNING: [XSIM 43-4099] "C:/Hung/Viettel/Stage2/ML-KEM/NTT/BoothDecode.v" Line 1. Module BoothDecode doesn't have a timescale but at least one module in design has a timescale.
WARNING: [XSIM 43-4099] "C:/Hung/Viettel/Stage2/ML-KEM/NTT/BoothDecode.v" Line 1. Module BoothDecode doesn't have a timescale but at least one module in design has a timescale.
WARNING: [XSIM 43-4099] "C:/Hung/Viettel/Stage2/ML-KEM/NTT/BoothDecode.v" Line 1. Module BoothDecode doesn't have a timescale but at least one module in design has a timescale.
WARNING: [XSIM 43-4099] "C:/Hung/Viettel/Stage2/ML-KEM/NTT/BoothDecode.v" Line 1. Module BoothDecode doesn't have a timescale but at least one module in design has a timescale.
WARNING: [XSIM 43-4099] "C:/Hung/Viettel/Stage2/ML-KEM/NTT/BoothDecode.v" Line 1. Module BoothDecode doesn't have a timescale but at least one module in design has a timescale.
WARNING: [XSIM 43-4099] "C:/Hung/Viettel/Stage2/ML-KEM/NTT/bu_intt.v" Line 1. Module bu_intt doesn't have a timescale but at least one module in design has a timescale.
WARNING: [XSIM 43-4099] "C:/Hung/Viettel/Stage2/ML-KEM/NTT/barret.v" Line 1. Module barret doesn't have a timescale but at least one module in design has a timescale.
WARNING: [XSIM 43-4099] "C:/Hung/Viettel/Stage2/ML-KEM/NTT/barret.v" Line 1. Module barret doesn't have a timescale but at least one module in design has a timescale.
WARNING: [XSIM 43-4099] "C:/Hung/Viettel/Stage2/ML-KEM/NTT/barret.v" Line 1. Module barret doesn't have a timescale but at least one module in design has a timescale.
WARNING: [XSIM 43-4099] "C:/Hung/Viettel/Stage2/ML-KEM/NTT/mul.v" Line 1. Module mul_default doesn't have a timescale but at least one module in design has a timescale.
WARNING: [XSIM 43-4099] "C:/Hung/Viettel/Stage2/ML-KEM/NTT/BoothDecode.v" Line 1. Module BoothDecode doesn't have a timescale but at least one module in design has a timescale.
WARNING: [XSIM 43-4099] "C:/Hung/Viettel/Stage2/ML-KEM/NTT/BoothDecode.v" Line 1. Module BoothDecode doesn't have a timescale but at least one module in design has a timescale.
WARNING: [XSIM 43-4099] "C:/Hung/Viettel/Stage2/ML-KEM/NTT/BoothDecode.v" Line 1. Module BoothDecode doesn't have a timescale but at least one module in design has a timescale.
WARNING: [XSIM 43-4099] "C:/Hung/Viettel/Stage2/ML-KEM/NTT/BoothDecode.v" Line 1. Module BoothDecode doesn't have a timescale but at least one module in design has a timescale.
WARNING: [XSIM 43-4099] "C:/Hung/Viettel/Stage2/ML-KEM/NTT/BoothDecode.v" Line 1. Module BoothDecode doesn't have a timescale but at least one module in design has a timescale.
WARNING: [XSIM 43-4099] "C:/Hung/Viettel/Stage2/ML-KEM/NTT/BoothDecode.v" Line 1. Module BoothDecode doesn't have a timescale but at least one module in design has a timescale.
WARNING: [XSIM 43-4099] "C:/Hung/Viettel/Stage2/ML-KEM/NTT/BoothDecode.v" Line 1. Module BoothDecode doesn't have a timescale but at least one module in design has a timescale.
WARNING: [XSIM 43-4099] "C:/Hung/Viettel/Stage2/ML-KEM/NTT/BoothDecode.v" Line 1. Module BoothDecode doesn't have a timescale but at least one module in design has a timescale.
WARNING: [XSIM 43-4099] "C:/Hung/Viettel/Stage2/ML-KEM/NTT/normalize_output.v" Line 1. Module normalize_output doesn't have a timescale but at least one module in design has a timescale.
WARNING: [XSIM 43-4099] "C:/Hung/Viettel/Stage2/ML-KEM/NTT/barret.v" Line 1. Module barret doesn't have a timescale but at least one module in design has a timescale.
WARNING: [XSIM 43-4099] "C:/Hung/Viettel/Stage2/ML-KEM/NTT/barret.v" Line 1. Module barret doesn't have a timescale but at least one module in design has a timescale.
WARNING: [XSIM 43-4099] "C:/Hung/Viettel/Stage2/ML-KEM/NTT/top.v" Line 1. Module top doesn't have a timescale but at least one module in design has a timescale.
WARNING: [XSIM 43-4099] "C:/Hung/Viettel/Stage2/ML-KEM/NTT/MyBootRom.v" Line 1. Module MyBootROM doesn't have a timescale but at least one module in design has a timescale.
WARNING: [XSIM 43-4099] "C:/Hung/Viettel/Stage2/ML-KEM/NTT/bram.v" Line 1. Module bram_default doesn't have a timescale but at least one module in design has a timescale.
WARNING: [XSIM 43-4099] "C:/Hung/Viettel/Stage2/ML-KEM/NTT/AddressGenerator.v" Line 1. Module AddressGenerator doesn't have a timescale but at least one module in design has a timescale.
WARNING: [XSIM 43-4099] "C:/Hung/Viettel/Stage2/ML-KEM/NTT/bu_ntt.v" Line 1. Module bu_ntt doesn't have a timescale but at least one module in design has a timescale.
WARNING: [XSIM 43-4099] "C:/Hung/Viettel/Stage2/ML-KEM/NTT/barret.v" Line 1. Module barret doesn't have a timescale but at least one module in design has a timescale.
WARNING: [XSIM 43-4099] "C:/Hung/Viettel/Stage2/ML-KEM/NTT/barret.v" Line 1. Module barret doesn't have a timescale but at least one module in design has a timescale.
WARNING: [XSIM 43-4099] "C:/Hung/Viettel/Stage2/ML-KEM/NTT/barret.v" Line 1. Module barret doesn't have a timescale but at least one module in design has a timescale.
WARNING: [XSIM 43-4099] "C:/Hung/Viettel/Stage2/ML-KEM/NTT/mul.v" Line 1. Module mul_default doesn't have a timescale but at least one module in design has a timescale.
WARNING: [XSIM 43-4099] "C:/Hung/Viettel/Stage2/ML-KEM/NTT/BoothDecode.v" Line 1. Module BoothDecode doesn't have a timescale but at least one module in design has a timescale.
WARNING: [XSIM 43-4099] "C:/Hung/Viettel/Stage2/ML-KEM/NTT/BoothDecode.v" Line 1. Module BoothDecode doesn't have a timescale but at least one module in design has a timescale.
WARNING: [XSIM 43-4099] "C:/Hung/Viettel/Stage2/ML-KEM/NTT/BoothDecode.v" Line 1. Module BoothDecode doesn't have a timescale but at least one module in design has a timescale.
WARNING: [XSIM 43-4099] "C:/Hung/Viettel/Stage2/ML-KEM/NTT/BoothDecode.v" Line 1. Module BoothDecode doesn't have a timescale but at least one module in design has a timescale.
WARNING: [XSIM 43-4099] "C:/Hung/Viettel/Stage2/ML-KEM/NTT/BoothDecode.v" Line 1. Module BoothDecode doesn't have a timescale but at least one module in design has a timescale.
WARNING: [XSIM 43-4099] "C:/Hung/Viettel/Stage2/ML-KEM/NTT/BoothDecode.v" Line 1. Module BoothDecode doesn't have a timescale but at least one module in design has a timescale.
WARNING: [XSIM 43-4099] "C:/Hung/Viettel/Stage2/ML-KEM/NTT/BoothDecode.v" Line 1. Module BoothDecode doesn't have a timescale but at least one module in design has a timescale.
WARNING: [XSIM 43-4099] "C:/Hung/Viettel/Stage2/ML-KEM/NTT/BoothDecode.v" Line 1. Module BoothDecode doesn't have a timescale but at least one module in design has a timescale.
WARNING: [XSIM 43-4099] "C:/Hung/Viettel/Stage2/ML-KEM/NTT/bu_intt.v" Line 1. Module bu_intt doesn't have a timescale but at least one module in design has a timescale.
WARNING: [XSIM 43-4099] "C:/Hung/Viettel/Stage2/ML-KEM/NTT/barret.v" Line 1. Module barret doesn't have a timescale but at least one module in design has a timescale.
WARNING: [XSIM 43-4099] "C:/Hung/Viettel/Stage2/ML-KEM/NTT/barret.v" Line 1. Module barret doesn't have a timescale but at least one module in design has a timescale.
WARNING: [XSIM 43-4099] "C:/Hung/Viettel/Stage2/ML-KEM/NTT/barret.v" Line 1. Module barret doesn't have a timescale but at least one module in design has a timescale.
WARNING: [XSIM 43-4099] "C:/Hung/Viettel/Stage2/ML-KEM/NTT/mul.v" Line 1. Module mul_default doesn't have a timescale but at least one module in design has a timescale.
WARNING: [XSIM 43-4099] "C:/Hung/Viettel/Stage2/ML-KEM/NTT/BoothDecode.v" Line 1. Module BoothDecode doesn't have a timescale but at least one module in design has a timescale.
WARNING: [XSIM 43-4099] "C:/Hung/Viettel/Stage2/ML-KEM/NTT/BoothDecode.v" Line 1. Module BoothDecode doesn't have a timescale but at least one module in design has a timescale.
WARNING: [XSIM 43-4099] "C:/Hung/Viettel/Stage2/ML-KEM/NTT/BoothDecode.v" Line 1. Module BoothDecode doesn't have a timescale but at least one module in design has a timescale.
WARNING: [XSIM 43-4099] "C:/Hung/Viettel/Stage2/ML-KEM/NTT/BoothDecode.v" Line 1. Module BoothDecode doesn't have a timescale but at least one module in design has a timescale.
WARNING: [XSIM 43-4099] "C:/Hung/Viettel/Stage2/ML-KEM/NTT/BoothDecode.v" Line 1. Module BoothDecode doesn't have a timescale but at least one module in design has a timescale.
WARNING: [XSIM 43-4099] "C:/Hung/Viettel/Stage2/ML-KEM/NTT/BoothDecode.v" Line 1. Module BoothDecode doesn't have a timescale but at least one module in design has a timescale.
WARNING: [XSIM 43-4099] "C:/Hung/Viettel/Stage2/ML-KEM/NTT/BoothDecode.v" Line 1. Module BoothDecode doesn't have a timescale but at least one module in design has a timescale.
WARNING: [XSIM 43-4099] "C:/Hung/Viettel/Stage2/ML-KEM/NTT/BoothDecode.v" Line 1. Module BoothDecode doesn't have a timescale but at least one module in design has a timescale.
WARNING: [XSIM 43-4099] "C:/Hung/Viettel/Stage2/ML-KEM/NTT/normalize_output.v" Line 1. Module normalize_output doesn't have a timescale but at least one module in design has a timescale.
WARNING: [XSIM 43-4099] "C:/Hung/Viettel/Stage2/ML-KEM/NTT/barret.v" Line 1. Module barret doesn't have a timescale but at least one module in design has a timescale.
WARNING: [XSIM 43-4099] "C:/Hung/Viettel/Stage2/ML-KEM/NTT/barret.v" Line 1. Module barret doesn't have a timescale but at least one module in design has a timescale.
Completed simulation data flow analysis
Time Resolution for simulation is 1ps
Compiling module xil_defaultlib.MyBootROM
Compiling module xil_defaultlib.bram_default
Compiling module xil_defaultlib.AddressGenerator
Compiling module xil_defaultlib.barret
Compiling module xil_defaultlib.BoothDecode
Compiling module xil_defaultlib.mul_default
Compiling module xil_defaultlib.bu_ntt
Compiling module xil_defaultlib.bu_intt
Compiling module xil_defaultlib.normalize_output
Compiling module xil_defaultlib.top
Compiling module xil_defaultlib.tb_top
Compiling module xil_defaultlib.glbl
Built simulation snapshot tb_top_behav
run_program: Time (s): cpu = 00:00:00 ; elapsed = 00:00:06 . Memory (MB): peak = 1280.074 ; gain = 0.000
INFO: [USF-XSim-69] 'elaborate' step finished in '7' seconds
INFO: [USF-XSim-4] XSim::Simulate design
INFO: [USF-XSim-61] Executing 'SIMULATE' step in 'C:/Hung/Viettel/Stage2/ML-KEM/ml_kem/ml_kem.sim/sim_1/behav/xsim'
INFO: [USF-XSim-98] *** Running xsim
   with args "tb_top_behav -key {Behavioral:sim_1:Functional:tb_top} -tclbatch {tb_top.tcl} -view {C:/Hung/Viettel/Stage2/ML-KEM/ml_kem/tb_top_func_impl.wcfg} -log {simulate.log}"
INFO: [USF-XSim-8] Loading simulator feature
Time resolution is 1 ps
open_wave_config C:/Hung/Viettel/Stage2/ML-KEM/ml_kem/tb_top_func_impl.wcfg
source tb_top.tcl
# set curr_wave [current_wave_config]
# if { [string length $curr_wave] == 0 } {
#   if { [llength [get_objects]] > 0} {
#     add_wave /
#     set_property needs_save false [current_wave_config]
#   } else {
#      send_msg_id Add_Wave-1 WARNING "No top level signals found. Simulator will start without a wave window. If you want to open a wave window go to 'File->New Waveform Configuration' or type 'create_wave_config' in the TCL console."
#   }
# }
# run 100000ns
[11950000] DONE_STORE!
$finish called at time : 12030 ns : File "C:/Hung/Viettel/Stage2/ML-KEM/NTT/tb_top.v" Line 125
INFO: [USF-XSim-96] XSim completed. Design snapshot 'tb_top_behav' loaded.
INFO: [USF-XSim-97] XSim simulation ran for 100000ns
launch_simulation: Time (s): cpu = 00:00:02 ; elapsed = 00:00:10 . Memory (MB): peak = 1280.074 ; gain = 0.000
current_wave_config {tb_top_func_impl.wcfg}
tb_top_func_impl.wcfg
add_wave {{/tb_top/clk}} {{/tb_top/rst_n}} {{/tb_top/start}} {{/tb_top/is_ntt}} {{/tb_top/valid_input}} {{/tb_top/in0}} {{/tb_top/in1}} {{/tb_top/addr0}} {{/tb_top/addr1}} {{/tb_top/out0}} {{/tb_top/out1}} {{/tb_top/done_compute}} {{/tb_top/load_done}} {{/tb_top/valid_output}} {{/tb_top/addr_j}} {{/tb_top/addr_jl}} {{/tb_top/owaddr_a}} {{/tb_top/owaddr_b}} {{/tb_top/addr_zetas}} {{/tb_top/out_j_ntt}} {{/tb_top/out_j_intt}} {{/tb_top/out_jl_ntt}} {{/tb_top/out_jl_intt}} {{/tb_top/zetas}} {{/tb_top/barret1}} {{/tb_top/barret2}} {{/tb_top/barret3}} {{/tb_top/Bin_a}} {{/tb_top/Bin_b}} {{/tb_top/Bo_a}} {{/tb_top/Bo_b}} {{/tb_top/mul_out}} {{/tb_top/sub_out}} {{/tb_top/add_out}} {{/tb_top/check_state}} {{/tb_top/k}} {{/tb_top/WIDTH_ADDR_BUTTERFLY}} {{/tb_top/WIDTH_ADDR_ZETAS}} {{/tb_top/WIDTH}} {{/tb_top/WIDTH_BUS_DATA}} 
save_wave_config {C:/Hung/Viettel/Stage2/ML-KEM/ml_kem/tb_top_func_impl.wcfg}
relaunch_sim
Command: launch_simulation -step compile -simset sim_1 -mode behavioral
INFO: [Vivado 12-12493] Simulation top is 'tb_top'
WARNING: [Vivado 12-13340] Unable to auto find GCC executables from simulator install path! (path not set)
WARNING: [Vivado 12-13277] Compiled library path does not exist: ''
INFO: [Vivado 12-5682] Launching behavioral simulation in 'C:/Hung/Viettel/Stage2/ML-KEM/ml_kem/ml_kem.sim/sim_1/behav/xsim'
INFO: [SIM-utils-51] Simulation object is 'sim_1'
INFO: [USF-XSim-2] XSim::Compile design
INFO: [USF-XSim-61] Executing 'COMPILE and ANALYZE' step in 'C:/Hung/Viettel/Stage2/ML-KEM/ml_kem/ml_kem.sim/sim_1/behav/xsim'
"xvlog --incr --relax -prj tb_top_vlog.prj"
INFO: [VRFC 10-2263] Analyzing Verilog file "C:/Hung/Viettel/Stage2/ML-KEM/NTT/AddressGenerator.v" into library xil_defaultlib
INFO: [VRFC 10-311] analyzing module AddressGenerator
INFO: [VRFC 10-2263] Analyzing Verilog file "C:/Hung/Viettel/Stage2/ML-KEM/NTT/BoothDecode.v" into library xil_defaultlib
INFO: [VRFC 10-311] analyzing module BoothDecode
INFO: [VRFC 10-2263] Analyzing Verilog file "C:/Hung/Viettel/Stage2/ML-KEM/NTT/MyBootRom.v" into library xil_defaultlib
INFO: [VRFC 10-311] analyzing module MyBootROM
INFO: [VRFC 10-2263] Analyzing Verilog file "C:/Hung/Viettel/Stage2/ML-KEM/NTT/barret.v" into library xil_defaultlib
INFO: [VRFC 10-311] analyzing module barret
INFO: [VRFC 10-2263] Analyzing Verilog file "C:/Hung/Viettel/Stage2/ML-KEM/NTT/bram.v" into library xil_defaultlib
INFO: [VRFC 10-311] analyzing module bram
INFO: [VRFC 10-2263] Analyzing Verilog file "C:/Hung/Viettel/Stage2/ML-KEM/NTT/bu_intt.v" into library xil_defaultlib
INFO: [VRFC 10-311] analyzing module bu_intt
INFO: [VRFC 10-2263] Analyzing Verilog file "C:/Hung/Viettel/Stage2/ML-KEM/NTT/bu_ntt.v" into library xil_defaultlib
INFO: [VRFC 10-311] analyzing module bu_ntt
INFO: [VRFC 10-2263] Analyzing Verilog file "C:/Hung/Viettel/Stage2/ML-KEM/NTT/mul.v" into library xil_defaultlib
INFO: [VRFC 10-311] analyzing module mul
INFO: [VRFC 10-2263] Analyzing Verilog file "C:/Hung/Viettel/Stage2/ML-KEM/NTT/normalize_output.v" into library xil_defaultlib
INFO: [VRFC 10-311] analyzing module normalize_output
INFO: [VRFC 10-2263] Analyzing Verilog file "C:/Hung/Viettel/Stage2/ML-KEM/NTT/top.v" into library xil_defaultlib
INFO: [VRFC 10-311] analyzing module top
INFO: [VRFC 10-2263] Analyzing Verilog file "C:/Hung/Viettel/Stage2/ML-KEM/NTT/tb_top.v" into library xil_defaultlib
INFO: [VRFC 10-311] analyzing module tb_top
INFO: [USF-XSim-69] 'compile' step finished in '1' seconds
Command: launch_simulation -step elaborate -simset sim_1 -mode behavioral
INFO: [Vivado 12-12493] Simulation top is 'tb_top'
WARNING: [Vivado 12-13340] Unable to auto find GCC executables from simulator install path! (path not set)
WARNING: [Vivado 12-13277] Compiled library path does not exist: ''
INFO: [Vivado 12-5682] Launching behavioral simulation in 'C:/Hung/Viettel/Stage2/ML-KEM/ml_kem/ml_kem.sim/sim_1/behav/xsim'
INFO: [SIM-utils-51] Simulation object is 'sim_1'
INFO: [USF-XSim-3] XSim::Elaborate design
INFO: [USF-XSim-61] Executing 'ELABORATE' step in 'C:/Hung/Viettel/Stage2/ML-KEM/ml_kem/ml_kem.sim/sim_1/behav/xsim'
"xelab --incr --debug typical --relax --mt 2 -L xil_defaultlib -L unisims_ver -L unimacro_ver -L secureip --snapshot tb_top_behav xil_defaultlib.tb_top xil_defaultlib.glbl -log elaborate.log"
Vivado Simulator v2022.2.2
Copyright 1986-1999, 2001-2022 Xilinx, Inc. All Rights Reserved.
Running: C:/Xilinx/Vivado/2022.2/bin/unwrapped/win64.o/xelab.exe --incr --debug typical --relax --mt 2 -L xil_defaultlib -L unisims_ver -L unimacro_ver -L secureip --snapshot tb_top_behav xil_defaultlib.tb_top xil_defaultlib.glbl -log elaborate.log 
Using 2 slave threads.
Starting static elaboration
Pass Through NonSizing Optimizer
Completed static elaboration
Starting simulation data flow analysis
WARNING: [XSIM 43-4099] "C:/Hung/Viettel/Stage2/ML-KEM/NTT/top.v" Line 1. Module top doesn't have a timescale but at least one module in design has a timescale.
WARNING: [XSIM 43-4099] "C:/Hung/Viettel/Stage2/ML-KEM/NTT/MyBootRom.v" Line 1. Module MyBootROM doesn't have a timescale but at least one module in design has a timescale.
WARNING: [XSIM 43-4099] "C:/Hung/Viettel/Stage2/ML-KEM/NTT/bram.v" Line 1. Module bram_default doesn't have a timescale but at least one module in design has a timescale.
WARNING: [XSIM 43-4099] "C:/Hung/Viettel/Stage2/ML-KEM/NTT/AddressGenerator.v" Line 1. Module AddressGenerator doesn't have a timescale but at least one module in design has a timescale.
WARNING: [XSIM 43-4099] "C:/Hung/Viettel/Stage2/ML-KEM/NTT/bu_ntt.v" Line 1. Module bu_ntt doesn't have a timescale but at least one module in design has a timescale.
WARNING: [XSIM 43-4099] "C:/Hung/Viettel/Stage2/ML-KEM/NTT/barret.v" Line 1. Module barret doesn't have a timescale but at least one module in design has a timescale.
WARNING: [XSIM 43-4099] "C:/Hung/Viettel/Stage2/ML-KEM/NTT/barret.v" Line 1. Module barret doesn't have a timescale but at least one module in design has a timescale.
WARNING: [XSIM 43-4099] "C:/Hung/Viettel/Stage2/ML-KEM/NTT/barret.v" Line 1. Module barret doesn't have a timescale but at least one module in design has a timescale.
WARNING: [XSIM 43-4099] "C:/Hung/Viettel/Stage2/ML-KEM/NTT/mul.v" Line 1. Module mul_default doesn't have a timescale but at least one module in design has a timescale.
WARNING: [XSIM 43-4099] "C:/Hung/Viettel/Stage2/ML-KEM/NTT/BoothDecode.v" Line 1. Module BoothDecode doesn't have a timescale but at least one module in design has a timescale.
WARNING: [XSIM 43-4099] "C:/Hung/Viettel/Stage2/ML-KEM/NTT/BoothDecode.v" Line 1. Module BoothDecode doesn't have a timescale but at least one module in design has a timescale.
WARNING: [XSIM 43-4099] "C:/Hung/Viettel/Stage2/ML-KEM/NTT/BoothDecode.v" Line 1. Module BoothDecode doesn't have a timescale but at least one module in design has a timescale.
WARNING: [XSIM 43-4099] "C:/Hung/Viettel/Stage2/ML-KEM/NTT/BoothDecode.v" Line 1. Module BoothDecode doesn't have a timescale but at least one module in design has a timescale.
WARNING: [XSIM 43-4099] "C:/Hung/Viettel/Stage2/ML-KEM/NTT/BoothDecode.v" Line 1. Module BoothDecode doesn't have a timescale but at least one module in design has a timescale.
WARNING: [XSIM 43-4099] "C:/Hung/Viettel/Stage2/ML-KEM/NTT/BoothDecode.v" Line 1. Module BoothDecode doesn't have a timescale but at least one module in design has a timescale.
WARNING: [XSIM 43-4099] "C:/Hung/Viettel/Stage2/ML-KEM/NTT/BoothDecode.v" Line 1. Module BoothDecode doesn't have a timescale but at least one module in design has a timescale.
WARNING: [XSIM 43-4099] "C:/Hung/Viettel/Stage2/ML-KEM/NTT/BoothDecode.v" Line 1. Module BoothDecode doesn't have a timescale but at least one module in design has a timescale.
WARNING: [XSIM 43-4099] "C:/Hung/Viettel/Stage2/ML-KEM/NTT/bu_intt.v" Line 1. Module bu_intt doesn't have a timescale but at least one module in design has a timescale.
WARNING: [XSIM 43-4099] "C:/Hung/Viettel/Stage2/ML-KEM/NTT/barret.v" Line 1. Module barret doesn't have a timescale but at least one module in design has a timescale.
WARNING: [XSIM 43-4099] "C:/Hung/Viettel/Stage2/ML-KEM/NTT/barret.v" Line 1. Module barret doesn't have a timescale but at least one module in design has a timescale.
WARNING: [XSIM 43-4099] "C:/Hung/Viettel/Stage2/ML-KEM/NTT/barret.v" Line 1. Module barret doesn't have a timescale but at least one module in design has a timescale.
WARNING: [XSIM 43-4099] "C:/Hung/Viettel/Stage2/ML-KEM/NTT/mul.v" Line 1. Module mul_default doesn't have a timescale but at least one module in design has a timescale.
WARNING: [XSIM 43-4099] "C:/Hung/Viettel/Stage2/ML-KEM/NTT/BoothDecode.v" Line 1. Module BoothDecode doesn't have a timescale but at least one module in design has a timescale.
WARNING: [XSIM 43-4099] "C:/Hung/Viettel/Stage2/ML-KEM/NTT/BoothDecode.v" Line 1. Module BoothDecode doesn't have a timescale but at least one module in design has a timescale.
WARNING: [XSIM 43-4099] "C:/Hung/Viettel/Stage2/ML-KEM/NTT/BoothDecode.v" Line 1. Module BoothDecode doesn't have a timescale but at least one module in design has a timescale.
WARNING: [XSIM 43-4099] "C:/Hung/Viettel/Stage2/ML-KEM/NTT/BoothDecode.v" Line 1. Module BoothDecode doesn't have a timescale but at least one module in design has a timescale.
WARNING: [XSIM 43-4099] "C:/Hung/Viettel/Stage2/ML-KEM/NTT/BoothDecode.v" Line 1. Module BoothDecode doesn't have a timescale but at least one module in design has a timescale.
WARNING: [XSIM 43-4099] "C:/Hung/Viettel/Stage2/ML-KEM/NTT/BoothDecode.v" Line 1. Module BoothDecode doesn't have a timescale but at least one module in design has a timescale.
WARNING: [XSIM 43-4099] "C:/Hung/Viettel/Stage2/ML-KEM/NTT/BoothDecode.v" Line 1. Module BoothDecode doesn't have a timescale but at least one module in design has a timescale.
WARNING: [XSIM 43-4099] "C:/Hung/Viettel/Stage2/ML-KEM/NTT/BoothDecode.v" Line 1. Module BoothDecode doesn't have a timescale but at least one module in design has a timescale.
WARNING: [XSIM 43-4099] "C:/Hung/Viettel/Stage2/ML-KEM/NTT/normalize_output.v" Line 1. Module normalize_output doesn't have a timescale but at least one module in design has a timescale.
WARNING: [XSIM 43-4099] "C:/Hung/Viettel/Stage2/ML-KEM/NTT/barret.v" Line 1. Module barret doesn't have a timescale but at least one module in design has a timescale.
WARNING: [XSIM 43-4099] "C:/Hung/Viettel/Stage2/ML-KEM/NTT/barret.v" Line 1. Module barret doesn't have a timescale but at least one module in design has a timescale.
WARNING: [XSIM 43-4099] "C:/Hung/Viettel/Stage2/ML-KEM/NTT/top.v" Line 1. Module top doesn't have a timescale but at least one module in design has a timescale.
WARNING: [XSIM 43-4099] "C:/Hung/Viettel/Stage2/ML-KEM/NTT/MyBootRom.v" Line 1. Module MyBootROM doesn't have a timescale but at least one module in design has a timescale.
WARNING: [XSIM 43-4099] "C:/Hung/Viettel/Stage2/ML-KEM/NTT/bram.v" Line 1. Module bram_default doesn't have a timescale but at least one module in design has a timescale.
WARNING: [XSIM 43-4099] "C:/Hung/Viettel/Stage2/ML-KEM/NTT/AddressGenerator.v" Line 1. Module AddressGenerator doesn't have a timescale but at least one module in design has a timescale.
WARNING: [XSIM 43-4099] "C:/Hung/Viettel/Stage2/ML-KEM/NTT/bu_ntt.v" Line 1. Module bu_ntt doesn't have a timescale but at least one module in design has a timescale.
WARNING: [XSIM 43-4099] "C:/Hung/Viettel/Stage2/ML-KEM/NTT/barret.v" Line 1. Module barret doesn't have a timescale but at least one module in design has a timescale.
WARNING: [XSIM 43-4099] "C:/Hung/Viettel/Stage2/ML-KEM/NTT/barret.v" Line 1. Module barret doesn't have a timescale but at least one module in design has a timescale.
WARNING: [XSIM 43-4099] "C:/Hung/Viettel/Stage2/ML-KEM/NTT/barret.v" Line 1. Module barret doesn't have a timescale but at least one module in design has a timescale.
WARNING: [XSIM 43-4099] "C:/Hung/Viettel/Stage2/ML-KEM/NTT/mul.v" Line 1. Module mul_default doesn't have a timescale but at least one module in design has a timescale.
WARNING: [XSIM 43-4099] "C:/Hung/Viettel/Stage2/ML-KEM/NTT/BoothDecode.v" Line 1. Module BoothDecode doesn't have a timescale but at least one module in design has a timescale.
WARNING: [XSIM 43-4099] "C:/Hung/Viettel/Stage2/ML-KEM/NTT/BoothDecode.v" Line 1. Module BoothDecode doesn't have a timescale but at least one module in design has a timescale.
WARNING: [XSIM 43-4099] "C:/Hung/Viettel/Stage2/ML-KEM/NTT/BoothDecode.v" Line 1. Module BoothDecode doesn't have a timescale but at least one module in design has a timescale.
WARNING: [XSIM 43-4099] "C:/Hung/Viettel/Stage2/ML-KEM/NTT/BoothDecode.v" Line 1. Module BoothDecode doesn't have a timescale but at least one module in design has a timescale.
WARNING: [XSIM 43-4099] "C:/Hung/Viettel/Stage2/ML-KEM/NTT/BoothDecode.v" Line 1. Module BoothDecode doesn't have a timescale but at least one module in design has a timescale.
WARNING: [XSIM 43-4099] "C:/Hung/Viettel/Stage2/ML-KEM/NTT/BoothDecode.v" Line 1. Module BoothDecode doesn't have a timescale but at least one module in design has a timescale.
WARNING: [XSIM 43-4099] "C:/Hung/Viettel/Stage2/ML-KEM/NTT/BoothDecode.v" Line 1. Module BoothDecode doesn't have a timescale but at least one module in design has a timescale.
WARNING: [XSIM 43-4099] "C:/Hung/Viettel/Stage2/ML-KEM/NTT/BoothDecode.v" Line 1. Module BoothDecode doesn't have a timescale but at least one module in design has a timescale.
WARNING: [XSIM 43-4099] "C:/Hung/Viettel/Stage2/ML-KEM/NTT/bu_intt.v" Line 1. Module bu_intt doesn't have a timescale but at least one module in design has a timescale.
WARNING: [XSIM 43-4099] "C:/Hung/Viettel/Stage2/ML-KEM/NTT/barret.v" Line 1. Module barret doesn't have a timescale but at least one module in design has a timescale.
WARNING: [XSIM 43-4099] "C:/Hung/Viettel/Stage2/ML-KEM/NTT/barret.v" Line 1. Module barret doesn't have a timescale but at least one module in design has a timescale.
WARNING: [XSIM 43-4099] "C:/Hung/Viettel/Stage2/ML-KEM/NTT/barret.v" Line 1. Module barret doesn't have a timescale but at least one module in design has a timescale.
WARNING: [XSIM 43-4099] "C:/Hung/Viettel/Stage2/ML-KEM/NTT/mul.v" Line 1. Module mul_default doesn't have a timescale but at least one module in design has a timescale.
WARNING: [XSIM 43-4099] "C:/Hung/Viettel/Stage2/ML-KEM/NTT/BoothDecode.v" Line 1. Module BoothDecode doesn't have a timescale but at least one module in design has a timescale.
WARNING: [XSIM 43-4099] "C:/Hung/Viettel/Stage2/ML-KEM/NTT/BoothDecode.v" Line 1. Module BoothDecode doesn't have a timescale but at least one module in design has a timescale.
WARNING: [XSIM 43-4099] "C:/Hung/Viettel/Stage2/ML-KEM/NTT/BoothDecode.v" Line 1. Module BoothDecode doesn't have a timescale but at least one module in design has a timescale.
WARNING: [XSIM 43-4099] "C:/Hung/Viettel/Stage2/ML-KEM/NTT/BoothDecode.v" Line 1. Module BoothDecode doesn't have a timescale but at least one module in design has a timescale.
WARNING: [XSIM 43-4099] "C:/Hung/Viettel/Stage2/ML-KEM/NTT/BoothDecode.v" Line 1. Module BoothDecode doesn't have a timescale but at least one module in design has a timescale.
WARNING: [XSIM 43-4099] "C:/Hung/Viettel/Stage2/ML-KEM/NTT/BoothDecode.v" Line 1. Module BoothDecode doesn't have a timescale but at least one module in design has a timescale.
WARNING: [XSIM 43-4099] "C:/Hung/Viettel/Stage2/ML-KEM/NTT/BoothDecode.v" Line 1. Module BoothDecode doesn't have a timescale but at least one module in design has a timescale.
WARNING: [XSIM 43-4099] "C:/Hung/Viettel/Stage2/ML-KEM/NTT/BoothDecode.v" Line 1. Module BoothDecode doesn't have a timescale but at least one module in design has a timescale.
WARNING: [XSIM 43-4099] "C:/Hung/Viettel/Stage2/ML-KEM/NTT/normalize_output.v" Line 1. Module normalize_output doesn't have a timescale but at least one module in design has a timescale.
WARNING: [XSIM 43-4099] "C:/Hung/Viettel/Stage2/ML-KEM/NTT/barret.v" Line 1. Module barret doesn't have a timescale but at least one module in design has a timescale.
WARNING: [XSIM 43-4099] "C:/Hung/Viettel/Stage2/ML-KEM/NTT/barret.v" Line 1. Module barret doesn't have a timescale but at least one module in design has a timescale.
Completed simulation data flow analysis
Time Resolution for simulation is 1ps
Compiling module xil_defaultlib.MyBootROM
Compiling module xil_defaultlib.bram_default
Compiling module xil_defaultlib.AddressGenerator
Compiling module xil_defaultlib.barret
Compiling module xil_defaultlib.BoothDecode
Compiling module xil_defaultlib.mul_default
Compiling module xil_defaultlib.bu_ntt
Compiling module xil_defaultlib.bu_intt
Compiling module xil_defaultlib.normalize_output
Compiling module xil_defaultlib.top
Compiling module xil_defaultlib.tb_top
Compiling module xil_defaultlib.glbl
Built simulation snapshot tb_top_behav
run_program: Time (s): cpu = 00:00:00 ; elapsed = 00:00:08 . Memory (MB): peak = 1280.074 ; gain = 0.000
INFO: [USF-XSim-69] 'elaborate' step finished in '9' seconds
launch_simulation: Time (s): cpu = 00:00:00 ; elapsed = 00:00:08 . Memory (MB): peak = 1280.074 ; gain = 0.000
Time resolution is 1 ps
[11950000] DONE_STORE!
$finish called at time : 12030 ns : File "C:/Hung/Viettel/Stage2/ML-KEM/NTT/tb_top.v" Line 125
relaunch_sim: Time (s): cpu = 00:00:01 ; elapsed = 00:00:11 . Memory (MB): peak = 1280.074 ; gain = 0.000
save_wave_config {C:/Hung/Viettel/Stage2/ML-KEM/ml_kem/tb_top_func_impl.wcfg}
save_wave_config {C:/Hung/Viettel/Stage2/ML-KEM/ml_kem/tb_top_func_impl.wcfg}
reset_run synth_1
INFO: [Project 1-1160] Copying file C:/Hung/Viettel/Stage2/ML-KEM/ml_kem/ml_kem.runs/synth_1/top.dcp to C:/Hung/Viettel/Stage2/ML-KEM/ml_kem/ml_kem.srcs/utils_1/imports/synth_1 and adding it to utils fileset
WARNING: [Vivado 12-1017] Problems encountered:
1. Failed to delete one or more files in run directory C:/Hung/Viettel/Stage2/ML-KEM/ml_kem/ml_kem.runs/synth_1

launch_runs impl_1 -jobs 8
[Mon Aug 18 08:35:41 2025] Launched synth_1...
Run output will be captured here: C:/Hung/Viettel/Stage2/ML-KEM/ml_kem/ml_kem.runs/synth_1/runme.log
[Mon Aug 18 08:35:41 2025] Launched impl_1...
Run output will be captured here: C:/Hung/Viettel/Stage2/ML-KEM/ml_kem/ml_kem.runs/impl_1/runme.log
open_run impl_1
INFO: [Device 21-403] Loading part xczu9eg-ffvb1156-2-e
Netlist sorting complete. Time (s): cpu = 00:00:00 ; elapsed = 00:00:00.058 . Memory (MB): peak = 2246.648 ; gain = 0.000
INFO: [Netlist 29-17] Analyzing 1988 Unisim elements for replacement
INFO: [Netlist 29-28] Unisim Transformation completed in 0 CPU seconds
INFO: [Project 1-479] Netlist was created with Vivado 2022.2.2
INFO: [Project 1-570] Preparing netlist for logic optimization
INFO: [Timing 38-478] Restoring timing data from binary archive.
INFO: [Timing 38-479] Binary timing data restore complete.
INFO: [Project 1-856] Restoring constraints from binary archive.
INFO: [Project 1-853] Binary constraint restore complete.
Reading XDEF placement.
Reading placer database...
Reading XDEF routing.
Read XDEF Files: Time (s): cpu = 00:00:01 ; elapsed = 00:00:00.994 . Memory (MB): peak = 2702.277 ; gain = 35.836
Restored from archive | CPU: 1.000000 secs | Memory: 0.000000 MB |
Finished XDEF File Restore: Time (s): cpu = 00:00:01 ; elapsed = 00:00:01 . Memory (MB): peak = 2702.277 ; gain = 35.836
Netlist sorting complete. Time (s): cpu = 00:00:00 ; elapsed = 00:00:00.003 . Memory (MB): peak = 3156.988 ; gain = 0.000
INFO: [Project 1-111] Unisim Transformation Summary:
  A total of 37 instances were transformed.
  IBUF => IBUF (IBUFCTRL, INBUF): 37 instances

open_run: Time (s): cpu = 00:00:42 ; elapsed = 00:00:31 . Memory (MB): peak = 3468.035 ; gain = 2187.961
launch_simulation -mode post-implementation -type timing
Command: launch_simulation  -mode post-implementation -type timing
INFO: [Vivado 12-12493] Simulation top is 'tb_top'
WARNING: [Vivado 12-13340] Unable to auto find GCC executables from simulator install path! (path not set)
WARNING: [Vivado 12-13277] Compiled library path does not exist: ''
INFO: [Vivado 12-5682] Launching post-implementation timing simulation in 'C:/Hung/Viettel/Stage2/ML-KEM/ml_kem/ml_kem.sim/sim_1/impl/timing/xsim'
INFO: [SIM-utils-51] Simulation object is 'sim_1'
INFO: [SIM-utils-72] Using boost library from 'C:/Xilinx/Vivado/2022.2/tps/boost_1_72_0'
INFO: [SIM-utils-31] Writing simulation netlist file for design 'impl_1'...
INFO: [SIM-utils-32] write_verilog -mode timesim -nolib -sdf_anno true -force -file "C:/Hung/Viettel/Stage2/ML-KEM/ml_kem/ml_kem.sim/sim_1/impl/timing/xsim/tb_top_time_impl.v"
INFO: [SIM-utils-34] Writing SDF file...
INFO: [SIM-utils-35] write_sdf -mode timesim -process_corner slow -force -file "C:/Hung/Viettel/Stage2/ML-KEM/ml_kem/ml_kem.sim/sim_1/impl/timing/xsim/tb_top_time_impl.sdf"
INFO: [SIM-utils-36] Netlist generated:C:/Hung/Viettel/Stage2/ML-KEM/ml_kem/ml_kem.sim/sim_1/impl/timing/xsim/tb_top_time_impl.v
INFO: [SIM-utils-37] SDF generated:C:/Hung/Viettel/Stage2/ML-KEM/ml_kem/ml_kem.sim/sim_1/impl/timing/xsim/tb_top_time_impl.sdf
INFO: [SIM-utils-54] Inspecting design source files for 'tb_top' in fileset 'sim_1'...
INFO: [USF-XSim-2] XSim::Compile design
INFO: [USF-XSim-61] Executing 'COMPILE and ANALYZE' step in 'C:/Hung/Viettel/Stage2/ML-KEM/ml_kem/ml_kem.sim/sim_1/impl/timing/xsim'
"xvlog --incr --relax -prj tb_top_vlog.prj"
INFO: [VRFC 10-2263] Analyzing Verilog file "C:/Hung/Viettel/Stage2/ML-KEM/ml_kem/ml_kem.sim/sim_1/impl/timing/xsim/tb_top_time_impl.v" into library xil_defaultlib
INFO: [VRFC 10-311] analyzing module IBUF_UNIQ_BASE_
INFO: [VRFC 10-311] analyzing module IBUF_HD1
INFO: [VRFC 10-311] analyzing module IBUF_HD10
INFO: [VRFC 10-311] analyzing module IBUF_HD11
INFO: [VRFC 10-311] analyzing module IBUF_HD12
INFO: [VRFC 10-311] analyzing module IBUF_HD13
INFO: [VRFC 10-311] analyzing module IBUF_HD14
INFO: [VRFC 10-311] analyzing module IBUF_HD15
INFO: [VRFC 10-311] analyzing module IBUF_HD16
INFO: [VRFC 10-311] analyzing module IBUF_HD17
INFO: [VRFC 10-311] analyzing module IBUF_HD18
INFO: [VRFC 10-311] analyzing module IBUF_HD19
INFO: [VRFC 10-311] analyzing module IBUF_HD2
INFO: [VRFC 10-311] analyzing module IBUF_HD20
INFO: [VRFC 10-311] analyzing module IBUF_HD21
INFO: [VRFC 10-311] analyzing module IBUF_HD22
INFO: [VRFC 10-311] analyzing module IBUF_HD23
INFO: [VRFC 10-311] analyzing module IBUF_HD24
INFO: [VRFC 10-311] analyzing module IBUF_HD25
INFO: [VRFC 10-311] analyzing module IBUF_HD26
INFO: [VRFC 10-311] analyzing module IBUF_HD27
INFO: [VRFC 10-311] analyzing module IBUF_HD28
INFO: [VRFC 10-311] analyzing module IBUF_HD29
INFO: [VRFC 10-311] analyzing module IBUF_HD3
INFO: [VRFC 10-311] analyzing module IBUF_HD30
INFO: [VRFC 10-311] analyzing module IBUF_HD31
INFO: [VRFC 10-311] analyzing module IBUF_HD32
INFO: [VRFC 10-311] analyzing module IBUF_HD33
INFO: [VRFC 10-311] analyzing module IBUF_HD34
INFO: [VRFC 10-311] analyzing module IBUF_HD35
INFO: [VRFC 10-311] analyzing module IBUF_HD36
INFO: [VRFC 10-311] analyzing module IBUF_HD4
INFO: [VRFC 10-311] analyzing module IBUF_HD5
INFO: [VRFC 10-311] analyzing module IBUF_HD6
INFO: [VRFC 10-311] analyzing module IBUF_HD7
INFO: [VRFC 10-311] analyzing module IBUF_HD8
INFO: [VRFC 10-311] analyzing module IBUF_HD9
INFO: [VRFC 10-311] analyzing module AddressGenerator
INFO: [VRFC 10-311] analyzing module BoothDecode
INFO: [VRFC 10-311] analyzing module BoothDecode_10
INFO: [VRFC 10-311] analyzing module BoothDecode_15
INFO: [VRFC 10-311] analyzing module BoothDecode_16
INFO: [VRFC 10-311] analyzing module BoothDecode_17
INFO: [VRFC 10-311] analyzing module BoothDecode_18
INFO: [VRFC 10-311] analyzing module BoothDecode_19
INFO: [VRFC 10-311] analyzing module BoothDecode_20
INFO: [VRFC 10-311] analyzing module BoothDecode_21
INFO: [VRFC 10-311] analyzing module BoothDecode_22
INFO: [VRFC 10-311] analyzing module BoothDecode_4
INFO: [VRFC 10-311] analyzing module BoothDecode_5
INFO: [VRFC 10-311] analyzing module BoothDecode_6
INFO: [VRFC 10-311] analyzing module BoothDecode_7
INFO: [VRFC 10-311] analyzing module BoothDecode_8
INFO: [VRFC 10-311] analyzing module BoothDecode_9
INFO: [VRFC 10-311] analyzing module MyBootROM
INFO: [VRFC 10-311] analyzing module barret
INFO: [VRFC 10-311] analyzing module barret_0
INFO: [VRFC 10-311] analyzing module barret_1
INFO: [VRFC 10-311] analyzing module barret_11
INFO: [VRFC 10-311] analyzing module barret_12
INFO: [VRFC 10-311] analyzing module barret_13
INFO: [VRFC 10-311] analyzing module barret_2
INFO: [VRFC 10-311] analyzing module barret_3
INFO: [VRFC 10-311] analyzing module bram
INFO: [VRFC 10-311] analyzing module bu_intt
INFO: [VRFC 10-311] analyzing module bu_ntt
INFO: [VRFC 10-311] analyzing module mul
INFO: [VRFC 10-311] analyzing module mul_14
INFO: [VRFC 10-311] analyzing module normalize_output
INFO: [VRFC 10-311] analyzing module top
INFO: [VRFC 10-311] analyzing module glbl
INFO: [VRFC 10-2263] Analyzing Verilog file "C:/Hung/Viettel/Stage2/ML-KEM/NTT/tb_top.v" into library xil_defaultlib
INFO: [VRFC 10-311] analyzing module tb_top
INFO: [USF-XSim-69] 'compile' step finished in '2' seconds
INFO: [USF-XSim-3] XSim::Elaborate design
INFO: [USF-XSim-61] Executing 'ELABORATE' step in 'C:/Hung/Viettel/Stage2/ML-KEM/ml_kem/ml_kem.sim/sim_1/impl/timing/xsim'
"xelab --incr --debug typical --relax --mt 2 --maxdelay -L xil_defaultlib -L simprims_ver -L secureip --snapshot tb_top_time_impl -transport_int_delays -pulse_r 0 -pulse_int_r 0 -pulse_e 0 -pulse_int_e 0 xil_defaultlib.tb_top xil_defaultlib.glbl -log elaborate.log"
Vivado Simulator v2022.2.2
Copyright 1986-1999, 2001-2022 Xilinx, Inc. All Rights Reserved.
Running: C:/Xilinx/Vivado/2022.2/bin/unwrapped/win64.o/xelab.exe --incr --debug typical --relax --mt 2 --maxdelay -L xil_defaultlib -L simprims_ver -L secureip --snapshot tb_top_time_impl -transport_int_delays -pulse_r 0 -pulse_int_r 0 -pulse_e 0 -pulse_int_e 0 xil_defaultlib.tb_top xil_defaultlib.glbl -log elaborate.log 
Using 2 slave threads.
Starting static elaboration
Pass Through NonSizing Optimizer
Completed static elaboration
Starting simulation data flow analysis
Completed simulation data flow analysis
INFO: [XSIM 43-3451] SDF backannotation process started with SDF file "tb_top_time_impl.sdf", for root module "tb_top/dut".
INFO: [XSIM 43-3452] SDF backannotation was successful for SDF file "tb_top_time_impl.sdf", for root module "tb_top/dut".
Time Resolution for simulation is 1ps
Compiling module simprims_ver.LUT6
Compiling module simprims_ver.LUT4
Compiling module simprims_ver.LUT5
Compiling module simprims_ver.x_lut2_mux4
Compiling module simprims_ver.LUT2
Compiling module simprims_ver.FDCE_default
Compiling module simprims_ver.CARRY8
Compiling module simprims_ver.x_lut3_mux8
Compiling module simprims_ver.LUT3
Compiling module simprims_ver.x_lut1_mux2
Compiling module simprims_ver.LUT1
Compiling module xil_defaultlib.AddressGenerator
Compiling module simprims_ver.OBUF
Compiling module simprims_ver.FDPE(IS_PRE_INVERTED=1'b1)
Compiling module simprims_ver.OBUFT
Compiling module simprims_ver.MUXF8
Compiling module simprims_ver.MUXF7
Compiling module xil_defaultlib.bram
Compiling module simprims_ver.FDRE_default
Compiling module xil_defaultlib.barret_11
Compiling module xil_defaultlib.barret_12
Compiling module xil_defaultlib.barret_13
Compiling module xil_defaultlib.BoothDecode_15
Compiling module xil_defaultlib.BoothDecode_16
Compiling module xil_defaultlib.BoothDecode_17
Compiling module xil_defaultlib.BoothDecode_18
Compiling module xil_defaultlib.BoothDecode_19
Compiling module xil_defaultlib.BoothDecode_20
Compiling module xil_defaultlib.BoothDecode_21
Compiling module xil_defaultlib.BoothDecode_22
Compiling module simprims_ver.SRL16E_default
Compiling module xil_defaultlib.mul_14
Compiling module xil_defaultlib.bu_intt
Compiling module xil_defaultlib.barret_1
Compiling module xil_defaultlib.barret_2
Compiling module xil_defaultlib.barret_3
Compiling module xil_defaultlib.BoothDecode
Compiling module xil_defaultlib.BoothDecode_4
Compiling module xil_defaultlib.BoothDecode_5
Compiling module xil_defaultlib.BoothDecode_6
Compiling module xil_defaultlib.BoothDecode_7
Compiling module xil_defaultlib.BoothDecode_8
Compiling module xil_defaultlib.BoothDecode_9
Compiling module xil_defaultlib.BoothDecode_10
Compiling module xil_defaultlib.mul
Compiling module xil_defaultlib.bu_ntt
Compiling module simprims_ver.BUFGCE(CE_TYPE="ASYNC",SIM_DEVIC...
Compiling module simprims_ver.IBUFCTRL_default
Compiling module simprims_ver.INBUF_default
Compiling module xil_defaultlib.IBUF_UNIQ_BASE_
Compiling module xil_defaultlib.IBUF_HD1
Compiling module xil_defaultlib.IBUF_HD2
Compiling module xil_defaultlib.IBUF_HD3
Compiling module xil_defaultlib.IBUF_HD4
Compiling module xil_defaultlib.IBUF_HD5
Compiling module xil_defaultlib.IBUF_HD6
Compiling module xil_defaultlib.IBUF_HD7
Compiling module xil_defaultlib.IBUF_HD8
Compiling module xil_defaultlib.IBUF_HD9
Compiling module xil_defaultlib.IBUF_HD10
Compiling module xil_defaultlib.IBUF_HD11
Compiling module xil_defaultlib.IBUF_HD12
Compiling module xil_defaultlib.IBUF_HD13
Compiling module xil_defaultlib.IBUF_HD14
Compiling module xil_defaultlib.IBUF_HD15
Compiling module xil_defaultlib.IBUF_HD16
Compiling module xil_defaultlib.IBUF_HD17
Compiling module xil_defaultlib.IBUF_HD18
Compiling module xil_defaultlib.IBUF_HD19
Compiling module xil_defaultlib.IBUF_HD20
Compiling module xil_defaultlib.IBUF_HD21
Compiling module xil_defaultlib.IBUF_HD22
Compiling module xil_defaultlib.IBUF_HD23
Compiling module xil_defaultlib.IBUF_HD24
Compiling module xil_defaultlib.IBUF_HD25
Compiling module xil_defaultlib.IBUF_HD26
Compiling module xil_defaultlib.IBUF_HD27
Compiling module xil_defaultlib.IBUF_HD28
Compiling module xil_defaultlib.IBUF_HD29
Compiling module xil_defaultlib.IBUF_HD30
Compiling module xil_defaultlib.IBUF_HD31
Compiling module xil_defaultlib.IBUF_HD32
Compiling module xil_defaultlib.IBUF_HD33
Compiling module xil_defaultlib.barret
Compiling module xil_defaultlib.barret_0
Compiling module xil_defaultlib.normalize_output
Compiling module xil_defaultlib.MyBootROM
Compiling module xil_defaultlib.IBUF_HD34
Compiling module xil_defaultlib.IBUF_HD35
Compiling module xil_defaultlib.IBUF_HD36
Compiling module xil_defaultlib.top
Compiling module xil_defaultlib.tb_top
Compiling module xil_defaultlib.glbl
Built simulation snapshot tb_top_time_impl
run_program: Time (s): cpu = 00:00:25 ; elapsed = 00:10:55 . Memory (MB): peak = 4751.539 ; gain = 0.000
INFO: [USF-XSim-69] 'elaborate' step finished in '655' seconds
INFO: [USF-XSim-4] XSim::Simulate design
INFO: [USF-XSim-61] Executing 'SIMULATE' step in 'C:/Hung/Viettel/Stage2/ML-KEM/ml_kem/ml_kem.sim/sim_1/impl/timing/xsim'
INFO: [USF-XSim-98] *** Running xsim
   with args "tb_top_time_impl -key {Post-Implementation:sim_1:Timing:tb_top} -tclbatch {tb_top.tcl} -view {C:/Hung/Viettel/Stage2/ML-KEM/ml_kem/tb_top_func_impl.wcfg} -log {simulate.log}"
INFO: [USF-XSim-8] Loading simulator feature
Time resolution is 1 ps
open_wave_config C:/Hung/Viettel/Stage2/ML-KEM/ml_kem/tb_top_func_impl.wcfg
source tb_top.tcl
# set curr_wave [current_wave_config]
# if { [string length $curr_wave] == 0 } {
#   if { [llength [get_objects]] > 0} {
#     add_wave /
#     set_property needs_save false [current_wave_config]
#   } else {
#      send_msg_id Add_Wave-1 WARNING "No top level signals found. Simulator will start without a wave window. If you want to open a wave window go to 'File->New Waveform Configuration' or type 'create_wave_config' in the TCL console."
#   }
# }
# run 100000ns
WARNING: "C:/Xilinx/Vivado/2022.2/data/verilog/src/unisims/FDCE.v" Line 162: Timing violation in scope /tb_top/dut/FSM_onehot_state_reg[3]/TChk162_47692 at time 1403396 ps $recrem (posedge CLR,posedge C,(0:0:0),(0:0:0),notifier,rst_clk_enable_p,rst_clk_enable_p,CLR_dly,C_dly) 
WARNING: "C:/Xilinx/Vivado/2022.2/data/verilog/src/unisims/FDCE.v" Line 170: Timing violation in scope /tb_top/dut/din_a_reg[1]_rep__1_lopt_replica/TChk170_47700 at time 1458438 ps $setuphold (posedge C,posedge D,(0:0:0),(0:0:0),notifier,in_clk_enable_p,in_clk_enable_p,C_dly,D_dly) 
WARNING: "C:/Xilinx/Vivado/2022.2/data/verilog/src/unisims/FDCE.v" Line 168: Timing violation in scope /tb_top/dut/din_a_reg[1]_rep__1_lopt_replica/TChk168_47698 at time 1468438 ps $setuphold (posedge C,negedge D,(0:0:0),(0:0:0),notifier,in_clk_enable_p,in_clk_enable_p,C_dly,D_dly) 
WARNING: "C:/Xilinx/Vivado/2022.2/data/verilog/src/unisims/FDCE.v" Line 170: Timing violation in scope /tb_top/dut/din_a_reg[1]_rep__1_lopt_replica/TChk170_47700 at time 1478438 ps $setuphold (posedge C,posedge D,(0:0:0),(0:0:0),notifier,in_clk_enable_p,in_clk_enable_p,C_dly,D_dly) 
WARNING: "C:/Xilinx/Vivado/2022.2/data/verilog/src/unisims/FDCE.v" Line 168: Timing violation in scope /tb_top/dut/din_a_reg[1]_rep__1_lopt_replica/TChk168_47698 at time 1488438 ps $setuphold (posedge C,negedge D,(0:0:0),(0:0:0),notifier,in_clk_enable_p,in_clk_enable_p,C_dly,D_dly) 
WARNING: "C:/Xilinx/Vivado/2022.2/data/verilog/src/unisims/FDCE.v" Line 170: Timing violation in scope /tb_top/dut/din_a_reg[1]_rep__1_lopt_replica/TChk170_47700 at time 1498438 ps $setuphold (posedge C,posedge D,(0:0:0),(0:0:0),notifier,in_clk_enable_p,in_clk_enable_p,C_dly,D_dly) 
WARNING: "C:/Xilinx/Vivado/2022.2/data/verilog/src/unisims/FDCE.v" Line 168: Timing violation in scope /tb_top/dut/din_a_reg[1]_rep__1_lopt_replica/TChk168_47698 at time 1508438 ps $setuphold (posedge C,negedge D,(0:0:0),(0:0:0),notifier,in_clk_enable_p,in_clk_enable_p,C_dly,D_dly) 
WARNING: "C:/Xilinx/Vivado/2022.2/data/verilog/src/unisims/FDCE.v" Line 170: Timing violation in scope /tb_top/dut/din_a_reg[1]_rep__1_lopt_replica/TChk170_47700 at time 1518438 ps $setuphold (posedge C,posedge D,(0:0:0),(0:0:0),notifier,in_clk_enable_p,in_clk_enable_p,C_dly,D_dly) 
WARNING: "C:/Xilinx/Vivado/2022.2/data/verilog/src/unisims/FDCE.v" Line 168: Timing violation in scope /tb_top/dut/din_a_reg[1]_rep__1_lopt_replica/TChk168_47698 at time 1528438 ps $setuphold (posedge C,negedge D,(0:0:0),(0:0:0),notifier,in_clk_enable_p,in_clk_enable_p,C_dly,D_dly) 
WARNING: "C:/Xilinx/Vivado/2022.2/data/verilog/src/unisims/FDCE.v" Line 170: Timing violation in scope /tb_top/dut/din_a_reg[1]_rep__1_lopt_replica/TChk170_47700 at time 1538438 ps $setuphold (posedge C,posedge D,(0:0:0),(0:0:0),notifier,in_clk_enable_p,in_clk_enable_p,C_dly,D_dly) 
WARNING: "C:/Xilinx/Vivado/2022.2/data/verilog/src/unisims/FDCE.v" Line 168: Timing violation in scope /tb_top/dut/din_a_reg[1]_rep__1_lopt_replica/TChk168_47698 at time 1548438 ps $setuphold (posedge C,negedge D,(0:0:0),(0:0:0),notifier,in_clk_enable_p,in_clk_enable_p,C_dly,D_dly) 
WARNING: "C:/Xilinx/Vivado/2022.2/data/verilog/src/unisims/FDCE.v" Line 170: Timing violation in scope /tb_top/dut/din_a_reg[1]_rep__1_lopt_replica/TChk170_47700 at time 1558438 ps $setuphold (posedge C,posedge D,(0:0:0),(0:0:0),notifier,in_clk_enable_p,in_clk_enable_p,C_dly,D_dly) 
WARNING: "C:/Xilinx/Vivado/2022.2/data/verilog/src/unisims/FDCE.v" Line 168: Timing violation in scope /tb_top/dut/din_a_reg[1]_rep__1_lopt_replica/TChk168_47698 at time 1568438 ps $setuphold (posedge C,negedge D,(0:0:0),(0:0:0),notifier,in_clk_enable_p,in_clk_enable_p,C_dly,D_dly) 
WARNING: "C:/Xilinx/Vivado/2022.2/data/verilog/src/unisims/FDCE.v" Line 170: Timing violation in scope /tb_top/dut/din_a_reg[1]_rep__1_lopt_replica/TChk170_47700 at time 1578438 ps $setuphold (posedge C,posedge D,(0:0:0),(0:0:0),notifier,in_clk_enable_p,in_clk_enable_p,C_dly,D_dly) 
WARNING: "C:/Xilinx/Vivado/2022.2/data/verilog/src/unisims/FDCE.v" Line 168: Timing violation in scope /tb_top/dut/din_a_reg[1]_rep__1_lopt_replica/TChk168_47698 at time 1588438 ps $setuphold (posedge C,negedge D,(0:0:0),(0:0:0),notifier,in_clk_enable_p,in_clk_enable_p,C_dly,D_dly) 
WARNING: "C:/Xilinx/Vivado/2022.2/data/verilog/src/unisims/FDCE.v" Line 170: Timing violation in scope /tb_top/dut/din_a_reg[1]_rep__1_lopt_replica/TChk170_47700 at time 1598438 ps $setuphold (posedge C,posedge D,(0:0:0),(0:0:0),notifier,in_clk_enable_p,in_clk_enable_p,C_dly,D_dly) 
WARNING: "C:/Xilinx/Vivado/2022.2/data/verilog/src/unisims/FDCE.v" Line 170: Timing violation in scope /tb_top/dut/din_a_reg[5]_rep__0/TChk170_47700 at time 1608419 ps $setuphold (posedge C,posedge D,(0:0:0),(0:0:0),notifier,in_clk_enable_p,in_clk_enable_p,C_dly,D_dly) 
WARNING: "C:/Xilinx/Vivado/2022.2/data/verilog/src/unisims/FDCE.v" Line 168: Timing violation in scope /tb_top/dut/din_a_reg[1]_rep__1_lopt_replica/TChk168_47698 at time 1608438 ps $setuphold (posedge C,negedge D,(0:0:0),(0:0:0),notifier,in_clk_enable_p,in_clk_enable_p,C_dly,D_dly) 
WARNING: "C:/Xilinx/Vivado/2022.2/data/verilog/src/unisims/FDCE.v" Line 170: Timing violation in scope /tb_top/dut/din_a_reg[1]_rep__1_lopt_replica/TChk170_47700 at time 1618438 ps $setuphold (posedge C,posedge D,(0:0:0),(0:0:0),notifier,in_clk_enable_p,in_clk_enable_p,C_dly,D_dly) 
WARNING: "C:/Xilinx/Vivado/2022.2/data/verilog/src/unisims/FDCE.v" Line 168: Timing violation in scope /tb_top/dut/din_a_reg[1]_rep__1_lopt_replica/TChk168_47698 at time 1628438 ps $setuphold (posedge C,negedge D,(0:0:0),(0:0:0),notifier,in_clk_enable_p,in_clk_enable_p,C_dly,D_dly) 
WARNING: "C:/Xilinx/Vivado/2022.2/data/verilog/src/unisims/FDCE.v" Line 170: Timing violation in scope /tb_top/dut/din_a_reg[1]_rep__1_lopt_replica/TChk170_47700 at time 1638438 ps $setuphold (posedge C,posedge D,(0:0:0),(0:0:0),notifier,in_clk_enable_p,in_clk_enable_p,C_dly,D_dly) 
WARNING: "C:/Xilinx/Vivado/2022.2/data/verilog/src/unisims/FDCE.v" Line 168: Timing violation in scope /tb_top/dut/din_a_reg[1]_rep__1_lopt_replica/TChk168_47698 at time 1648438 ps $setuphold (posedge C,negedge D,(0:0:0),(0:0:0),notifier,in_clk_enable_p,in_clk_enable_p,C_dly,D_dly) 
WARNING: "C:/Xilinx/Vivado/2022.2/data/verilog/src/unisims/FDCE.v" Line 170: Timing violation in scope /tb_top/dut/din_a_reg[1]_rep__1_lopt_replica/TChk170_47700 at time 1658438 ps $setuphold (posedge C,posedge D,(0:0:0),(0:0:0),notifier,in_clk_enable_p,in_clk_enable_p,C_dly,D_dly) 
WARNING: "C:/Xilinx/Vivado/2022.2/data/verilog/src/unisims/FDCE.v" Line 168: Timing violation in scope /tb_top/dut/din_a_reg[1]_rep__1_lopt_replica/TChk168_47698 at time 1668438 ps $setuphold (posedge C,negedge D,(0:0:0),(0:0:0),notifier,in_clk_enable_p,in_clk_enable_p,C_dly,D_dly) 
WARNING: "C:/Xilinx/Vivado/2022.2/data/verilog/src/unisims/FDCE.v" Line 170: Timing violation in scope /tb_top/dut/din_a_reg[1]_rep__1_lopt_replica/TChk170_47700 at time 1678438 ps $setuphold (posedge C,posedge D,(0:0:0),(0:0:0),notifier,in_clk_enable_p,in_clk_enable_p,C_dly,D_dly) 
WARNING: "C:/Xilinx/Vivado/2022.2/data/verilog/src/unisims/FDCE.v" Line 168: Timing violation in scope /tb_top/dut/din_a_reg[1]_rep__1_lopt_replica/TChk168_47698 at time 1688438 ps $setuphold (posedge C,negedge D,(0:0:0),(0:0:0),notifier,in_clk_enable_p,in_clk_enable_p,C_dly,D_dly) 
WARNING: "C:/Xilinx/Vivado/2022.2/data/verilog/src/unisims/FDCE.v" Line 170: Timing violation in scope /tb_top/dut/din_a_reg[1]_rep__1_lopt_replica/TChk170_47700 at time 1698438 ps $setuphold (posedge C,posedge D,(0:0:0),(0:0:0),notifier,in_clk_enable_p,in_clk_enable_p,C_dly,D_dly) 
WARNING: "C:/Xilinx/Vivado/2022.2/data/verilog/src/unisims/FDCE.v" Line 168: Timing violation in scope /tb_top/dut/din_a_reg[1]_rep__1_lopt_replica/TChk168_47698 at time 1708438 ps $setuphold (posedge C,negedge D,(0:0:0),(0:0:0),notifier,in_clk_enable_p,in_clk_enable_p,C_dly,D_dly) 
WARNING: "C:/Xilinx/Vivado/2022.2/data/verilog/src/unisims/FDCE.v" Line 170: Timing violation in scope /tb_top/dut/din_a_reg[1]_rep__1_lopt_replica/TChk170_47700 at time 1718438 ps $setuphold (posedge C,posedge D,(0:0:0),(0:0:0),notifier,in_clk_enable_p,in_clk_enable_p,C_dly,D_dly) 
WARNING: "C:/Xilinx/Vivado/2022.2/data/verilog/src/unisims/FDCE.v" Line 168: Timing violation in scope /tb_top/dut/din_a_reg[1]_rep__1_lopt_replica/TChk168_47698 at time 1728438 ps $setuphold (posedge C,negedge D,(0:0:0),(0:0:0),notifier,in_clk_enable_p,in_clk_enable_p,C_dly,D_dly) 
WARNING: "C:/Xilinx/Vivado/2022.2/data/verilog/src/unisims/FDCE.v" Line 170: Timing violation in scope /tb_top/dut/din_a_reg[1]_rep__1_lopt_replica/TChk170_47700 at time 1738438 ps $setuphold (posedge C,posedge D,(0:0:0),(0:0:0),notifier,in_clk_enable_p,in_clk_enable_p,C_dly,D_dly) 
WARNING: "C:/Xilinx/Vivado/2022.2/data/verilog/src/unisims/FDCE.v" Line 168: Timing violation in scope /tb_top/dut/din_a_reg[1]_rep__1_lopt_replica/TChk168_47698 at time 1748438 ps $setuphold (posedge C,negedge D,(0:0:0),(0:0:0),notifier,in_clk_enable_p,in_clk_enable_p,C_dly,D_dly) 
WARNING: "C:/Xilinx/Vivado/2022.2/data/verilog/src/unisims/FDCE.v" Line 170: Timing violation in scope /tb_top/dut/din_a_reg[1]_rep__1_lopt_replica/TChk170_47700 at time 1758438 ps $setuphold (posedge C,posedge D,(0:0:0),(0:0:0),notifier,in_clk_enable_p,in_clk_enable_p,C_dly,D_dly) 
WARNING: "C:/Xilinx/Vivado/2022.2/data/verilog/src/unisims/FDCE.v" Line 168: Timing violation in scope /tb_top/dut/din_a_reg[5]_rep__0/TChk168_47698 at time 1768419 ps $setuphold (posedge C,negedge D,(0:0:0),(0:0:0),notifier,in_clk_enable_p,in_clk_enable_p,C_dly,D_dly) 
WARNING: "C:/Xilinx/Vivado/2022.2/data/verilog/src/unisims/FDCE.v" Line 168: Timing violation in scope /tb_top/dut/din_a_reg[1]_rep__1_lopt_replica/TChk168_47698 at time 1768438 ps $setuphold (posedge C,negedge D,(0:0:0),(0:0:0),notifier,in_clk_enable_p,in_clk_enable_p,C_dly,D_dly) 
WARNING: "C:/Xilinx/Vivado/2022.2/data/verilog/src/unisims/FDCE.v" Line 170: Timing violation in scope /tb_top/dut/din_a_reg[6]/TChk170_47700 at time 1768452 ps $setuphold (posedge C,posedge D,(0:0:0),(0:0:0),notifier,in_clk_enable_p,in_clk_enable_p,C_dly,D_dly) 
WARNING: "C:/Xilinx/Vivado/2022.2/data/verilog/src/unisims/FDCE.v" Line 170: Timing violation in scope /tb_top/dut/din_a_reg[1]_rep__1_lopt_replica/TChk170_47700 at time 1778438 ps $setuphold (posedge C,posedge D,(0:0:0),(0:0:0),notifier,in_clk_enable_p,in_clk_enable_p,C_dly,D_dly) 
WARNING: "C:/Xilinx/Vivado/2022.2/data/verilog/src/unisims/FDCE.v" Line 168: Timing violation in scope /tb_top/dut/din_a_reg[1]_rep__1_lopt_replica/TChk168_47698 at time 1788438 ps $setuphold (posedge C,negedge D,(0:0:0),(0:0:0),notifier,in_clk_enable_p,in_clk_enable_p,C_dly,D_dly) 
WARNING: "C:/Xilinx/Vivado/2022.2/data/verilog/src/unisims/FDCE.v" Line 170: Timing violation in scope /tb_top/dut/din_a_reg[1]_rep__1_lopt_replica/TChk170_47700 at time 1798438 ps $setuphold (posedge C,posedge D,(0:0:0),(0:0:0),notifier,in_clk_enable_p,in_clk_enable_p,C_dly,D_dly) 
WARNING: "C:/Xilinx/Vivado/2022.2/data/verilog/src/unisims/FDCE.v" Line 168: Timing violation in scope /tb_top/dut/din_a_reg[1]_rep__1_lopt_replica/TChk168_47698 at time 1808438 ps $setuphold (posedge C,negedge D,(0:0:0),(0:0:0),notifier,in_clk_enable_p,in_clk_enable_p,C_dly,D_dly) 
WARNING: "C:/Xilinx/Vivado/2022.2/data/verilog/src/unisims/FDCE.v" Line 170: Timing violation in scope /tb_top/dut/din_a_reg[1]_rep__1_lopt_replica/TChk170_47700 at time 1818438 ps $setuphold (posedge C,posedge D,(0:0:0),(0:0:0),notifier,in_clk_enable_p,in_clk_enable_p,C_dly,D_dly) 
WARNING: "C:/Xilinx/Vivado/2022.2/data/verilog/src/unisims/FDCE.v" Line 168: Timing violation in scope /tb_top/dut/din_a_reg[1]_rep__1_lopt_replica/TChk168_47698 at time 1828438 ps $setuphold (posedge C,negedge D,(0:0:0),(0:0:0),notifier,in_clk_enable_p,in_clk_enable_p,C_dly,D_dly) 
WARNING: "C:/Xilinx/Vivado/2022.2/data/verilog/src/unisims/FDCE.v" Line 170: Timing violation in scope /tb_top/dut/din_a_reg[1]_rep__1_lopt_replica/TChk170_47700 at time 1838438 ps $setuphold (posedge C,posedge D,(0:0:0),(0:0:0),notifier,in_clk_enable_p,in_clk_enable_p,C_dly,D_dly) 
WARNING: "C:/Xilinx/Vivado/2022.2/data/verilog/src/unisims/FDCE.v" Line 168: Timing violation in scope /tb_top/dut/din_a_reg[1]_rep__1_lopt_replica/TChk168_47698 at time 1848438 ps $setuphold (posedge C,negedge D,(0:0:0),(0:0:0),notifier,in_clk_enable_p,in_clk_enable_p,C_dly,D_dly) 
WARNING: "C:/Xilinx/Vivado/2022.2/data/verilog/src/unisims/FDCE.v" Line 170: Timing violation in scope /tb_top/dut/din_a_reg[1]_rep__1_lopt_replica/TChk170_47700 at time 1858438 ps $setuphold (posedge C,posedge D,(0:0:0),(0:0:0),notifier,in_clk_enable_p,in_clk_enable_p,C_dly,D_dly) 
WARNING: "C:/Xilinx/Vivado/2022.2/data/verilog/src/unisims/FDCE.v" Line 168: Timing violation in scope /tb_top/dut/din_a_reg[1]_rep__1_lopt_replica/TChk168_47698 at time 1868438 ps $setuphold (posedge C,negedge D,(0:0:0),(0:0:0),notifier,in_clk_enable_p,in_clk_enable_p,C_dly,D_dly) 
WARNING: "C:/Xilinx/Vivado/2022.2/data/verilog/src/unisims/FDCE.v" Line 170: Timing violation in scope /tb_top/dut/din_a_reg[1]_rep__1_lopt_replica/TChk170_47700 at time 1878438 ps $setuphold (posedge C,posedge D,(0:0:0),(0:0:0),notifier,in_clk_enable_p,in_clk_enable_p,C_dly,D_dly) 
WARNING: "C:/Xilinx/Vivado/2022.2/data/verilog/src/unisims/FDCE.v" Line 168: Timing violation in scope /tb_top/dut/din_a_reg[1]_rep__1_lopt_replica/TChk168_47698 at time 1888438 ps $setuphold (posedge C,negedge D,(0:0:0),(0:0:0),notifier,in_clk_enable_p,in_clk_enable_p,C_dly,D_dly) 
WARNING: "C:/Xilinx/Vivado/2022.2/data/verilog/src/unisims/FDCE.v" Line 170: Timing violation in scope /tb_top/dut/din_a_reg[1]_rep__1_lopt_replica/TChk170_47700 at time 1898438 ps $setuphold (posedge C,posedge D,(0:0:0),(0:0:0),notifier,in_clk_enable_p,in_clk_enable_p,C_dly,D_dly) 
WARNING: "C:/Xilinx/Vivado/2022.2/data/verilog/src/unisims/FDCE.v" Line 168: Timing violation in scope /tb_top/dut/din_a_reg[1]_rep__1_lopt_replica/TChk168_47698 at time 1908438 ps $setuphold (posedge C,negedge D,(0:0:0),(0:0:0),notifier,in_clk_enable_p,in_clk_enable_p,C_dly,D_dly) 
WARNING: "C:/Xilinx/Vivado/2022.2/data/verilog/src/unisims/FDCE.v" Line 170: Timing violation in scope /tb_top/dut/din_a_reg[1]_rep__1_lopt_replica/TChk170_47700 at time 1918438 ps $setuphold (posedge C,posedge D,(0:0:0),(0:0:0),notifier,in_clk_enable_p,in_clk_enable_p,C_dly,D_dly) 
WARNING: "C:/Xilinx/Vivado/2022.2/data/verilog/src/unisims/FDCE.v" Line 170: Timing violation in scope /tb_top/dut/din_a_reg[5]_rep__0/TChk170_47700 at time 1928419 ps $setuphold (posedge C,posedge D,(0:0:0),(0:0:0),notifier,in_clk_enable_p,in_clk_enable_p,C_dly,D_dly) 
WARNING: "C:/Xilinx/Vivado/2022.2/data/verilog/src/unisims/FDCE.v" Line 168: Timing violation in scope /tb_top/dut/din_a_reg[1]_rep__1_lopt_replica/TChk168_47698 at time 1928438 ps $setuphold (posedge C,negedge D,(0:0:0),(0:0:0),notifier,in_clk_enable_p,in_clk_enable_p,C_dly,D_dly) 
WARNING: "C:/Xilinx/Vivado/2022.2/data/verilog/src/unisims/FDCE.v" Line 170: Timing violation in scope /tb_top/dut/din_a_reg[1]_rep__1_lopt_replica/TChk170_47700 at time 1938438 ps $setuphold (posedge C,posedge D,(0:0:0),(0:0:0),notifier,in_clk_enable_p,in_clk_enable_p,C_dly,D_dly) 
WARNING: "C:/Xilinx/Vivado/2022.2/data/verilog/src/unisims/FDCE.v" Line 168: Timing violation in scope /tb_top/dut/din_a_reg[1]_rep__1_lopt_replica/TChk168_47698 at time 1948438 ps $setuphold (posedge C,negedge D,(0:0:0),(0:0:0),notifier,in_clk_enable_p,in_clk_enable_p,C_dly,D_dly) 
WARNING: "C:/Xilinx/Vivado/2022.2/data/verilog/src/unisims/FDCE.v" Line 170: Timing violation in scope /tb_top/dut/din_a_reg[1]_rep__1_lopt_replica/TChk170_47700 at time 1958438 ps $setuphold (posedge C,posedge D,(0:0:0),(0:0:0),notifier,in_clk_enable_p,in_clk_enable_p,C_dly,D_dly) 
WARNING: "C:/Xilinx/Vivado/2022.2/data/verilog/src/unisims/FDCE.v" Line 168: Timing violation in scope /tb_top/dut/din_a_reg[1]_rep__1_lopt_replica/TChk168_47698 at time 1968438 ps $setuphold (posedge C,negedge D,(0:0:0),(0:0:0),notifier,in_clk_enable_p,in_clk_enable_p,C_dly,D_dly) 
WARNING: "C:/Xilinx/Vivado/2022.2/data/verilog/src/unisims/FDCE.v" Line 170: Timing violation in scope /tb_top/dut/din_a_reg[1]_rep__1_lopt_replica/TChk170_47700 at time 1978438 ps $setuphold (posedge C,posedge D,(0:0:0),(0:0:0),notifier,in_clk_enable_p,in_clk_enable_p,C_dly,D_dly) 
WARNING: "C:/Xilinx/Vivado/2022.2/data/verilog/src/unisims/FDCE.v" Line 168: Timing violation in scope /tb_top/dut/din_a_reg[1]_rep__1_lopt_replica/TChk168_47698 at time 1988438 ps $setuphold (posedge C,negedge D,(0:0:0),(0:0:0),notifier,in_clk_enable_p,in_clk_enable_p,C_dly,D_dly) 
WARNING: "C:/Xilinx/Vivado/2022.2/data/verilog/src/unisims/FDCE.v" Line 170: Timing violation in scope /tb_top/dut/din_a_reg[1]_rep__1_lopt_replica/TChk170_47700 at time 1998438 ps $setuphold (posedge C,posedge D,(0:0:0),(0:0:0),notifier,in_clk_enable_p,in_clk_enable_p,C_dly,D_dly) 
WARNING: "C:/Xilinx/Vivado/2022.2/data/verilog/src/unisims/FDCE.v" Line 168: Timing violation in scope /tb_top/dut/din_a_reg[1]_rep__1_lopt_replica/TChk168_47698 at time 2008438 ps $setuphold (posedge C,negedge D,(0:0:0),(0:0:0),notifier,in_clk_enable_p,in_clk_enable_p,C_dly,D_dly) 
WARNING: "C:/Xilinx/Vivado/2022.2/data/verilog/src/unisims/FDCE.v" Line 170: Timing violation in scope /tb_top/dut/din_a_reg[1]_rep__1_lopt_replica/TChk170_47700 at time 2018438 ps $setuphold (posedge C,posedge D,(0:0:0),(0:0:0),notifier,in_clk_enable_p,in_clk_enable_p,C_dly,D_dly) 
WARNING: "C:/Xilinx/Vivado/2022.2/data/verilog/src/unisims/FDCE.v" Line 168: Timing violation in scope /tb_top/dut/din_a_reg[1]_rep__1_lopt_replica/TChk168_47698 at time 2028438 ps $setuphold (posedge C,negedge D,(0:0:0),(0:0:0),notifier,in_clk_enable_p,in_clk_enable_p,C_dly,D_dly) 
WARNING: "C:/Xilinx/Vivado/2022.2/data/verilog/src/unisims/FDCE.v" Line 170: Timing violation in scope /tb_top/dut/din_a_reg[1]_rep__1_lopt_replica/TChk170_47700 at time 2038438 ps $setuphold (posedge C,posedge D,(0:0:0),(0:0:0),notifier,in_clk_enable_p,in_clk_enable_p,C_dly,D_dly) 
WARNING: "C:/Xilinx/Vivado/2022.2/data/verilog/src/unisims/FDCE.v" Line 168: Timing violation in scope /tb_top/dut/din_a_reg[1]_rep__1_lopt_replica/TChk168_47698 at time 2048438 ps $setuphold (posedge C,negedge D,(0:0:0),(0:0:0),notifier,in_clk_enable_p,in_clk_enable_p,C_dly,D_dly) 
WARNING: "C:/Xilinx/Vivado/2022.2/data/verilog/src/unisims/FDCE.v" Line 170: Timing violation in scope /tb_top/dut/din_a_reg[1]_rep__1_lopt_replica/TChk170_47700 at time 2058438 ps $setuphold (posedge C,posedge D,(0:0:0),(0:0:0),notifier,in_clk_enable_p,in_clk_enable_p,C_dly,D_dly) 
WARNING: "C:/Xilinx/Vivado/2022.2/data/verilog/src/unisims/FDCE.v" Line 168: Timing violation in scope /tb_top/dut/din_a_reg[1]_rep__1_lopt_replica/TChk168_47698 at time 2068438 ps $setuphold (posedge C,negedge D,(0:0:0),(0:0:0),notifier,in_clk_enable_p,in_clk_enable_p,C_dly,D_dly) 
WARNING: "C:/Xilinx/Vivado/2022.2/data/verilog/src/unisims/FDCE.v" Line 170: Timing violation in scope /tb_top/dut/din_a_reg[1]_rep__1_lopt_replica/TChk170_47700 at time 2078438 ps $setuphold (posedge C,posedge D,(0:0:0),(0:0:0),notifier,in_clk_enable_p,in_clk_enable_p,C_dly,D_dly) 
WARNING: "C:/Xilinx/Vivado/2022.2/data/verilog/src/unisims/FDCE.v" Line 168: Timing violation in scope /tb_top/dut/din_a_reg[5]_rep__0/TChk168_47698 at time 2088419 ps $setuphold (posedge C,negedge D,(0:0:0),(0:0:0),notifier,in_clk_enable_p,in_clk_enable_p,C_dly,D_dly) 
WARNING: "C:/Xilinx/Vivado/2022.2/data/verilog/src/unisims/FDCE.v" Line 168: Timing violation in scope /tb_top/dut/din_a_reg[1]_rep__1_lopt_replica/TChk168_47698 at time 2088438 ps $setuphold (posedge C,negedge D,(0:0:0),(0:0:0),notifier,in_clk_enable_p,in_clk_enable_p,C_dly,D_dly) 
WARNING: "C:/Xilinx/Vivado/2022.2/data/verilog/src/unisims/FDCE.v" Line 168: Timing violation in scope /tb_top/dut/din_a_reg[6]/TChk168_47698 at time 2088452 ps $setuphold (posedge C,negedge D,(0:0:0),(0:0:0),notifier,in_clk_enable_p,in_clk_enable_p,C_dly,D_dly) 
[6703000] DONE_STORE!
$finish called at time : 6782568 ps : File "C:/Hung/Viettel/Stage2/ML-KEM/NTT/tb_top.v" Line 125
run: Time (s): cpu = 00:01:07 ; elapsed = 00:02:19 . Memory (MB): peak = 4751.539 ; gain = 0.000
xsim: Time (s): cpu = 00:01:09 ; elapsed = 00:02:21 . Memory (MB): peak = 4751.539 ; gain = 0.000
INFO: [USF-XSim-96] XSim completed. Design snapshot 'tb_top_time_impl' loaded.
INFO: [USF-XSim-97] XSim simulation ran for 100000ns
launch_simulation: Time (s): cpu = 00:02:09 ; elapsed = 00:13:22 . Memory (MB): peak = 4751.539 ; gain = 0.000
save_wave_config {C:/Hung/Viettel/Stage2/ML-KEM/ml_kem/tb_top_func_impl.wcfg}
report_timing_summary -delay_type min_max -report_unconstrained -check_timing_verbose -max_paths 10 -input_pins -routable_nets -name timing_1
INFO: [Timing 38-91] UpdateTimingParams: Speed grade: -2, Temperature grade: E, Delay Type: min_max.
INFO: [Timing 38-191] Multithreading enabled for timing update using a maximum of 2 CPUs
set_property AUTO_INCREMENTAL_CHECKPOINT 0 [get_runs synth_1]
INFO: [Vivado 12-7078] The incremental_compile property on the run reflects the DCP used to generate the current run results. If you do not want to use "C:/Hung/Viettel/Stage2/ML-KEM/ml_kem/ml_kem.srcs/utils_1/imports/synth_1/top.dcp" for future runs, please clear the incremental_compile DCP run property.
set_property incremental_checkpoint {} [get_runs synth_1]
reset_run impl_1
close_sim
INFO: xsimkernel Simulation Memory Usage: 404624 KB (Peak: 404624 KB), Simulation CPU Usage: 137203 ms
INFO: [Simtcl 6-16] Simulation closed
close_sim
INFO: [Simtcl 6-16] Simulation closed
launch_simulation
Command: launch_simulation 
INFO: [Vivado 12-12493] Simulation top is 'tb_top'
WARNING: [Vivado 12-13340] Unable to auto find GCC executables from simulator install path! (path not set)
WARNING: [Vivado 12-13277] Compiled library path does not exist: ''
INFO: [Vivado 12-5682] Launching behavioral simulation in 'C:/Hung/Viettel/Stage2/ML-KEM/ml_kem/ml_kem.sim/sim_1/behav/xsim'
INFO: [SIM-utils-51] Simulation object is 'sim_1'
INFO: [SIM-utils-72] Using boost library from 'C:/Xilinx/Vivado/2022.2/tps/boost_1_72_0'
INFO: [SIM-utils-54] Inspecting design source files for 'tb_top' in fileset 'sim_1'...
INFO: [USF-XSim-97] Finding global include files...
INFO: [USF-XSim-98] Fetching design files from 'sim_1'...
INFO: [USF-XSim-2] XSim::Compile design
INFO: [USF-XSim-61] Executing 'COMPILE and ANALYZE' step in 'C:/Hung/Viettel/Stage2/ML-KEM/ml_kem/ml_kem.sim/sim_1/behav/xsim'
"xvlog --incr --relax -prj tb_top_vlog.prj"
INFO: [VRFC 10-2263] Analyzing Verilog file "C:/Hung/Viettel/Stage2/ML-KEM/NTT/AddressGenerator.v" into library xil_defaultlib
INFO: [VRFC 10-311] analyzing module AddressGenerator
INFO: [VRFC 10-2263] Analyzing Verilog file "C:/Hung/Viettel/Stage2/ML-KEM/NTT/BoothDecode.v" into library xil_defaultlib
INFO: [VRFC 10-311] analyzing module BoothDecode
INFO: [VRFC 10-2263] Analyzing Verilog file "C:/Hung/Viettel/Stage2/ML-KEM/NTT/MyBootRom.v" into library xil_defaultlib
INFO: [VRFC 10-311] analyzing module MyBootROM
INFO: [VRFC 10-2263] Analyzing Verilog file "C:/Hung/Viettel/Stage2/ML-KEM/NTT/barret.v" into library xil_defaultlib
INFO: [VRFC 10-311] analyzing module barret
INFO: [VRFC 10-2263] Analyzing Verilog file "C:/Hung/Viettel/Stage2/ML-KEM/NTT/bram.v" into library xil_defaultlib
INFO: [VRFC 10-311] analyzing module bram
INFO: [VRFC 10-2263] Analyzing Verilog file "C:/Hung/Viettel/Stage2/ML-KEM/NTT/bu_intt.v" into library xil_defaultlib
INFO: [VRFC 10-311] analyzing module bu_intt
INFO: [VRFC 10-2263] Analyzing Verilog file "C:/Hung/Viettel/Stage2/ML-KEM/NTT/bu_ntt.v" into library xil_defaultlib
INFO: [VRFC 10-311] analyzing module bu_ntt
INFO: [VRFC 10-2263] Analyzing Verilog file "C:/Hung/Viettel/Stage2/ML-KEM/NTT/mul.v" into library xil_defaultlib
INFO: [VRFC 10-311] analyzing module mul
INFO: [VRFC 10-2263] Analyzing Verilog file "C:/Hung/Viettel/Stage2/ML-KEM/NTT/normalize_output.v" into library xil_defaultlib
INFO: [VRFC 10-311] analyzing module normalize_output
INFO: [VRFC 10-2263] Analyzing Verilog file "C:/Hung/Viettel/Stage2/ML-KEM/NTT/top.v" into library xil_defaultlib
INFO: [VRFC 10-311] analyzing module top
INFO: [VRFC 10-2263] Analyzing Verilog file "C:/Hung/Viettel/Stage2/ML-KEM/NTT/tb_top.v" into library xil_defaultlib
INFO: [VRFC 10-311] analyzing module tb_top
INFO: [USF-XSim-69] 'compile' step finished in '2' seconds
INFO: [USF-XSim-3] XSim::Elaborate design
INFO: [USF-XSim-61] Executing 'ELABORATE' step in 'C:/Hung/Viettel/Stage2/ML-KEM/ml_kem/ml_kem.sim/sim_1/behav/xsim'
"xelab --incr --debug typical --relax --mt 2 -L xil_defaultlib -L unisims_ver -L unimacro_ver -L secureip --snapshot tb_top_behav xil_defaultlib.tb_top xil_defaultlib.glbl -log elaborate.log"
Vivado Simulator v2022.2.2
Copyright 1986-1999, 2001-2022 Xilinx, Inc. All Rights Reserved.
Running: C:/Xilinx/Vivado/2022.2/bin/unwrapped/win64.o/xelab.exe --incr --debug typical --relax --mt 2 -L xil_defaultlib -L unisims_ver -L unimacro_ver -L secureip --snapshot tb_top_behav xil_defaultlib.tb_top xil_defaultlib.glbl -log elaborate.log 
Using 2 slave threads.
Starting static elaboration
Pass Through NonSizing Optimizer
Completed static elaboration
Starting simulation data flow analysis
WARNING: [XSIM 43-4099] "C:/Hung/Viettel/Stage2/ML-KEM/NTT/top.v" Line 1. Module top doesn't have a timescale but at least one module in design has a timescale.
WARNING: [XSIM 43-4099] "C:/Hung/Viettel/Stage2/ML-KEM/NTT/MyBootRom.v" Line 1. Module MyBootROM doesn't have a timescale but at least one module in design has a timescale.
WARNING: [XSIM 43-4099] "C:/Hung/Viettel/Stage2/ML-KEM/NTT/bram.v" Line 1. Module bram_default doesn't have a timescale but at least one module in design has a timescale.
WARNING: [XSIM 43-4099] "C:/Hung/Viettel/Stage2/ML-KEM/NTT/AddressGenerator.v" Line 1. Module AddressGenerator doesn't have a timescale but at least one module in design has a timescale.
WARNING: [XSIM 43-4099] "C:/Hung/Viettel/Stage2/ML-KEM/NTT/bu_ntt.v" Line 1. Module bu_ntt doesn't have a timescale but at least one module in design has a timescale.
WARNING: [XSIM 43-4099] "C:/Hung/Viettel/Stage2/ML-KEM/NTT/barret.v" Line 1. Module barret doesn't have a timescale but at least one module in design has a timescale.
WARNING: [XSIM 43-4099] "C:/Hung/Viettel/Stage2/ML-KEM/NTT/barret.v" Line 1. Module barret doesn't have a timescale but at least one module in design has a timescale.
WARNING: [XSIM 43-4099] "C:/Hung/Viettel/Stage2/ML-KEM/NTT/barret.v" Line 1. Module barret doesn't have a timescale but at least one module in design has a timescale.
WARNING: [XSIM 43-4099] "C:/Hung/Viettel/Stage2/ML-KEM/NTT/mul.v" Line 1. Module mul_default doesn't have a timescale but at least one module in design has a timescale.
WARNING: [XSIM 43-4099] "C:/Hung/Viettel/Stage2/ML-KEM/NTT/BoothDecode.v" Line 1. Module BoothDecode doesn't have a timescale but at least one module in design has a timescale.
WARNING: [XSIM 43-4099] "C:/Hung/Viettel/Stage2/ML-KEM/NTT/BoothDecode.v" Line 1. Module BoothDecode doesn't have a timescale but at least one module in design has a timescale.
WARNING: [XSIM 43-4099] "C:/Hung/Viettel/Stage2/ML-KEM/NTT/BoothDecode.v" Line 1. Module BoothDecode doesn't have a timescale but at least one module in design has a timescale.
WARNING: [XSIM 43-4099] "C:/Hung/Viettel/Stage2/ML-KEM/NTT/BoothDecode.v" Line 1. Module BoothDecode doesn't have a timescale but at least one module in design has a timescale.
WARNING: [XSIM 43-4099] "C:/Hung/Viettel/Stage2/ML-KEM/NTT/BoothDecode.v" Line 1. Module BoothDecode doesn't have a timescale but at least one module in design has a timescale.
WARNING: [XSIM 43-4099] "C:/Hung/Viettel/Stage2/ML-KEM/NTT/BoothDecode.v" Line 1. Module BoothDecode doesn't have a timescale but at least one module in design has a timescale.
WARNING: [XSIM 43-4099] "C:/Hung/Viettel/Stage2/ML-KEM/NTT/BoothDecode.v" Line 1. Module BoothDecode doesn't have a timescale but at least one module in design has a timescale.
WARNING: [XSIM 43-4099] "C:/Hung/Viettel/Stage2/ML-KEM/NTT/BoothDecode.v" Line 1. Module BoothDecode doesn't have a timescale but at least one module in design has a timescale.
WARNING: [XSIM 43-4099] "C:/Hung/Viettel/Stage2/ML-KEM/NTT/bu_intt.v" Line 1. Module bu_intt doesn't have a timescale but at least one module in design has a timescale.
WARNING: [XSIM 43-4099] "C:/Hung/Viettel/Stage2/ML-KEM/NTT/barret.v" Line 1. Module barret doesn't have a timescale but at least one module in design has a timescale.
WARNING: [XSIM 43-4099] "C:/Hung/Viettel/Stage2/ML-KEM/NTT/barret.v" Line 1. Module barret doesn't have a timescale but at least one module in design has a timescale.
WARNING: [XSIM 43-4099] "C:/Hung/Viettel/Stage2/ML-KEM/NTT/barret.v" Line 1. Module barret doesn't have a timescale but at least one module in design has a timescale.
WARNING: [XSIM 43-4099] "C:/Hung/Viettel/Stage2/ML-KEM/NTT/mul.v" Line 1. Module mul_default doesn't have a timescale but at least one module in design has a timescale.
WARNING: [XSIM 43-4099] "C:/Hung/Viettel/Stage2/ML-KEM/NTT/BoothDecode.v" Line 1. Module BoothDecode doesn't have a timescale but at least one module in design has a timescale.
WARNING: [XSIM 43-4099] "C:/Hung/Viettel/Stage2/ML-KEM/NTT/BoothDecode.v" Line 1. Module BoothDecode doesn't have a timescale but at least one module in design has a timescale.
WARNING: [XSIM 43-4099] "C:/Hung/Viettel/Stage2/ML-KEM/NTT/BoothDecode.v" Line 1. Module BoothDecode doesn't have a timescale but at least one module in design has a timescale.
WARNING: [XSIM 43-4099] "C:/Hung/Viettel/Stage2/ML-KEM/NTT/BoothDecode.v" Line 1. Module BoothDecode doesn't have a timescale but at least one module in design has a timescale.
WARNING: [XSIM 43-4099] "C:/Hung/Viettel/Stage2/ML-KEM/NTT/BoothDecode.v" Line 1. Module BoothDecode doesn't have a timescale but at least one module in design has a timescale.
WARNING: [XSIM 43-4099] "C:/Hung/Viettel/Stage2/ML-KEM/NTT/BoothDecode.v" Line 1. Module BoothDecode doesn't have a timescale but at least one module in design has a timescale.
WARNING: [XSIM 43-4099] "C:/Hung/Viettel/Stage2/ML-KEM/NTT/BoothDecode.v" Line 1. Module BoothDecode doesn't have a timescale but at least one module in design has a timescale.
WARNING: [XSIM 43-4099] "C:/Hung/Viettel/Stage2/ML-KEM/NTT/BoothDecode.v" Line 1. Module BoothDecode doesn't have a timescale but at least one module in design has a timescale.
WARNING: [XSIM 43-4099] "C:/Hung/Viettel/Stage2/ML-KEM/NTT/normalize_output.v" Line 1. Module normalize_output doesn't have a timescale but at least one module in design has a timescale.
WARNING: [XSIM 43-4099] "C:/Hung/Viettel/Stage2/ML-KEM/NTT/barret.v" Line 1. Module barret doesn't have a timescale but at least one module in design has a timescale.
WARNING: [XSIM 43-4099] "C:/Hung/Viettel/Stage2/ML-KEM/NTT/barret.v" Line 1. Module barret doesn't have a timescale but at least one module in design has a timescale.
WARNING: [XSIM 43-4099] "C:/Hung/Viettel/Stage2/ML-KEM/NTT/top.v" Line 1. Module top doesn't have a timescale but at least one module in design has a timescale.
WARNING: [XSIM 43-4099] "C:/Hung/Viettel/Stage2/ML-KEM/NTT/MyBootRom.v" Line 1. Module MyBootROM doesn't have a timescale but at least one module in design has a timescale.
WARNING: [XSIM 43-4099] "C:/Hung/Viettel/Stage2/ML-KEM/NTT/bram.v" Line 1. Module bram_default doesn't have a timescale but at least one module in design has a timescale.
WARNING: [XSIM 43-4099] "C:/Hung/Viettel/Stage2/ML-KEM/NTT/AddressGenerator.v" Line 1. Module AddressGenerator doesn't have a timescale but at least one module in design has a timescale.
WARNING: [XSIM 43-4099] "C:/Hung/Viettel/Stage2/ML-KEM/NTT/bu_ntt.v" Line 1. Module bu_ntt doesn't have a timescale but at least one module in design has a timescale.
WARNING: [XSIM 43-4099] "C:/Hung/Viettel/Stage2/ML-KEM/NTT/barret.v" Line 1. Module barret doesn't have a timescale but at least one module in design has a timescale.
WARNING: [XSIM 43-4099] "C:/Hung/Viettel/Stage2/ML-KEM/NTT/barret.v" Line 1. Module barret doesn't have a timescale but at least one module in design has a timescale.
WARNING: [XSIM 43-4099] "C:/Hung/Viettel/Stage2/ML-KEM/NTT/barret.v" Line 1. Module barret doesn't have a timescale but at least one module in design has a timescale.
WARNING: [XSIM 43-4099] "C:/Hung/Viettel/Stage2/ML-KEM/NTT/mul.v" Line 1. Module mul_default doesn't have a timescale but at least one module in design has a timescale.
WARNING: [XSIM 43-4099] "C:/Hung/Viettel/Stage2/ML-KEM/NTT/BoothDecode.v" Line 1. Module BoothDecode doesn't have a timescale but at least one module in design has a timescale.
WARNING: [XSIM 43-4099] "C:/Hung/Viettel/Stage2/ML-KEM/NTT/BoothDecode.v" Line 1. Module BoothDecode doesn't have a timescale but at least one module in design has a timescale.
WARNING: [XSIM 43-4099] "C:/Hung/Viettel/Stage2/ML-KEM/NTT/BoothDecode.v" Line 1. Module BoothDecode doesn't have a timescale but at least one module in design has a timescale.
WARNING: [XSIM 43-4099] "C:/Hung/Viettel/Stage2/ML-KEM/NTT/BoothDecode.v" Line 1. Module BoothDecode doesn't have a timescale but at least one module in design has a timescale.
WARNING: [XSIM 43-4099] "C:/Hung/Viettel/Stage2/ML-KEM/NTT/BoothDecode.v" Line 1. Module BoothDecode doesn't have a timescale but at least one module in design has a timescale.
WARNING: [XSIM 43-4099] "C:/Hung/Viettel/Stage2/ML-KEM/NTT/BoothDecode.v" Line 1. Module BoothDecode doesn't have a timescale but at least one module in design has a timescale.
WARNING: [XSIM 43-4099] "C:/Hung/Viettel/Stage2/ML-KEM/NTT/BoothDecode.v" Line 1. Module BoothDecode doesn't have a timescale but at least one module in design has a timescale.
WARNING: [XSIM 43-4099] "C:/Hung/Viettel/Stage2/ML-KEM/NTT/BoothDecode.v" Line 1. Module BoothDecode doesn't have a timescale but at least one module in design has a timescale.
WARNING: [XSIM 43-4099] "C:/Hung/Viettel/Stage2/ML-KEM/NTT/bu_intt.v" Line 1. Module bu_intt doesn't have a timescale but at least one module in design has a timescale.
WARNING: [XSIM 43-4099] "C:/Hung/Viettel/Stage2/ML-KEM/NTT/barret.v" Line 1. Module barret doesn't have a timescale but at least one module in design has a timescale.
WARNING: [XSIM 43-4099] "C:/Hung/Viettel/Stage2/ML-KEM/NTT/barret.v" Line 1. Module barret doesn't have a timescale but at least one module in design has a timescale.
WARNING: [XSIM 43-4099] "C:/Hung/Viettel/Stage2/ML-KEM/NTT/barret.v" Line 1. Module barret doesn't have a timescale but at least one module in design has a timescale.
WARNING: [XSIM 43-4099] "C:/Hung/Viettel/Stage2/ML-KEM/NTT/mul.v" Line 1. Module mul_default doesn't have a timescale but at least one module in design has a timescale.
WARNING: [XSIM 43-4099] "C:/Hung/Viettel/Stage2/ML-KEM/NTT/BoothDecode.v" Line 1. Module BoothDecode doesn't have a timescale but at least one module in design has a timescale.
WARNING: [XSIM 43-4099] "C:/Hung/Viettel/Stage2/ML-KEM/NTT/BoothDecode.v" Line 1. Module BoothDecode doesn't have a timescale but at least one module in design has a timescale.
WARNING: [XSIM 43-4099] "C:/Hung/Viettel/Stage2/ML-KEM/NTT/BoothDecode.v" Line 1. Module BoothDecode doesn't have a timescale but at least one module in design has a timescale.
WARNING: [XSIM 43-4099] "C:/Hung/Viettel/Stage2/ML-KEM/NTT/BoothDecode.v" Line 1. Module BoothDecode doesn't have a timescale but at least one module in design has a timescale.
WARNING: [XSIM 43-4099] "C:/Hung/Viettel/Stage2/ML-KEM/NTT/BoothDecode.v" Line 1. Module BoothDecode doesn't have a timescale but at least one module in design has a timescale.
WARNING: [XSIM 43-4099] "C:/Hung/Viettel/Stage2/ML-KEM/NTT/BoothDecode.v" Line 1. Module BoothDecode doesn't have a timescale but at least one module in design has a timescale.
WARNING: [XSIM 43-4099] "C:/Hung/Viettel/Stage2/ML-KEM/NTT/BoothDecode.v" Line 1. Module BoothDecode doesn't have a timescale but at least one module in design has a timescale.
WARNING: [XSIM 43-4099] "C:/Hung/Viettel/Stage2/ML-KEM/NTT/BoothDecode.v" Line 1. Module BoothDecode doesn't have a timescale but at least one module in design has a timescale.
WARNING: [XSIM 43-4099] "C:/Hung/Viettel/Stage2/ML-KEM/NTT/normalize_output.v" Line 1. Module normalize_output doesn't have a timescale but at least one module in design has a timescale.
WARNING: [XSIM 43-4099] "C:/Hung/Viettel/Stage2/ML-KEM/NTT/barret.v" Line 1. Module barret doesn't have a timescale but at least one module in design has a timescale.
WARNING: [XSIM 43-4099] "C:/Hung/Viettel/Stage2/ML-KEM/NTT/barret.v" Line 1. Module barret doesn't have a timescale but at least one module in design has a timescale.
Completed simulation data flow analysis
Time Resolution for simulation is 1ps
Compiling module xil_defaultlib.MyBootROM
Compiling module xil_defaultlib.bram_default
Compiling module xil_defaultlib.AddressGenerator
Compiling module xil_defaultlib.barret
Compiling module xil_defaultlib.BoothDecode
Compiling module xil_defaultlib.mul_default
Compiling module xil_defaultlib.bu_ntt
Compiling module xil_defaultlib.bu_intt
Compiling module xil_defaultlib.normalize_output
Compiling module xil_defaultlib.top
Compiling module xil_defaultlib.tb_top
Compiling module xil_defaultlib.glbl
Built simulation snapshot tb_top_behav
run_program: Time (s): cpu = 00:00:01 ; elapsed = 00:00:06 . Memory (MB): peak = 5590.207 ; gain = 0.000
INFO: [USF-XSim-69] 'elaborate' step finished in '6' seconds
INFO: [USF-XSim-4] XSim::Simulate design
INFO: [USF-XSim-61] Executing 'SIMULATE' step in 'C:/Hung/Viettel/Stage2/ML-KEM/ml_kem/ml_kem.sim/sim_1/behav/xsim'
INFO: [USF-XSim-98] *** Running xsim
   with args "tb_top_behav -key {Behavioral:sim_1:Functional:tb_top} -tclbatch {tb_top.tcl} -view {C:/Hung/Viettel/Stage2/ML-KEM/ml_kem/tb_top_func_impl.wcfg} -log {simulate.log}"
INFO: [USF-XSim-8] Loading simulator feature
Time resolution is 1 ps
open_wave_config C:/Hung/Viettel/Stage2/ML-KEM/ml_kem/tb_top_func_impl.wcfg
source tb_top.tcl
# set curr_wave [current_wave_config]
# if { [string length $curr_wave] == 0 } {
#   if { [llength [get_objects]] > 0} {
#     add_wave /
#     set_property needs_save false [current_wave_config]
#   } else {
#      send_msg_id Add_Wave-1 WARNING "No top level signals found. Simulator will start without a wave window. If you want to open a wave window go to 'File->New Waveform Configuration' or type 'create_wave_config' in the TCL console."
#   }
# }
# run 100000ns
[6700000] DONE_STORE!
$finish called at time : 6780 ns : File "C:/Hung/Viettel/Stage2/ML-KEM/NTT/tb_top.v" Line 125
INFO: [USF-XSim-96] XSim completed. Design snapshot 'tb_top_behav' loaded.
INFO: [USF-XSim-97] XSim simulation ran for 100000ns
launch_simulation: Time (s): cpu = 00:00:03 ; elapsed = 00:00:10 . Memory (MB): peak = 5590.207 ; gain = 0.000
close_sim
INFO: [Simtcl 6-16] Simulation closed
launch_simulation
Command: launch_simulation 
INFO: [Vivado 12-12493] Simulation top is 'tb_top'
WARNING: [Vivado 12-13340] Unable to auto find GCC executables from simulator install path! (path not set)
WARNING: [Vivado 12-13277] Compiled library path does not exist: ''
INFO: [Vivado 12-5682] Launching behavioral simulation in 'C:/Hung/Viettel/Stage2/ML-KEM/ml_kem/ml_kem.sim/sim_1/behav/xsim'
INFO: [SIM-utils-51] Simulation object is 'sim_1'
INFO: [SIM-utils-72] Using boost library from 'C:/Xilinx/Vivado/2022.2/tps/boost_1_72_0'
INFO: [SIM-utils-54] Inspecting design source files for 'tb_top' in fileset 'sim_1'...
INFO: [USF-XSim-97] Finding global include files...
INFO: [USF-XSim-98] Fetching design files from 'sim_1'...
INFO: [USF-XSim-2] XSim::Compile design
INFO: [USF-XSim-61] Executing 'COMPILE and ANALYZE' step in 'C:/Hung/Viettel/Stage2/ML-KEM/ml_kem/ml_kem.sim/sim_1/behav/xsim'
"xvlog --incr --relax -prj tb_top_vlog.prj"
INFO: [VRFC 10-2263] Analyzing Verilog file "C:/Hung/Viettel/Stage2/ML-KEM/NTT/AddressGenerator.v" into library xil_defaultlib
INFO: [VRFC 10-311] analyzing module AddressGenerator
INFO: [VRFC 10-2263] Analyzing Verilog file "C:/Hung/Viettel/Stage2/ML-KEM/NTT/BoothDecode.v" into library xil_defaultlib
INFO: [VRFC 10-311] analyzing module BoothDecode
INFO: [VRFC 10-2263] Analyzing Verilog file "C:/Hung/Viettel/Stage2/ML-KEM/NTT/MyBootRom.v" into library xil_defaultlib
INFO: [VRFC 10-311] analyzing module MyBootROM
INFO: [VRFC 10-2263] Analyzing Verilog file "C:/Hung/Viettel/Stage2/ML-KEM/NTT/barret.v" into library xil_defaultlib
INFO: [VRFC 10-311] analyzing module barret
INFO: [VRFC 10-2263] Analyzing Verilog file "C:/Hung/Viettel/Stage2/ML-KEM/NTT/bram.v" into library xil_defaultlib
INFO: [VRFC 10-311] analyzing module bram
INFO: [VRFC 10-2263] Analyzing Verilog file "C:/Hung/Viettel/Stage2/ML-KEM/NTT/bu_intt.v" into library xil_defaultlib
INFO: [VRFC 10-311] analyzing module bu_intt
INFO: [VRFC 10-2263] Analyzing Verilog file "C:/Hung/Viettel/Stage2/ML-KEM/NTT/bu_ntt.v" into library xil_defaultlib
INFO: [VRFC 10-311] analyzing module bu_ntt
INFO: [VRFC 10-2263] Analyzing Verilog file "C:/Hung/Viettel/Stage2/ML-KEM/NTT/mul.v" into library xil_defaultlib
INFO: [VRFC 10-311] analyzing module mul
INFO: [VRFC 10-2263] Analyzing Verilog file "C:/Hung/Viettel/Stage2/ML-KEM/NTT/normalize_output.v" into library xil_defaultlib
INFO: [VRFC 10-311] analyzing module normalize_output
INFO: [VRFC 10-2263] Analyzing Verilog file "C:/Hung/Viettel/Stage2/ML-KEM/NTT/top.v" into library xil_defaultlib
INFO: [VRFC 10-311] analyzing module top
INFO: [VRFC 10-2263] Analyzing Verilog file "C:/Hung/Viettel/Stage2/ML-KEM/NTT/tb_top.v" into library xil_defaultlib
INFO: [VRFC 10-311] analyzing module tb_top
INFO: [USF-XSim-69] 'compile' step finished in '1' seconds
INFO: [USF-XSim-3] XSim::Elaborate design
INFO: [USF-XSim-61] Executing 'ELABORATE' step in 'C:/Hung/Viettel/Stage2/ML-KEM/ml_kem/ml_kem.sim/sim_1/behav/xsim'
"xelab --incr --debug typical --relax --mt 2 -L xil_defaultlib -L unisims_ver -L unimacro_ver -L secureip --snapshot tb_top_behav xil_defaultlib.tb_top xil_defaultlib.glbl -log elaborate.log"
Vivado Simulator v2022.2.2
Copyright 1986-1999, 2001-2022 Xilinx, Inc. All Rights Reserved.
Running: C:/Xilinx/Vivado/2022.2/bin/unwrapped/win64.o/xelab.exe --incr --debug typical --relax --mt 2 -L xil_defaultlib -L unisims_ver -L unimacro_ver -L secureip --snapshot tb_top_behav xil_defaultlib.tb_top xil_defaultlib.glbl -log elaborate.log 
Using 2 slave threads.
Starting static elaboration
Pass Through NonSizing Optimizer
Completed static elaboration
Starting simulation data flow analysis
WARNING: [XSIM 43-4099] "C:/Hung/Viettel/Stage2/ML-KEM/NTT/top.v" Line 1. Module top doesn't have a timescale but at least one module in design has a timescale.
WARNING: [XSIM 43-4099] "C:/Hung/Viettel/Stage2/ML-KEM/NTT/MyBootRom.v" Line 1. Module MyBootROM doesn't have a timescale but at least one module in design has a timescale.
WARNING: [XSIM 43-4099] "C:/Hung/Viettel/Stage2/ML-KEM/NTT/bram.v" Line 1. Module bram_default doesn't have a timescale but at least one module in design has a timescale.
WARNING: [XSIM 43-4099] "C:/Hung/Viettel/Stage2/ML-KEM/NTT/AddressGenerator.v" Line 1. Module AddressGenerator doesn't have a timescale but at least one module in design has a timescale.
WARNING: [XSIM 43-4099] "C:/Hung/Viettel/Stage2/ML-KEM/NTT/bu_ntt.v" Line 1. Module bu_ntt doesn't have a timescale but at least one module in design has a timescale.
WARNING: [XSIM 43-4099] "C:/Hung/Viettel/Stage2/ML-KEM/NTT/barret.v" Line 1. Module barret doesn't have a timescale but at least one module in design has a timescale.
WARNING: [XSIM 43-4099] "C:/Hung/Viettel/Stage2/ML-KEM/NTT/barret.v" Line 1. Module barret doesn't have a timescale but at least one module in design has a timescale.
WARNING: [XSIM 43-4099] "C:/Hung/Viettel/Stage2/ML-KEM/NTT/barret.v" Line 1. Module barret doesn't have a timescale but at least one module in design has a timescale.
WARNING: [XSIM 43-4099] "C:/Hung/Viettel/Stage2/ML-KEM/NTT/mul.v" Line 1. Module mul_default doesn't have a timescale but at least one module in design has a timescale.
WARNING: [XSIM 43-4099] "C:/Hung/Viettel/Stage2/ML-KEM/NTT/BoothDecode.v" Line 1. Module BoothDecode doesn't have a timescale but at least one module in design has a timescale.
WARNING: [XSIM 43-4099] "C:/Hung/Viettel/Stage2/ML-KEM/NTT/BoothDecode.v" Line 1. Module BoothDecode doesn't have a timescale but at least one module in design has a timescale.
WARNING: [XSIM 43-4099] "C:/Hung/Viettel/Stage2/ML-KEM/NTT/BoothDecode.v" Line 1. Module BoothDecode doesn't have a timescale but at least one module in design has a timescale.
WARNING: [XSIM 43-4099] "C:/Hung/Viettel/Stage2/ML-KEM/NTT/BoothDecode.v" Line 1. Module BoothDecode doesn't have a timescale but at least one module in design has a timescale.
WARNING: [XSIM 43-4099] "C:/Hung/Viettel/Stage2/ML-KEM/NTT/BoothDecode.v" Line 1. Module BoothDecode doesn't have a timescale but at least one module in design has a timescale.
WARNING: [XSIM 43-4099] "C:/Hung/Viettel/Stage2/ML-KEM/NTT/BoothDecode.v" Line 1. Module BoothDecode doesn't have a timescale but at least one module in design has a timescale.
WARNING: [XSIM 43-4099] "C:/Hung/Viettel/Stage2/ML-KEM/NTT/BoothDecode.v" Line 1. Module BoothDecode doesn't have a timescale but at least one module in design has a timescale.
WARNING: [XSIM 43-4099] "C:/Hung/Viettel/Stage2/ML-KEM/NTT/BoothDecode.v" Line 1. Module BoothDecode doesn't have a timescale but at least one module in design has a timescale.
WARNING: [XSIM 43-4099] "C:/Hung/Viettel/Stage2/ML-KEM/NTT/bu_intt.v" Line 1. Module bu_intt doesn't have a timescale but at least one module in design has a timescale.
WARNING: [XSIM 43-4099] "C:/Hung/Viettel/Stage2/ML-KEM/NTT/barret.v" Line 1. Module barret doesn't have a timescale but at least one module in design has a timescale.
WARNING: [XSIM 43-4099] "C:/Hung/Viettel/Stage2/ML-KEM/NTT/barret.v" Line 1. Module barret doesn't have a timescale but at least one module in design has a timescale.
WARNING: [XSIM 43-4099] "C:/Hung/Viettel/Stage2/ML-KEM/NTT/barret.v" Line 1. Module barret doesn't have a timescale but at least one module in design has a timescale.
WARNING: [XSIM 43-4099] "C:/Hung/Viettel/Stage2/ML-KEM/NTT/mul.v" Line 1. Module mul_default doesn't have a timescale but at least one module in design has a timescale.
WARNING: [XSIM 43-4099] "C:/Hung/Viettel/Stage2/ML-KEM/NTT/BoothDecode.v" Line 1. Module BoothDecode doesn't have a timescale but at least one module in design has a timescale.
WARNING: [XSIM 43-4099] "C:/Hung/Viettel/Stage2/ML-KEM/NTT/BoothDecode.v" Line 1. Module BoothDecode doesn't have a timescale but at least one module in design has a timescale.
WARNING: [XSIM 43-4099] "C:/Hung/Viettel/Stage2/ML-KEM/NTT/BoothDecode.v" Line 1. Module BoothDecode doesn't have a timescale but at least one module in design has a timescale.
WARNING: [XSIM 43-4099] "C:/Hung/Viettel/Stage2/ML-KEM/NTT/BoothDecode.v" Line 1. Module BoothDecode doesn't have a timescale but at least one module in design has a timescale.
WARNING: [XSIM 43-4099] "C:/Hung/Viettel/Stage2/ML-KEM/NTT/BoothDecode.v" Line 1. Module BoothDecode doesn't have a timescale but at least one module in design has a timescale.
WARNING: [XSIM 43-4099] "C:/Hung/Viettel/Stage2/ML-KEM/NTT/BoothDecode.v" Line 1. Module BoothDecode doesn't have a timescale but at least one module in design has a timescale.
WARNING: [XSIM 43-4099] "C:/Hung/Viettel/Stage2/ML-KEM/NTT/BoothDecode.v" Line 1. Module BoothDecode doesn't have a timescale but at least one module in design has a timescale.
WARNING: [XSIM 43-4099] "C:/Hung/Viettel/Stage2/ML-KEM/NTT/BoothDecode.v" Line 1. Module BoothDecode doesn't have a timescale but at least one module in design has a timescale.
WARNING: [XSIM 43-4099] "C:/Hung/Viettel/Stage2/ML-KEM/NTT/normalize_output.v" Line 1. Module normalize_output doesn't have a timescale but at least one module in design has a timescale.
WARNING: [XSIM 43-4099] "C:/Hung/Viettel/Stage2/ML-KEM/NTT/barret.v" Line 1. Module barret doesn't have a timescale but at least one module in design has a timescale.
WARNING: [XSIM 43-4099] "C:/Hung/Viettel/Stage2/ML-KEM/NTT/barret.v" Line 1. Module barret doesn't have a timescale but at least one module in design has a timescale.
WARNING: [XSIM 43-4099] "C:/Hung/Viettel/Stage2/ML-KEM/NTT/top.v" Line 1. Module top doesn't have a timescale but at least one module in design has a timescale.
WARNING: [XSIM 43-4099] "C:/Hung/Viettel/Stage2/ML-KEM/NTT/MyBootRom.v" Line 1. Module MyBootROM doesn't have a timescale but at least one module in design has a timescale.
WARNING: [XSIM 43-4099] "C:/Hung/Viettel/Stage2/ML-KEM/NTT/bram.v" Line 1. Module bram_default doesn't have a timescale but at least one module in design has a timescale.
WARNING: [XSIM 43-4099] "C:/Hung/Viettel/Stage2/ML-KEM/NTT/AddressGenerator.v" Line 1. Module AddressGenerator doesn't have a timescale but at least one module in design has a timescale.
WARNING: [XSIM 43-4099] "C:/Hung/Viettel/Stage2/ML-KEM/NTT/bu_ntt.v" Line 1. Module bu_ntt doesn't have a timescale but at least one module in design has a timescale.
WARNING: [XSIM 43-4099] "C:/Hung/Viettel/Stage2/ML-KEM/NTT/barret.v" Line 1. Module barret doesn't have a timescale but at least one module in design has a timescale.
WARNING: [XSIM 43-4099] "C:/Hung/Viettel/Stage2/ML-KEM/NTT/barret.v" Line 1. Module barret doesn't have a timescale but at least one module in design has a timescale.
WARNING: [XSIM 43-4099] "C:/Hung/Viettel/Stage2/ML-KEM/NTT/barret.v" Line 1. Module barret doesn't have a timescale but at least one module in design has a timescale.
WARNING: [XSIM 43-4099] "C:/Hung/Viettel/Stage2/ML-KEM/NTT/mul.v" Line 1. Module mul_default doesn't have a timescale but at least one module in design has a timescale.
WARNING: [XSIM 43-4099] "C:/Hung/Viettel/Stage2/ML-KEM/NTT/BoothDecode.v" Line 1. Module BoothDecode doesn't have a timescale but at least one module in design has a timescale.
WARNING: [XSIM 43-4099] "C:/Hung/Viettel/Stage2/ML-KEM/NTT/BoothDecode.v" Line 1. Module BoothDecode doesn't have a timescale but at least one module in design has a timescale.
WARNING: [XSIM 43-4099] "C:/Hung/Viettel/Stage2/ML-KEM/NTT/BoothDecode.v" Line 1. Module BoothDecode doesn't have a timescale but at least one module in design has a timescale.
WARNING: [XSIM 43-4099] "C:/Hung/Viettel/Stage2/ML-KEM/NTT/BoothDecode.v" Line 1. Module BoothDecode doesn't have a timescale but at least one module in design has a timescale.
WARNING: [XSIM 43-4099] "C:/Hung/Viettel/Stage2/ML-KEM/NTT/BoothDecode.v" Line 1. Module BoothDecode doesn't have a timescale but at least one module in design has a timescale.
WARNING: [XSIM 43-4099] "C:/Hung/Viettel/Stage2/ML-KEM/NTT/BoothDecode.v" Line 1. Module BoothDecode doesn't have a timescale but at least one module in design has a timescale.
WARNING: [XSIM 43-4099] "C:/Hung/Viettel/Stage2/ML-KEM/NTT/BoothDecode.v" Line 1. Module BoothDecode doesn't have a timescale but at least one module in design has a timescale.
WARNING: [XSIM 43-4099] "C:/Hung/Viettel/Stage2/ML-KEM/NTT/BoothDecode.v" Line 1. Module BoothDecode doesn't have a timescale but at least one module in design has a timescale.
WARNING: [XSIM 43-4099] "C:/Hung/Viettel/Stage2/ML-KEM/NTT/bu_intt.v" Line 1. Module bu_intt doesn't have a timescale but at least one module in design has a timescale.
WARNING: [XSIM 43-4099] "C:/Hung/Viettel/Stage2/ML-KEM/NTT/barret.v" Line 1. Module barret doesn't have a timescale but at least one module in design has a timescale.
WARNING: [XSIM 43-4099] "C:/Hung/Viettel/Stage2/ML-KEM/NTT/barret.v" Line 1. Module barret doesn't have a timescale but at least one module in design has a timescale.
WARNING: [XSIM 43-4099] "C:/Hung/Viettel/Stage2/ML-KEM/NTT/barret.v" Line 1. Module barret doesn't have a timescale but at least one module in design has a timescale.
WARNING: [XSIM 43-4099] "C:/Hung/Viettel/Stage2/ML-KEM/NTT/mul.v" Line 1. Module mul_default doesn't have a timescale but at least one module in design has a timescale.
WARNING: [XSIM 43-4099] "C:/Hung/Viettel/Stage2/ML-KEM/NTT/BoothDecode.v" Line 1. Module BoothDecode doesn't have a timescale but at least one module in design has a timescale.
WARNING: [XSIM 43-4099] "C:/Hung/Viettel/Stage2/ML-KEM/NTT/BoothDecode.v" Line 1. Module BoothDecode doesn't have a timescale but at least one module in design has a timescale.
WARNING: [XSIM 43-4099] "C:/Hung/Viettel/Stage2/ML-KEM/NTT/BoothDecode.v" Line 1. Module BoothDecode doesn't have a timescale but at least one module in design has a timescale.
WARNING: [XSIM 43-4099] "C:/Hung/Viettel/Stage2/ML-KEM/NTT/BoothDecode.v" Line 1. Module BoothDecode doesn't have a timescale but at least one module in design has a timescale.
WARNING: [XSIM 43-4099] "C:/Hung/Viettel/Stage2/ML-KEM/NTT/BoothDecode.v" Line 1. Module BoothDecode doesn't have a timescale but at least one module in design has a timescale.
WARNING: [XSIM 43-4099] "C:/Hung/Viettel/Stage2/ML-KEM/NTT/BoothDecode.v" Line 1. Module BoothDecode doesn't have a timescale but at least one module in design has a timescale.
WARNING: [XSIM 43-4099] "C:/Hung/Viettel/Stage2/ML-KEM/NTT/BoothDecode.v" Line 1. Module BoothDecode doesn't have a timescale but at least one module in design has a timescale.
WARNING: [XSIM 43-4099] "C:/Hung/Viettel/Stage2/ML-KEM/NTT/BoothDecode.v" Line 1. Module BoothDecode doesn't have a timescale but at least one module in design has a timescale.
WARNING: [XSIM 43-4099] "C:/Hung/Viettel/Stage2/ML-KEM/NTT/normalize_output.v" Line 1. Module normalize_output doesn't have a timescale but at least one module in design has a timescale.
WARNING: [XSIM 43-4099] "C:/Hung/Viettel/Stage2/ML-KEM/NTT/barret.v" Line 1. Module barret doesn't have a timescale but at least one module in design has a timescale.
WARNING: [XSIM 43-4099] "C:/Hung/Viettel/Stage2/ML-KEM/NTT/barret.v" Line 1. Module barret doesn't have a timescale but at least one module in design has a timescale.
Completed simulation data flow analysis
Time Resolution for simulation is 1ps
Compiling module xil_defaultlib.MyBootROM
Compiling module xil_defaultlib.bram_default
Compiling module xil_defaultlib.AddressGenerator
Compiling module xil_defaultlib.barret
Compiling module xil_defaultlib.BoothDecode
Compiling module xil_defaultlib.mul_default
Compiling module xil_defaultlib.bu_ntt
Compiling module xil_defaultlib.bu_intt
Compiling module xil_defaultlib.normalize_output
Compiling module xil_defaultlib.top
Compiling module xil_defaultlib.tb_top
Compiling module xil_defaultlib.glbl
Built simulation snapshot tb_top_behav
run_program: Time (s): cpu = 00:00:00 ; elapsed = 00:00:08 . Memory (MB): peak = 5590.207 ; gain = 0.000
INFO: [USF-XSim-69] 'elaborate' step finished in '8' seconds
INFO: [USF-XSim-4] XSim::Simulate design
INFO: [USF-XSim-61] Executing 'SIMULATE' step in 'C:/Hung/Viettel/Stage2/ML-KEM/ml_kem/ml_kem.sim/sim_1/behav/xsim'
INFO: [USF-XSim-98] *** Running xsim
   with args "tb_top_behav -key {Behavioral:sim_1:Functional:tb_top} -tclbatch {tb_top.tcl} -view {C:/Hung/Viettel/Stage2/ML-KEM/ml_kem/tb_top_func_impl.wcfg} -log {simulate.log}"
INFO: [USF-XSim-8] Loading simulator feature
Time resolution is 1 ps
open_wave_config C:/Hung/Viettel/Stage2/ML-KEM/ml_kem/tb_top_func_impl.wcfg
source tb_top.tcl
# set curr_wave [current_wave_config]
# if { [string length $curr_wave] == 0 } {
#   if { [llength [get_objects]] > 0} {
#     add_wave /
#     set_property needs_save false [current_wave_config]
#   } else {
#      send_msg_id Add_Wave-1 WARNING "No top level signals found. Simulator will start without a wave window. If you want to open a wave window go to 'File->New Waveform Configuration' or type 'create_wave_config' in the TCL console."
#   }
# }
# run 100000ns
[6700000] DONE_STORE!
$finish called at time : 6780 ns : File "C:/Hung/Viettel/Stage2/ML-KEM/NTT/tb_top.v" Line 125
INFO: [USF-XSim-96] XSim completed. Design snapshot 'tb_top_behav' loaded.
INFO: [USF-XSim-97] XSim simulation ran for 100000ns
launch_simulation: Time (s): cpu = 00:00:03 ; elapsed = 00:00:12 . Memory (MB): peak = 5590.207 ; gain = 0.000
close_sim
INFO: [Simtcl 6-16] Simulation closed
launch_simulation
Command: launch_simulation 
INFO: [Vivado 12-12493] Simulation top is 'tb_top'
WARNING: [Vivado 12-13340] Unable to auto find GCC executables from simulator install path! (path not set)
WARNING: [Vivado 12-13277] Compiled library path does not exist: ''
INFO: [Vivado 12-5682] Launching behavioral simulation in 'C:/Hung/Viettel/Stage2/ML-KEM/ml_kem/ml_kem.sim/sim_1/behav/xsim'
INFO: [SIM-utils-51] Simulation object is 'sim_1'
INFO: [SIM-utils-72] Using boost library from 'C:/Xilinx/Vivado/2022.2/tps/boost_1_72_0'
INFO: [SIM-utils-54] Inspecting design source files for 'tb_top' in fileset 'sim_1'...
INFO: [USF-XSim-97] Finding global include files...
INFO: [USF-XSim-98] Fetching design files from 'sim_1'...
INFO: [USF-XSim-2] XSim::Compile design
INFO: [USF-XSim-61] Executing 'COMPILE and ANALYZE' step in 'C:/Hung/Viettel/Stage2/ML-KEM/ml_kem/ml_kem.sim/sim_1/behav/xsim'
"xvlog --incr --relax -prj tb_top_vlog.prj"
INFO: [VRFC 10-2263] Analyzing Verilog file "C:/Hung/Viettel/Stage2/ML-KEM/NTT/AddressGenerator.v" into library xil_defaultlib
INFO: [VRFC 10-311] analyzing module AddressGenerator
INFO: [VRFC 10-2263] Analyzing Verilog file "C:/Hung/Viettel/Stage2/ML-KEM/NTT/BoothDecode.v" into library xil_defaultlib
INFO: [VRFC 10-311] analyzing module BoothDecode
INFO: [VRFC 10-2263] Analyzing Verilog file "C:/Hung/Viettel/Stage2/ML-KEM/NTT/MyBootRom.v" into library xil_defaultlib
INFO: [VRFC 10-311] analyzing module MyBootROM
INFO: [VRFC 10-2263] Analyzing Verilog file "C:/Hung/Viettel/Stage2/ML-KEM/NTT/barret.v" into library xil_defaultlib
INFO: [VRFC 10-311] analyzing module barret
INFO: [VRFC 10-2263] Analyzing Verilog file "C:/Hung/Viettel/Stage2/ML-KEM/NTT/bram.v" into library xil_defaultlib
INFO: [VRFC 10-311] analyzing module bram
INFO: [VRFC 10-2263] Analyzing Verilog file "C:/Hung/Viettel/Stage2/ML-KEM/NTT/bu_intt.v" into library xil_defaultlib
INFO: [VRFC 10-311] analyzing module bu_intt
INFO: [VRFC 10-2263] Analyzing Verilog file "C:/Hung/Viettel/Stage2/ML-KEM/NTT/bu_ntt.v" into library xil_defaultlib
INFO: [VRFC 10-311] analyzing module bu_ntt
INFO: [VRFC 10-2263] Analyzing Verilog file "C:/Hung/Viettel/Stage2/ML-KEM/NTT/mul.v" into library xil_defaultlib
INFO: [VRFC 10-311] analyzing module mul
INFO: [VRFC 10-2263] Analyzing Verilog file "C:/Hung/Viettel/Stage2/ML-KEM/NTT/normalize_output.v" into library xil_defaultlib
INFO: [VRFC 10-311] analyzing module normalize_output
INFO: [VRFC 10-2263] Analyzing Verilog file "C:/Hung/Viettel/Stage2/ML-KEM/NTT/top.v" into library xil_defaultlib
INFO: [VRFC 10-311] analyzing module top
INFO: [VRFC 10-2263] Analyzing Verilog file "C:/Hung/Viettel/Stage2/ML-KEM/NTT/tb_top.v" into library xil_defaultlib
INFO: [VRFC 10-311] analyzing module tb_top
INFO: [USF-XSim-69] 'compile' step finished in '2' seconds
INFO: [USF-XSim-3] XSim::Elaborate design
INFO: [USF-XSim-61] Executing 'ELABORATE' step in 'C:/Hung/Viettel/Stage2/ML-KEM/ml_kem/ml_kem.sim/sim_1/behav/xsim'
"xelab --incr --debug typical --relax --mt 2 -L xil_defaultlib -L unisims_ver -L unimacro_ver -L secureip --snapshot tb_top_behav xil_defaultlib.tb_top xil_defaultlib.glbl -log elaborate.log"
Vivado Simulator v2022.2.2
Copyright 1986-1999, 2001-2022 Xilinx, Inc. All Rights Reserved.
Running: C:/Xilinx/Vivado/2022.2/bin/unwrapped/win64.o/xelab.exe --incr --debug typical --relax --mt 2 -L xil_defaultlib -L unisims_ver -L unimacro_ver -L secureip --snapshot tb_top_behav xil_defaultlib.tb_top xil_defaultlib.glbl -log elaborate.log 
Using 2 slave threads.
Starting static elaboration
Pass Through NonSizing Optimizer
Completed static elaboration
Starting simulation data flow analysis
WARNING: [XSIM 43-4099] "C:/Hung/Viettel/Stage2/ML-KEM/NTT/top.v" Line 1. Module top doesn't have a timescale but at least one module in design has a timescale.
WARNING: [XSIM 43-4099] "C:/Hung/Viettel/Stage2/ML-KEM/NTT/MyBootRom.v" Line 1. Module MyBootROM doesn't have a timescale but at least one module in design has a timescale.
WARNING: [XSIM 43-4099] "C:/Hung/Viettel/Stage2/ML-KEM/NTT/bram.v" Line 1. Module bram_default doesn't have a timescale but at least one module in design has a timescale.
WARNING: [XSIM 43-4099] "C:/Hung/Viettel/Stage2/ML-KEM/NTT/AddressGenerator.v" Line 1. Module AddressGenerator doesn't have a timescale but at least one module in design has a timescale.
WARNING: [XSIM 43-4099] "C:/Hung/Viettel/Stage2/ML-KEM/NTT/bu_ntt.v" Line 1. Module bu_ntt doesn't have a timescale but at least one module in design has a timescale.
WARNING: [XSIM 43-4099] "C:/Hung/Viettel/Stage2/ML-KEM/NTT/barret.v" Line 1. Module barret doesn't have a timescale but at least one module in design has a timescale.
WARNING: [XSIM 43-4099] "C:/Hung/Viettel/Stage2/ML-KEM/NTT/barret.v" Line 1. Module barret doesn't have a timescale but at least one module in design has a timescale.
WARNING: [XSIM 43-4099] "C:/Hung/Viettel/Stage2/ML-KEM/NTT/barret.v" Line 1. Module barret doesn't have a timescale but at least one module in design has a timescale.
WARNING: [XSIM 43-4099] "C:/Hung/Viettel/Stage2/ML-KEM/NTT/mul.v" Line 1. Module mul_default doesn't have a timescale but at least one module in design has a timescale.
WARNING: [XSIM 43-4099] "C:/Hung/Viettel/Stage2/ML-KEM/NTT/BoothDecode.v" Line 1. Module BoothDecode doesn't have a timescale but at least one module in design has a timescale.
WARNING: [XSIM 43-4099] "C:/Hung/Viettel/Stage2/ML-KEM/NTT/BoothDecode.v" Line 1. Module BoothDecode doesn't have a timescale but at least one module in design has a timescale.
WARNING: [XSIM 43-4099] "C:/Hung/Viettel/Stage2/ML-KEM/NTT/BoothDecode.v" Line 1. Module BoothDecode doesn't have a timescale but at least one module in design has a timescale.
WARNING: [XSIM 43-4099] "C:/Hung/Viettel/Stage2/ML-KEM/NTT/BoothDecode.v" Line 1. Module BoothDecode doesn't have a timescale but at least one module in design has a timescale.
WARNING: [XSIM 43-4099] "C:/Hung/Viettel/Stage2/ML-KEM/NTT/BoothDecode.v" Line 1. Module BoothDecode doesn't have a timescale but at least one module in design has a timescale.
WARNING: [XSIM 43-4099] "C:/Hung/Viettel/Stage2/ML-KEM/NTT/BoothDecode.v" Line 1. Module BoothDecode doesn't have a timescale but at least one module in design has a timescale.
WARNING: [XSIM 43-4099] "C:/Hung/Viettel/Stage2/ML-KEM/NTT/BoothDecode.v" Line 1. Module BoothDecode doesn't have a timescale but at least one module in design has a timescale.
WARNING: [XSIM 43-4099] "C:/Hung/Viettel/Stage2/ML-KEM/NTT/BoothDecode.v" Line 1. Module BoothDecode doesn't have a timescale but at least one module in design has a timescale.
WARNING: [XSIM 43-4099] "C:/Hung/Viettel/Stage2/ML-KEM/NTT/bu_intt.v" Line 1. Module bu_intt doesn't have a timescale but at least one module in design has a timescale.
WARNING: [XSIM 43-4099] "C:/Hung/Viettel/Stage2/ML-KEM/NTT/barret.v" Line 1. Module barret doesn't have a timescale but at least one module in design has a timescale.
WARNING: [XSIM 43-4099] "C:/Hung/Viettel/Stage2/ML-KEM/NTT/barret.v" Line 1. Module barret doesn't have a timescale but at least one module in design has a timescale.
WARNING: [XSIM 43-4099] "C:/Hung/Viettel/Stage2/ML-KEM/NTT/barret.v" Line 1. Module barret doesn't have a timescale but at least one module in design has a timescale.
WARNING: [XSIM 43-4099] "C:/Hung/Viettel/Stage2/ML-KEM/NTT/mul.v" Line 1. Module mul_default doesn't have a timescale but at least one module in design has a timescale.
WARNING: [XSIM 43-4099] "C:/Hung/Viettel/Stage2/ML-KEM/NTT/BoothDecode.v" Line 1. Module BoothDecode doesn't have a timescale but at least one module in design has a timescale.
WARNING: [XSIM 43-4099] "C:/Hung/Viettel/Stage2/ML-KEM/NTT/BoothDecode.v" Line 1. Module BoothDecode doesn't have a timescale but at least one module in design has a timescale.
WARNING: [XSIM 43-4099] "C:/Hung/Viettel/Stage2/ML-KEM/NTT/BoothDecode.v" Line 1. Module BoothDecode doesn't have a timescale but at least one module in design has a timescale.
WARNING: [XSIM 43-4099] "C:/Hung/Viettel/Stage2/ML-KEM/NTT/BoothDecode.v" Line 1. Module BoothDecode doesn't have a timescale but at least one module in design has a timescale.
WARNING: [XSIM 43-4099] "C:/Hung/Viettel/Stage2/ML-KEM/NTT/BoothDecode.v" Line 1. Module BoothDecode doesn't have a timescale but at least one module in design has a timescale.
WARNING: [XSIM 43-4099] "C:/Hung/Viettel/Stage2/ML-KEM/NTT/BoothDecode.v" Line 1. Module BoothDecode doesn't have a timescale but at least one module in design has a timescale.
WARNING: [XSIM 43-4099] "C:/Hung/Viettel/Stage2/ML-KEM/NTT/BoothDecode.v" Line 1. Module BoothDecode doesn't have a timescale but at least one module in design has a timescale.
WARNING: [XSIM 43-4099] "C:/Hung/Viettel/Stage2/ML-KEM/NTT/BoothDecode.v" Line 1. Module BoothDecode doesn't have a timescale but at least one module in design has a timescale.
WARNING: [XSIM 43-4099] "C:/Hung/Viettel/Stage2/ML-KEM/NTT/normalize_output.v" Line 1. Module normalize_output doesn't have a timescale but at least one module in design has a timescale.
WARNING: [XSIM 43-4099] "C:/Hung/Viettel/Stage2/ML-KEM/NTT/barret.v" Line 1. Module barret doesn't have a timescale but at least one module in design has a timescale.
WARNING: [XSIM 43-4099] "C:/Hung/Viettel/Stage2/ML-KEM/NTT/barret.v" Line 1. Module barret doesn't have a timescale but at least one module in design has a timescale.
WARNING: [XSIM 43-4099] "C:/Hung/Viettel/Stage2/ML-KEM/NTT/top.v" Line 1. Module top doesn't have a timescale but at least one module in design has a timescale.
WARNING: [XSIM 43-4099] "C:/Hung/Viettel/Stage2/ML-KEM/NTT/MyBootRom.v" Line 1. Module MyBootROM doesn't have a timescale but at least one module in design has a timescale.
WARNING: [XSIM 43-4099] "C:/Hung/Viettel/Stage2/ML-KEM/NTT/bram.v" Line 1. Module bram_default doesn't have a timescale but at least one module in design has a timescale.
WARNING: [XSIM 43-4099] "C:/Hung/Viettel/Stage2/ML-KEM/NTT/AddressGenerator.v" Line 1. Module AddressGenerator doesn't have a timescale but at least one module in design has a timescale.
WARNING: [XSIM 43-4099] "C:/Hung/Viettel/Stage2/ML-KEM/NTT/bu_ntt.v" Line 1. Module bu_ntt doesn't have a timescale but at least one module in design has a timescale.
WARNING: [XSIM 43-4099] "C:/Hung/Viettel/Stage2/ML-KEM/NTT/barret.v" Line 1. Module barret doesn't have a timescale but at least one module in design has a timescale.
WARNING: [XSIM 43-4099] "C:/Hung/Viettel/Stage2/ML-KEM/NTT/barret.v" Line 1. Module barret doesn't have a timescale but at least one module in design has a timescale.
WARNING: [XSIM 43-4099] "C:/Hung/Viettel/Stage2/ML-KEM/NTT/barret.v" Line 1. Module barret doesn't have a timescale but at least one module in design has a timescale.
WARNING: [XSIM 43-4099] "C:/Hung/Viettel/Stage2/ML-KEM/NTT/mul.v" Line 1. Module mul_default doesn't have a timescale but at least one module in design has a timescale.
WARNING: [XSIM 43-4099] "C:/Hung/Viettel/Stage2/ML-KEM/NTT/BoothDecode.v" Line 1. Module BoothDecode doesn't have a timescale but at least one module in design has a timescale.
WARNING: [XSIM 43-4099] "C:/Hung/Viettel/Stage2/ML-KEM/NTT/BoothDecode.v" Line 1. Module BoothDecode doesn't have a timescale but at least one module in design has a timescale.
WARNING: [XSIM 43-4099] "C:/Hung/Viettel/Stage2/ML-KEM/NTT/BoothDecode.v" Line 1. Module BoothDecode doesn't have a timescale but at least one module in design has a timescale.
WARNING: [XSIM 43-4099] "C:/Hung/Viettel/Stage2/ML-KEM/NTT/BoothDecode.v" Line 1. Module BoothDecode doesn't have a timescale but at least one module in design has a timescale.
WARNING: [XSIM 43-4099] "C:/Hung/Viettel/Stage2/ML-KEM/NTT/BoothDecode.v" Line 1. Module BoothDecode doesn't have a timescale but at least one module in design has a timescale.
WARNING: [XSIM 43-4099] "C:/Hung/Viettel/Stage2/ML-KEM/NTT/BoothDecode.v" Line 1. Module BoothDecode doesn't have a timescale but at least one module in design has a timescale.
WARNING: [XSIM 43-4099] "C:/Hung/Viettel/Stage2/ML-KEM/NTT/BoothDecode.v" Line 1. Module BoothDecode doesn't have a timescale but at least one module in design has a timescale.
WARNING: [XSIM 43-4099] "C:/Hung/Viettel/Stage2/ML-KEM/NTT/BoothDecode.v" Line 1. Module BoothDecode doesn't have a timescale but at least one module in design has a timescale.
WARNING: [XSIM 43-4099] "C:/Hung/Viettel/Stage2/ML-KEM/NTT/bu_intt.v" Line 1. Module bu_intt doesn't have a timescale but at least one module in design has a timescale.
WARNING: [XSIM 43-4099] "C:/Hung/Viettel/Stage2/ML-KEM/NTT/barret.v" Line 1. Module barret doesn't have a timescale but at least one module in design has a timescale.
WARNING: [XSIM 43-4099] "C:/Hung/Viettel/Stage2/ML-KEM/NTT/barret.v" Line 1. Module barret doesn't have a timescale but at least one module in design has a timescale.
WARNING: [XSIM 43-4099] "C:/Hung/Viettel/Stage2/ML-KEM/NTT/barret.v" Line 1. Module barret doesn't have a timescale but at least one module in design has a timescale.
WARNING: [XSIM 43-4099] "C:/Hung/Viettel/Stage2/ML-KEM/NTT/mul.v" Line 1. Module mul_default doesn't have a timescale but at least one module in design has a timescale.
WARNING: [XSIM 43-4099] "C:/Hung/Viettel/Stage2/ML-KEM/NTT/BoothDecode.v" Line 1. Module BoothDecode doesn't have a timescale but at least one module in design has a timescale.
WARNING: [XSIM 43-4099] "C:/Hung/Viettel/Stage2/ML-KEM/NTT/BoothDecode.v" Line 1. Module BoothDecode doesn't have a timescale but at least one module in design has a timescale.
WARNING: [XSIM 43-4099] "C:/Hung/Viettel/Stage2/ML-KEM/NTT/BoothDecode.v" Line 1. Module BoothDecode doesn't have a timescale but at least one module in design has a timescale.
WARNING: [XSIM 43-4099] "C:/Hung/Viettel/Stage2/ML-KEM/NTT/BoothDecode.v" Line 1. Module BoothDecode doesn't have a timescale but at least one module in design has a timescale.
WARNING: [XSIM 43-4099] "C:/Hung/Viettel/Stage2/ML-KEM/NTT/BoothDecode.v" Line 1. Module BoothDecode doesn't have a timescale but at least one module in design has a timescale.
WARNING: [XSIM 43-4099] "C:/Hung/Viettel/Stage2/ML-KEM/NTT/BoothDecode.v" Line 1. Module BoothDecode doesn't have a timescale but at least one module in design has a timescale.
WARNING: [XSIM 43-4099] "C:/Hung/Viettel/Stage2/ML-KEM/NTT/BoothDecode.v" Line 1. Module BoothDecode doesn't have a timescale but at least one module in design has a timescale.
WARNING: [XSIM 43-4099] "C:/Hung/Viettel/Stage2/ML-KEM/NTT/BoothDecode.v" Line 1. Module BoothDecode doesn't have a timescale but at least one module in design has a timescale.
WARNING: [XSIM 43-4099] "C:/Hung/Viettel/Stage2/ML-KEM/NTT/normalize_output.v" Line 1. Module normalize_output doesn't have a timescale but at least one module in design has a timescale.
WARNING: [XSIM 43-4099] "C:/Hung/Viettel/Stage2/ML-KEM/NTT/barret.v" Line 1. Module barret doesn't have a timescale but at least one module in design has a timescale.
WARNING: [XSIM 43-4099] "C:/Hung/Viettel/Stage2/ML-KEM/NTT/barret.v" Line 1. Module barret doesn't have a timescale but at least one module in design has a timescale.
Completed simulation data flow analysis
Time Resolution for simulation is 1ps
Compiling module xil_defaultlib.MyBootROM
Compiling module xil_defaultlib.bram_default
Compiling module xil_defaultlib.AddressGenerator
Compiling module xil_defaultlib.barret
Compiling module xil_defaultlib.BoothDecode
Compiling module xil_defaultlib.mul_default
Compiling module xil_defaultlib.bu_ntt
Compiling module xil_defaultlib.bu_intt
Compiling module xil_defaultlib.normalize_output
Compiling module xil_defaultlib.top
Compiling module xil_defaultlib.tb_top
Compiling module xil_defaultlib.glbl
Built simulation snapshot tb_top_behav
run_program: Time (s): cpu = 00:00:01 ; elapsed = 00:00:08 . Memory (MB): peak = 5590.207 ; gain = 0.000
INFO: [USF-XSim-69] 'elaborate' step finished in '8' seconds
INFO: [USF-XSim-4] XSim::Simulate design
INFO: [USF-XSim-61] Executing 'SIMULATE' step in 'C:/Hung/Viettel/Stage2/ML-KEM/ml_kem/ml_kem.sim/sim_1/behav/xsim'
INFO: [USF-XSim-98] *** Running xsim
   with args "tb_top_behav -key {Behavioral:sim_1:Functional:tb_top} -tclbatch {tb_top.tcl} -view {C:/Hung/Viettel/Stage2/ML-KEM/ml_kem/tb_top_func_impl.wcfg} -log {simulate.log}"
INFO: [USF-XSim-8] Loading simulator feature
Time resolution is 1 ps
open_wave_config C:/Hung/Viettel/Stage2/ML-KEM/ml_kem/tb_top_func_impl.wcfg
source tb_top.tcl
# set curr_wave [current_wave_config]
# if { [string length $curr_wave] == 0 } {
#   if { [llength [get_objects]] > 0} {
#     add_wave /
#     set_property needs_save false [current_wave_config]
#   } else {
#      send_msg_id Add_Wave-1 WARNING "No top level signals found. Simulator will start without a wave window. If you want to open a wave window go to 'File->New Waveform Configuration' or type 'create_wave_config' in the TCL console."
#   }
# }
# run 100000ns
[6700000] DONE_STORE!
$finish called at time : 6780 ns : File "C:/Hung/Viettel/Stage2/ML-KEM/NTT/tb_top.v" Line 123
INFO: [USF-XSim-96] XSim completed. Design snapshot 'tb_top_behav' loaded.
INFO: [USF-XSim-97] XSim simulation ran for 100000ns
launch_simulation: Time (s): cpu = 00:00:03 ; elapsed = 00:00:12 . Memory (MB): peak = 5590.207 ; gain = 0.000
close_sim
INFO: [Simtcl 6-16] Simulation closed
launch_simulation
Command: launch_simulation 
INFO: [Vivado 12-12493] Simulation top is 'tb_top'
WARNING: [Vivado 12-13340] Unable to auto find GCC executables from simulator install path! (path not set)
WARNING: [Vivado 12-13277] Compiled library path does not exist: ''
INFO: [Vivado 12-5682] Launching behavioral simulation in 'C:/Hung/Viettel/Stage2/ML-KEM/ml_kem/ml_kem.sim/sim_1/behav/xsim'
INFO: [SIM-utils-51] Simulation object is 'sim_1'
INFO: [SIM-utils-72] Using boost library from 'C:/Xilinx/Vivado/2022.2/tps/boost_1_72_0'
INFO: [SIM-utils-54] Inspecting design source files for 'tb_top' in fileset 'sim_1'...
INFO: [USF-XSim-97] Finding global include files...
INFO: [USF-XSim-98] Fetching design files from 'sim_1'...
INFO: [USF-XSim-2] XSim::Compile design
INFO: [USF-XSim-61] Executing 'COMPILE and ANALYZE' step in 'C:/Hung/Viettel/Stage2/ML-KEM/ml_kem/ml_kem.sim/sim_1/behav/xsim'
"xvlog --incr --relax -prj tb_top_vlog.prj"
INFO: [VRFC 10-2263] Analyzing Verilog file "C:/Hung/Viettel/Stage2/ML-KEM/NTT/AddressGenerator.v" into library xil_defaultlib
INFO: [VRFC 10-311] analyzing module AddressGenerator
INFO: [VRFC 10-2263] Analyzing Verilog file "C:/Hung/Viettel/Stage2/ML-KEM/NTT/BoothDecode.v" into library xil_defaultlib
INFO: [VRFC 10-311] analyzing module BoothDecode
INFO: [VRFC 10-2263] Analyzing Verilog file "C:/Hung/Viettel/Stage2/ML-KEM/NTT/MyBootRom.v" into library xil_defaultlib
INFO: [VRFC 10-311] analyzing module MyBootROM
INFO: [VRFC 10-2263] Analyzing Verilog file "C:/Hung/Viettel/Stage2/ML-KEM/NTT/barret.v" into library xil_defaultlib
INFO: [VRFC 10-311] analyzing module barret
INFO: [VRFC 10-2263] Analyzing Verilog file "C:/Hung/Viettel/Stage2/ML-KEM/NTT/bram.v" into library xil_defaultlib
INFO: [VRFC 10-311] analyzing module bram
INFO: [VRFC 10-2263] Analyzing Verilog file "C:/Hung/Viettel/Stage2/ML-KEM/NTT/bu_intt.v" into library xil_defaultlib
INFO: [VRFC 10-311] analyzing module bu_intt
INFO: [VRFC 10-2263] Analyzing Verilog file "C:/Hung/Viettel/Stage2/ML-KEM/NTT/bu_ntt.v" into library xil_defaultlib
INFO: [VRFC 10-311] analyzing module bu_ntt
INFO: [VRFC 10-2263] Analyzing Verilog file "C:/Hung/Viettel/Stage2/ML-KEM/NTT/mul.v" into library xil_defaultlib
INFO: [VRFC 10-311] analyzing module mul
INFO: [VRFC 10-2263] Analyzing Verilog file "C:/Hung/Viettel/Stage2/ML-KEM/NTT/normalize_output.v" into library xil_defaultlib
INFO: [VRFC 10-311] analyzing module normalize_output
INFO: [VRFC 10-2263] Analyzing Verilog file "C:/Hung/Viettel/Stage2/ML-KEM/NTT/top.v" into library xil_defaultlib
INFO: [VRFC 10-311] analyzing module top
INFO: [VRFC 10-2263] Analyzing Verilog file "C:/Hung/Viettel/Stage2/ML-KEM/NTT/tb_top.v" into library xil_defaultlib
INFO: [VRFC 10-311] analyzing module tb_top
INFO: [USF-XSim-69] 'compile' step finished in '1' seconds
INFO: [USF-XSim-3] XSim::Elaborate design
INFO: [USF-XSim-61] Executing 'ELABORATE' step in 'C:/Hung/Viettel/Stage2/ML-KEM/ml_kem/ml_kem.sim/sim_1/behav/xsim'
"xelab --incr --debug typical --relax --mt 2 -L xil_defaultlib -L unisims_ver -L unimacro_ver -L secureip --snapshot tb_top_behav xil_defaultlib.tb_top xil_defaultlib.glbl -log elaborate.log"
Vivado Simulator v2022.2.2
Copyright 1986-1999, 2001-2022 Xilinx, Inc. All Rights Reserved.
Running: C:/Xilinx/Vivado/2022.2/bin/unwrapped/win64.o/xelab.exe --incr --debug typical --relax --mt 2 -L xil_defaultlib -L unisims_ver -L unimacro_ver -L secureip --snapshot tb_top_behav xil_defaultlib.tb_top xil_defaultlib.glbl -log elaborate.log 
Using 2 slave threads.
Starting static elaboration
Pass Through NonSizing Optimizer
Completed static elaboration
Starting simulation data flow analysis
WARNING: [XSIM 43-4099] "C:/Hung/Viettel/Stage2/ML-KEM/NTT/top.v" Line 1. Module top doesn't have a timescale but at least one module in design has a timescale.
WARNING: [XSIM 43-4099] "C:/Hung/Viettel/Stage2/ML-KEM/NTT/MyBootRom.v" Line 1. Module MyBootROM doesn't have a timescale but at least one module in design has a timescale.
WARNING: [XSIM 43-4099] "C:/Hung/Viettel/Stage2/ML-KEM/NTT/bram.v" Line 1. Module bram_default doesn't have a timescale but at least one module in design has a timescale.
WARNING: [XSIM 43-4099] "C:/Hung/Viettel/Stage2/ML-KEM/NTT/AddressGenerator.v" Line 1. Module AddressGenerator doesn't have a timescale but at least one module in design has a timescale.
WARNING: [XSIM 43-4099] "C:/Hung/Viettel/Stage2/ML-KEM/NTT/bu_ntt.v" Line 1. Module bu_ntt doesn't have a timescale but at least one module in design has a timescale.
WARNING: [XSIM 43-4099] "C:/Hung/Viettel/Stage2/ML-KEM/NTT/barret.v" Line 1. Module barret doesn't have a timescale but at least one module in design has a timescale.
WARNING: [XSIM 43-4099] "C:/Hung/Viettel/Stage2/ML-KEM/NTT/barret.v" Line 1. Module barret doesn't have a timescale but at least one module in design has a timescale.
WARNING: [XSIM 43-4099] "C:/Hung/Viettel/Stage2/ML-KEM/NTT/barret.v" Line 1. Module barret doesn't have a timescale but at least one module in design has a timescale.
WARNING: [XSIM 43-4099] "C:/Hung/Viettel/Stage2/ML-KEM/NTT/mul.v" Line 1. Module mul_default doesn't have a timescale but at least one module in design has a timescale.
WARNING: [XSIM 43-4099] "C:/Hung/Viettel/Stage2/ML-KEM/NTT/BoothDecode.v" Line 1. Module BoothDecode doesn't have a timescale but at least one module in design has a timescale.
WARNING: [XSIM 43-4099] "C:/Hung/Viettel/Stage2/ML-KEM/NTT/BoothDecode.v" Line 1. Module BoothDecode doesn't have a timescale but at least one module in design has a timescale.
WARNING: [XSIM 43-4099] "C:/Hung/Viettel/Stage2/ML-KEM/NTT/BoothDecode.v" Line 1. Module BoothDecode doesn't have a timescale but at least one module in design has a timescale.
WARNING: [XSIM 43-4099] "C:/Hung/Viettel/Stage2/ML-KEM/NTT/BoothDecode.v" Line 1. Module BoothDecode doesn't have a timescale but at least one module in design has a timescale.
WARNING: [XSIM 43-4099] "C:/Hung/Viettel/Stage2/ML-KEM/NTT/BoothDecode.v" Line 1. Module BoothDecode doesn't have a timescale but at least one module in design has a timescale.
WARNING: [XSIM 43-4099] "C:/Hung/Viettel/Stage2/ML-KEM/NTT/BoothDecode.v" Line 1. Module BoothDecode doesn't have a timescale but at least one module in design has a timescale.
WARNING: [XSIM 43-4099] "C:/Hung/Viettel/Stage2/ML-KEM/NTT/BoothDecode.v" Line 1. Module BoothDecode doesn't have a timescale but at least one module in design has a timescale.
WARNING: [XSIM 43-4099] "C:/Hung/Viettel/Stage2/ML-KEM/NTT/BoothDecode.v" Line 1. Module BoothDecode doesn't have a timescale but at least one module in design has a timescale.
WARNING: [XSIM 43-4099] "C:/Hung/Viettel/Stage2/ML-KEM/NTT/bu_intt.v" Line 1. Module bu_intt doesn't have a timescale but at least one module in design has a timescale.
WARNING: [XSIM 43-4099] "C:/Hung/Viettel/Stage2/ML-KEM/NTT/barret.v" Line 1. Module barret doesn't have a timescale but at least one module in design has a timescale.
WARNING: [XSIM 43-4099] "C:/Hung/Viettel/Stage2/ML-KEM/NTT/barret.v" Line 1. Module barret doesn't have a timescale but at least one module in design has a timescale.
WARNING: [XSIM 43-4099] "C:/Hung/Viettel/Stage2/ML-KEM/NTT/barret.v" Line 1. Module barret doesn't have a timescale but at least one module in design has a timescale.
WARNING: [XSIM 43-4099] "C:/Hung/Viettel/Stage2/ML-KEM/NTT/mul.v" Line 1. Module mul_default doesn't have a timescale but at least one module in design has a timescale.
WARNING: [XSIM 43-4099] "C:/Hung/Viettel/Stage2/ML-KEM/NTT/BoothDecode.v" Line 1. Module BoothDecode doesn't have a timescale but at least one module in design has a timescale.
WARNING: [XSIM 43-4099] "C:/Hung/Viettel/Stage2/ML-KEM/NTT/BoothDecode.v" Line 1. Module BoothDecode doesn't have a timescale but at least one module in design has a timescale.
WARNING: [XSIM 43-4099] "C:/Hung/Viettel/Stage2/ML-KEM/NTT/BoothDecode.v" Line 1. Module BoothDecode doesn't have a timescale but at least one module in design has a timescale.
WARNING: [XSIM 43-4099] "C:/Hung/Viettel/Stage2/ML-KEM/NTT/BoothDecode.v" Line 1. Module BoothDecode doesn't have a timescale but at least one module in design has a timescale.
WARNING: [XSIM 43-4099] "C:/Hung/Viettel/Stage2/ML-KEM/NTT/BoothDecode.v" Line 1. Module BoothDecode doesn't have a timescale but at least one module in design has a timescale.
WARNING: [XSIM 43-4099] "C:/Hung/Viettel/Stage2/ML-KEM/NTT/BoothDecode.v" Line 1. Module BoothDecode doesn't have a timescale but at least one module in design has a timescale.
WARNING: [XSIM 43-4099] "C:/Hung/Viettel/Stage2/ML-KEM/NTT/BoothDecode.v" Line 1. Module BoothDecode doesn't have a timescale but at least one module in design has a timescale.
WARNING: [XSIM 43-4099] "C:/Hung/Viettel/Stage2/ML-KEM/NTT/BoothDecode.v" Line 1. Module BoothDecode doesn't have a timescale but at least one module in design has a timescale.
WARNING: [XSIM 43-4099] "C:/Hung/Viettel/Stage2/ML-KEM/NTT/normalize_output.v" Line 1. Module normalize_output doesn't have a timescale but at least one module in design has a timescale.
WARNING: [XSIM 43-4099] "C:/Hung/Viettel/Stage2/ML-KEM/NTT/barret.v" Line 1. Module barret doesn't have a timescale but at least one module in design has a timescale.
WARNING: [XSIM 43-4099] "C:/Hung/Viettel/Stage2/ML-KEM/NTT/barret.v" Line 1. Module barret doesn't have a timescale but at least one module in design has a timescale.
WARNING: [XSIM 43-4099] "C:/Hung/Viettel/Stage2/ML-KEM/NTT/top.v" Line 1. Module top doesn't have a timescale but at least one module in design has a timescale.
WARNING: [XSIM 43-4099] "C:/Hung/Viettel/Stage2/ML-KEM/NTT/MyBootRom.v" Line 1. Module MyBootROM doesn't have a timescale but at least one module in design has a timescale.
WARNING: [XSIM 43-4099] "C:/Hung/Viettel/Stage2/ML-KEM/NTT/bram.v" Line 1. Module bram_default doesn't have a timescale but at least one module in design has a timescale.
WARNING: [XSIM 43-4099] "C:/Hung/Viettel/Stage2/ML-KEM/NTT/AddressGenerator.v" Line 1. Module AddressGenerator doesn't have a timescale but at least one module in design has a timescale.
WARNING: [XSIM 43-4099] "C:/Hung/Viettel/Stage2/ML-KEM/NTT/bu_ntt.v" Line 1. Module bu_ntt doesn't have a timescale but at least one module in design has a timescale.
WARNING: [XSIM 43-4099] "C:/Hung/Viettel/Stage2/ML-KEM/NTT/barret.v" Line 1. Module barret doesn't have a timescale but at least one module in design has a timescale.
WARNING: [XSIM 43-4099] "C:/Hung/Viettel/Stage2/ML-KEM/NTT/barret.v" Line 1. Module barret doesn't have a timescale but at least one module in design has a timescale.
WARNING: [XSIM 43-4099] "C:/Hung/Viettel/Stage2/ML-KEM/NTT/barret.v" Line 1. Module barret doesn't have a timescale but at least one module in design has a timescale.
WARNING: [XSIM 43-4099] "C:/Hung/Viettel/Stage2/ML-KEM/NTT/mul.v" Line 1. Module mul_default doesn't have a timescale but at least one module in design has a timescale.
WARNING: [XSIM 43-4099] "C:/Hung/Viettel/Stage2/ML-KEM/NTT/BoothDecode.v" Line 1. Module BoothDecode doesn't have a timescale but at least one module in design has a timescale.
WARNING: [XSIM 43-4099] "C:/Hung/Viettel/Stage2/ML-KEM/NTT/BoothDecode.v" Line 1. Module BoothDecode doesn't have a timescale but at least one module in design has a timescale.
WARNING: [XSIM 43-4099] "C:/Hung/Viettel/Stage2/ML-KEM/NTT/BoothDecode.v" Line 1. Module BoothDecode doesn't have a timescale but at least one module in design has a timescale.
WARNING: [XSIM 43-4099] "C:/Hung/Viettel/Stage2/ML-KEM/NTT/BoothDecode.v" Line 1. Module BoothDecode doesn't have a timescale but at least one module in design has a timescale.
WARNING: [XSIM 43-4099] "C:/Hung/Viettel/Stage2/ML-KEM/NTT/BoothDecode.v" Line 1. Module BoothDecode doesn't have a timescale but at least one module in design has a timescale.
WARNING: [XSIM 43-4099] "C:/Hung/Viettel/Stage2/ML-KEM/NTT/BoothDecode.v" Line 1. Module BoothDecode doesn't have a timescale but at least one module in design has a timescale.
WARNING: [XSIM 43-4099] "C:/Hung/Viettel/Stage2/ML-KEM/NTT/BoothDecode.v" Line 1. Module BoothDecode doesn't have a timescale but at least one module in design has a timescale.
WARNING: [XSIM 43-4099] "C:/Hung/Viettel/Stage2/ML-KEM/NTT/BoothDecode.v" Line 1. Module BoothDecode doesn't have a timescale but at least one module in design has a timescale.
WARNING: [XSIM 43-4099] "C:/Hung/Viettel/Stage2/ML-KEM/NTT/bu_intt.v" Line 1. Module bu_intt doesn't have a timescale but at least one module in design has a timescale.
WARNING: [XSIM 43-4099] "C:/Hung/Viettel/Stage2/ML-KEM/NTT/barret.v" Line 1. Module barret doesn't have a timescale but at least one module in design has a timescale.
WARNING: [XSIM 43-4099] "C:/Hung/Viettel/Stage2/ML-KEM/NTT/barret.v" Line 1. Module barret doesn't have a timescale but at least one module in design has a timescale.
WARNING: [XSIM 43-4099] "C:/Hung/Viettel/Stage2/ML-KEM/NTT/barret.v" Line 1. Module barret doesn't have a timescale but at least one module in design has a timescale.
WARNING: [XSIM 43-4099] "C:/Hung/Viettel/Stage2/ML-KEM/NTT/mul.v" Line 1. Module mul_default doesn't have a timescale but at least one module in design has a timescale.
WARNING: [XSIM 43-4099] "C:/Hung/Viettel/Stage2/ML-KEM/NTT/BoothDecode.v" Line 1. Module BoothDecode doesn't have a timescale but at least one module in design has a timescale.
WARNING: [XSIM 43-4099] "C:/Hung/Viettel/Stage2/ML-KEM/NTT/BoothDecode.v" Line 1. Module BoothDecode doesn't have a timescale but at least one module in design has a timescale.
WARNING: [XSIM 43-4099] "C:/Hung/Viettel/Stage2/ML-KEM/NTT/BoothDecode.v" Line 1. Module BoothDecode doesn't have a timescale but at least one module in design has a timescale.
WARNING: [XSIM 43-4099] "C:/Hung/Viettel/Stage2/ML-KEM/NTT/BoothDecode.v" Line 1. Module BoothDecode doesn't have a timescale but at least one module in design has a timescale.
WARNING: [XSIM 43-4099] "C:/Hung/Viettel/Stage2/ML-KEM/NTT/BoothDecode.v" Line 1. Module BoothDecode doesn't have a timescale but at least one module in design has a timescale.
WARNING: [XSIM 43-4099] "C:/Hung/Viettel/Stage2/ML-KEM/NTT/BoothDecode.v" Line 1. Module BoothDecode doesn't have a timescale but at least one module in design has a timescale.
WARNING: [XSIM 43-4099] "C:/Hung/Viettel/Stage2/ML-KEM/NTT/BoothDecode.v" Line 1. Module BoothDecode doesn't have a timescale but at least one module in design has a timescale.
WARNING: [XSIM 43-4099] "C:/Hung/Viettel/Stage2/ML-KEM/NTT/BoothDecode.v" Line 1. Module BoothDecode doesn't have a timescale but at least one module in design has a timescale.
WARNING: [XSIM 43-4099] "C:/Hung/Viettel/Stage2/ML-KEM/NTT/normalize_output.v" Line 1. Module normalize_output doesn't have a timescale but at least one module in design has a timescale.
WARNING: [XSIM 43-4099] "C:/Hung/Viettel/Stage2/ML-KEM/NTT/barret.v" Line 1. Module barret doesn't have a timescale but at least one module in design has a timescale.
WARNING: [XSIM 43-4099] "C:/Hung/Viettel/Stage2/ML-KEM/NTT/barret.v" Line 1. Module barret doesn't have a timescale but at least one module in design has a timescale.
Completed simulation data flow analysis
Time Resolution for simulation is 1ps
Compiling module xil_defaultlib.MyBootROM
Compiling module xil_defaultlib.bram_default
Compiling module xil_defaultlib.AddressGenerator
Compiling module xil_defaultlib.barret
Compiling module xil_defaultlib.BoothDecode
Compiling module xil_defaultlib.mul_default
Compiling module xil_defaultlib.bu_ntt
Compiling module xil_defaultlib.bu_intt
Compiling module xil_defaultlib.normalize_output
Compiling module xil_defaultlib.top
Compiling module xil_defaultlib.tb_top
Compiling module xil_defaultlib.glbl
Built simulation snapshot tb_top_behav
run_program: Time (s): cpu = 00:00:00 ; elapsed = 00:00:08 . Memory (MB): peak = 5590.207 ; gain = 0.000
INFO: [USF-XSim-69] 'elaborate' step finished in '8' seconds
INFO: [USF-XSim-4] XSim::Simulate design
INFO: [USF-XSim-61] Executing 'SIMULATE' step in 'C:/Hung/Viettel/Stage2/ML-KEM/ml_kem/ml_kem.sim/sim_1/behav/xsim'
INFO: [USF-XSim-98] *** Running xsim
   with args "tb_top_behav -key {Behavioral:sim_1:Functional:tb_top} -tclbatch {tb_top.tcl} -view {C:/Hung/Viettel/Stage2/ML-KEM/ml_kem/tb_top_func_impl.wcfg} -log {simulate.log}"
INFO: [USF-XSim-8] Loading simulator feature
Time resolution is 1 ps
open_wave_config C:/Hung/Viettel/Stage2/ML-KEM/ml_kem/tb_top_func_impl.wcfg
source tb_top.tcl
# set curr_wave [current_wave_config]
# if { [string length $curr_wave] == 0 } {
#   if { [llength [get_objects]] > 0} {
#     add_wave /
#     set_property needs_save false [current_wave_config]
#   } else {
#      send_msg_id Add_Wave-1 WARNING "No top level signals found. Simulator will start without a wave window. If you want to open a wave window go to 'File->New Waveform Configuration' or type 'create_wave_config' in the TCL console."
#   }
# }
# run 100000ns
[6700000] DONE_STORE!
$finish called at time : 6780 ns : File "C:/Hung/Viettel/Stage2/ML-KEM/NTT/tb_top.v" Line 123
INFO: [USF-XSim-96] XSim completed. Design snapshot 'tb_top_behav' loaded.
INFO: [USF-XSim-97] XSim simulation ran for 100000ns
launch_simulation: Time (s): cpu = 00:00:03 ; elapsed = 00:00:13 . Memory (MB): peak = 5590.207 ; gain = 0.000
close_sim
INFO: [Simtcl 6-16] Simulation closed
launch_simulation
Command: launch_simulation 
INFO: [Vivado 12-12493] Simulation top is 'tb_top'
WARNING: [Vivado 12-13340] Unable to auto find GCC executables from simulator install path! (path not set)
WARNING: [Vivado 12-13277] Compiled library path does not exist: ''
INFO: [Vivado 12-5682] Launching behavioral simulation in 'C:/Hung/Viettel/Stage2/ML-KEM/ml_kem/ml_kem.sim/sim_1/behav/xsim'
INFO: [SIM-utils-51] Simulation object is 'sim_1'
INFO: [SIM-utils-72] Using boost library from 'C:/Xilinx/Vivado/2022.2/tps/boost_1_72_0'
INFO: [SIM-utils-54] Inspecting design source files for 'tb_top' in fileset 'sim_1'...
INFO: [USF-XSim-97] Finding global include files...
INFO: [USF-XSim-98] Fetching design files from 'sim_1'...
INFO: [USF-XSim-2] XSim::Compile design
INFO: [USF-XSim-61] Executing 'COMPILE and ANALYZE' step in 'C:/Hung/Viettel/Stage2/ML-KEM/ml_kem/ml_kem.sim/sim_1/behav/xsim'
"xvlog --incr --relax -prj tb_top_vlog.prj"
INFO: [VRFC 10-2263] Analyzing Verilog file "C:/Hung/Viettel/Stage2/ML-KEM/NTT/AddressGenerator.v" into library xil_defaultlib
INFO: [VRFC 10-311] analyzing module AddressGenerator
INFO: [VRFC 10-2263] Analyzing Verilog file "C:/Hung/Viettel/Stage2/ML-KEM/NTT/BoothDecode.v" into library xil_defaultlib
INFO: [VRFC 10-311] analyzing module BoothDecode
INFO: [VRFC 10-2263] Analyzing Verilog file "C:/Hung/Viettel/Stage2/ML-KEM/NTT/MyBootRom.v" into library xil_defaultlib
INFO: [VRFC 10-311] analyzing module MyBootROM
INFO: [VRFC 10-2263] Analyzing Verilog file "C:/Hung/Viettel/Stage2/ML-KEM/NTT/barret.v" into library xil_defaultlib
INFO: [VRFC 10-311] analyzing module barret
INFO: [VRFC 10-2263] Analyzing Verilog file "C:/Hung/Viettel/Stage2/ML-KEM/NTT/bram.v" into library xil_defaultlib
INFO: [VRFC 10-311] analyzing module bram
INFO: [VRFC 10-2263] Analyzing Verilog file "C:/Hung/Viettel/Stage2/ML-KEM/NTT/bu_intt.v" into library xil_defaultlib
INFO: [VRFC 10-311] analyzing module bu_intt
INFO: [VRFC 10-2263] Analyzing Verilog file "C:/Hung/Viettel/Stage2/ML-KEM/NTT/bu_ntt.v" into library xil_defaultlib
INFO: [VRFC 10-311] analyzing module bu_ntt
INFO: [VRFC 10-2263] Analyzing Verilog file "C:/Hung/Viettel/Stage2/ML-KEM/NTT/mul.v" into library xil_defaultlib
INFO: [VRFC 10-311] analyzing module mul
INFO: [VRFC 10-2263] Analyzing Verilog file "C:/Hung/Viettel/Stage2/ML-KEM/NTT/normalize_output.v" into library xil_defaultlib
INFO: [VRFC 10-311] analyzing module normalize_output
INFO: [VRFC 10-2263] Analyzing Verilog file "C:/Hung/Viettel/Stage2/ML-KEM/NTT/top.v" into library xil_defaultlib
INFO: [VRFC 10-311] analyzing module top
INFO: [VRFC 10-2263] Analyzing Verilog file "C:/Hung/Viettel/Stage2/ML-KEM/NTT/tb_top.v" into library xil_defaultlib
INFO: [VRFC 10-311] analyzing module tb_top
INFO: [USF-XSim-69] 'compile' step finished in '2' seconds
INFO: [USF-XSim-3] XSim::Elaborate design
INFO: [USF-XSim-61] Executing 'ELABORATE' step in 'C:/Hung/Viettel/Stage2/ML-KEM/ml_kem/ml_kem.sim/sim_1/behav/xsim'
"xelab --incr --debug typical --relax --mt 2 -L xil_defaultlib -L unisims_ver -L unimacro_ver -L secureip --snapshot tb_top_behav xil_defaultlib.tb_top xil_defaultlib.glbl -log elaborate.log"
Vivado Simulator v2022.2.2
Copyright 1986-1999, 2001-2022 Xilinx, Inc. All Rights Reserved.
Running: C:/Xilinx/Vivado/2022.2/bin/unwrapped/win64.o/xelab.exe --incr --debug typical --relax --mt 2 -L xil_defaultlib -L unisims_ver -L unimacro_ver -L secureip --snapshot tb_top_behav xil_defaultlib.tb_top xil_defaultlib.glbl -log elaborate.log 
Using 2 slave threads.
Starting static elaboration
Pass Through NonSizing Optimizer
Completed static elaboration
Starting simulation data flow analysis
WARNING: [XSIM 43-4099] "C:/Hung/Viettel/Stage2/ML-KEM/NTT/top.v" Line 1. Module top doesn't have a timescale but at least one module in design has a timescale.
WARNING: [XSIM 43-4099] "C:/Hung/Viettel/Stage2/ML-KEM/NTT/MyBootRom.v" Line 1. Module MyBootROM doesn't have a timescale but at least one module in design has a timescale.
WARNING: [XSIM 43-4099] "C:/Hung/Viettel/Stage2/ML-KEM/NTT/bram.v" Line 1. Module bram_default doesn't have a timescale but at least one module in design has a timescale.
WARNING: [XSIM 43-4099] "C:/Hung/Viettel/Stage2/ML-KEM/NTT/AddressGenerator.v" Line 1. Module AddressGenerator doesn't have a timescale but at least one module in design has a timescale.
WARNING: [XSIM 43-4099] "C:/Hung/Viettel/Stage2/ML-KEM/NTT/bu_ntt.v" Line 1. Module bu_ntt doesn't have a timescale but at least one module in design has a timescale.
WARNING: [XSIM 43-4099] "C:/Hung/Viettel/Stage2/ML-KEM/NTT/barret.v" Line 1. Module barret doesn't have a timescale but at least one module in design has a timescale.
WARNING: [XSIM 43-4099] "C:/Hung/Viettel/Stage2/ML-KEM/NTT/barret.v" Line 1. Module barret doesn't have a timescale but at least one module in design has a timescale.
WARNING: [XSIM 43-4099] "C:/Hung/Viettel/Stage2/ML-KEM/NTT/barret.v" Line 1. Module barret doesn't have a timescale but at least one module in design has a timescale.
WARNING: [XSIM 43-4099] "C:/Hung/Viettel/Stage2/ML-KEM/NTT/mul.v" Line 1. Module mul_default doesn't have a timescale but at least one module in design has a timescale.
WARNING: [XSIM 43-4099] "C:/Hung/Viettel/Stage2/ML-KEM/NTT/BoothDecode.v" Line 1. Module BoothDecode doesn't have a timescale but at least one module in design has a timescale.
WARNING: [XSIM 43-4099] "C:/Hung/Viettel/Stage2/ML-KEM/NTT/BoothDecode.v" Line 1. Module BoothDecode doesn't have a timescale but at least one module in design has a timescale.
WARNING: [XSIM 43-4099] "C:/Hung/Viettel/Stage2/ML-KEM/NTT/BoothDecode.v" Line 1. Module BoothDecode doesn't have a timescale but at least one module in design has a timescale.
WARNING: [XSIM 43-4099] "C:/Hung/Viettel/Stage2/ML-KEM/NTT/BoothDecode.v" Line 1. Module BoothDecode doesn't have a timescale but at least one module in design has a timescale.
WARNING: [XSIM 43-4099] "C:/Hung/Viettel/Stage2/ML-KEM/NTT/BoothDecode.v" Line 1. Module BoothDecode doesn't have a timescale but at least one module in design has a timescale.
WARNING: [XSIM 43-4099] "C:/Hung/Viettel/Stage2/ML-KEM/NTT/BoothDecode.v" Line 1. Module BoothDecode doesn't have a timescale but at least one module in design has a timescale.
WARNING: [XSIM 43-4099] "C:/Hung/Viettel/Stage2/ML-KEM/NTT/BoothDecode.v" Line 1. Module BoothDecode doesn't have a timescale but at least one module in design has a timescale.
WARNING: [XSIM 43-4099] "C:/Hung/Viettel/Stage2/ML-KEM/NTT/BoothDecode.v" Line 1. Module BoothDecode doesn't have a timescale but at least one module in design has a timescale.
WARNING: [XSIM 43-4099] "C:/Hung/Viettel/Stage2/ML-KEM/NTT/bu_intt.v" Line 1. Module bu_intt doesn't have a timescale but at least one module in design has a timescale.
WARNING: [XSIM 43-4099] "C:/Hung/Viettel/Stage2/ML-KEM/NTT/barret.v" Line 1. Module barret doesn't have a timescale but at least one module in design has a timescale.
WARNING: [XSIM 43-4099] "C:/Hung/Viettel/Stage2/ML-KEM/NTT/barret.v" Line 1. Module barret doesn't have a timescale but at least one module in design has a timescale.
WARNING: [XSIM 43-4099] "C:/Hung/Viettel/Stage2/ML-KEM/NTT/barret.v" Line 1. Module barret doesn't have a timescale but at least one module in design has a timescale.
WARNING: [XSIM 43-4099] "C:/Hung/Viettel/Stage2/ML-KEM/NTT/mul.v" Line 1. Module mul_default doesn't have a timescale but at least one module in design has a timescale.
WARNING: [XSIM 43-4099] "C:/Hung/Viettel/Stage2/ML-KEM/NTT/BoothDecode.v" Line 1. Module BoothDecode doesn't have a timescale but at least one module in design has a timescale.
WARNING: [XSIM 43-4099] "C:/Hung/Viettel/Stage2/ML-KEM/NTT/BoothDecode.v" Line 1. Module BoothDecode doesn't have a timescale but at least one module in design has a timescale.
WARNING: [XSIM 43-4099] "C:/Hung/Viettel/Stage2/ML-KEM/NTT/BoothDecode.v" Line 1. Module BoothDecode doesn't have a timescale but at least one module in design has a timescale.
WARNING: [XSIM 43-4099] "C:/Hung/Viettel/Stage2/ML-KEM/NTT/BoothDecode.v" Line 1. Module BoothDecode doesn't have a timescale but at least one module in design has a timescale.
WARNING: [XSIM 43-4099] "C:/Hung/Viettel/Stage2/ML-KEM/NTT/BoothDecode.v" Line 1. Module BoothDecode doesn't have a timescale but at least one module in design has a timescale.
WARNING: [XSIM 43-4099] "C:/Hung/Viettel/Stage2/ML-KEM/NTT/BoothDecode.v" Line 1. Module BoothDecode doesn't have a timescale but at least one module in design has a timescale.
WARNING: [XSIM 43-4099] "C:/Hung/Viettel/Stage2/ML-KEM/NTT/BoothDecode.v" Line 1. Module BoothDecode doesn't have a timescale but at least one module in design has a timescale.
WARNING: [XSIM 43-4099] "C:/Hung/Viettel/Stage2/ML-KEM/NTT/BoothDecode.v" Line 1. Module BoothDecode doesn't have a timescale but at least one module in design has a timescale.
WARNING: [XSIM 43-4099] "C:/Hung/Viettel/Stage2/ML-KEM/NTT/normalize_output.v" Line 1. Module normalize_output doesn't have a timescale but at least one module in design has a timescale.
WARNING: [XSIM 43-4099] "C:/Hung/Viettel/Stage2/ML-KEM/NTT/barret.v" Line 1. Module barret doesn't have a timescale but at least one module in design has a timescale.
WARNING: [XSIM 43-4099] "C:/Hung/Viettel/Stage2/ML-KEM/NTT/barret.v" Line 1. Module barret doesn't have a timescale but at least one module in design has a timescale.
WARNING: [XSIM 43-4099] "C:/Hung/Viettel/Stage2/ML-KEM/NTT/top.v" Line 1. Module top doesn't have a timescale but at least one module in design has a timescale.
WARNING: [XSIM 43-4099] "C:/Hung/Viettel/Stage2/ML-KEM/NTT/MyBootRom.v" Line 1. Module MyBootROM doesn't have a timescale but at least one module in design has a timescale.
WARNING: [XSIM 43-4099] "C:/Hung/Viettel/Stage2/ML-KEM/NTT/bram.v" Line 1. Module bram_default doesn't have a timescale but at least one module in design has a timescale.
WARNING: [XSIM 43-4099] "C:/Hung/Viettel/Stage2/ML-KEM/NTT/AddressGenerator.v" Line 1. Module AddressGenerator doesn't have a timescale but at least one module in design has a timescale.
WARNING: [XSIM 43-4099] "C:/Hung/Viettel/Stage2/ML-KEM/NTT/bu_ntt.v" Line 1. Module bu_ntt doesn't have a timescale but at least one module in design has a timescale.
WARNING: [XSIM 43-4099] "C:/Hung/Viettel/Stage2/ML-KEM/NTT/barret.v" Line 1. Module barret doesn't have a timescale but at least one module in design has a timescale.
WARNING: [XSIM 43-4099] "C:/Hung/Viettel/Stage2/ML-KEM/NTT/barret.v" Line 1. Module barret doesn't have a timescale but at least one module in design has a timescale.
WARNING: [XSIM 43-4099] "C:/Hung/Viettel/Stage2/ML-KEM/NTT/barret.v" Line 1. Module barret doesn't have a timescale but at least one module in design has a timescale.
WARNING: [XSIM 43-4099] "C:/Hung/Viettel/Stage2/ML-KEM/NTT/mul.v" Line 1. Module mul_default doesn't have a timescale but at least one module in design has a timescale.
WARNING: [XSIM 43-4099] "C:/Hung/Viettel/Stage2/ML-KEM/NTT/BoothDecode.v" Line 1. Module BoothDecode doesn't have a timescale but at least one module in design has a timescale.
WARNING: [XSIM 43-4099] "C:/Hung/Viettel/Stage2/ML-KEM/NTT/BoothDecode.v" Line 1. Module BoothDecode doesn't have a timescale but at least one module in design has a timescale.
WARNING: [XSIM 43-4099] "C:/Hung/Viettel/Stage2/ML-KEM/NTT/BoothDecode.v" Line 1. Module BoothDecode doesn't have a timescale but at least one module in design has a timescale.
WARNING: [XSIM 43-4099] "C:/Hung/Viettel/Stage2/ML-KEM/NTT/BoothDecode.v" Line 1. Module BoothDecode doesn't have a timescale but at least one module in design has a timescale.
WARNING: [XSIM 43-4099] "C:/Hung/Viettel/Stage2/ML-KEM/NTT/BoothDecode.v" Line 1. Module BoothDecode doesn't have a timescale but at least one module in design has a timescale.
WARNING: [XSIM 43-4099] "C:/Hung/Viettel/Stage2/ML-KEM/NTT/BoothDecode.v" Line 1. Module BoothDecode doesn't have a timescale but at least one module in design has a timescale.
WARNING: [XSIM 43-4099] "C:/Hung/Viettel/Stage2/ML-KEM/NTT/BoothDecode.v" Line 1. Module BoothDecode doesn't have a timescale but at least one module in design has a timescale.
WARNING: [XSIM 43-4099] "C:/Hung/Viettel/Stage2/ML-KEM/NTT/BoothDecode.v" Line 1. Module BoothDecode doesn't have a timescale but at least one module in design has a timescale.
WARNING: [XSIM 43-4099] "C:/Hung/Viettel/Stage2/ML-KEM/NTT/bu_intt.v" Line 1. Module bu_intt doesn't have a timescale but at least one module in design has a timescale.
WARNING: [XSIM 43-4099] "C:/Hung/Viettel/Stage2/ML-KEM/NTT/barret.v" Line 1. Module barret doesn't have a timescale but at least one module in design has a timescale.
WARNING: [XSIM 43-4099] "C:/Hung/Viettel/Stage2/ML-KEM/NTT/barret.v" Line 1. Module barret doesn't have a timescale but at least one module in design has a timescale.
WARNING: [XSIM 43-4099] "C:/Hung/Viettel/Stage2/ML-KEM/NTT/barret.v" Line 1. Module barret doesn't have a timescale but at least one module in design has a timescale.
WARNING: [XSIM 43-4099] "C:/Hung/Viettel/Stage2/ML-KEM/NTT/mul.v" Line 1. Module mul_default doesn't have a timescale but at least one module in design has a timescale.
WARNING: [XSIM 43-4099] "C:/Hung/Viettel/Stage2/ML-KEM/NTT/BoothDecode.v" Line 1. Module BoothDecode doesn't have a timescale but at least one module in design has a timescale.
WARNING: [XSIM 43-4099] "C:/Hung/Viettel/Stage2/ML-KEM/NTT/BoothDecode.v" Line 1. Module BoothDecode doesn't have a timescale but at least one module in design has a timescale.
WARNING: [XSIM 43-4099] "C:/Hung/Viettel/Stage2/ML-KEM/NTT/BoothDecode.v" Line 1. Module BoothDecode doesn't have a timescale but at least one module in design has a timescale.
WARNING: [XSIM 43-4099] "C:/Hung/Viettel/Stage2/ML-KEM/NTT/BoothDecode.v" Line 1. Module BoothDecode doesn't have a timescale but at least one module in design has a timescale.
WARNING: [XSIM 43-4099] "C:/Hung/Viettel/Stage2/ML-KEM/NTT/BoothDecode.v" Line 1. Module BoothDecode doesn't have a timescale but at least one module in design has a timescale.
WARNING: [XSIM 43-4099] "C:/Hung/Viettel/Stage2/ML-KEM/NTT/BoothDecode.v" Line 1. Module BoothDecode doesn't have a timescale but at least one module in design has a timescale.
WARNING: [XSIM 43-4099] "C:/Hung/Viettel/Stage2/ML-KEM/NTT/BoothDecode.v" Line 1. Module BoothDecode doesn't have a timescale but at least one module in design has a timescale.
WARNING: [XSIM 43-4099] "C:/Hung/Viettel/Stage2/ML-KEM/NTT/BoothDecode.v" Line 1. Module BoothDecode doesn't have a timescale but at least one module in design has a timescale.
WARNING: [XSIM 43-4099] "C:/Hung/Viettel/Stage2/ML-KEM/NTT/normalize_output.v" Line 1. Module normalize_output doesn't have a timescale but at least one module in design has a timescale.
WARNING: [XSIM 43-4099] "C:/Hung/Viettel/Stage2/ML-KEM/NTT/barret.v" Line 1. Module barret doesn't have a timescale but at least one module in design has a timescale.
WARNING: [XSIM 43-4099] "C:/Hung/Viettel/Stage2/ML-KEM/NTT/barret.v" Line 1. Module barret doesn't have a timescale but at least one module in design has a timescale.
Completed simulation data flow analysis
Time Resolution for simulation is 1ps
Compiling module xil_defaultlib.MyBootROM
Compiling module xil_defaultlib.bram_default
Compiling module xil_defaultlib.AddressGenerator
Compiling module xil_defaultlib.barret
Compiling module xil_defaultlib.BoothDecode
Compiling module xil_defaultlib.mul_default
Compiling module xil_defaultlib.bu_ntt
Compiling module xil_defaultlib.bu_intt
Compiling module xil_defaultlib.normalize_output
Compiling module xil_defaultlib.top
Compiling module xil_defaultlib.tb_top
Compiling module xil_defaultlib.glbl
Built simulation snapshot tb_top_behav
run_program: Time (s): cpu = 00:00:00 ; elapsed = 00:00:08 . Memory (MB): peak = 5590.207 ; gain = 0.000
INFO: [USF-XSim-69] 'elaborate' step finished in '8' seconds
INFO: [USF-XSim-4] XSim::Simulate design
INFO: [USF-XSim-61] Executing 'SIMULATE' step in 'C:/Hung/Viettel/Stage2/ML-KEM/ml_kem/ml_kem.sim/sim_1/behav/xsim'
INFO: [USF-XSim-98] *** Running xsim
   with args "tb_top_behav -key {Behavioral:sim_1:Functional:tb_top} -tclbatch {tb_top.tcl} -view {C:/Hung/Viettel/Stage2/ML-KEM/ml_kem/tb_top_func_impl.wcfg} -log {simulate.log}"
INFO: [USF-XSim-8] Loading simulator feature
Time resolution is 1 ps
open_wave_config C:/Hung/Viettel/Stage2/ML-KEM/ml_kem/tb_top_func_impl.wcfg
source tb_top.tcl
# set curr_wave [current_wave_config]
# if { [string length $curr_wave] == 0 } {
#   if { [llength [get_objects]] > 0} {
#     add_wave /
#     set_property needs_save false [current_wave_config]
#   } else {
#      send_msg_id Add_Wave-1 WARNING "No top level signals found. Simulator will start without a wave window. If you want to open a wave window go to 'File->New Waveform Configuration' or type 'create_wave_config' in the TCL console."
#   }
# }
# run 100000ns
[5800000] DONE_STORE!
$finish called at time : 5880 ns : File "C:/Hung/Viettel/Stage2/ML-KEM/NTT/tb_top.v" Line 123
INFO: [USF-XSim-96] XSim completed. Design snapshot 'tb_top_behav' loaded.
INFO: [USF-XSim-97] XSim simulation ran for 100000ns
launch_simulation: Time (s): cpu = 00:00:03 ; elapsed = 00:00:12 . Memory (MB): peak = 5590.207 ; gain = 0.000
close_sim
INFO: [Simtcl 6-16] Simulation closed
launch_simulation
Command: launch_simulation 
INFO: [Vivado 12-12493] Simulation top is 'tb_top'
WARNING: [Vivado 12-13340] Unable to auto find GCC executables from simulator install path! (path not set)
WARNING: [Vivado 12-13277] Compiled library path does not exist: ''
INFO: [Vivado 12-5682] Launching behavioral simulation in 'C:/Hung/Viettel/Stage2/ML-KEM/ml_kem/ml_kem.sim/sim_1/behav/xsim'
INFO: [SIM-utils-51] Simulation object is 'sim_1'
INFO: [SIM-utils-72] Using boost library from 'C:/Xilinx/Vivado/2022.2/tps/boost_1_72_0'
INFO: [SIM-utils-54] Inspecting design source files for 'tb_top' in fileset 'sim_1'...
INFO: [USF-XSim-97] Finding global include files...
INFO: [USF-XSim-98] Fetching design files from 'sim_1'...
INFO: [USF-XSim-2] XSim::Compile design
INFO: [USF-XSim-61] Executing 'COMPILE and ANALYZE' step in 'C:/Hung/Viettel/Stage2/ML-KEM/ml_kem/ml_kem.sim/sim_1/behav/xsim'
"xvlog --incr --relax -prj tb_top_vlog.prj"
INFO: [VRFC 10-2263] Analyzing Verilog file "C:/Hung/Viettel/Stage2/ML-KEM/NTT/AddressGenerator.v" into library xil_defaultlib
INFO: [VRFC 10-311] analyzing module AddressGenerator
INFO: [VRFC 10-2263] Analyzing Verilog file "C:/Hung/Viettel/Stage2/ML-KEM/NTT/BoothDecode.v" into library xil_defaultlib
INFO: [VRFC 10-311] analyzing module BoothDecode
INFO: [VRFC 10-2263] Analyzing Verilog file "C:/Hung/Viettel/Stage2/ML-KEM/NTT/MyBootRom.v" into library xil_defaultlib
INFO: [VRFC 10-311] analyzing module MyBootROM
INFO: [VRFC 10-2263] Analyzing Verilog file "C:/Hung/Viettel/Stage2/ML-KEM/NTT/barret.v" into library xil_defaultlib
INFO: [VRFC 10-311] analyzing module barret
INFO: [VRFC 10-2263] Analyzing Verilog file "C:/Hung/Viettel/Stage2/ML-KEM/NTT/bram.v" into library xil_defaultlib
INFO: [VRFC 10-311] analyzing module bram
INFO: [VRFC 10-2263] Analyzing Verilog file "C:/Hung/Viettel/Stage2/ML-KEM/NTT/bu_intt.v" into library xil_defaultlib
INFO: [VRFC 10-311] analyzing module bu_intt
INFO: [VRFC 10-2263] Analyzing Verilog file "C:/Hung/Viettel/Stage2/ML-KEM/NTT/bu_ntt.v" into library xil_defaultlib
INFO: [VRFC 10-311] analyzing module bu_ntt
INFO: [VRFC 10-2263] Analyzing Verilog file "C:/Hung/Viettel/Stage2/ML-KEM/NTT/mul.v" into library xil_defaultlib
INFO: [VRFC 10-311] analyzing module mul
INFO: [VRFC 10-2263] Analyzing Verilog file "C:/Hung/Viettel/Stage2/ML-KEM/NTT/normalize_output.v" into library xil_defaultlib
INFO: [VRFC 10-311] analyzing module normalize_output
INFO: [VRFC 10-2263] Analyzing Verilog file "C:/Hung/Viettel/Stage2/ML-KEM/NTT/top.v" into library xil_defaultlib
INFO: [VRFC 10-311] analyzing module top
INFO: [VRFC 10-2263] Analyzing Verilog file "C:/Hung/Viettel/Stage2/ML-KEM/NTT/tb_top.v" into library xil_defaultlib
INFO: [VRFC 10-311] analyzing module tb_top
INFO: [USF-XSim-69] 'compile' step finished in '1' seconds
INFO: [USF-XSim-3] XSim::Elaborate design
INFO: [USF-XSim-61] Executing 'ELABORATE' step in 'C:/Hung/Viettel/Stage2/ML-KEM/ml_kem/ml_kem.sim/sim_1/behav/xsim'
"xelab --incr --debug typical --relax --mt 2 -L xil_defaultlib -L unisims_ver -L unimacro_ver -L secureip --snapshot tb_top_behav xil_defaultlib.tb_top xil_defaultlib.glbl -log elaborate.log"
Vivado Simulator v2022.2.2
Copyright 1986-1999, 2001-2022 Xilinx, Inc. All Rights Reserved.
Running: C:/Xilinx/Vivado/2022.2/bin/unwrapped/win64.o/xelab.exe --incr --debug typical --relax --mt 2 -L xil_defaultlib -L unisims_ver -L unimacro_ver -L secureip --snapshot tb_top_behav xil_defaultlib.tb_top xil_defaultlib.glbl -log elaborate.log 
Using 2 slave threads.
Starting static elaboration
Pass Through NonSizing Optimizer
Completed static elaboration
Starting simulation data flow analysis
WARNING: [XSIM 43-4099] "C:/Hung/Viettel/Stage2/ML-KEM/NTT/top.v" Line 1. Module top doesn't have a timescale but at least one module in design has a timescale.
WARNING: [XSIM 43-4099] "C:/Hung/Viettel/Stage2/ML-KEM/NTT/MyBootRom.v" Line 1. Module MyBootROM doesn't have a timescale but at least one module in design has a timescale.
WARNING: [XSIM 43-4099] "C:/Hung/Viettel/Stage2/ML-KEM/NTT/bram.v" Line 1. Module bram_default doesn't have a timescale but at least one module in design has a timescale.
WARNING: [XSIM 43-4099] "C:/Hung/Viettel/Stage2/ML-KEM/NTT/AddressGenerator.v" Line 1. Module AddressGenerator doesn't have a timescale but at least one module in design has a timescale.
WARNING: [XSIM 43-4099] "C:/Hung/Viettel/Stage2/ML-KEM/NTT/bu_ntt.v" Line 1. Module bu_ntt doesn't have a timescale but at least one module in design has a timescale.
WARNING: [XSIM 43-4099] "C:/Hung/Viettel/Stage2/ML-KEM/NTT/barret.v" Line 1. Module barret doesn't have a timescale but at least one module in design has a timescale.
WARNING: [XSIM 43-4099] "C:/Hung/Viettel/Stage2/ML-KEM/NTT/barret.v" Line 1. Module barret doesn't have a timescale but at least one module in design has a timescale.
WARNING: [XSIM 43-4099] "C:/Hung/Viettel/Stage2/ML-KEM/NTT/barret.v" Line 1. Module barret doesn't have a timescale but at least one module in design has a timescale.
WARNING: [XSIM 43-4099] "C:/Hung/Viettel/Stage2/ML-KEM/NTT/mul.v" Line 1. Module mul_default doesn't have a timescale but at least one module in design has a timescale.
WARNING: [XSIM 43-4099] "C:/Hung/Viettel/Stage2/ML-KEM/NTT/BoothDecode.v" Line 1. Module BoothDecode doesn't have a timescale but at least one module in design has a timescale.
WARNING: [XSIM 43-4099] "C:/Hung/Viettel/Stage2/ML-KEM/NTT/BoothDecode.v" Line 1. Module BoothDecode doesn't have a timescale but at least one module in design has a timescale.
WARNING: [XSIM 43-4099] "C:/Hung/Viettel/Stage2/ML-KEM/NTT/BoothDecode.v" Line 1. Module BoothDecode doesn't have a timescale but at least one module in design has a timescale.
WARNING: [XSIM 43-4099] "C:/Hung/Viettel/Stage2/ML-KEM/NTT/BoothDecode.v" Line 1. Module BoothDecode doesn't have a timescale but at least one module in design has a timescale.
WARNING: [XSIM 43-4099] "C:/Hung/Viettel/Stage2/ML-KEM/NTT/BoothDecode.v" Line 1. Module BoothDecode doesn't have a timescale but at least one module in design has a timescale.
WARNING: [XSIM 43-4099] "C:/Hung/Viettel/Stage2/ML-KEM/NTT/BoothDecode.v" Line 1. Module BoothDecode doesn't have a timescale but at least one module in design has a timescale.
WARNING: [XSIM 43-4099] "C:/Hung/Viettel/Stage2/ML-KEM/NTT/BoothDecode.v" Line 1. Module BoothDecode doesn't have a timescale but at least one module in design has a timescale.
WARNING: [XSIM 43-4099] "C:/Hung/Viettel/Stage2/ML-KEM/NTT/BoothDecode.v" Line 1. Module BoothDecode doesn't have a timescale but at least one module in design has a timescale.
WARNING: [XSIM 43-4099] "C:/Hung/Viettel/Stage2/ML-KEM/NTT/bu_intt.v" Line 1. Module bu_intt doesn't have a timescale but at least one module in design has a timescale.
WARNING: [XSIM 43-4099] "C:/Hung/Viettel/Stage2/ML-KEM/NTT/barret.v" Line 1. Module barret doesn't have a timescale but at least one module in design has a timescale.
WARNING: [XSIM 43-4099] "C:/Hung/Viettel/Stage2/ML-KEM/NTT/barret.v" Line 1. Module barret doesn't have a timescale but at least one module in design has a timescale.
WARNING: [XSIM 43-4099] "C:/Hung/Viettel/Stage2/ML-KEM/NTT/barret.v" Line 1. Module barret doesn't have a timescale but at least one module in design has a timescale.
WARNING: [XSIM 43-4099] "C:/Hung/Viettel/Stage2/ML-KEM/NTT/mul.v" Line 1. Module mul_default doesn't have a timescale but at least one module in design has a timescale.
WARNING: [XSIM 43-4099] "C:/Hung/Viettel/Stage2/ML-KEM/NTT/BoothDecode.v" Line 1. Module BoothDecode doesn't have a timescale but at least one module in design has a timescale.
WARNING: [XSIM 43-4099] "C:/Hung/Viettel/Stage2/ML-KEM/NTT/BoothDecode.v" Line 1. Module BoothDecode doesn't have a timescale but at least one module in design has a timescale.
WARNING: [XSIM 43-4099] "C:/Hung/Viettel/Stage2/ML-KEM/NTT/BoothDecode.v" Line 1. Module BoothDecode doesn't have a timescale but at least one module in design has a timescale.
WARNING: [XSIM 43-4099] "C:/Hung/Viettel/Stage2/ML-KEM/NTT/BoothDecode.v" Line 1. Module BoothDecode doesn't have a timescale but at least one module in design has a timescale.
WARNING: [XSIM 43-4099] "C:/Hung/Viettel/Stage2/ML-KEM/NTT/BoothDecode.v" Line 1. Module BoothDecode doesn't have a timescale but at least one module in design has a timescale.
WARNING: [XSIM 43-4099] "C:/Hung/Viettel/Stage2/ML-KEM/NTT/BoothDecode.v" Line 1. Module BoothDecode doesn't have a timescale but at least one module in design has a timescale.
WARNING: [XSIM 43-4099] "C:/Hung/Viettel/Stage2/ML-KEM/NTT/BoothDecode.v" Line 1. Module BoothDecode doesn't have a timescale but at least one module in design has a timescale.
WARNING: [XSIM 43-4099] "C:/Hung/Viettel/Stage2/ML-KEM/NTT/BoothDecode.v" Line 1. Module BoothDecode doesn't have a timescale but at least one module in design has a timescale.
WARNING: [XSIM 43-4099] "C:/Hung/Viettel/Stage2/ML-KEM/NTT/normalize_output.v" Line 1. Module normalize_output doesn't have a timescale but at least one module in design has a timescale.
WARNING: [XSIM 43-4099] "C:/Hung/Viettel/Stage2/ML-KEM/NTT/barret.v" Line 1. Module barret doesn't have a timescale but at least one module in design has a timescale.
WARNING: [XSIM 43-4099] "C:/Hung/Viettel/Stage2/ML-KEM/NTT/barret.v" Line 1. Module barret doesn't have a timescale but at least one module in design has a timescale.
WARNING: [XSIM 43-4099] "C:/Hung/Viettel/Stage2/ML-KEM/NTT/top.v" Line 1. Module top doesn't have a timescale but at least one module in design has a timescale.
WARNING: [XSIM 43-4099] "C:/Hung/Viettel/Stage2/ML-KEM/NTT/MyBootRom.v" Line 1. Module MyBootROM doesn't have a timescale but at least one module in design has a timescale.
WARNING: [XSIM 43-4099] "C:/Hung/Viettel/Stage2/ML-KEM/NTT/bram.v" Line 1. Module bram_default doesn't have a timescale but at least one module in design has a timescale.
WARNING: [XSIM 43-4099] "C:/Hung/Viettel/Stage2/ML-KEM/NTT/AddressGenerator.v" Line 1. Module AddressGenerator doesn't have a timescale but at least one module in design has a timescale.
WARNING: [XSIM 43-4099] "C:/Hung/Viettel/Stage2/ML-KEM/NTT/bu_ntt.v" Line 1. Module bu_ntt doesn't have a timescale but at least one module in design has a timescale.
WARNING: [XSIM 43-4099] "C:/Hung/Viettel/Stage2/ML-KEM/NTT/barret.v" Line 1. Module barret doesn't have a timescale but at least one module in design has a timescale.
WARNING: [XSIM 43-4099] "C:/Hung/Viettel/Stage2/ML-KEM/NTT/barret.v" Line 1. Module barret doesn't have a timescale but at least one module in design has a timescale.
WARNING: [XSIM 43-4099] "C:/Hung/Viettel/Stage2/ML-KEM/NTT/barret.v" Line 1. Module barret doesn't have a timescale but at least one module in design has a timescale.
WARNING: [XSIM 43-4099] "C:/Hung/Viettel/Stage2/ML-KEM/NTT/mul.v" Line 1. Module mul_default doesn't have a timescale but at least one module in design has a timescale.
WARNING: [XSIM 43-4099] "C:/Hung/Viettel/Stage2/ML-KEM/NTT/BoothDecode.v" Line 1. Module BoothDecode doesn't have a timescale but at least one module in design has a timescale.
WARNING: [XSIM 43-4099] "C:/Hung/Viettel/Stage2/ML-KEM/NTT/BoothDecode.v" Line 1. Module BoothDecode doesn't have a timescale but at least one module in design has a timescale.
WARNING: [XSIM 43-4099] "C:/Hung/Viettel/Stage2/ML-KEM/NTT/BoothDecode.v" Line 1. Module BoothDecode doesn't have a timescale but at least one module in design has a timescale.
WARNING: [XSIM 43-4099] "C:/Hung/Viettel/Stage2/ML-KEM/NTT/BoothDecode.v" Line 1. Module BoothDecode doesn't have a timescale but at least one module in design has a timescale.
WARNING: [XSIM 43-4099] "C:/Hung/Viettel/Stage2/ML-KEM/NTT/BoothDecode.v" Line 1. Module BoothDecode doesn't have a timescale but at least one module in design has a timescale.
WARNING: [XSIM 43-4099] "C:/Hung/Viettel/Stage2/ML-KEM/NTT/BoothDecode.v" Line 1. Module BoothDecode doesn't have a timescale but at least one module in design has a timescale.
WARNING: [XSIM 43-4099] "C:/Hung/Viettel/Stage2/ML-KEM/NTT/BoothDecode.v" Line 1. Module BoothDecode doesn't have a timescale but at least one module in design has a timescale.
WARNING: [XSIM 43-4099] "C:/Hung/Viettel/Stage2/ML-KEM/NTT/BoothDecode.v" Line 1. Module BoothDecode doesn't have a timescale but at least one module in design has a timescale.
WARNING: [XSIM 43-4099] "C:/Hung/Viettel/Stage2/ML-KEM/NTT/bu_intt.v" Line 1. Module bu_intt doesn't have a timescale but at least one module in design has a timescale.
WARNING: [XSIM 43-4099] "C:/Hung/Viettel/Stage2/ML-KEM/NTT/barret.v" Line 1. Module barret doesn't have a timescale but at least one module in design has a timescale.
WARNING: [XSIM 43-4099] "C:/Hung/Viettel/Stage2/ML-KEM/NTT/barret.v" Line 1. Module barret doesn't have a timescale but at least one module in design has a timescale.
WARNING: [XSIM 43-4099] "C:/Hung/Viettel/Stage2/ML-KEM/NTT/barret.v" Line 1. Module barret doesn't have a timescale but at least one module in design has a timescale.
WARNING: [XSIM 43-4099] "C:/Hung/Viettel/Stage2/ML-KEM/NTT/mul.v" Line 1. Module mul_default doesn't have a timescale but at least one module in design has a timescale.
WARNING: [XSIM 43-4099] "C:/Hung/Viettel/Stage2/ML-KEM/NTT/BoothDecode.v" Line 1. Module BoothDecode doesn't have a timescale but at least one module in design has a timescale.
WARNING: [XSIM 43-4099] "C:/Hung/Viettel/Stage2/ML-KEM/NTT/BoothDecode.v" Line 1. Module BoothDecode doesn't have a timescale but at least one module in design has a timescale.
WARNING: [XSIM 43-4099] "C:/Hung/Viettel/Stage2/ML-KEM/NTT/BoothDecode.v" Line 1. Module BoothDecode doesn't have a timescale but at least one module in design has a timescale.
WARNING: [XSIM 43-4099] "C:/Hung/Viettel/Stage2/ML-KEM/NTT/BoothDecode.v" Line 1. Module BoothDecode doesn't have a timescale but at least one module in design has a timescale.
WARNING: [XSIM 43-4099] "C:/Hung/Viettel/Stage2/ML-KEM/NTT/BoothDecode.v" Line 1. Module BoothDecode doesn't have a timescale but at least one module in design has a timescale.
WARNING: [XSIM 43-4099] "C:/Hung/Viettel/Stage2/ML-KEM/NTT/BoothDecode.v" Line 1. Module BoothDecode doesn't have a timescale but at least one module in design has a timescale.
WARNING: [XSIM 43-4099] "C:/Hung/Viettel/Stage2/ML-KEM/NTT/BoothDecode.v" Line 1. Module BoothDecode doesn't have a timescale but at least one module in design has a timescale.
WARNING: [XSIM 43-4099] "C:/Hung/Viettel/Stage2/ML-KEM/NTT/BoothDecode.v" Line 1. Module BoothDecode doesn't have a timescale but at least one module in design has a timescale.
WARNING: [XSIM 43-4099] "C:/Hung/Viettel/Stage2/ML-KEM/NTT/normalize_output.v" Line 1. Module normalize_output doesn't have a timescale but at least one module in design has a timescale.
WARNING: [XSIM 43-4099] "C:/Hung/Viettel/Stage2/ML-KEM/NTT/barret.v" Line 1. Module barret doesn't have a timescale but at least one module in design has a timescale.
WARNING: [XSIM 43-4099] "C:/Hung/Viettel/Stage2/ML-KEM/NTT/barret.v" Line 1. Module barret doesn't have a timescale but at least one module in design has a timescale.
Completed simulation data flow analysis
Time Resolution for simulation is 1ps
Compiling module xil_defaultlib.MyBootROM
Compiling module xil_defaultlib.bram_default
Compiling module xil_defaultlib.AddressGenerator
Compiling module xil_defaultlib.barret
Compiling module xil_defaultlib.BoothDecode
Compiling module xil_defaultlib.mul_default
Compiling module xil_defaultlib.bu_ntt
Compiling module xil_defaultlib.bu_intt
Compiling module xil_defaultlib.normalize_output
Compiling module xil_defaultlib.top
Compiling module xil_defaultlib.tb_top
Compiling module xil_defaultlib.glbl
Built simulation snapshot tb_top_behav
run_program: Time (s): cpu = 00:00:01 ; elapsed = 00:00:08 . Memory (MB): peak = 5590.207 ; gain = 0.000
INFO: [USF-XSim-69] 'elaborate' step finished in '8' seconds
INFO: [USF-XSim-4] XSim::Simulate design
INFO: [USF-XSim-61] Executing 'SIMULATE' step in 'C:/Hung/Viettel/Stage2/ML-KEM/ml_kem/ml_kem.sim/sim_1/behav/xsim'
INFO: [USF-XSim-98] *** Running xsim
   with args "tb_top_behav -key {Behavioral:sim_1:Functional:tb_top} -tclbatch {tb_top.tcl} -view {C:/Hung/Viettel/Stage2/ML-KEM/ml_kem/tb_top_func_impl.wcfg} -log {simulate.log}"
INFO: [USF-XSim-8] Loading simulator feature
Time resolution is 1 ps
open_wave_config C:/Hung/Viettel/Stage2/ML-KEM/ml_kem/tb_top_func_impl.wcfg
source tb_top.tcl
# set curr_wave [current_wave_config]
# if { [string length $curr_wave] == 0 } {
#   if { [llength [get_objects]] > 0} {
#     add_wave /
#     set_property needs_save false [current_wave_config]
#   } else {
#      send_msg_id Add_Wave-1 WARNING "No top level signals found. Simulator will start without a wave window. If you want to open a wave window go to 'File->New Waveform Configuration' or type 'create_wave_config' in the TCL console."
#   }
# }
# run 100000ns
[5800000] DONE_STORE!
$finish called at time : 5880 ns : File "C:/Hung/Viettel/Stage2/ML-KEM/NTT/tb_top.v" Line 124
INFO: [USF-XSim-96] XSim completed. Design snapshot 'tb_top_behav' loaded.
INFO: [USF-XSim-97] XSim simulation ran for 100000ns
launch_simulation: Time (s): cpu = 00:00:03 ; elapsed = 00:00:11 . Memory (MB): peak = 5590.207 ; gain = 0.000
close_sim
INFO: [Simtcl 6-16] Simulation closed
launch_simulation
Command: launch_simulation 
INFO: [Vivado 12-12493] Simulation top is 'tb_top'
WARNING: [Vivado 12-13340] Unable to auto find GCC executables from simulator install path! (path not set)
WARNING: [Vivado 12-13277] Compiled library path does not exist: ''
INFO: [Vivado 12-5682] Launching behavioral simulation in 'C:/Hung/Viettel/Stage2/ML-KEM/ml_kem/ml_kem.sim/sim_1/behav/xsim'
INFO: [SIM-utils-51] Simulation object is 'sim_1'
INFO: [SIM-utils-72] Using boost library from 'C:/Xilinx/Vivado/2022.2/tps/boost_1_72_0'
INFO: [SIM-utils-54] Inspecting design source files for 'tb_top' in fileset 'sim_1'...
INFO: [USF-XSim-97] Finding global include files...
INFO: [USF-XSim-98] Fetching design files from 'sim_1'...
INFO: [USF-XSim-2] XSim::Compile design
INFO: [USF-XSim-61] Executing 'COMPILE and ANALYZE' step in 'C:/Hung/Viettel/Stage2/ML-KEM/ml_kem/ml_kem.sim/sim_1/behav/xsim'
"xvlog --incr --relax -prj tb_top_vlog.prj"
INFO: [VRFC 10-2263] Analyzing Verilog file "C:/Hung/Viettel/Stage2/ML-KEM/NTT/AddressGenerator.v" into library xil_defaultlib
INFO: [VRFC 10-311] analyzing module AddressGenerator
INFO: [VRFC 10-2263] Analyzing Verilog file "C:/Hung/Viettel/Stage2/ML-KEM/NTT/BoothDecode.v" into library xil_defaultlib
INFO: [VRFC 10-311] analyzing module BoothDecode
INFO: [VRFC 10-2263] Analyzing Verilog file "C:/Hung/Viettel/Stage2/ML-KEM/NTT/MyBootRom.v" into library xil_defaultlib
INFO: [VRFC 10-311] analyzing module MyBootROM
INFO: [VRFC 10-2263] Analyzing Verilog file "C:/Hung/Viettel/Stage2/ML-KEM/NTT/barret.v" into library xil_defaultlib
INFO: [VRFC 10-311] analyzing module barret
INFO: [VRFC 10-2263] Analyzing Verilog file "C:/Hung/Viettel/Stage2/ML-KEM/NTT/bram.v" into library xil_defaultlib
INFO: [VRFC 10-311] analyzing module bram
INFO: [VRFC 10-2263] Analyzing Verilog file "C:/Hung/Viettel/Stage2/ML-KEM/NTT/bu_intt.v" into library xil_defaultlib
INFO: [VRFC 10-311] analyzing module bu_intt
INFO: [VRFC 10-2263] Analyzing Verilog file "C:/Hung/Viettel/Stage2/ML-KEM/NTT/bu_ntt.v" into library xil_defaultlib
INFO: [VRFC 10-311] analyzing module bu_ntt
INFO: [VRFC 10-2263] Analyzing Verilog file "C:/Hung/Viettel/Stage2/ML-KEM/NTT/mul.v" into library xil_defaultlib
INFO: [VRFC 10-311] analyzing module mul
INFO: [VRFC 10-2263] Analyzing Verilog file "C:/Hung/Viettel/Stage2/ML-KEM/NTT/normalize_output.v" into library xil_defaultlib
INFO: [VRFC 10-311] analyzing module normalize_output
INFO: [VRFC 10-2263] Analyzing Verilog file "C:/Hung/Viettel/Stage2/ML-KEM/NTT/top.v" into library xil_defaultlib
INFO: [VRFC 10-311] analyzing module top
INFO: [VRFC 10-2263] Analyzing Verilog file "C:/Hung/Viettel/Stage2/ML-KEM/NTT/tb_top.v" into library xil_defaultlib
INFO: [VRFC 10-311] analyzing module tb_top
INFO: [USF-XSim-69] 'compile' step finished in '2' seconds
INFO: [USF-XSim-3] XSim::Elaborate design
INFO: [USF-XSim-61] Executing 'ELABORATE' step in 'C:/Hung/Viettel/Stage2/ML-KEM/ml_kem/ml_kem.sim/sim_1/behav/xsim'
"xelab --incr --debug typical --relax --mt 2 -L xil_defaultlib -L unisims_ver -L unimacro_ver -L secureip --snapshot tb_top_behav xil_defaultlib.tb_top xil_defaultlib.glbl -log elaborate.log"
Vivado Simulator v2022.2.2
Copyright 1986-1999, 2001-2022 Xilinx, Inc. All Rights Reserved.
Running: C:/Xilinx/Vivado/2022.2/bin/unwrapped/win64.o/xelab.exe --incr --debug typical --relax --mt 2 -L xil_defaultlib -L unisims_ver -L unimacro_ver -L secureip --snapshot tb_top_behav xil_defaultlib.tb_top xil_defaultlib.glbl -log elaborate.log 
Using 2 slave threads.
Starting static elaboration
Pass Through NonSizing Optimizer
Completed static elaboration
Starting simulation data flow analysis
WARNING: [XSIM 43-4099] "C:/Hung/Viettel/Stage2/ML-KEM/NTT/top.v" Line 1. Module top doesn't have a timescale but at least one module in design has a timescale.
WARNING: [XSIM 43-4099] "C:/Hung/Viettel/Stage2/ML-KEM/NTT/MyBootRom.v" Line 1. Module MyBootROM doesn't have a timescale but at least one module in design has a timescale.
WARNING: [XSIM 43-4099] "C:/Hung/Viettel/Stage2/ML-KEM/NTT/bram.v" Line 1. Module bram_default doesn't have a timescale but at least one module in design has a timescale.
WARNING: [XSIM 43-4099] "C:/Hung/Viettel/Stage2/ML-KEM/NTT/AddressGenerator.v" Line 1. Module AddressGenerator doesn't have a timescale but at least one module in design has a timescale.
WARNING: [XSIM 43-4099] "C:/Hung/Viettel/Stage2/ML-KEM/NTT/bu_ntt.v" Line 1. Module bu_ntt doesn't have a timescale but at least one module in design has a timescale.
WARNING: [XSIM 43-4099] "C:/Hung/Viettel/Stage2/ML-KEM/NTT/barret.v" Line 1. Module barret doesn't have a timescale but at least one module in design has a timescale.
WARNING: [XSIM 43-4099] "C:/Hung/Viettel/Stage2/ML-KEM/NTT/barret.v" Line 1. Module barret doesn't have a timescale but at least one module in design has a timescale.
WARNING: [XSIM 43-4099] "C:/Hung/Viettel/Stage2/ML-KEM/NTT/barret.v" Line 1. Module barret doesn't have a timescale but at least one module in design has a timescale.
WARNING: [XSIM 43-4099] "C:/Hung/Viettel/Stage2/ML-KEM/NTT/mul.v" Line 1. Module mul_default doesn't have a timescale but at least one module in design has a timescale.
WARNING: [XSIM 43-4099] "C:/Hung/Viettel/Stage2/ML-KEM/NTT/BoothDecode.v" Line 1. Module BoothDecode doesn't have a timescale but at least one module in design has a timescale.
WARNING: [XSIM 43-4099] "C:/Hung/Viettel/Stage2/ML-KEM/NTT/BoothDecode.v" Line 1. Module BoothDecode doesn't have a timescale but at least one module in design has a timescale.
WARNING: [XSIM 43-4099] "C:/Hung/Viettel/Stage2/ML-KEM/NTT/BoothDecode.v" Line 1. Module BoothDecode doesn't have a timescale but at least one module in design has a timescale.
WARNING: [XSIM 43-4099] "C:/Hung/Viettel/Stage2/ML-KEM/NTT/BoothDecode.v" Line 1. Module BoothDecode doesn't have a timescale but at least one module in design has a timescale.
WARNING: [XSIM 43-4099] "C:/Hung/Viettel/Stage2/ML-KEM/NTT/BoothDecode.v" Line 1. Module BoothDecode doesn't have a timescale but at least one module in design has a timescale.
WARNING: [XSIM 43-4099] "C:/Hung/Viettel/Stage2/ML-KEM/NTT/BoothDecode.v" Line 1. Module BoothDecode doesn't have a timescale but at least one module in design has a timescale.
WARNING: [XSIM 43-4099] "C:/Hung/Viettel/Stage2/ML-KEM/NTT/BoothDecode.v" Line 1. Module BoothDecode doesn't have a timescale but at least one module in design has a timescale.
WARNING: [XSIM 43-4099] "C:/Hung/Viettel/Stage2/ML-KEM/NTT/BoothDecode.v" Line 1. Module BoothDecode doesn't have a timescale but at least one module in design has a timescale.
WARNING: [XSIM 43-4099] "C:/Hung/Viettel/Stage2/ML-KEM/NTT/bu_intt.v" Line 1. Module bu_intt doesn't have a timescale but at least one module in design has a timescale.
WARNING: [XSIM 43-4099] "C:/Hung/Viettel/Stage2/ML-KEM/NTT/barret.v" Line 1. Module barret doesn't have a timescale but at least one module in design has a timescale.
WARNING: [XSIM 43-4099] "C:/Hung/Viettel/Stage2/ML-KEM/NTT/barret.v" Line 1. Module barret doesn't have a timescale but at least one module in design has a timescale.
WARNING: [XSIM 43-4099] "C:/Hung/Viettel/Stage2/ML-KEM/NTT/barret.v" Line 1. Module barret doesn't have a timescale but at least one module in design has a timescale.
WARNING: [XSIM 43-4099] "C:/Hung/Viettel/Stage2/ML-KEM/NTT/mul.v" Line 1. Module mul_default doesn't have a timescale but at least one module in design has a timescale.
WARNING: [XSIM 43-4099] "C:/Hung/Viettel/Stage2/ML-KEM/NTT/BoothDecode.v" Line 1. Module BoothDecode doesn't have a timescale but at least one module in design has a timescale.
WARNING: [XSIM 43-4099] "C:/Hung/Viettel/Stage2/ML-KEM/NTT/BoothDecode.v" Line 1. Module BoothDecode doesn't have a timescale but at least one module in design has a timescale.
WARNING: [XSIM 43-4099] "C:/Hung/Viettel/Stage2/ML-KEM/NTT/BoothDecode.v" Line 1. Module BoothDecode doesn't have a timescale but at least one module in design has a timescale.
WARNING: [XSIM 43-4099] "C:/Hung/Viettel/Stage2/ML-KEM/NTT/BoothDecode.v" Line 1. Module BoothDecode doesn't have a timescale but at least one module in design has a timescale.
WARNING: [XSIM 43-4099] "C:/Hung/Viettel/Stage2/ML-KEM/NTT/BoothDecode.v" Line 1. Module BoothDecode doesn't have a timescale but at least one module in design has a timescale.
WARNING: [XSIM 43-4099] "C:/Hung/Viettel/Stage2/ML-KEM/NTT/BoothDecode.v" Line 1. Module BoothDecode doesn't have a timescale but at least one module in design has a timescale.
WARNING: [XSIM 43-4099] "C:/Hung/Viettel/Stage2/ML-KEM/NTT/BoothDecode.v" Line 1. Module BoothDecode doesn't have a timescale but at least one module in design has a timescale.
WARNING: [XSIM 43-4099] "C:/Hung/Viettel/Stage2/ML-KEM/NTT/BoothDecode.v" Line 1. Module BoothDecode doesn't have a timescale but at least one module in design has a timescale.
WARNING: [XSIM 43-4099] "C:/Hung/Viettel/Stage2/ML-KEM/NTT/normalize_output.v" Line 1. Module normalize_output doesn't have a timescale but at least one module in design has a timescale.
WARNING: [XSIM 43-4099] "C:/Hung/Viettel/Stage2/ML-KEM/NTT/barret.v" Line 1. Module barret doesn't have a timescale but at least one module in design has a timescale.
WARNING: [XSIM 43-4099] "C:/Hung/Viettel/Stage2/ML-KEM/NTT/barret.v" Line 1. Module barret doesn't have a timescale but at least one module in design has a timescale.
WARNING: [XSIM 43-4099] "C:/Hung/Viettel/Stage2/ML-KEM/NTT/top.v" Line 1. Module top doesn't have a timescale but at least one module in design has a timescale.
WARNING: [XSIM 43-4099] "C:/Hung/Viettel/Stage2/ML-KEM/NTT/MyBootRom.v" Line 1. Module MyBootROM doesn't have a timescale but at least one module in design has a timescale.
WARNING: [XSIM 43-4099] "C:/Hung/Viettel/Stage2/ML-KEM/NTT/bram.v" Line 1. Module bram_default doesn't have a timescale but at least one module in design has a timescale.
WARNING: [XSIM 43-4099] "C:/Hung/Viettel/Stage2/ML-KEM/NTT/AddressGenerator.v" Line 1. Module AddressGenerator doesn't have a timescale but at least one module in design has a timescale.
WARNING: [XSIM 43-4099] "C:/Hung/Viettel/Stage2/ML-KEM/NTT/bu_ntt.v" Line 1. Module bu_ntt doesn't have a timescale but at least one module in design has a timescale.
WARNING: [XSIM 43-4099] "C:/Hung/Viettel/Stage2/ML-KEM/NTT/barret.v" Line 1. Module barret doesn't have a timescale but at least one module in design has a timescale.
WARNING: [XSIM 43-4099] "C:/Hung/Viettel/Stage2/ML-KEM/NTT/barret.v" Line 1. Module barret doesn't have a timescale but at least one module in design has a timescale.
WARNING: [XSIM 43-4099] "C:/Hung/Viettel/Stage2/ML-KEM/NTT/barret.v" Line 1. Module barret doesn't have a timescale but at least one module in design has a timescale.
WARNING: [XSIM 43-4099] "C:/Hung/Viettel/Stage2/ML-KEM/NTT/mul.v" Line 1. Module mul_default doesn't have a timescale but at least one module in design has a timescale.
WARNING: [XSIM 43-4099] "C:/Hung/Viettel/Stage2/ML-KEM/NTT/BoothDecode.v" Line 1. Module BoothDecode doesn't have a timescale but at least one module in design has a timescale.
WARNING: [XSIM 43-4099] "C:/Hung/Viettel/Stage2/ML-KEM/NTT/BoothDecode.v" Line 1. Module BoothDecode doesn't have a timescale but at least one module in design has a timescale.
WARNING: [XSIM 43-4099] "C:/Hung/Viettel/Stage2/ML-KEM/NTT/BoothDecode.v" Line 1. Module BoothDecode doesn't have a timescale but at least one module in design has a timescale.
WARNING: [XSIM 43-4099] "C:/Hung/Viettel/Stage2/ML-KEM/NTT/BoothDecode.v" Line 1. Module BoothDecode doesn't have a timescale but at least one module in design has a timescale.
WARNING: [XSIM 43-4099] "C:/Hung/Viettel/Stage2/ML-KEM/NTT/BoothDecode.v" Line 1. Module BoothDecode doesn't have a timescale but at least one module in design has a timescale.
WARNING: [XSIM 43-4099] "C:/Hung/Viettel/Stage2/ML-KEM/NTT/BoothDecode.v" Line 1. Module BoothDecode doesn't have a timescale but at least one module in design has a timescale.
WARNING: [XSIM 43-4099] "C:/Hung/Viettel/Stage2/ML-KEM/NTT/BoothDecode.v" Line 1. Module BoothDecode doesn't have a timescale but at least one module in design has a timescale.
WARNING: [XSIM 43-4099] "C:/Hung/Viettel/Stage2/ML-KEM/NTT/BoothDecode.v" Line 1. Module BoothDecode doesn't have a timescale but at least one module in design has a timescale.
WARNING: [XSIM 43-4099] "C:/Hung/Viettel/Stage2/ML-KEM/NTT/bu_intt.v" Line 1. Module bu_intt doesn't have a timescale but at least one module in design has a timescale.
WARNING: [XSIM 43-4099] "C:/Hung/Viettel/Stage2/ML-KEM/NTT/barret.v" Line 1. Module barret doesn't have a timescale but at least one module in design has a timescale.
WARNING: [XSIM 43-4099] "C:/Hung/Viettel/Stage2/ML-KEM/NTT/barret.v" Line 1. Module barret doesn't have a timescale but at least one module in design has a timescale.
WARNING: [XSIM 43-4099] "C:/Hung/Viettel/Stage2/ML-KEM/NTT/barret.v" Line 1. Module barret doesn't have a timescale but at least one module in design has a timescale.
WARNING: [XSIM 43-4099] "C:/Hung/Viettel/Stage2/ML-KEM/NTT/mul.v" Line 1. Module mul_default doesn't have a timescale but at least one module in design has a timescale.
WARNING: [XSIM 43-4099] "C:/Hung/Viettel/Stage2/ML-KEM/NTT/BoothDecode.v" Line 1. Module BoothDecode doesn't have a timescale but at least one module in design has a timescale.
WARNING: [XSIM 43-4099] "C:/Hung/Viettel/Stage2/ML-KEM/NTT/BoothDecode.v" Line 1. Module BoothDecode doesn't have a timescale but at least one module in design has a timescale.
WARNING: [XSIM 43-4099] "C:/Hung/Viettel/Stage2/ML-KEM/NTT/BoothDecode.v" Line 1. Module BoothDecode doesn't have a timescale but at least one module in design has a timescale.
WARNING: [XSIM 43-4099] "C:/Hung/Viettel/Stage2/ML-KEM/NTT/BoothDecode.v" Line 1. Module BoothDecode doesn't have a timescale but at least one module in design has a timescale.
WARNING: [XSIM 43-4099] "C:/Hung/Viettel/Stage2/ML-KEM/NTT/BoothDecode.v" Line 1. Module BoothDecode doesn't have a timescale but at least one module in design has a timescale.
WARNING: [XSIM 43-4099] "C:/Hung/Viettel/Stage2/ML-KEM/NTT/BoothDecode.v" Line 1. Module BoothDecode doesn't have a timescale but at least one module in design has a timescale.
WARNING: [XSIM 43-4099] "C:/Hung/Viettel/Stage2/ML-KEM/NTT/BoothDecode.v" Line 1. Module BoothDecode doesn't have a timescale but at least one module in design has a timescale.
WARNING: [XSIM 43-4099] "C:/Hung/Viettel/Stage2/ML-KEM/NTT/BoothDecode.v" Line 1. Module BoothDecode doesn't have a timescale but at least one module in design has a timescale.
WARNING: [XSIM 43-4099] "C:/Hung/Viettel/Stage2/ML-KEM/NTT/normalize_output.v" Line 1. Module normalize_output doesn't have a timescale but at least one module in design has a timescale.
WARNING: [XSIM 43-4099] "C:/Hung/Viettel/Stage2/ML-KEM/NTT/barret.v" Line 1. Module barret doesn't have a timescale but at least one module in design has a timescale.
WARNING: [XSIM 43-4099] "C:/Hung/Viettel/Stage2/ML-KEM/NTT/barret.v" Line 1. Module barret doesn't have a timescale but at least one module in design has a timescale.
Completed simulation data flow analysis
Time Resolution for simulation is 1ps
Compiling module xil_defaultlib.MyBootROM
Compiling module xil_defaultlib.bram_default
Compiling module xil_defaultlib.AddressGenerator
Compiling module xil_defaultlib.barret
Compiling module xil_defaultlib.BoothDecode
Compiling module xil_defaultlib.mul_default
Compiling module xil_defaultlib.bu_ntt
Compiling module xil_defaultlib.bu_intt
Compiling module xil_defaultlib.normalize_output
Compiling module xil_defaultlib.top
Compiling module xil_defaultlib.tb_top
Compiling module xil_defaultlib.glbl
Built simulation snapshot tb_top_behav
run_program: Time (s): cpu = 00:00:01 ; elapsed = 00:00:08 . Memory (MB): peak = 5590.207 ; gain = 0.000
INFO: [USF-XSim-69] 'elaborate' step finished in '8' seconds
INFO: [USF-XSim-4] XSim::Simulate design
INFO: [USF-XSim-61] Executing 'SIMULATE' step in 'C:/Hung/Viettel/Stage2/ML-KEM/ml_kem/ml_kem.sim/sim_1/behav/xsim'
INFO: [USF-XSim-98] *** Running xsim
   with args "tb_top_behav -key {Behavioral:sim_1:Functional:tb_top} -tclbatch {tb_top.tcl} -view {C:/Hung/Viettel/Stage2/ML-KEM/ml_kem/tb_top_func_impl.wcfg} -log {simulate.log}"
INFO: [USF-XSim-8] Loading simulator feature
Time resolution is 1 ps
open_wave_config C:/Hung/Viettel/Stage2/ML-KEM/ml_kem/tb_top_func_impl.wcfg
source tb_top.tcl
# set curr_wave [current_wave_config]
# if { [string length $curr_wave] == 0 } {
#   if { [llength [get_objects]] > 0} {
#     add_wave /
#     set_property needs_save false [current_wave_config]
#   } else {
#      send_msg_id Add_Wave-1 WARNING "No top level signals found. Simulator will start without a wave window. If you want to open a wave window go to 'File->New Waveform Configuration' or type 'create_wave_config' in the TCL console."
#   }
# }
# run 100000ns
[5800000] DONE_STORE!
$finish called at time : 5880 ns : File "C:/Hung/Viettel/Stage2/ML-KEM/NTT/tb_top.v" Line 125
INFO: [USF-XSim-96] XSim completed. Design snapshot 'tb_top_behav' loaded.
INFO: [USF-XSim-97] XSim simulation ran for 100000ns
launch_simulation: Time (s): cpu = 00:00:03 ; elapsed = 00:00:12 . Memory (MB): peak = 5590.207 ; gain = 0.000
close_sim
INFO: [Simtcl 6-16] Simulation closed
launch_simulation
Command: launch_simulation 
INFO: [Vivado 12-12493] Simulation top is 'tb_top'
WARNING: [Vivado 12-13340] Unable to auto find GCC executables from simulator install path! (path not set)
WARNING: [Vivado 12-13277] Compiled library path does not exist: ''
INFO: [Vivado 12-5682] Launching behavioral simulation in 'C:/Hung/Viettel/Stage2/ML-KEM/ml_kem/ml_kem.sim/sim_1/behav/xsim'
INFO: [SIM-utils-51] Simulation object is 'sim_1'
INFO: [SIM-utils-72] Using boost library from 'C:/Xilinx/Vivado/2022.2/tps/boost_1_72_0'
INFO: [SIM-utils-54] Inspecting design source files for 'tb_top' in fileset 'sim_1'...
INFO: [USF-XSim-97] Finding global include files...
INFO: [USF-XSim-98] Fetching design files from 'sim_1'...
INFO: [USF-XSim-2] XSim::Compile design
INFO: [USF-XSim-61] Executing 'COMPILE and ANALYZE' step in 'C:/Hung/Viettel/Stage2/ML-KEM/ml_kem/ml_kem.sim/sim_1/behav/xsim'
"xvlog --incr --relax -prj tb_top_vlog.prj"
INFO: [VRFC 10-2263] Analyzing Verilog file "C:/Hung/Viettel/Stage2/ML-KEM/NTT/AddressGenerator.v" into library xil_defaultlib
INFO: [VRFC 10-311] analyzing module AddressGenerator
INFO: [VRFC 10-2263] Analyzing Verilog file "C:/Hung/Viettel/Stage2/ML-KEM/NTT/BoothDecode.v" into library xil_defaultlib
INFO: [VRFC 10-311] analyzing module BoothDecode
INFO: [VRFC 10-2263] Analyzing Verilog file "C:/Hung/Viettel/Stage2/ML-KEM/NTT/MyBootRom.v" into library xil_defaultlib
INFO: [VRFC 10-311] analyzing module MyBootROM
INFO: [VRFC 10-2263] Analyzing Verilog file "C:/Hung/Viettel/Stage2/ML-KEM/NTT/barret.v" into library xil_defaultlib
INFO: [VRFC 10-311] analyzing module barret
INFO: [VRFC 10-2263] Analyzing Verilog file "C:/Hung/Viettel/Stage2/ML-KEM/NTT/bram.v" into library xil_defaultlib
INFO: [VRFC 10-311] analyzing module bram
INFO: [VRFC 10-2263] Analyzing Verilog file "C:/Hung/Viettel/Stage2/ML-KEM/NTT/bu_intt.v" into library xil_defaultlib
INFO: [VRFC 10-311] analyzing module bu_intt
INFO: [VRFC 10-2263] Analyzing Verilog file "C:/Hung/Viettel/Stage2/ML-KEM/NTT/bu_ntt.v" into library xil_defaultlib
INFO: [VRFC 10-311] analyzing module bu_ntt
INFO: [VRFC 10-2263] Analyzing Verilog file "C:/Hung/Viettel/Stage2/ML-KEM/NTT/mul.v" into library xil_defaultlib
INFO: [VRFC 10-311] analyzing module mul
INFO: [VRFC 10-2263] Analyzing Verilog file "C:/Hung/Viettel/Stage2/ML-KEM/NTT/normalize_output.v" into library xil_defaultlib
INFO: [VRFC 10-311] analyzing module normalize_output
INFO: [VRFC 10-2263] Analyzing Verilog file "C:/Hung/Viettel/Stage2/ML-KEM/NTT/top.v" into library xil_defaultlib
INFO: [VRFC 10-311] analyzing module top
INFO: [VRFC 10-2263] Analyzing Verilog file "C:/Hung/Viettel/Stage2/ML-KEM/NTT/tb_top.v" into library xil_defaultlib
INFO: [VRFC 10-311] analyzing module tb_top
INFO: [USF-XSim-69] 'compile' step finished in '2' seconds
INFO: [USF-XSim-3] XSim::Elaborate design
INFO: [USF-XSim-61] Executing 'ELABORATE' step in 'C:/Hung/Viettel/Stage2/ML-KEM/ml_kem/ml_kem.sim/sim_1/behav/xsim'
"xelab --incr --debug typical --relax --mt 2 -L xil_defaultlib -L unisims_ver -L unimacro_ver -L secureip --snapshot tb_top_behav xil_defaultlib.tb_top xil_defaultlib.glbl -log elaborate.log"
Vivado Simulator v2022.2.2
Copyright 1986-1999, 2001-2022 Xilinx, Inc. All Rights Reserved.
Running: C:/Xilinx/Vivado/2022.2/bin/unwrapped/win64.o/xelab.exe --incr --debug typical --relax --mt 2 -L xil_defaultlib -L unisims_ver -L unimacro_ver -L secureip --snapshot tb_top_behav xil_defaultlib.tb_top xil_defaultlib.glbl -log elaborate.log 
Using 2 slave threads.
Starting static elaboration
Pass Through NonSizing Optimizer
Completed static elaboration
Starting simulation data flow analysis
WARNING: [XSIM 43-4099] "C:/Hung/Viettel/Stage2/ML-KEM/NTT/top.v" Line 1. Module top doesn't have a timescale but at least one module in design has a timescale.
WARNING: [XSIM 43-4099] "C:/Hung/Viettel/Stage2/ML-KEM/NTT/MyBootRom.v" Line 1. Module MyBootROM doesn't have a timescale but at least one module in design has a timescale.
WARNING: [XSIM 43-4099] "C:/Hung/Viettel/Stage2/ML-KEM/NTT/bram.v" Line 1. Module bram_default doesn't have a timescale but at least one module in design has a timescale.
WARNING: [XSIM 43-4099] "C:/Hung/Viettel/Stage2/ML-KEM/NTT/AddressGenerator.v" Line 1. Module AddressGenerator doesn't have a timescale but at least one module in design has a timescale.
WARNING: [XSIM 43-4099] "C:/Hung/Viettel/Stage2/ML-KEM/NTT/bu_ntt.v" Line 1. Module bu_ntt doesn't have a timescale but at least one module in design has a timescale.
WARNING: [XSIM 43-4099] "C:/Hung/Viettel/Stage2/ML-KEM/NTT/barret.v" Line 1. Module barret doesn't have a timescale but at least one module in design has a timescale.
WARNING: [XSIM 43-4099] "C:/Hung/Viettel/Stage2/ML-KEM/NTT/barret.v" Line 1. Module barret doesn't have a timescale but at least one module in design has a timescale.
WARNING: [XSIM 43-4099] "C:/Hung/Viettel/Stage2/ML-KEM/NTT/barret.v" Line 1. Module barret doesn't have a timescale but at least one module in design has a timescale.
WARNING: [XSIM 43-4099] "C:/Hung/Viettel/Stage2/ML-KEM/NTT/mul.v" Line 1. Module mul_default doesn't have a timescale but at least one module in design has a timescale.
WARNING: [XSIM 43-4099] "C:/Hung/Viettel/Stage2/ML-KEM/NTT/BoothDecode.v" Line 1. Module BoothDecode doesn't have a timescale but at least one module in design has a timescale.
WARNING: [XSIM 43-4099] "C:/Hung/Viettel/Stage2/ML-KEM/NTT/BoothDecode.v" Line 1. Module BoothDecode doesn't have a timescale but at least one module in design has a timescale.
WARNING: [XSIM 43-4099] "C:/Hung/Viettel/Stage2/ML-KEM/NTT/BoothDecode.v" Line 1. Module BoothDecode doesn't have a timescale but at least one module in design has a timescale.
WARNING: [XSIM 43-4099] "C:/Hung/Viettel/Stage2/ML-KEM/NTT/BoothDecode.v" Line 1. Module BoothDecode doesn't have a timescale but at least one module in design has a timescale.
WARNING: [XSIM 43-4099] "C:/Hung/Viettel/Stage2/ML-KEM/NTT/BoothDecode.v" Line 1. Module BoothDecode doesn't have a timescale but at least one module in design has a timescale.
WARNING: [XSIM 43-4099] "C:/Hung/Viettel/Stage2/ML-KEM/NTT/BoothDecode.v" Line 1. Module BoothDecode doesn't have a timescale but at least one module in design has a timescale.
WARNING: [XSIM 43-4099] "C:/Hung/Viettel/Stage2/ML-KEM/NTT/BoothDecode.v" Line 1. Module BoothDecode doesn't have a timescale but at least one module in design has a timescale.
WARNING: [XSIM 43-4099] "C:/Hung/Viettel/Stage2/ML-KEM/NTT/BoothDecode.v" Line 1. Module BoothDecode doesn't have a timescale but at least one module in design has a timescale.
WARNING: [XSIM 43-4099] "C:/Hung/Viettel/Stage2/ML-KEM/NTT/bu_intt.v" Line 1. Module bu_intt doesn't have a timescale but at least one module in design has a timescale.
WARNING: [XSIM 43-4099] "C:/Hung/Viettel/Stage2/ML-KEM/NTT/barret.v" Line 1. Module barret doesn't have a timescale but at least one module in design has a timescale.
WARNING: [XSIM 43-4099] "C:/Hung/Viettel/Stage2/ML-KEM/NTT/barret.v" Line 1. Module barret doesn't have a timescale but at least one module in design has a timescale.
WARNING: [XSIM 43-4099] "C:/Hung/Viettel/Stage2/ML-KEM/NTT/barret.v" Line 1. Module barret doesn't have a timescale but at least one module in design has a timescale.
WARNING: [XSIM 43-4099] "C:/Hung/Viettel/Stage2/ML-KEM/NTT/mul.v" Line 1. Module mul_default doesn't have a timescale but at least one module in design has a timescale.
WARNING: [XSIM 43-4099] "C:/Hung/Viettel/Stage2/ML-KEM/NTT/BoothDecode.v" Line 1. Module BoothDecode doesn't have a timescale but at least one module in design has a timescale.
WARNING: [XSIM 43-4099] "C:/Hung/Viettel/Stage2/ML-KEM/NTT/BoothDecode.v" Line 1. Module BoothDecode doesn't have a timescale but at least one module in design has a timescale.
WARNING: [XSIM 43-4099] "C:/Hung/Viettel/Stage2/ML-KEM/NTT/BoothDecode.v" Line 1. Module BoothDecode doesn't have a timescale but at least one module in design has a timescale.
WARNING: [XSIM 43-4099] "C:/Hung/Viettel/Stage2/ML-KEM/NTT/BoothDecode.v" Line 1. Module BoothDecode doesn't have a timescale but at least one module in design has a timescale.
WARNING: [XSIM 43-4099] "C:/Hung/Viettel/Stage2/ML-KEM/NTT/BoothDecode.v" Line 1. Module BoothDecode doesn't have a timescale but at least one module in design has a timescale.
WARNING: [XSIM 43-4099] "C:/Hung/Viettel/Stage2/ML-KEM/NTT/BoothDecode.v" Line 1. Module BoothDecode doesn't have a timescale but at least one module in design has a timescale.
WARNING: [XSIM 43-4099] "C:/Hung/Viettel/Stage2/ML-KEM/NTT/BoothDecode.v" Line 1. Module BoothDecode doesn't have a timescale but at least one module in design has a timescale.
WARNING: [XSIM 43-4099] "C:/Hung/Viettel/Stage2/ML-KEM/NTT/BoothDecode.v" Line 1. Module BoothDecode doesn't have a timescale but at least one module in design has a timescale.
WARNING: [XSIM 43-4099] "C:/Hung/Viettel/Stage2/ML-KEM/NTT/normalize_output.v" Line 1. Module normalize_output doesn't have a timescale but at least one module in design has a timescale.
WARNING: [XSIM 43-4099] "C:/Hung/Viettel/Stage2/ML-KEM/NTT/barret.v" Line 1. Module barret doesn't have a timescale but at least one module in design has a timescale.
WARNING: [XSIM 43-4099] "C:/Hung/Viettel/Stage2/ML-KEM/NTT/barret.v" Line 1. Module barret doesn't have a timescale but at least one module in design has a timescale.
WARNING: [XSIM 43-4099] "C:/Hung/Viettel/Stage2/ML-KEM/NTT/top.v" Line 1. Module top doesn't have a timescale but at least one module in design has a timescale.
WARNING: [XSIM 43-4099] "C:/Hung/Viettel/Stage2/ML-KEM/NTT/MyBootRom.v" Line 1. Module MyBootROM doesn't have a timescale but at least one module in design has a timescale.
WARNING: [XSIM 43-4099] "C:/Hung/Viettel/Stage2/ML-KEM/NTT/bram.v" Line 1. Module bram_default doesn't have a timescale but at least one module in design has a timescale.
WARNING: [XSIM 43-4099] "C:/Hung/Viettel/Stage2/ML-KEM/NTT/AddressGenerator.v" Line 1. Module AddressGenerator doesn't have a timescale but at least one module in design has a timescale.
WARNING: [XSIM 43-4099] "C:/Hung/Viettel/Stage2/ML-KEM/NTT/bu_ntt.v" Line 1. Module bu_ntt doesn't have a timescale but at least one module in design has a timescale.
WARNING: [XSIM 43-4099] "C:/Hung/Viettel/Stage2/ML-KEM/NTT/barret.v" Line 1. Module barret doesn't have a timescale but at least one module in design has a timescale.
WARNING: [XSIM 43-4099] "C:/Hung/Viettel/Stage2/ML-KEM/NTT/barret.v" Line 1. Module barret doesn't have a timescale but at least one module in design has a timescale.
WARNING: [XSIM 43-4099] "C:/Hung/Viettel/Stage2/ML-KEM/NTT/barret.v" Line 1. Module barret doesn't have a timescale but at least one module in design has a timescale.
WARNING: [XSIM 43-4099] "C:/Hung/Viettel/Stage2/ML-KEM/NTT/mul.v" Line 1. Module mul_default doesn't have a timescale but at least one module in design has a timescale.
WARNING: [XSIM 43-4099] "C:/Hung/Viettel/Stage2/ML-KEM/NTT/BoothDecode.v" Line 1. Module BoothDecode doesn't have a timescale but at least one module in design has a timescale.
WARNING: [XSIM 43-4099] "C:/Hung/Viettel/Stage2/ML-KEM/NTT/BoothDecode.v" Line 1. Module BoothDecode doesn't have a timescale but at least one module in design has a timescale.
WARNING: [XSIM 43-4099] "C:/Hung/Viettel/Stage2/ML-KEM/NTT/BoothDecode.v" Line 1. Module BoothDecode doesn't have a timescale but at least one module in design has a timescale.
WARNING: [XSIM 43-4099] "C:/Hung/Viettel/Stage2/ML-KEM/NTT/BoothDecode.v" Line 1. Module BoothDecode doesn't have a timescale but at least one module in design has a timescale.
WARNING: [XSIM 43-4099] "C:/Hung/Viettel/Stage2/ML-KEM/NTT/BoothDecode.v" Line 1. Module BoothDecode doesn't have a timescale but at least one module in design has a timescale.
WARNING: [XSIM 43-4099] "C:/Hung/Viettel/Stage2/ML-KEM/NTT/BoothDecode.v" Line 1. Module BoothDecode doesn't have a timescale but at least one module in design has a timescale.
WARNING: [XSIM 43-4099] "C:/Hung/Viettel/Stage2/ML-KEM/NTT/BoothDecode.v" Line 1. Module BoothDecode doesn't have a timescale but at least one module in design has a timescale.
WARNING: [XSIM 43-4099] "C:/Hung/Viettel/Stage2/ML-KEM/NTT/BoothDecode.v" Line 1. Module BoothDecode doesn't have a timescale but at least one module in design has a timescale.
WARNING: [XSIM 43-4099] "C:/Hung/Viettel/Stage2/ML-KEM/NTT/bu_intt.v" Line 1. Module bu_intt doesn't have a timescale but at least one module in design has a timescale.
WARNING: [XSIM 43-4099] "C:/Hung/Viettel/Stage2/ML-KEM/NTT/barret.v" Line 1. Module barret doesn't have a timescale but at least one module in design has a timescale.
WARNING: [XSIM 43-4099] "C:/Hung/Viettel/Stage2/ML-KEM/NTT/barret.v" Line 1. Module barret doesn't have a timescale but at least one module in design has a timescale.
WARNING: [XSIM 43-4099] "C:/Hung/Viettel/Stage2/ML-KEM/NTT/barret.v" Line 1. Module barret doesn't have a timescale but at least one module in design has a timescale.
WARNING: [XSIM 43-4099] "C:/Hung/Viettel/Stage2/ML-KEM/NTT/mul.v" Line 1. Module mul_default doesn't have a timescale but at least one module in design has a timescale.
WARNING: [XSIM 43-4099] "C:/Hung/Viettel/Stage2/ML-KEM/NTT/BoothDecode.v" Line 1. Module BoothDecode doesn't have a timescale but at least one module in design has a timescale.
WARNING: [XSIM 43-4099] "C:/Hung/Viettel/Stage2/ML-KEM/NTT/BoothDecode.v" Line 1. Module BoothDecode doesn't have a timescale but at least one module in design has a timescale.
WARNING: [XSIM 43-4099] "C:/Hung/Viettel/Stage2/ML-KEM/NTT/BoothDecode.v" Line 1. Module BoothDecode doesn't have a timescale but at least one module in design has a timescale.
WARNING: [XSIM 43-4099] "C:/Hung/Viettel/Stage2/ML-KEM/NTT/BoothDecode.v" Line 1. Module BoothDecode doesn't have a timescale but at least one module in design has a timescale.
WARNING: [XSIM 43-4099] "C:/Hung/Viettel/Stage2/ML-KEM/NTT/BoothDecode.v" Line 1. Module BoothDecode doesn't have a timescale but at least one module in design has a timescale.
WARNING: [XSIM 43-4099] "C:/Hung/Viettel/Stage2/ML-KEM/NTT/BoothDecode.v" Line 1. Module BoothDecode doesn't have a timescale but at least one module in design has a timescale.
WARNING: [XSIM 43-4099] "C:/Hung/Viettel/Stage2/ML-KEM/NTT/BoothDecode.v" Line 1. Module BoothDecode doesn't have a timescale but at least one module in design has a timescale.
WARNING: [XSIM 43-4099] "C:/Hung/Viettel/Stage2/ML-KEM/NTT/BoothDecode.v" Line 1. Module BoothDecode doesn't have a timescale but at least one module in design has a timescale.
WARNING: [XSIM 43-4099] "C:/Hung/Viettel/Stage2/ML-KEM/NTT/normalize_output.v" Line 1. Module normalize_output doesn't have a timescale but at least one module in design has a timescale.
WARNING: [XSIM 43-4099] "C:/Hung/Viettel/Stage2/ML-KEM/NTT/barret.v" Line 1. Module barret doesn't have a timescale but at least one module in design has a timescale.
WARNING: [XSIM 43-4099] "C:/Hung/Viettel/Stage2/ML-KEM/NTT/barret.v" Line 1. Module barret doesn't have a timescale but at least one module in design has a timescale.
Completed simulation data flow analysis
Time Resolution for simulation is 1ps
Compiling module xil_defaultlib.MyBootROM
Compiling module xil_defaultlib.bram_default
Compiling module xil_defaultlib.AddressGenerator
Compiling module xil_defaultlib.barret
Compiling module xil_defaultlib.BoothDecode
Compiling module xil_defaultlib.mul_default
Compiling module xil_defaultlib.bu_ntt
Compiling module xil_defaultlib.bu_intt
Compiling module xil_defaultlib.normalize_output
Compiling module xil_defaultlib.top
Compiling module xil_defaultlib.tb_top
Compiling module xil_defaultlib.glbl
Built simulation snapshot tb_top_behav
run_program: Time (s): cpu = 00:00:00 ; elapsed = 00:00:08 . Memory (MB): peak = 5590.207 ; gain = 0.000
INFO: [USF-XSim-69] 'elaborate' step finished in '8' seconds
INFO: [USF-XSim-4] XSim::Simulate design
INFO: [USF-XSim-61] Executing 'SIMULATE' step in 'C:/Hung/Viettel/Stage2/ML-KEM/ml_kem/ml_kem.sim/sim_1/behav/xsim'
INFO: [USF-XSim-98] *** Running xsim
   with args "tb_top_behav -key {Behavioral:sim_1:Functional:tb_top} -tclbatch {tb_top.tcl} -view {C:/Hung/Viettel/Stage2/ML-KEM/ml_kem/tb_top_func_impl.wcfg} -log {simulate.log}"
INFO: [USF-XSim-8] Loading simulator feature
Time resolution is 1 ps
open_wave_config C:/Hung/Viettel/Stage2/ML-KEM/ml_kem/tb_top_func_impl.wcfg
source tb_top.tcl
# set curr_wave [current_wave_config]
# if { [string length $curr_wave] == 0 } {
#   if { [llength [get_objects]] > 0} {
#     add_wave /
#     set_property needs_save false [current_wave_config]
#   } else {
#      send_msg_id Add_Wave-1 WARNING "No top level signals found. Simulator will start without a wave window. If you want to open a wave window go to 'File->New Waveform Configuration' or type 'create_wave_config' in the TCL console."
#   }
# }
# run 100000ns
[5800000] DONE_STORE!
$finish called at time : 5880 ns : File "C:/Hung/Viettel/Stage2/ML-KEM/NTT/tb_top.v" Line 125
INFO: [USF-XSim-96] XSim completed. Design snapshot 'tb_top_behav' loaded.
INFO: [USF-XSim-97] XSim simulation ran for 100000ns
launch_simulation: Time (s): cpu = 00:00:02 ; elapsed = 00:00:12 . Memory (MB): peak = 5590.207 ; gain = 0.000
close_sim
INFO: [Simtcl 6-16] Simulation closed
launch_simulation
Command: launch_simulation 
INFO: [Vivado 12-12493] Simulation top is 'tb_top'
WARNING: [Vivado 12-13340] Unable to auto find GCC executables from simulator install path! (path not set)
WARNING: [Vivado 12-13277] Compiled library path does not exist: ''
INFO: [Vivado 12-5682] Launching behavioral simulation in 'C:/Hung/Viettel/Stage2/ML-KEM/ml_kem/ml_kem.sim/sim_1/behav/xsim'
INFO: [SIM-utils-51] Simulation object is 'sim_1'
INFO: [SIM-utils-72] Using boost library from 'C:/Xilinx/Vivado/2022.2/tps/boost_1_72_0'
INFO: [SIM-utils-54] Inspecting design source files for 'tb_top' in fileset 'sim_1'...
INFO: [USF-XSim-97] Finding global include files...
INFO: [USF-XSim-98] Fetching design files from 'sim_1'...
INFO: [USF-XSim-2] XSim::Compile design
INFO: [USF-XSim-61] Executing 'COMPILE and ANALYZE' step in 'C:/Hung/Viettel/Stage2/ML-KEM/ml_kem/ml_kem.sim/sim_1/behav/xsim'
"xvlog --incr --relax -prj tb_top_vlog.prj"
INFO: [VRFC 10-2263] Analyzing Verilog file "C:/Hung/Viettel/Stage2/ML-KEM/NTT/AddressGenerator.v" into library xil_defaultlib
INFO: [VRFC 10-311] analyzing module AddressGenerator
INFO: [VRFC 10-2263] Analyzing Verilog file "C:/Hung/Viettel/Stage2/ML-KEM/NTT/BoothDecode.v" into library xil_defaultlib
INFO: [VRFC 10-311] analyzing module BoothDecode
INFO: [VRFC 10-2263] Analyzing Verilog file "C:/Hung/Viettel/Stage2/ML-KEM/NTT/MyBootRom.v" into library xil_defaultlib
INFO: [VRFC 10-311] analyzing module MyBootROM
INFO: [VRFC 10-2263] Analyzing Verilog file "C:/Hung/Viettel/Stage2/ML-KEM/NTT/barret.v" into library xil_defaultlib
INFO: [VRFC 10-311] analyzing module barret
INFO: [VRFC 10-2263] Analyzing Verilog file "C:/Hung/Viettel/Stage2/ML-KEM/NTT/bram.v" into library xil_defaultlib
INFO: [VRFC 10-311] analyzing module bram
INFO: [VRFC 10-2263] Analyzing Verilog file "C:/Hung/Viettel/Stage2/ML-KEM/NTT/bu_intt.v" into library xil_defaultlib
INFO: [VRFC 10-311] analyzing module bu_intt
INFO: [VRFC 10-2263] Analyzing Verilog file "C:/Hung/Viettel/Stage2/ML-KEM/NTT/bu_ntt.v" into library xil_defaultlib
INFO: [VRFC 10-311] analyzing module bu_ntt
INFO: [VRFC 10-2263] Analyzing Verilog file "C:/Hung/Viettel/Stage2/ML-KEM/NTT/mul.v" into library xil_defaultlib
INFO: [VRFC 10-311] analyzing module mul
INFO: [VRFC 10-2263] Analyzing Verilog file "C:/Hung/Viettel/Stage2/ML-KEM/NTT/normalize_output.v" into library xil_defaultlib
INFO: [VRFC 10-311] analyzing module normalize_output
INFO: [VRFC 10-2263] Analyzing Verilog file "C:/Hung/Viettel/Stage2/ML-KEM/NTT/top.v" into library xil_defaultlib
INFO: [VRFC 10-311] analyzing module top
INFO: [VRFC 10-2263] Analyzing Verilog file "C:/Hung/Viettel/Stage2/ML-KEM/NTT/tb_top.v" into library xil_defaultlib
INFO: [VRFC 10-311] analyzing module tb_top
INFO: [USF-XSim-69] 'compile' step finished in '1' seconds
INFO: [USF-XSim-3] XSim::Elaborate design
INFO: [USF-XSim-61] Executing 'ELABORATE' step in 'C:/Hung/Viettel/Stage2/ML-KEM/ml_kem/ml_kem.sim/sim_1/behav/xsim'
"xelab --incr --debug typical --relax --mt 2 -L xil_defaultlib -L unisims_ver -L unimacro_ver -L secureip --snapshot tb_top_behav xil_defaultlib.tb_top xil_defaultlib.glbl -log elaborate.log"
Vivado Simulator v2022.2.2
Copyright 1986-1999, 2001-2022 Xilinx, Inc. All Rights Reserved.
Running: C:/Xilinx/Vivado/2022.2/bin/unwrapped/win64.o/xelab.exe --incr --debug typical --relax --mt 2 -L xil_defaultlib -L unisims_ver -L unimacro_ver -L secureip --snapshot tb_top_behav xil_defaultlib.tb_top xil_defaultlib.glbl -log elaborate.log 
Using 2 slave threads.
Starting static elaboration
Pass Through NonSizing Optimizer
Completed static elaboration
Starting simulation data flow analysis
WARNING: [XSIM 43-4099] "C:/Hung/Viettel/Stage2/ML-KEM/NTT/top.v" Line 1. Module top doesn't have a timescale but at least one module in design has a timescale.
WARNING: [XSIM 43-4099] "C:/Hung/Viettel/Stage2/ML-KEM/NTT/MyBootRom.v" Line 1. Module MyBootROM doesn't have a timescale but at least one module in design has a timescale.
WARNING: [XSIM 43-4099] "C:/Hung/Viettel/Stage2/ML-KEM/NTT/bram.v" Line 1. Module bram_default doesn't have a timescale but at least one module in design has a timescale.
WARNING: [XSIM 43-4099] "C:/Hung/Viettel/Stage2/ML-KEM/NTT/AddressGenerator.v" Line 1. Module AddressGenerator doesn't have a timescale but at least one module in design has a timescale.
WARNING: [XSIM 43-4099] "C:/Hung/Viettel/Stage2/ML-KEM/NTT/bu_ntt.v" Line 1. Module bu_ntt doesn't have a timescale but at least one module in design has a timescale.
WARNING: [XSIM 43-4099] "C:/Hung/Viettel/Stage2/ML-KEM/NTT/barret.v" Line 1. Module barret doesn't have a timescale but at least one module in design has a timescale.
WARNING: [XSIM 43-4099] "C:/Hung/Viettel/Stage2/ML-KEM/NTT/barret.v" Line 1. Module barret doesn't have a timescale but at least one module in design has a timescale.
WARNING: [XSIM 43-4099] "C:/Hung/Viettel/Stage2/ML-KEM/NTT/barret.v" Line 1. Module barret doesn't have a timescale but at least one module in design has a timescale.
WARNING: [XSIM 43-4099] "C:/Hung/Viettel/Stage2/ML-KEM/NTT/mul.v" Line 1. Module mul_default doesn't have a timescale but at least one module in design has a timescale.
WARNING: [XSIM 43-4099] "C:/Hung/Viettel/Stage2/ML-KEM/NTT/BoothDecode.v" Line 1. Module BoothDecode doesn't have a timescale but at least one module in design has a timescale.
WARNING: [XSIM 43-4099] "C:/Hung/Viettel/Stage2/ML-KEM/NTT/BoothDecode.v" Line 1. Module BoothDecode doesn't have a timescale but at least one module in design has a timescale.
WARNING: [XSIM 43-4099] "C:/Hung/Viettel/Stage2/ML-KEM/NTT/BoothDecode.v" Line 1. Module BoothDecode doesn't have a timescale but at least one module in design has a timescale.
WARNING: [XSIM 43-4099] "C:/Hung/Viettel/Stage2/ML-KEM/NTT/BoothDecode.v" Line 1. Module BoothDecode doesn't have a timescale but at least one module in design has a timescale.
WARNING: [XSIM 43-4099] "C:/Hung/Viettel/Stage2/ML-KEM/NTT/BoothDecode.v" Line 1. Module BoothDecode doesn't have a timescale but at least one module in design has a timescale.
WARNING: [XSIM 43-4099] "C:/Hung/Viettel/Stage2/ML-KEM/NTT/BoothDecode.v" Line 1. Module BoothDecode doesn't have a timescale but at least one module in design has a timescale.
WARNING: [XSIM 43-4099] "C:/Hung/Viettel/Stage2/ML-KEM/NTT/BoothDecode.v" Line 1. Module BoothDecode doesn't have a timescale but at least one module in design has a timescale.
WARNING: [XSIM 43-4099] "C:/Hung/Viettel/Stage2/ML-KEM/NTT/BoothDecode.v" Line 1. Module BoothDecode doesn't have a timescale but at least one module in design has a timescale.
WARNING: [XSIM 43-4099] "C:/Hung/Viettel/Stage2/ML-KEM/NTT/bu_intt.v" Line 1. Module bu_intt doesn't have a timescale but at least one module in design has a timescale.
WARNING: [XSIM 43-4099] "C:/Hung/Viettel/Stage2/ML-KEM/NTT/barret.v" Line 1. Module barret doesn't have a timescale but at least one module in design has a timescale.
WARNING: [XSIM 43-4099] "C:/Hung/Viettel/Stage2/ML-KEM/NTT/barret.v" Line 1. Module barret doesn't have a timescale but at least one module in design has a timescale.
WARNING: [XSIM 43-4099] "C:/Hung/Viettel/Stage2/ML-KEM/NTT/barret.v" Line 1. Module barret doesn't have a timescale but at least one module in design has a timescale.
WARNING: [XSIM 43-4099] "C:/Hung/Viettel/Stage2/ML-KEM/NTT/mul.v" Line 1. Module mul_default doesn't have a timescale but at least one module in design has a timescale.
WARNING: [XSIM 43-4099] "C:/Hung/Viettel/Stage2/ML-KEM/NTT/BoothDecode.v" Line 1. Module BoothDecode doesn't have a timescale but at least one module in design has a timescale.
WARNING: [XSIM 43-4099] "C:/Hung/Viettel/Stage2/ML-KEM/NTT/BoothDecode.v" Line 1. Module BoothDecode doesn't have a timescale but at least one module in design has a timescale.
WARNING: [XSIM 43-4099] "C:/Hung/Viettel/Stage2/ML-KEM/NTT/BoothDecode.v" Line 1. Module BoothDecode doesn't have a timescale but at least one module in design has a timescale.
WARNING: [XSIM 43-4099] "C:/Hung/Viettel/Stage2/ML-KEM/NTT/BoothDecode.v" Line 1. Module BoothDecode doesn't have a timescale but at least one module in design has a timescale.
WARNING: [XSIM 43-4099] "C:/Hung/Viettel/Stage2/ML-KEM/NTT/BoothDecode.v" Line 1. Module BoothDecode doesn't have a timescale but at least one module in design has a timescale.
WARNING: [XSIM 43-4099] "C:/Hung/Viettel/Stage2/ML-KEM/NTT/BoothDecode.v" Line 1. Module BoothDecode doesn't have a timescale but at least one module in design has a timescale.
WARNING: [XSIM 43-4099] "C:/Hung/Viettel/Stage2/ML-KEM/NTT/BoothDecode.v" Line 1. Module BoothDecode doesn't have a timescale but at least one module in design has a timescale.
WARNING: [XSIM 43-4099] "C:/Hung/Viettel/Stage2/ML-KEM/NTT/BoothDecode.v" Line 1. Module BoothDecode doesn't have a timescale but at least one module in design has a timescale.
WARNING: [XSIM 43-4099] "C:/Hung/Viettel/Stage2/ML-KEM/NTT/normalize_output.v" Line 1. Module normalize_output doesn't have a timescale but at least one module in design has a timescale.
WARNING: [XSIM 43-4099] "C:/Hung/Viettel/Stage2/ML-KEM/NTT/barret.v" Line 1. Module barret doesn't have a timescale but at least one module in design has a timescale.
WARNING: [XSIM 43-4099] "C:/Hung/Viettel/Stage2/ML-KEM/NTT/barret.v" Line 1. Module barret doesn't have a timescale but at least one module in design has a timescale.
WARNING: [XSIM 43-4099] "C:/Hung/Viettel/Stage2/ML-KEM/NTT/top.v" Line 1. Module top doesn't have a timescale but at least one module in design has a timescale.
WARNING: [XSIM 43-4099] "C:/Hung/Viettel/Stage2/ML-KEM/NTT/MyBootRom.v" Line 1. Module MyBootROM doesn't have a timescale but at least one module in design has a timescale.
WARNING: [XSIM 43-4099] "C:/Hung/Viettel/Stage2/ML-KEM/NTT/bram.v" Line 1. Module bram_default doesn't have a timescale but at least one module in design has a timescale.
WARNING: [XSIM 43-4099] "C:/Hung/Viettel/Stage2/ML-KEM/NTT/AddressGenerator.v" Line 1. Module AddressGenerator doesn't have a timescale but at least one module in design has a timescale.
WARNING: [XSIM 43-4099] "C:/Hung/Viettel/Stage2/ML-KEM/NTT/bu_ntt.v" Line 1. Module bu_ntt doesn't have a timescale but at least one module in design has a timescale.
WARNING: [XSIM 43-4099] "C:/Hung/Viettel/Stage2/ML-KEM/NTT/barret.v" Line 1. Module barret doesn't have a timescale but at least one module in design has a timescale.
WARNING: [XSIM 43-4099] "C:/Hung/Viettel/Stage2/ML-KEM/NTT/barret.v" Line 1. Module barret doesn't have a timescale but at least one module in design has a timescale.
WARNING: [XSIM 43-4099] "C:/Hung/Viettel/Stage2/ML-KEM/NTT/barret.v" Line 1. Module barret doesn't have a timescale but at least one module in design has a timescale.
WARNING: [XSIM 43-4099] "C:/Hung/Viettel/Stage2/ML-KEM/NTT/mul.v" Line 1. Module mul_default doesn't have a timescale but at least one module in design has a timescale.
WARNING: [XSIM 43-4099] "C:/Hung/Viettel/Stage2/ML-KEM/NTT/BoothDecode.v" Line 1. Module BoothDecode doesn't have a timescale but at least one module in design has a timescale.
WARNING: [XSIM 43-4099] "C:/Hung/Viettel/Stage2/ML-KEM/NTT/BoothDecode.v" Line 1. Module BoothDecode doesn't have a timescale but at least one module in design has a timescale.
WARNING: [XSIM 43-4099] "C:/Hung/Viettel/Stage2/ML-KEM/NTT/BoothDecode.v" Line 1. Module BoothDecode doesn't have a timescale but at least one module in design has a timescale.
WARNING: [XSIM 43-4099] "C:/Hung/Viettel/Stage2/ML-KEM/NTT/BoothDecode.v" Line 1. Module BoothDecode doesn't have a timescale but at least one module in design has a timescale.
WARNING: [XSIM 43-4099] "C:/Hung/Viettel/Stage2/ML-KEM/NTT/BoothDecode.v" Line 1. Module BoothDecode doesn't have a timescale but at least one module in design has a timescale.
WARNING: [XSIM 43-4099] "C:/Hung/Viettel/Stage2/ML-KEM/NTT/BoothDecode.v" Line 1. Module BoothDecode doesn't have a timescale but at least one module in design has a timescale.
WARNING: [XSIM 43-4099] "C:/Hung/Viettel/Stage2/ML-KEM/NTT/BoothDecode.v" Line 1. Module BoothDecode doesn't have a timescale but at least one module in design has a timescale.
WARNING: [XSIM 43-4099] "C:/Hung/Viettel/Stage2/ML-KEM/NTT/BoothDecode.v" Line 1. Module BoothDecode doesn't have a timescale but at least one module in design has a timescale.
WARNING: [XSIM 43-4099] "C:/Hung/Viettel/Stage2/ML-KEM/NTT/bu_intt.v" Line 1. Module bu_intt doesn't have a timescale but at least one module in design has a timescale.
WARNING: [XSIM 43-4099] "C:/Hung/Viettel/Stage2/ML-KEM/NTT/barret.v" Line 1. Module barret doesn't have a timescale but at least one module in design has a timescale.
WARNING: [XSIM 43-4099] "C:/Hung/Viettel/Stage2/ML-KEM/NTT/barret.v" Line 1. Module barret doesn't have a timescale but at least one module in design has a timescale.
WARNING: [XSIM 43-4099] "C:/Hung/Viettel/Stage2/ML-KEM/NTT/barret.v" Line 1. Module barret doesn't have a timescale but at least one module in design has a timescale.
WARNING: [XSIM 43-4099] "C:/Hung/Viettel/Stage2/ML-KEM/NTT/mul.v" Line 1. Module mul_default doesn't have a timescale but at least one module in design has a timescale.
WARNING: [XSIM 43-4099] "C:/Hung/Viettel/Stage2/ML-KEM/NTT/BoothDecode.v" Line 1. Module BoothDecode doesn't have a timescale but at least one module in design has a timescale.
WARNING: [XSIM 43-4099] "C:/Hung/Viettel/Stage2/ML-KEM/NTT/BoothDecode.v" Line 1. Module BoothDecode doesn't have a timescale but at least one module in design has a timescale.
WARNING: [XSIM 43-4099] "C:/Hung/Viettel/Stage2/ML-KEM/NTT/BoothDecode.v" Line 1. Module BoothDecode doesn't have a timescale but at least one module in design has a timescale.
WARNING: [XSIM 43-4099] "C:/Hung/Viettel/Stage2/ML-KEM/NTT/BoothDecode.v" Line 1. Module BoothDecode doesn't have a timescale but at least one module in design has a timescale.
WARNING: [XSIM 43-4099] "C:/Hung/Viettel/Stage2/ML-KEM/NTT/BoothDecode.v" Line 1. Module BoothDecode doesn't have a timescale but at least one module in design has a timescale.
WARNING: [XSIM 43-4099] "C:/Hung/Viettel/Stage2/ML-KEM/NTT/BoothDecode.v" Line 1. Module BoothDecode doesn't have a timescale but at least one module in design has a timescale.
WARNING: [XSIM 43-4099] "C:/Hung/Viettel/Stage2/ML-KEM/NTT/BoothDecode.v" Line 1. Module BoothDecode doesn't have a timescale but at least one module in design has a timescale.
WARNING: [XSIM 43-4099] "C:/Hung/Viettel/Stage2/ML-KEM/NTT/BoothDecode.v" Line 1. Module BoothDecode doesn't have a timescale but at least one module in design has a timescale.
WARNING: [XSIM 43-4099] "C:/Hung/Viettel/Stage2/ML-KEM/NTT/normalize_output.v" Line 1. Module normalize_output doesn't have a timescale but at least one module in design has a timescale.
WARNING: [XSIM 43-4099] "C:/Hung/Viettel/Stage2/ML-KEM/NTT/barret.v" Line 1. Module barret doesn't have a timescale but at least one module in design has a timescale.
WARNING: [XSIM 43-4099] "C:/Hung/Viettel/Stage2/ML-KEM/NTT/barret.v" Line 1. Module barret doesn't have a timescale but at least one module in design has a timescale.
Completed simulation data flow analysis
Time Resolution for simulation is 1ps
Compiling module xil_defaultlib.MyBootROM
Compiling module xil_defaultlib.bram_default
Compiling module xil_defaultlib.AddressGenerator
Compiling module xil_defaultlib.barret
Compiling module xil_defaultlib.BoothDecode
Compiling module xil_defaultlib.mul_default
Compiling module xil_defaultlib.bu_ntt
Compiling module xil_defaultlib.bu_intt
Compiling module xil_defaultlib.normalize_output
Compiling module xil_defaultlib.top
Compiling module xil_defaultlib.tb_top
Compiling module xil_defaultlib.glbl
Built simulation snapshot tb_top_behav
run_program: Time (s): cpu = 00:00:00 ; elapsed = 00:00:08 . Memory (MB): peak = 5590.207 ; gain = 0.000
INFO: [USF-XSim-69] 'elaborate' step finished in '8' seconds
INFO: [USF-XSim-4] XSim::Simulate design
INFO: [USF-XSim-61] Executing 'SIMULATE' step in 'C:/Hung/Viettel/Stage2/ML-KEM/ml_kem/ml_kem.sim/sim_1/behav/xsim'
INFO: [USF-XSim-98] *** Running xsim
   with args "tb_top_behav -key {Behavioral:sim_1:Functional:tb_top} -tclbatch {tb_top.tcl} -view {C:/Hung/Viettel/Stage2/ML-KEM/ml_kem/tb_top_func_impl.wcfg} -log {simulate.log}"
INFO: [USF-XSim-8] Loading simulator feature
Time resolution is 1 ps
open_wave_config C:/Hung/Viettel/Stage2/ML-KEM/ml_kem/tb_top_func_impl.wcfg
source tb_top.tcl
# set curr_wave [current_wave_config]
# if { [string length $curr_wave] == 0 } {
#   if { [llength [get_objects]] > 0} {
#     add_wave /
#     set_property needs_save false [current_wave_config]
#   } else {
#      send_msg_id Add_Wave-1 WARNING "No top level signals found. Simulator will start without a wave window. If you want to open a wave window go to 'File->New Waveform Configuration' or type 'create_wave_config' in the TCL console."
#   }
# }
# run 100000ns
[5800000] DONE_STORE!
$finish called at time : 5880 ns : File "C:/Hung/Viettel/Stage2/ML-KEM/NTT/tb_top.v" Line 125
INFO: [USF-XSim-96] XSim completed. Design snapshot 'tb_top_behav' loaded.
INFO: [USF-XSim-97] XSim simulation ran for 100000ns
launch_simulation: Time (s): cpu = 00:00:02 ; elapsed = 00:00:12 . Memory (MB): peak = 5590.207 ; gain = 0.000
close_sim
INFO: [Simtcl 6-16] Simulation closed
launch_simulation
Command: launch_simulation 
INFO: [Vivado 12-12493] Simulation top is 'tb_top'
WARNING: [Vivado 12-13340] Unable to auto find GCC executables from simulator install path! (path not set)
WARNING: [Vivado 12-13277] Compiled library path does not exist: ''
INFO: [Vivado 12-5682] Launching behavioral simulation in 'C:/Hung/Viettel/Stage2/ML-KEM/ml_kem/ml_kem.sim/sim_1/behav/xsim'
INFO: [SIM-utils-51] Simulation object is 'sim_1'
INFO: [SIM-utils-72] Using boost library from 'C:/Xilinx/Vivado/2022.2/tps/boost_1_72_0'
INFO: [SIM-utils-54] Inspecting design source files for 'tb_top' in fileset 'sim_1'...
INFO: [USF-XSim-97] Finding global include files...
INFO: [USF-XSim-98] Fetching design files from 'sim_1'...
INFO: [USF-XSim-2] XSim::Compile design
INFO: [USF-XSim-61] Executing 'COMPILE and ANALYZE' step in 'C:/Hung/Viettel/Stage2/ML-KEM/ml_kem/ml_kem.sim/sim_1/behav/xsim'
"xvlog --incr --relax -prj tb_top_vlog.prj"
INFO: [VRFC 10-2263] Analyzing Verilog file "C:/Hung/Viettel/Stage2/ML-KEM/NTT/AddressGenerator.v" into library xil_defaultlib
INFO: [VRFC 10-311] analyzing module AddressGenerator
INFO: [VRFC 10-2263] Analyzing Verilog file "C:/Hung/Viettel/Stage2/ML-KEM/NTT/BoothDecode.v" into library xil_defaultlib
INFO: [VRFC 10-311] analyzing module BoothDecode
INFO: [VRFC 10-2263] Analyzing Verilog file "C:/Hung/Viettel/Stage2/ML-KEM/NTT/MyBootRom.v" into library xil_defaultlib
INFO: [VRFC 10-311] analyzing module MyBootROM
INFO: [VRFC 10-2263] Analyzing Verilog file "C:/Hung/Viettel/Stage2/ML-KEM/NTT/barret.v" into library xil_defaultlib
INFO: [VRFC 10-311] analyzing module barret
INFO: [VRFC 10-2263] Analyzing Verilog file "C:/Hung/Viettel/Stage2/ML-KEM/NTT/bram.v" into library xil_defaultlib
INFO: [VRFC 10-311] analyzing module bram
INFO: [VRFC 10-2263] Analyzing Verilog file "C:/Hung/Viettel/Stage2/ML-KEM/NTT/bu_intt.v" into library xil_defaultlib
INFO: [VRFC 10-311] analyzing module bu_intt
INFO: [VRFC 10-2263] Analyzing Verilog file "C:/Hung/Viettel/Stage2/ML-KEM/NTT/bu_ntt.v" into library xil_defaultlib
INFO: [VRFC 10-311] analyzing module bu_ntt
INFO: [VRFC 10-2263] Analyzing Verilog file "C:/Hung/Viettel/Stage2/ML-KEM/NTT/mul.v" into library xil_defaultlib
INFO: [VRFC 10-311] analyzing module mul
INFO: [VRFC 10-2263] Analyzing Verilog file "C:/Hung/Viettel/Stage2/ML-KEM/NTT/normalize_output.v" into library xil_defaultlib
INFO: [VRFC 10-311] analyzing module normalize_output
INFO: [VRFC 10-2263] Analyzing Verilog file "C:/Hung/Viettel/Stage2/ML-KEM/NTT/top.v" into library xil_defaultlib
INFO: [VRFC 10-311] analyzing module top
INFO: [VRFC 10-2263] Analyzing Verilog file "C:/Hung/Viettel/Stage2/ML-KEM/NTT/tb_top.v" into library xil_defaultlib
INFO: [VRFC 10-311] analyzing module tb_top
INFO: [USF-XSim-69] 'compile' step finished in '2' seconds
INFO: [USF-XSim-3] XSim::Elaborate design
INFO: [USF-XSim-61] Executing 'ELABORATE' step in 'C:/Hung/Viettel/Stage2/ML-KEM/ml_kem/ml_kem.sim/sim_1/behav/xsim'
"xelab --incr --debug typical --relax --mt 2 -L xil_defaultlib -L unisims_ver -L unimacro_ver -L secureip --snapshot tb_top_behav xil_defaultlib.tb_top xil_defaultlib.glbl -log elaborate.log"
Vivado Simulator v2022.2.2
Copyright 1986-1999, 2001-2022 Xilinx, Inc. All Rights Reserved.
Running: C:/Xilinx/Vivado/2022.2/bin/unwrapped/win64.o/xelab.exe --incr --debug typical --relax --mt 2 -L xil_defaultlib -L unisims_ver -L unimacro_ver -L secureip --snapshot tb_top_behav xil_defaultlib.tb_top xil_defaultlib.glbl -log elaborate.log 
Using 2 slave threads.
Starting static elaboration
Pass Through NonSizing Optimizer
Completed static elaboration
Starting simulation data flow analysis
WARNING: [XSIM 43-4099] "C:/Hung/Viettel/Stage2/ML-KEM/NTT/top.v" Line 1. Module top doesn't have a timescale but at least one module in design has a timescale.
WARNING: [XSIM 43-4099] "C:/Hung/Viettel/Stage2/ML-KEM/NTT/MyBootRom.v" Line 1. Module MyBootROM doesn't have a timescale but at least one module in design has a timescale.
WARNING: [XSIM 43-4099] "C:/Hung/Viettel/Stage2/ML-KEM/NTT/bram.v" Line 1. Module bram_default doesn't have a timescale but at least one module in design has a timescale.
WARNING: [XSIM 43-4099] "C:/Hung/Viettel/Stage2/ML-KEM/NTT/AddressGenerator.v" Line 1. Module AddressGenerator doesn't have a timescale but at least one module in design has a timescale.
WARNING: [XSIM 43-4099] "C:/Hung/Viettel/Stage2/ML-KEM/NTT/bu_ntt.v" Line 1. Module bu_ntt doesn't have a timescale but at least one module in design has a timescale.
WARNING: [XSIM 43-4099] "C:/Hung/Viettel/Stage2/ML-KEM/NTT/barret.v" Line 1. Module barret doesn't have a timescale but at least one module in design has a timescale.
WARNING: [XSIM 43-4099] "C:/Hung/Viettel/Stage2/ML-KEM/NTT/barret.v" Line 1. Module barret doesn't have a timescale but at least one module in design has a timescale.
WARNING: [XSIM 43-4099] "C:/Hung/Viettel/Stage2/ML-KEM/NTT/barret.v" Line 1. Module barret doesn't have a timescale but at least one module in design has a timescale.
WARNING: [XSIM 43-4099] "C:/Hung/Viettel/Stage2/ML-KEM/NTT/mul.v" Line 1. Module mul_default doesn't have a timescale but at least one module in design has a timescale.
WARNING: [XSIM 43-4099] "C:/Hung/Viettel/Stage2/ML-KEM/NTT/BoothDecode.v" Line 1. Module BoothDecode doesn't have a timescale but at least one module in design has a timescale.
WARNING: [XSIM 43-4099] "C:/Hung/Viettel/Stage2/ML-KEM/NTT/BoothDecode.v" Line 1. Module BoothDecode doesn't have a timescale but at least one module in design has a timescale.
WARNING: [XSIM 43-4099] "C:/Hung/Viettel/Stage2/ML-KEM/NTT/BoothDecode.v" Line 1. Module BoothDecode doesn't have a timescale but at least one module in design has a timescale.
WARNING: [XSIM 43-4099] "C:/Hung/Viettel/Stage2/ML-KEM/NTT/BoothDecode.v" Line 1. Module BoothDecode doesn't have a timescale but at least one module in design has a timescale.
WARNING: [XSIM 43-4099] "C:/Hung/Viettel/Stage2/ML-KEM/NTT/BoothDecode.v" Line 1. Module BoothDecode doesn't have a timescale but at least one module in design has a timescale.
WARNING: [XSIM 43-4099] "C:/Hung/Viettel/Stage2/ML-KEM/NTT/BoothDecode.v" Line 1. Module BoothDecode doesn't have a timescale but at least one module in design has a timescale.
WARNING: [XSIM 43-4099] "C:/Hung/Viettel/Stage2/ML-KEM/NTT/BoothDecode.v" Line 1. Module BoothDecode doesn't have a timescale but at least one module in design has a timescale.
WARNING: [XSIM 43-4099] "C:/Hung/Viettel/Stage2/ML-KEM/NTT/BoothDecode.v" Line 1. Module BoothDecode doesn't have a timescale but at least one module in design has a timescale.
WARNING: [XSIM 43-4099] "C:/Hung/Viettel/Stage2/ML-KEM/NTT/bu_intt.v" Line 1. Module bu_intt doesn't have a timescale but at least one module in design has a timescale.
WARNING: [XSIM 43-4099] "C:/Hung/Viettel/Stage2/ML-KEM/NTT/barret.v" Line 1. Module barret doesn't have a timescale but at least one module in design has a timescale.
WARNING: [XSIM 43-4099] "C:/Hung/Viettel/Stage2/ML-KEM/NTT/barret.v" Line 1. Module barret doesn't have a timescale but at least one module in design has a timescale.
WARNING: [XSIM 43-4099] "C:/Hung/Viettel/Stage2/ML-KEM/NTT/barret.v" Line 1. Module barret doesn't have a timescale but at least one module in design has a timescale.
WARNING: [XSIM 43-4099] "C:/Hung/Viettel/Stage2/ML-KEM/NTT/mul.v" Line 1. Module mul_default doesn't have a timescale but at least one module in design has a timescale.
WARNING: [XSIM 43-4099] "C:/Hung/Viettel/Stage2/ML-KEM/NTT/BoothDecode.v" Line 1. Module BoothDecode doesn't have a timescale but at least one module in design has a timescale.
WARNING: [XSIM 43-4099] "C:/Hung/Viettel/Stage2/ML-KEM/NTT/BoothDecode.v" Line 1. Module BoothDecode doesn't have a timescale but at least one module in design has a timescale.
WARNING: [XSIM 43-4099] "C:/Hung/Viettel/Stage2/ML-KEM/NTT/BoothDecode.v" Line 1. Module BoothDecode doesn't have a timescale but at least one module in design has a timescale.
WARNING: [XSIM 43-4099] "C:/Hung/Viettel/Stage2/ML-KEM/NTT/BoothDecode.v" Line 1. Module BoothDecode doesn't have a timescale but at least one module in design has a timescale.
WARNING: [XSIM 43-4099] "C:/Hung/Viettel/Stage2/ML-KEM/NTT/BoothDecode.v" Line 1. Module BoothDecode doesn't have a timescale but at least one module in design has a timescale.
WARNING: [XSIM 43-4099] "C:/Hung/Viettel/Stage2/ML-KEM/NTT/BoothDecode.v" Line 1. Module BoothDecode doesn't have a timescale but at least one module in design has a timescale.
WARNING: [XSIM 43-4099] "C:/Hung/Viettel/Stage2/ML-KEM/NTT/BoothDecode.v" Line 1. Module BoothDecode doesn't have a timescale but at least one module in design has a timescale.
WARNING: [XSIM 43-4099] "C:/Hung/Viettel/Stage2/ML-KEM/NTT/BoothDecode.v" Line 1. Module BoothDecode doesn't have a timescale but at least one module in design has a timescale.
WARNING: [XSIM 43-4099] "C:/Hung/Viettel/Stage2/ML-KEM/NTT/normalize_output.v" Line 1. Module normalize_output doesn't have a timescale but at least one module in design has a timescale.
WARNING: [XSIM 43-4099] "C:/Hung/Viettel/Stage2/ML-KEM/NTT/barret.v" Line 1. Module barret doesn't have a timescale but at least one module in design has a timescale.
WARNING: [XSIM 43-4099] "C:/Hung/Viettel/Stage2/ML-KEM/NTT/barret.v" Line 1. Module barret doesn't have a timescale but at least one module in design has a timescale.
WARNING: [XSIM 43-4099] "C:/Hung/Viettel/Stage2/ML-KEM/NTT/top.v" Line 1. Module top doesn't have a timescale but at least one module in design has a timescale.
WARNING: [XSIM 43-4099] "C:/Hung/Viettel/Stage2/ML-KEM/NTT/MyBootRom.v" Line 1. Module MyBootROM doesn't have a timescale but at least one module in design has a timescale.
WARNING: [XSIM 43-4099] "C:/Hung/Viettel/Stage2/ML-KEM/NTT/bram.v" Line 1. Module bram_default doesn't have a timescale but at least one module in design has a timescale.
WARNING: [XSIM 43-4099] "C:/Hung/Viettel/Stage2/ML-KEM/NTT/AddressGenerator.v" Line 1. Module AddressGenerator doesn't have a timescale but at least one module in design has a timescale.
WARNING: [XSIM 43-4099] "C:/Hung/Viettel/Stage2/ML-KEM/NTT/bu_ntt.v" Line 1. Module bu_ntt doesn't have a timescale but at least one module in design has a timescale.
WARNING: [XSIM 43-4099] "C:/Hung/Viettel/Stage2/ML-KEM/NTT/barret.v" Line 1. Module barret doesn't have a timescale but at least one module in design has a timescale.
WARNING: [XSIM 43-4099] "C:/Hung/Viettel/Stage2/ML-KEM/NTT/barret.v" Line 1. Module barret doesn't have a timescale but at least one module in design has a timescale.
WARNING: [XSIM 43-4099] "C:/Hung/Viettel/Stage2/ML-KEM/NTT/barret.v" Line 1. Module barret doesn't have a timescale but at least one module in design has a timescale.
WARNING: [XSIM 43-4099] "C:/Hung/Viettel/Stage2/ML-KEM/NTT/mul.v" Line 1. Module mul_default doesn't have a timescale but at least one module in design has a timescale.
WARNING: [XSIM 43-4099] "C:/Hung/Viettel/Stage2/ML-KEM/NTT/BoothDecode.v" Line 1. Module BoothDecode doesn't have a timescale but at least one module in design has a timescale.
WARNING: [XSIM 43-4099] "C:/Hung/Viettel/Stage2/ML-KEM/NTT/BoothDecode.v" Line 1. Module BoothDecode doesn't have a timescale but at least one module in design has a timescale.
WARNING: [XSIM 43-4099] "C:/Hung/Viettel/Stage2/ML-KEM/NTT/BoothDecode.v" Line 1. Module BoothDecode doesn't have a timescale but at least one module in design has a timescale.
WARNING: [XSIM 43-4099] "C:/Hung/Viettel/Stage2/ML-KEM/NTT/BoothDecode.v" Line 1. Module BoothDecode doesn't have a timescale but at least one module in design has a timescale.
WARNING: [XSIM 43-4099] "C:/Hung/Viettel/Stage2/ML-KEM/NTT/BoothDecode.v" Line 1. Module BoothDecode doesn't have a timescale but at least one module in design has a timescale.
WARNING: [XSIM 43-4099] "C:/Hung/Viettel/Stage2/ML-KEM/NTT/BoothDecode.v" Line 1. Module BoothDecode doesn't have a timescale but at least one module in design has a timescale.
WARNING: [XSIM 43-4099] "C:/Hung/Viettel/Stage2/ML-KEM/NTT/BoothDecode.v" Line 1. Module BoothDecode doesn't have a timescale but at least one module in design has a timescale.
WARNING: [XSIM 43-4099] "C:/Hung/Viettel/Stage2/ML-KEM/NTT/BoothDecode.v" Line 1. Module BoothDecode doesn't have a timescale but at least one module in design has a timescale.
WARNING: [XSIM 43-4099] "C:/Hung/Viettel/Stage2/ML-KEM/NTT/bu_intt.v" Line 1. Module bu_intt doesn't have a timescale but at least one module in design has a timescale.
WARNING: [XSIM 43-4099] "C:/Hung/Viettel/Stage2/ML-KEM/NTT/barret.v" Line 1. Module barret doesn't have a timescale but at least one module in design has a timescale.
WARNING: [XSIM 43-4099] "C:/Hung/Viettel/Stage2/ML-KEM/NTT/barret.v" Line 1. Module barret doesn't have a timescale but at least one module in design has a timescale.
WARNING: [XSIM 43-4099] "C:/Hung/Viettel/Stage2/ML-KEM/NTT/barret.v" Line 1. Module barret doesn't have a timescale but at least one module in design has a timescale.
WARNING: [XSIM 43-4099] "C:/Hung/Viettel/Stage2/ML-KEM/NTT/mul.v" Line 1. Module mul_default doesn't have a timescale but at least one module in design has a timescale.
WARNING: [XSIM 43-4099] "C:/Hung/Viettel/Stage2/ML-KEM/NTT/BoothDecode.v" Line 1. Module BoothDecode doesn't have a timescale but at least one module in design has a timescale.
WARNING: [XSIM 43-4099] "C:/Hung/Viettel/Stage2/ML-KEM/NTT/BoothDecode.v" Line 1. Module BoothDecode doesn't have a timescale but at least one module in design has a timescale.
WARNING: [XSIM 43-4099] "C:/Hung/Viettel/Stage2/ML-KEM/NTT/BoothDecode.v" Line 1. Module BoothDecode doesn't have a timescale but at least one module in design has a timescale.
WARNING: [XSIM 43-4099] "C:/Hung/Viettel/Stage2/ML-KEM/NTT/BoothDecode.v" Line 1. Module BoothDecode doesn't have a timescale but at least one module in design has a timescale.
WARNING: [XSIM 43-4099] "C:/Hung/Viettel/Stage2/ML-KEM/NTT/BoothDecode.v" Line 1. Module BoothDecode doesn't have a timescale but at least one module in design has a timescale.
WARNING: [XSIM 43-4099] "C:/Hung/Viettel/Stage2/ML-KEM/NTT/BoothDecode.v" Line 1. Module BoothDecode doesn't have a timescale but at least one module in design has a timescale.
WARNING: [XSIM 43-4099] "C:/Hung/Viettel/Stage2/ML-KEM/NTT/BoothDecode.v" Line 1. Module BoothDecode doesn't have a timescale but at least one module in design has a timescale.
WARNING: [XSIM 43-4099] "C:/Hung/Viettel/Stage2/ML-KEM/NTT/BoothDecode.v" Line 1. Module BoothDecode doesn't have a timescale but at least one module in design has a timescale.
WARNING: [XSIM 43-4099] "C:/Hung/Viettel/Stage2/ML-KEM/NTT/normalize_output.v" Line 1. Module normalize_output doesn't have a timescale but at least one module in design has a timescale.
WARNING: [XSIM 43-4099] "C:/Hung/Viettel/Stage2/ML-KEM/NTT/barret.v" Line 1. Module barret doesn't have a timescale but at least one module in design has a timescale.
WARNING: [XSIM 43-4099] "C:/Hung/Viettel/Stage2/ML-KEM/NTT/barret.v" Line 1. Module barret doesn't have a timescale but at least one module in design has a timescale.
Completed simulation data flow analysis
Time Resolution for simulation is 1ps
Compiling module xil_defaultlib.MyBootROM
Compiling module xil_defaultlib.bram_default
Compiling module xil_defaultlib.AddressGenerator
Compiling module xil_defaultlib.barret
Compiling module xil_defaultlib.BoothDecode
Compiling module xil_defaultlib.mul_default
Compiling module xil_defaultlib.bu_ntt
Compiling module xil_defaultlib.bu_intt
Compiling module xil_defaultlib.normalize_output
Compiling module xil_defaultlib.top
Compiling module xil_defaultlib.tb_top
Compiling module xil_defaultlib.glbl
Built simulation snapshot tb_top_behav
run_program: Time (s): cpu = 00:00:00 ; elapsed = 00:00:08 . Memory (MB): peak = 5590.207 ; gain = 0.000
INFO: [USF-XSim-69] 'elaborate' step finished in '8' seconds
INFO: [USF-XSim-4] XSim::Simulate design
INFO: [USF-XSim-61] Executing 'SIMULATE' step in 'C:/Hung/Viettel/Stage2/ML-KEM/ml_kem/ml_kem.sim/sim_1/behav/xsim'
INFO: [USF-XSim-98] *** Running xsim
   with args "tb_top_behav -key {Behavioral:sim_1:Functional:tb_top} -tclbatch {tb_top.tcl} -view {C:/Hung/Viettel/Stage2/ML-KEM/ml_kem/tb_top_func_impl.wcfg} -log {simulate.log}"
INFO: [USF-XSim-8] Loading simulator feature
Time resolution is 1 ps
open_wave_config C:/Hung/Viettel/Stage2/ML-KEM/ml_kem/tb_top_func_impl.wcfg
source tb_top.tcl
# set curr_wave [current_wave_config]
# if { [string length $curr_wave] == 0 } {
#   if { [llength [get_objects]] > 0} {
#     add_wave /
#     set_property needs_save false [current_wave_config]
#   } else {
#      send_msg_id Add_Wave-1 WARNING "No top level signals found. Simulator will start without a wave window. If you want to open a wave window go to 'File->New Waveform Configuration' or type 'create_wave_config' in the TCL console."
#   }
# }
# run 100000ns
[5800000] DONE_STORE!
$finish called at time : 5880 ns : File "C:/Hung/Viettel/Stage2/ML-KEM/NTT/tb_top.v" Line 125
INFO: [USF-XSim-96] XSim completed. Design snapshot 'tb_top_behav' loaded.
INFO: [USF-XSim-97] XSim simulation ran for 100000ns
launch_simulation: Time (s): cpu = 00:00:03 ; elapsed = 00:00:12 . Memory (MB): peak = 5590.207 ; gain = 0.000
close_sim
INFO: [Simtcl 6-16] Simulation closed
exit
INFO: [Common 17-206] Exiting Vivado at Mon Aug 18 09:52:56 2025...
