#-----------------------------------------------------------
# Vivado v2022.2.2 (64-bit)
# SW Build 3788238 on Tue Feb 21 20:00:34 MST 2023
# IP Build 3783773 on Tue Feb 21 23:41:56 MST 2023
# Start of session at: Mon Aug 18 09:53:01 2025
# Process ID: 12648
# Current directory: C:/Hung/Viettel/Stage2/ML-KEM/ml_kem
# Command line: vivado.exe -gui_launcher_event rodinguilauncherevent23440 C:\Hung\Viettel\Stage2\ML-KEM\ml_kem\ml_kem.xpr
# Log file: C:/Hung/Viettel/Stage2/ML-KEM/ml_kem/vivado.log
# Journal file: C:/Hung/Viettel/Stage2/ML-KEM/ml_kem\vivado.jou
# Running On: DESKTOP-DA5EM0P, OS: Windows, CPU Frequency: 2304 MHz, CPU Physical cores: 8, Host memory: 16948 MB
#-----------------------------------------------------------
start_gui
open_project C:/Hung/Viettel/Stage2/ML-KEM/ml_kem/ml_kem.xpr
WARNING: [Board 49-26] cannot add Board Part xilinx.com:vck190:part0:2.2 available at C:/Xilinx/Vivado/2022.2/data/xhub/boards/XilinxBoardStore/boards/Xilinx/vck190/production/2.2/board.xml as part xcvc1902-vsva2197-2mp-e-s specified in board_part file is either invalid or not available
WARNING: [Board 49-26] cannot add Board Part xilinx.com:vck190:part0:3.0 available at C:/Xilinx/Vivado/2022.2/data/xhub/boards/XilinxBoardStore/boards/Xilinx/vck190/production/3.0/board.xml as part xcvc1902-vsva2197-2mp-e-s specified in board_part file is either invalid or not available
WARNING: [Board 49-26] cannot add Board Part xilinx.com:vck190:part0:3.1 available at C:/Xilinx/Vivado/2022.2/data/xhub/boards/XilinxBoardStore/boards/Xilinx/vck190/production/3.1/board.xml as part xcvc1902-vsva2197-2mp-e-s specified in board_part file is either invalid or not available
WARNING: [Board 49-26] cannot add Board Part xilinx.com:vck190_newl:part0:1.0 available at C:/Xilinx/Vivado/2022.2/data/xhub/boards/XilinxBoardStore/boards/Xilinx/vck190_newl/production/1.0/board.xml as part xcvc1902-vsva2197-2mp-e-s specified in board_part file is either invalid or not available
WARNING: [Board 49-26] cannot add Board Part xilinx.com:vek280_es:part0:1.0 available at C:/Xilinx/Vivado/2022.2/data/xhub/boards/XilinxBoardStore/boards/Xilinx/vek280/es/rev_a/1.0/board.xml as part xcve2802-vsvh1760-2lp-e-s-es1 specified in board_part file is either invalid or not available
WARNING: [Board 49-26] cannot add Board Part xilinx.com:vek280_es_revb:part0:1.0 available at C:/Xilinx/Vivado/2022.2/data/xhub/boards/XilinxBoardStore/boards/Xilinx/vek280/es/rev_b/1.0/board.xml as part xcve2802-vsvh1760-2mp-e-s-es1 specified in board_part file is either invalid or not available
WARNING: [Board 49-26] cannot add Board Part xilinx.com:vhk158_es:part0:1.0 available at C:/Xilinx/Vivado/2022.2/data/xhub/boards/XilinxBoardStore/boards/Xilinx/vhk158/es/1.0/board.xml as part xcvh1582-vsva3697-2mp-e-s-es1 specified in board_part file is either invalid or not available
WARNING: [Board 49-26] cannot add Board Part xilinx.com:vmk180:part0:2.2 available at C:/Xilinx/Vivado/2022.2/data/xhub/boards/XilinxBoardStore/boards/Xilinx/vmk180/production/2.2/board.xml as part xcvm1802-vsva2197-2mp-e-s specified in board_part file is either invalid or not available
WARNING: [Board 49-26] cannot add Board Part xilinx.com:vmk180:part0:3.0 available at C:/Xilinx/Vivado/2022.2/data/xhub/boards/XilinxBoardStore/boards/Xilinx/vmk180/production/3.0/board.xml as part xcvm1802-vsva2197-2mp-e-s specified in board_part file is either invalid or not available
WARNING: [Board 49-26] cannot add Board Part xilinx.com:vmk180:part0:3.1 available at C:/Xilinx/Vivado/2022.2/data/xhub/boards/XilinxBoardStore/boards/Xilinx/vmk180/production/3.1/board.xml as part xcvm1802-vsva2197-2mp-e-s specified in board_part file is either invalid or not available
WARNING: [Board 49-26] cannot add Board Part xilinx.com:vmk180_newl:part0:1.0 available at C:/Xilinx/Vivado/2022.2/data/xhub/boards/XilinxBoardStore/boards/Xilinx/vmk180_newl/production/1.0/board.xml as part xcvm1802-vsva2197-2mp-e-s specified in board_part file is either invalid or not available
WARNING: [Board 49-26] cannot add Board Part xilinx.com:vpk120:part0:1.0 available at C:/Xilinx/Vivado/2022.2/data/xhub/boards/XilinxBoardStore/boards/Xilinx/vpk120/production/1.0/board.xml as part xcvp1202-vsva2785-2mp-e-s specified in board_part file is either invalid or not available
WARNING: [Board 49-26] cannot add Board Part xilinx.com:vpk120_es:part0:1.2 available at C:/Xilinx/Vivado/2022.2/data/xhub/boards/XilinxBoardStore/boards/Xilinx/vpk120/es/1.2/board.xml as part xcvp1202-vsva2785-2mp-e-s-es1 specified in board_part file is either invalid or not available
WARNING: [Board 49-26] cannot add Board Part xilinx.com:vpk120_es_revb:part0:1.0 available at C:/Xilinx/Vivado/2022.2/data/xhub/boards/XilinxBoardStore/boards/Xilinx/vpk120_revb/es/1.0/board.xml as part xcvp1202-vsva2785-2mp-e-s-es1 specified in board_part file is either invalid or not available
WARNING: [Board 49-26] cannot add Board Part xilinx.com:vpk180_es:part0:1.0 available at C:/Xilinx/Vivado/2022.2/data/xhub/boards/XilinxBoardStore/boards/Xilinx/vpk180/es/1.0/board.xml as part xcvp1802-lsvc4072-2mp-e-s-es1 specified in board_part file is either invalid or not available
WARNING: [Board 49-26] cannot add Board Part xilinx.com:zcu208ld:part0:2.0 available at C:/Xilinx/Vivado/2022.2/data/xhub/boards/XilinxBoardStore/boards/Xilinx/zcu208ld/production/2.0/board.xml as part xczu58dr-fsvg1517-2-i specified in board_part file is either invalid or not available
WARNING: [Board 49-26] cannot add Board Part xilinx.com:zcu216ld:part0:2.0 available at C:/Xilinx/Vivado/2022.2/data/xhub/boards/XilinxBoardStore/boards/Xilinx/zcu216ld/production/2.0/board.xml as part xczu59dr-ffvf1760-2-i specified in board_part file is either invalid or not available
WARNING: [Board 49-26] cannot add Board Part xilinx.com:zcu670:part0:2.0 available at C:/Xilinx/Vivado/2022.2/data/xhub/boards/XilinxBoardStore/boards/Xilinx/zcu670/2.0/board.xml as part xczu67dr-fsve1156-2-i specified in board_part file is either invalid or not available
WARNING: [Board 49-26] cannot add Board Part xilinx.com:zcu670ld:part0:1.0 available at C:/Xilinx/Vivado/2022.2/data/xhub/boards/XilinxBoardStore/boards/Xilinx/zcu670ld/1.0/board.xml as part xczu57dr-fsve1156-2-i specified in board_part file is either invalid or not available
INFO: [filemgmt 56-3] Default IP Output Path : Could not find the directory 'C:/Hung/Viettel/Stage2/ML-KEM/ml_kem/ml_kem.gen/sources_1'.
Scanning sources...
Finished scanning sources
INFO: [IP_Flow 19-234] Refreshing IP repositories
INFO: [IP_Flow 19-1704] No user IP repositories specified
INFO: [IP_Flow 19-2313] Loaded Vivado IP repository 'C:/Xilinx/Vivado/2022.2/data/ip'.
open_project: Time (s): cpu = 00:00:18 ; elapsed = 00:00:08 . Memory (MB): peak = 1169.871 ; gain = 273.102
update_compile_order -fileset sources_1
launch_simulation
Command: launch_simulation 
INFO: [Vivado 12-12493] Simulation top is 'tb_top'
WARNING: [Vivado 12-13340] Unable to auto find GCC executables from simulator install path! (path not set)
WARNING: [Vivado 12-13277] Compiled library path does not exist: ''
INFO: [Vivado 12-5682] Launching behavioral simulation in 'C:/Hung/Viettel/Stage2/ML-KEM/ml_kem/ml_kem.sim/sim_1/behav/xsim'
INFO: [SIM-utils-51] Simulation object is 'sim_1'
INFO: [SIM-utils-72] Using boost library from 'C:/Xilinx/Vivado/2022.2/tps/boost_1_72_0'
INFO: [SIM-utils-54] Inspecting design source files for 'tb_top' in fileset 'sim_1'...
INFO: [USF-XSim-97] Finding global include files...
INFO: [USF-XSim-98] Fetching design files from 'sim_1'...
INFO: [USF-XSim-2] XSim::Compile design
INFO: [USF-XSim-61] Executing 'COMPILE and ANALYZE' step in 'C:/Hung/Viettel/Stage2/ML-KEM/ml_kem/ml_kem.sim/sim_1/behav/xsim'
"xvlog --incr --relax -prj tb_top_vlog.prj"
INFO: [VRFC 10-2263] Analyzing Verilog file "C:/Hung/Viettel/Stage2/ML-KEM/NTT/AddressGenerator.v" into library xil_defaultlib
INFO: [VRFC 10-311] analyzing module AddressGenerator
INFO: [VRFC 10-2263] Analyzing Verilog file "C:/Hung/Viettel/Stage2/ML-KEM/NTT/BoothDecode.v" into library xil_defaultlib
INFO: [VRFC 10-311] analyzing module BoothDecode
INFO: [VRFC 10-2263] Analyzing Verilog file "C:/Hung/Viettel/Stage2/ML-KEM/NTT/MyBootRom.v" into library xil_defaultlib
INFO: [VRFC 10-311] analyzing module MyBootROM
INFO: [VRFC 10-2263] Analyzing Verilog file "C:/Hung/Viettel/Stage2/ML-KEM/NTT/barret.v" into library xil_defaultlib
INFO: [VRFC 10-311] analyzing module barret
INFO: [VRFC 10-2263] Analyzing Verilog file "C:/Hung/Viettel/Stage2/ML-KEM/NTT/bram.v" into library xil_defaultlib
INFO: [VRFC 10-311] analyzing module bram
INFO: [VRFC 10-2263] Analyzing Verilog file "C:/Hung/Viettel/Stage2/ML-KEM/NTT/bu_intt.v" into library xil_defaultlib
INFO: [VRFC 10-311] analyzing module bu_intt
INFO: [VRFC 10-2263] Analyzing Verilog file "C:/Hung/Viettel/Stage2/ML-KEM/NTT/bu_ntt.v" into library xil_defaultlib
INFO: [VRFC 10-311] analyzing module bu_ntt
INFO: [VRFC 10-2263] Analyzing Verilog file "C:/Hung/Viettel/Stage2/ML-KEM/NTT/mul.v" into library xil_defaultlib
INFO: [VRFC 10-311] analyzing module mul
INFO: [VRFC 10-2263] Analyzing Verilog file "C:/Hung/Viettel/Stage2/ML-KEM/NTT/normalize_output.v" into library xil_defaultlib
INFO: [VRFC 10-311] analyzing module normalize_output
INFO: [VRFC 10-2263] Analyzing Verilog file "C:/Hung/Viettel/Stage2/ML-KEM/NTT/top.v" into library xil_defaultlib
INFO: [VRFC 10-311] analyzing module top
INFO: [VRFC 10-2263] Analyzing Verilog file "C:/Hung/Viettel/Stage2/ML-KEM/NTT/tb_top.v" into library xil_defaultlib
INFO: [VRFC 10-311] analyzing module tb_top
INFO: [USF-XSim-69] 'compile' step finished in '1' seconds
INFO: [USF-XSim-3] XSim::Elaborate design
INFO: [USF-XSim-61] Executing 'ELABORATE' step in 'C:/Hung/Viettel/Stage2/ML-KEM/ml_kem/ml_kem.sim/sim_1/behav/xsim'
"xelab --incr --debug typical --relax --mt 2 -L xil_defaultlib -L unisims_ver -L unimacro_ver -L secureip --snapshot tb_top_behav xil_defaultlib.tb_top xil_defaultlib.glbl -log elaborate.log"
Vivado Simulator v2022.2.2
Copyright 1986-1999, 2001-2022 Xilinx, Inc. All Rights Reserved.
Running: C:/Xilinx/Vivado/2022.2/bin/unwrapped/win64.o/xelab.exe --incr --debug typical --relax --mt 2 -L xil_defaultlib -L unisims_ver -L unimacro_ver -L secureip --snapshot tb_top_behav xil_defaultlib.tb_top xil_defaultlib.glbl -log elaborate.log 
Using 2 slave threads.
Starting static elaboration
Pass Through NonSizing Optimizer
Completed static elaboration
Starting simulation data flow analysis
WARNING: [XSIM 43-4099] "C:/Hung/Viettel/Stage2/ML-KEM/NTT/top.v" Line 1. Module top doesn't have a timescale but at least one module in design has a timescale.
WARNING: [XSIM 43-4099] "C:/Hung/Viettel/Stage2/ML-KEM/NTT/MyBootRom.v" Line 1. Module MyBootROM doesn't have a timescale but at least one module in design has a timescale.
WARNING: [XSIM 43-4099] "C:/Hung/Viettel/Stage2/ML-KEM/NTT/bram.v" Line 1. Module bram_default doesn't have a timescale but at least one module in design has a timescale.
WARNING: [XSIM 43-4099] "C:/Hung/Viettel/Stage2/ML-KEM/NTT/AddressGenerator.v" Line 1. Module AddressGenerator doesn't have a timescale but at least one module in design has a timescale.
WARNING: [XSIM 43-4099] "C:/Hung/Viettel/Stage2/ML-KEM/NTT/bu_ntt.v" Line 1. Module bu_ntt doesn't have a timescale but at least one module in design has a timescale.
WARNING: [XSIM 43-4099] "C:/Hung/Viettel/Stage2/ML-KEM/NTT/barret.v" Line 1. Module barret doesn't have a timescale but at least one module in design has a timescale.
WARNING: [XSIM 43-4099] "C:/Hung/Viettel/Stage2/ML-KEM/NTT/barret.v" Line 1. Module barret doesn't have a timescale but at least one module in design has a timescale.
WARNING: [XSIM 43-4099] "C:/Hung/Viettel/Stage2/ML-KEM/NTT/barret.v" Line 1. Module barret doesn't have a timescale but at least one module in design has a timescale.
WARNING: [XSIM 43-4099] "C:/Hung/Viettel/Stage2/ML-KEM/NTT/mul.v" Line 1. Module mul_default doesn't have a timescale but at least one module in design has a timescale.
WARNING: [XSIM 43-4099] "C:/Hung/Viettel/Stage2/ML-KEM/NTT/BoothDecode.v" Line 1. Module BoothDecode doesn't have a timescale but at least one module in design has a timescale.
WARNING: [XSIM 43-4099] "C:/Hung/Viettel/Stage2/ML-KEM/NTT/BoothDecode.v" Line 1. Module BoothDecode doesn't have a timescale but at least one module in design has a timescale.
WARNING: [XSIM 43-4099] "C:/Hung/Viettel/Stage2/ML-KEM/NTT/BoothDecode.v" Line 1. Module BoothDecode doesn't have a timescale but at least one module in design has a timescale.
WARNING: [XSIM 43-4099] "C:/Hung/Viettel/Stage2/ML-KEM/NTT/BoothDecode.v" Line 1. Module BoothDecode doesn't have a timescale but at least one module in design has a timescale.
WARNING: [XSIM 43-4099] "C:/Hung/Viettel/Stage2/ML-KEM/NTT/BoothDecode.v" Line 1. Module BoothDecode doesn't have a timescale but at least one module in design has a timescale.
WARNING: [XSIM 43-4099] "C:/Hung/Viettel/Stage2/ML-KEM/NTT/BoothDecode.v" Line 1. Module BoothDecode doesn't have a timescale but at least one module in design has a timescale.
WARNING: [XSIM 43-4099] "C:/Hung/Viettel/Stage2/ML-KEM/NTT/BoothDecode.v" Line 1. Module BoothDecode doesn't have a timescale but at least one module in design has a timescale.
WARNING: [XSIM 43-4099] "C:/Hung/Viettel/Stage2/ML-KEM/NTT/BoothDecode.v" Line 1. Module BoothDecode doesn't have a timescale but at least one module in design has a timescale.
WARNING: [XSIM 43-4099] "C:/Hung/Viettel/Stage2/ML-KEM/NTT/bu_intt.v" Line 1. Module bu_intt doesn't have a timescale but at least one module in design has a timescale.
WARNING: [XSIM 43-4099] "C:/Hung/Viettel/Stage2/ML-KEM/NTT/barret.v" Line 1. Module barret doesn't have a timescale but at least one module in design has a timescale.
WARNING: [XSIM 43-4099] "C:/Hung/Viettel/Stage2/ML-KEM/NTT/barret.v" Line 1. Module barret doesn't have a timescale but at least one module in design has a timescale.
WARNING: [XSIM 43-4099] "C:/Hung/Viettel/Stage2/ML-KEM/NTT/barret.v" Line 1. Module barret doesn't have a timescale but at least one module in design has a timescale.
WARNING: [XSIM 43-4099] "C:/Hung/Viettel/Stage2/ML-KEM/NTT/mul.v" Line 1. Module mul_default doesn't have a timescale but at least one module in design has a timescale.
WARNING: [XSIM 43-4099] "C:/Hung/Viettel/Stage2/ML-KEM/NTT/BoothDecode.v" Line 1. Module BoothDecode doesn't have a timescale but at least one module in design has a timescale.
WARNING: [XSIM 43-4099] "C:/Hung/Viettel/Stage2/ML-KEM/NTT/BoothDecode.v" Line 1. Module BoothDecode doesn't have a timescale but at least one module in design has a timescale.
WARNING: [XSIM 43-4099] "C:/Hung/Viettel/Stage2/ML-KEM/NTT/BoothDecode.v" Line 1. Module BoothDecode doesn't have a timescale but at least one module in design has a timescale.
WARNING: [XSIM 43-4099] "C:/Hung/Viettel/Stage2/ML-KEM/NTT/BoothDecode.v" Line 1. Module BoothDecode doesn't have a timescale but at least one module in design has a timescale.
WARNING: [XSIM 43-4099] "C:/Hung/Viettel/Stage2/ML-KEM/NTT/BoothDecode.v" Line 1. Module BoothDecode doesn't have a timescale but at least one module in design has a timescale.
WARNING: [XSIM 43-4099] "C:/Hung/Viettel/Stage2/ML-KEM/NTT/BoothDecode.v" Line 1. Module BoothDecode doesn't have a timescale but at least one module in design has a timescale.
WARNING: [XSIM 43-4099] "C:/Hung/Viettel/Stage2/ML-KEM/NTT/BoothDecode.v" Line 1. Module BoothDecode doesn't have a timescale but at least one module in design has a timescale.
WARNING: [XSIM 43-4099] "C:/Hung/Viettel/Stage2/ML-KEM/NTT/BoothDecode.v" Line 1. Module BoothDecode doesn't have a timescale but at least one module in design has a timescale.
WARNING: [XSIM 43-4099] "C:/Hung/Viettel/Stage2/ML-KEM/NTT/normalize_output.v" Line 1. Module normalize_output doesn't have a timescale but at least one module in design has a timescale.
WARNING: [XSIM 43-4099] "C:/Hung/Viettel/Stage2/ML-KEM/NTT/barret.v" Line 1. Module barret doesn't have a timescale but at least one module in design has a timescale.
WARNING: [XSIM 43-4099] "C:/Hung/Viettel/Stage2/ML-KEM/NTT/barret.v" Line 1. Module barret doesn't have a timescale but at least one module in design has a timescale.
WARNING: [XSIM 43-4099] "C:/Hung/Viettel/Stage2/ML-KEM/NTT/top.v" Line 1. Module top doesn't have a timescale but at least one module in design has a timescale.
WARNING: [XSIM 43-4099] "C:/Hung/Viettel/Stage2/ML-KEM/NTT/MyBootRom.v" Line 1. Module MyBootROM doesn't have a timescale but at least one module in design has a timescale.
WARNING: [XSIM 43-4099] "C:/Hung/Viettel/Stage2/ML-KEM/NTT/bram.v" Line 1. Module bram_default doesn't have a timescale but at least one module in design has a timescale.
WARNING: [XSIM 43-4099] "C:/Hung/Viettel/Stage2/ML-KEM/NTT/AddressGenerator.v" Line 1. Module AddressGenerator doesn't have a timescale but at least one module in design has a timescale.
WARNING: [XSIM 43-4099] "C:/Hung/Viettel/Stage2/ML-KEM/NTT/bu_ntt.v" Line 1. Module bu_ntt doesn't have a timescale but at least one module in design has a timescale.
WARNING: [XSIM 43-4099] "C:/Hung/Viettel/Stage2/ML-KEM/NTT/barret.v" Line 1. Module barret doesn't have a timescale but at least one module in design has a timescale.
WARNING: [XSIM 43-4099] "C:/Hung/Viettel/Stage2/ML-KEM/NTT/barret.v" Line 1. Module barret doesn't have a timescale but at least one module in design has a timescale.
WARNING: [XSIM 43-4099] "C:/Hung/Viettel/Stage2/ML-KEM/NTT/barret.v" Line 1. Module barret doesn't have a timescale but at least one module in design has a timescale.
WARNING: [XSIM 43-4099] "C:/Hung/Viettel/Stage2/ML-KEM/NTT/mul.v" Line 1. Module mul_default doesn't have a timescale but at least one module in design has a timescale.
WARNING: [XSIM 43-4099] "C:/Hung/Viettel/Stage2/ML-KEM/NTT/BoothDecode.v" Line 1. Module BoothDecode doesn't have a timescale but at least one module in design has a timescale.
WARNING: [XSIM 43-4099] "C:/Hung/Viettel/Stage2/ML-KEM/NTT/BoothDecode.v" Line 1. Module BoothDecode doesn't have a timescale but at least one module in design has a timescale.
WARNING: [XSIM 43-4099] "C:/Hung/Viettel/Stage2/ML-KEM/NTT/BoothDecode.v" Line 1. Module BoothDecode doesn't have a timescale but at least one module in design has a timescale.
WARNING: [XSIM 43-4099] "C:/Hung/Viettel/Stage2/ML-KEM/NTT/BoothDecode.v" Line 1. Module BoothDecode doesn't have a timescale but at least one module in design has a timescale.
WARNING: [XSIM 43-4099] "C:/Hung/Viettel/Stage2/ML-KEM/NTT/BoothDecode.v" Line 1. Module BoothDecode doesn't have a timescale but at least one module in design has a timescale.
WARNING: [XSIM 43-4099] "C:/Hung/Viettel/Stage2/ML-KEM/NTT/BoothDecode.v" Line 1. Module BoothDecode doesn't have a timescale but at least one module in design has a timescale.
WARNING: [XSIM 43-4099] "C:/Hung/Viettel/Stage2/ML-KEM/NTT/BoothDecode.v" Line 1. Module BoothDecode doesn't have a timescale but at least one module in design has a timescale.
WARNING: [XSIM 43-4099] "C:/Hung/Viettel/Stage2/ML-KEM/NTT/BoothDecode.v" Line 1. Module BoothDecode doesn't have a timescale but at least one module in design has a timescale.
WARNING: [XSIM 43-4099] "C:/Hung/Viettel/Stage2/ML-KEM/NTT/bu_intt.v" Line 1. Module bu_intt doesn't have a timescale but at least one module in design has a timescale.
WARNING: [XSIM 43-4099] "C:/Hung/Viettel/Stage2/ML-KEM/NTT/barret.v" Line 1. Module barret doesn't have a timescale but at least one module in design has a timescale.
WARNING: [XSIM 43-4099] "C:/Hung/Viettel/Stage2/ML-KEM/NTT/barret.v" Line 1. Module barret doesn't have a timescale but at least one module in design has a timescale.
WARNING: [XSIM 43-4099] "C:/Hung/Viettel/Stage2/ML-KEM/NTT/barret.v" Line 1. Module barret doesn't have a timescale but at least one module in design has a timescale.
WARNING: [XSIM 43-4099] "C:/Hung/Viettel/Stage2/ML-KEM/NTT/mul.v" Line 1. Module mul_default doesn't have a timescale but at least one module in design has a timescale.
WARNING: [XSIM 43-4099] "C:/Hung/Viettel/Stage2/ML-KEM/NTT/BoothDecode.v" Line 1. Module BoothDecode doesn't have a timescale but at least one module in design has a timescale.
WARNING: [XSIM 43-4099] "C:/Hung/Viettel/Stage2/ML-KEM/NTT/BoothDecode.v" Line 1. Module BoothDecode doesn't have a timescale but at least one module in design has a timescale.
WARNING: [XSIM 43-4099] "C:/Hung/Viettel/Stage2/ML-KEM/NTT/BoothDecode.v" Line 1. Module BoothDecode doesn't have a timescale but at least one module in design has a timescale.
WARNING: [XSIM 43-4099] "C:/Hung/Viettel/Stage2/ML-KEM/NTT/BoothDecode.v" Line 1. Module BoothDecode doesn't have a timescale but at least one module in design has a timescale.
WARNING: [XSIM 43-4099] "C:/Hung/Viettel/Stage2/ML-KEM/NTT/BoothDecode.v" Line 1. Module BoothDecode doesn't have a timescale but at least one module in design has a timescale.
WARNING: [XSIM 43-4099] "C:/Hung/Viettel/Stage2/ML-KEM/NTT/BoothDecode.v" Line 1. Module BoothDecode doesn't have a timescale but at least one module in design has a timescale.
WARNING: [XSIM 43-4099] "C:/Hung/Viettel/Stage2/ML-KEM/NTT/BoothDecode.v" Line 1. Module BoothDecode doesn't have a timescale but at least one module in design has a timescale.
WARNING: [XSIM 43-4099] "C:/Hung/Viettel/Stage2/ML-KEM/NTT/BoothDecode.v" Line 1. Module BoothDecode doesn't have a timescale but at least one module in design has a timescale.
WARNING: [XSIM 43-4099] "C:/Hung/Viettel/Stage2/ML-KEM/NTT/normalize_output.v" Line 1. Module normalize_output doesn't have a timescale but at least one module in design has a timescale.
WARNING: [XSIM 43-4099] "C:/Hung/Viettel/Stage2/ML-KEM/NTT/barret.v" Line 1. Module barret doesn't have a timescale but at least one module in design has a timescale.
WARNING: [XSIM 43-4099] "C:/Hung/Viettel/Stage2/ML-KEM/NTT/barret.v" Line 1. Module barret doesn't have a timescale but at least one module in design has a timescale.
Completed simulation data flow analysis
Time Resolution for simulation is 1ps
Compiling module xil_defaultlib.MyBootROM
Compiling module xil_defaultlib.bram_default
Compiling module xil_defaultlib.AddressGenerator
Compiling module xil_defaultlib.barret
Compiling module xil_defaultlib.BoothDecode
Compiling module xil_defaultlib.mul_default
Compiling module xil_defaultlib.bu_ntt
Compiling module xil_defaultlib.bu_intt
Compiling module xil_defaultlib.normalize_output
Compiling module xil_defaultlib.top
Compiling module xil_defaultlib.tb_top
Compiling module xil_defaultlib.glbl
Built simulation snapshot tb_top_behav
run_program: Time (s): cpu = 00:00:01 ; elapsed = 00:00:06 . Memory (MB): peak = 1194.883 ; gain = 0.000
INFO: [USF-XSim-69] 'elaborate' step finished in '6' seconds
INFO: [USF-XSim-4] XSim::Simulate design
INFO: [USF-XSim-61] Executing 'SIMULATE' step in 'C:/Hung/Viettel/Stage2/ML-KEM/ml_kem/ml_kem.sim/sim_1/behav/xsim'
INFO: [USF-XSim-98] *** Running xsim
   with args "tb_top_behav -key {Behavioral:sim_1:Functional:tb_top} -tclbatch {tb_top.tcl} -view {C:/Hung/Viettel/Stage2/ML-KEM/ml_kem/tb_top_func_impl.wcfg} -log {simulate.log}"
INFO: [USF-XSim-8] Loading simulator feature
Time resolution is 1 ps
open_wave_config C:/Hung/Viettel/Stage2/ML-KEM/ml_kem/tb_top_func_impl.wcfg
source tb_top.tcl
# set curr_wave [current_wave_config]
# if { [string length $curr_wave] == 0 } {
#   if { [llength [get_objects]] > 0} {
#     add_wave /
#     set_property needs_save false [current_wave_config]
#   } else {
#      send_msg_id Add_Wave-1 WARNING "No top level signals found. Simulator will start without a wave window. If you want to open a wave window go to 'File->New Waveform Configuration' or type 'create_wave_config' in the TCL console."
#   }
# }
# run 100000ns
[5800000] DONE_STORE!
$finish called at time : 5880 ns : File "C:/Hung/Viettel/Stage2/ML-KEM/NTT/tb_top.v" Line 125
INFO: [USF-XSim-96] XSim completed. Design snapshot 'tb_top_behav' loaded.
INFO: [USF-XSim-97] XSim simulation ran for 100000ns
launch_simulation: Time (s): cpu = 00:00:06 ; elapsed = 00:00:11 . Memory (MB): peak = 1207.309 ; gain = 12.426
close_sim
INFO: [Simtcl 6-16] Simulation closed
launch_simulation
Command: launch_simulation 
INFO: [Vivado 12-12493] Simulation top is 'tb_top'
WARNING: [Vivado 12-13340] Unable to auto find GCC executables from simulator install path! (path not set)
WARNING: [Vivado 12-13277] Compiled library path does not exist: ''
INFO: [Vivado 12-5682] Launching behavioral simulation in 'C:/Hung/Viettel/Stage2/ML-KEM/ml_kem/ml_kem.sim/sim_1/behav/xsim'
INFO: [SIM-utils-51] Simulation object is 'sim_1'
INFO: [SIM-utils-72] Using boost library from 'C:/Xilinx/Vivado/2022.2/tps/boost_1_72_0'
INFO: [SIM-utils-54] Inspecting design source files for 'tb_top' in fileset 'sim_1'...
INFO: [USF-XSim-97] Finding global include files...
INFO: [USF-XSim-98] Fetching design files from 'sim_1'...
INFO: [USF-XSim-2] XSim::Compile design
INFO: [USF-XSim-61] Executing 'COMPILE and ANALYZE' step in 'C:/Hung/Viettel/Stage2/ML-KEM/ml_kem/ml_kem.sim/sim_1/behav/xsim'
"xvlog --incr --relax -prj tb_top_vlog.prj"
INFO: [VRFC 10-2263] Analyzing Verilog file "C:/Hung/Viettel/Stage2/ML-KEM/NTT/AddressGenerator.v" into library xil_defaultlib
INFO: [VRFC 10-311] analyzing module AddressGenerator
INFO: [VRFC 10-2263] Analyzing Verilog file "C:/Hung/Viettel/Stage2/ML-KEM/NTT/BoothDecode.v" into library xil_defaultlib
INFO: [VRFC 10-311] analyzing module BoothDecode
INFO: [VRFC 10-2263] Analyzing Verilog file "C:/Hung/Viettel/Stage2/ML-KEM/NTT/MyBootRom.v" into library xil_defaultlib
INFO: [VRFC 10-311] analyzing module MyBootROM
INFO: [VRFC 10-2263] Analyzing Verilog file "C:/Hung/Viettel/Stage2/ML-KEM/NTT/barret.v" into library xil_defaultlib
INFO: [VRFC 10-311] analyzing module barret
INFO: [VRFC 10-2263] Analyzing Verilog file "C:/Hung/Viettel/Stage2/ML-KEM/NTT/bram.v" into library xil_defaultlib
INFO: [VRFC 10-311] analyzing module bram
INFO: [VRFC 10-2263] Analyzing Verilog file "C:/Hung/Viettel/Stage2/ML-KEM/NTT/bu_intt.v" into library xil_defaultlib
INFO: [VRFC 10-311] analyzing module bu_intt
INFO: [VRFC 10-2263] Analyzing Verilog file "C:/Hung/Viettel/Stage2/ML-KEM/NTT/bu_ntt.v" into library xil_defaultlib
INFO: [VRFC 10-311] analyzing module bu_ntt
INFO: [VRFC 10-2263] Analyzing Verilog file "C:/Hung/Viettel/Stage2/ML-KEM/NTT/mul.v" into library xil_defaultlib
INFO: [VRFC 10-311] analyzing module mul
INFO: [VRFC 10-2263] Analyzing Verilog file "C:/Hung/Viettel/Stage2/ML-KEM/NTT/normalize_output.v" into library xil_defaultlib
INFO: [VRFC 10-311] analyzing module normalize_output
INFO: [VRFC 10-2263] Analyzing Verilog file "C:/Hung/Viettel/Stage2/ML-KEM/NTT/top.v" into library xil_defaultlib
INFO: [VRFC 10-311] analyzing module top
INFO: [VRFC 10-2263] Analyzing Verilog file "C:/Hung/Viettel/Stage2/ML-KEM/NTT/tb_top.v" into library xil_defaultlib
INFO: [VRFC 10-311] analyzing module tb_top
INFO: [USF-XSim-69] 'compile' step finished in '2' seconds
INFO: [USF-XSim-3] XSim::Elaborate design
INFO: [USF-XSim-61] Executing 'ELABORATE' step in 'C:/Hung/Viettel/Stage2/ML-KEM/ml_kem/ml_kem.sim/sim_1/behav/xsim'
"xelab --incr --debug typical --relax --mt 2 -L xil_defaultlib -L unisims_ver -L unimacro_ver -L secureip --snapshot tb_top_behav xil_defaultlib.tb_top xil_defaultlib.glbl -log elaborate.log"
Vivado Simulator v2022.2.2
Copyright 1986-1999, 2001-2022 Xilinx, Inc. All Rights Reserved.
Running: C:/Xilinx/Vivado/2022.2/bin/unwrapped/win64.o/xelab.exe --incr --debug typical --relax --mt 2 -L xil_defaultlib -L unisims_ver -L unimacro_ver -L secureip --snapshot tb_top_behav xil_defaultlib.tb_top xil_defaultlib.glbl -log elaborate.log 
Using 2 slave threads.
Starting static elaboration
Pass Through NonSizing Optimizer
Completed static elaboration
Starting simulation data flow analysis
WARNING: [XSIM 43-4099] "C:/Hung/Viettel/Stage2/ML-KEM/NTT/top.v" Line 1. Module top doesn't have a timescale but at least one module in design has a timescale.
WARNING: [XSIM 43-4099] "C:/Hung/Viettel/Stage2/ML-KEM/NTT/MyBootRom.v" Line 1. Module MyBootROM doesn't have a timescale but at least one module in design has a timescale.
WARNING: [XSIM 43-4099] "C:/Hung/Viettel/Stage2/ML-KEM/NTT/bram.v" Line 1. Module bram_default doesn't have a timescale but at least one module in design has a timescale.
WARNING: [XSIM 43-4099] "C:/Hung/Viettel/Stage2/ML-KEM/NTT/AddressGenerator.v" Line 1. Module AddressGenerator doesn't have a timescale but at least one module in design has a timescale.
WARNING: [XSIM 43-4099] "C:/Hung/Viettel/Stage2/ML-KEM/NTT/bu_ntt.v" Line 1. Module bu_ntt doesn't have a timescale but at least one module in design has a timescale.
WARNING: [XSIM 43-4099] "C:/Hung/Viettel/Stage2/ML-KEM/NTT/barret.v" Line 1. Module barret doesn't have a timescale but at least one module in design has a timescale.
WARNING: [XSIM 43-4099] "C:/Hung/Viettel/Stage2/ML-KEM/NTT/barret.v" Line 1. Module barret doesn't have a timescale but at least one module in design has a timescale.
WARNING: [XSIM 43-4099] "C:/Hung/Viettel/Stage2/ML-KEM/NTT/barret.v" Line 1. Module barret doesn't have a timescale but at least one module in design has a timescale.
WARNING: [XSIM 43-4099] "C:/Hung/Viettel/Stage2/ML-KEM/NTT/mul.v" Line 1. Module mul_default doesn't have a timescale but at least one module in design has a timescale.
WARNING: [XSIM 43-4099] "C:/Hung/Viettel/Stage2/ML-KEM/NTT/BoothDecode.v" Line 1. Module BoothDecode doesn't have a timescale but at least one module in design has a timescale.
WARNING: [XSIM 43-4099] "C:/Hung/Viettel/Stage2/ML-KEM/NTT/BoothDecode.v" Line 1. Module BoothDecode doesn't have a timescale but at least one module in design has a timescale.
WARNING: [XSIM 43-4099] "C:/Hung/Viettel/Stage2/ML-KEM/NTT/BoothDecode.v" Line 1. Module BoothDecode doesn't have a timescale but at least one module in design has a timescale.
WARNING: [XSIM 43-4099] "C:/Hung/Viettel/Stage2/ML-KEM/NTT/BoothDecode.v" Line 1. Module BoothDecode doesn't have a timescale but at least one module in design has a timescale.
WARNING: [XSIM 43-4099] "C:/Hung/Viettel/Stage2/ML-KEM/NTT/BoothDecode.v" Line 1. Module BoothDecode doesn't have a timescale but at least one module in design has a timescale.
WARNING: [XSIM 43-4099] "C:/Hung/Viettel/Stage2/ML-KEM/NTT/BoothDecode.v" Line 1. Module BoothDecode doesn't have a timescale but at least one module in design has a timescale.
WARNING: [XSIM 43-4099] "C:/Hung/Viettel/Stage2/ML-KEM/NTT/BoothDecode.v" Line 1. Module BoothDecode doesn't have a timescale but at least one module in design has a timescale.
WARNING: [XSIM 43-4099] "C:/Hung/Viettel/Stage2/ML-KEM/NTT/BoothDecode.v" Line 1. Module BoothDecode doesn't have a timescale but at least one module in design has a timescale.
WARNING: [XSIM 43-4099] "C:/Hung/Viettel/Stage2/ML-KEM/NTT/bu_intt.v" Line 1. Module bu_intt doesn't have a timescale but at least one module in design has a timescale.
WARNING: [XSIM 43-4099] "C:/Hung/Viettel/Stage2/ML-KEM/NTT/barret.v" Line 1. Module barret doesn't have a timescale but at least one module in design has a timescale.
WARNING: [XSIM 43-4099] "C:/Hung/Viettel/Stage2/ML-KEM/NTT/barret.v" Line 1. Module barret doesn't have a timescale but at least one module in design has a timescale.
WARNING: [XSIM 43-4099] "C:/Hung/Viettel/Stage2/ML-KEM/NTT/barret.v" Line 1. Module barret doesn't have a timescale but at least one module in design has a timescale.
WARNING: [XSIM 43-4099] "C:/Hung/Viettel/Stage2/ML-KEM/NTT/mul.v" Line 1. Module mul_default doesn't have a timescale but at least one module in design has a timescale.
WARNING: [XSIM 43-4099] "C:/Hung/Viettel/Stage2/ML-KEM/NTT/BoothDecode.v" Line 1. Module BoothDecode doesn't have a timescale but at least one module in design has a timescale.
WARNING: [XSIM 43-4099] "C:/Hung/Viettel/Stage2/ML-KEM/NTT/BoothDecode.v" Line 1. Module BoothDecode doesn't have a timescale but at least one module in design has a timescale.
WARNING: [XSIM 43-4099] "C:/Hung/Viettel/Stage2/ML-KEM/NTT/BoothDecode.v" Line 1. Module BoothDecode doesn't have a timescale but at least one module in design has a timescale.
WARNING: [XSIM 43-4099] "C:/Hung/Viettel/Stage2/ML-KEM/NTT/BoothDecode.v" Line 1. Module BoothDecode doesn't have a timescale but at least one module in design has a timescale.
WARNING: [XSIM 43-4099] "C:/Hung/Viettel/Stage2/ML-KEM/NTT/BoothDecode.v" Line 1. Module BoothDecode doesn't have a timescale but at least one module in design has a timescale.
WARNING: [XSIM 43-4099] "C:/Hung/Viettel/Stage2/ML-KEM/NTT/BoothDecode.v" Line 1. Module BoothDecode doesn't have a timescale but at least one module in design has a timescale.
WARNING: [XSIM 43-4099] "C:/Hung/Viettel/Stage2/ML-KEM/NTT/BoothDecode.v" Line 1. Module BoothDecode doesn't have a timescale but at least one module in design has a timescale.
WARNING: [XSIM 43-4099] "C:/Hung/Viettel/Stage2/ML-KEM/NTT/BoothDecode.v" Line 1. Module BoothDecode doesn't have a timescale but at least one module in design has a timescale.
WARNING: [XSIM 43-4099] "C:/Hung/Viettel/Stage2/ML-KEM/NTT/normalize_output.v" Line 1. Module normalize_output doesn't have a timescale but at least one module in design has a timescale.
WARNING: [XSIM 43-4099] "C:/Hung/Viettel/Stage2/ML-KEM/NTT/barret.v" Line 1. Module barret doesn't have a timescale but at least one module in design has a timescale.
WARNING: [XSIM 43-4099] "C:/Hung/Viettel/Stage2/ML-KEM/NTT/barret.v" Line 1. Module barret doesn't have a timescale but at least one module in design has a timescale.
WARNING: [XSIM 43-4099] "C:/Hung/Viettel/Stage2/ML-KEM/NTT/top.v" Line 1. Module top doesn't have a timescale but at least one module in design has a timescale.
WARNING: [XSIM 43-4099] "C:/Hung/Viettel/Stage2/ML-KEM/NTT/MyBootRom.v" Line 1. Module MyBootROM doesn't have a timescale but at least one module in design has a timescale.
WARNING: [XSIM 43-4099] "C:/Hung/Viettel/Stage2/ML-KEM/NTT/bram.v" Line 1. Module bram_default doesn't have a timescale but at least one module in design has a timescale.
WARNING: [XSIM 43-4099] "C:/Hung/Viettel/Stage2/ML-KEM/NTT/AddressGenerator.v" Line 1. Module AddressGenerator doesn't have a timescale but at least one module in design has a timescale.
WARNING: [XSIM 43-4099] "C:/Hung/Viettel/Stage2/ML-KEM/NTT/bu_ntt.v" Line 1. Module bu_ntt doesn't have a timescale but at least one module in design has a timescale.
WARNING: [XSIM 43-4099] "C:/Hung/Viettel/Stage2/ML-KEM/NTT/barret.v" Line 1. Module barret doesn't have a timescale but at least one module in design has a timescale.
WARNING: [XSIM 43-4099] "C:/Hung/Viettel/Stage2/ML-KEM/NTT/barret.v" Line 1. Module barret doesn't have a timescale but at least one module in design has a timescale.
WARNING: [XSIM 43-4099] "C:/Hung/Viettel/Stage2/ML-KEM/NTT/barret.v" Line 1. Module barret doesn't have a timescale but at least one module in design has a timescale.
WARNING: [XSIM 43-4099] "C:/Hung/Viettel/Stage2/ML-KEM/NTT/mul.v" Line 1. Module mul_default doesn't have a timescale but at least one module in design has a timescale.
WARNING: [XSIM 43-4099] "C:/Hung/Viettel/Stage2/ML-KEM/NTT/BoothDecode.v" Line 1. Module BoothDecode doesn't have a timescale but at least one module in design has a timescale.
WARNING: [XSIM 43-4099] "C:/Hung/Viettel/Stage2/ML-KEM/NTT/BoothDecode.v" Line 1. Module BoothDecode doesn't have a timescale but at least one module in design has a timescale.
WARNING: [XSIM 43-4099] "C:/Hung/Viettel/Stage2/ML-KEM/NTT/BoothDecode.v" Line 1. Module BoothDecode doesn't have a timescale but at least one module in design has a timescale.
WARNING: [XSIM 43-4099] "C:/Hung/Viettel/Stage2/ML-KEM/NTT/BoothDecode.v" Line 1. Module BoothDecode doesn't have a timescale but at least one module in design has a timescale.
WARNING: [XSIM 43-4099] "C:/Hung/Viettel/Stage2/ML-KEM/NTT/BoothDecode.v" Line 1. Module BoothDecode doesn't have a timescale but at least one module in design has a timescale.
WARNING: [XSIM 43-4099] "C:/Hung/Viettel/Stage2/ML-KEM/NTT/BoothDecode.v" Line 1. Module BoothDecode doesn't have a timescale but at least one module in design has a timescale.
WARNING: [XSIM 43-4099] "C:/Hung/Viettel/Stage2/ML-KEM/NTT/BoothDecode.v" Line 1. Module BoothDecode doesn't have a timescale but at least one module in design has a timescale.
WARNING: [XSIM 43-4099] "C:/Hung/Viettel/Stage2/ML-KEM/NTT/BoothDecode.v" Line 1. Module BoothDecode doesn't have a timescale but at least one module in design has a timescale.
WARNING: [XSIM 43-4099] "C:/Hung/Viettel/Stage2/ML-KEM/NTT/bu_intt.v" Line 1. Module bu_intt doesn't have a timescale but at least one module in design has a timescale.
WARNING: [XSIM 43-4099] "C:/Hung/Viettel/Stage2/ML-KEM/NTT/barret.v" Line 1. Module barret doesn't have a timescale but at least one module in design has a timescale.
WARNING: [XSIM 43-4099] "C:/Hung/Viettel/Stage2/ML-KEM/NTT/barret.v" Line 1. Module barret doesn't have a timescale but at least one module in design has a timescale.
WARNING: [XSIM 43-4099] "C:/Hung/Viettel/Stage2/ML-KEM/NTT/barret.v" Line 1. Module barret doesn't have a timescale but at least one module in design has a timescale.
WARNING: [XSIM 43-4099] "C:/Hung/Viettel/Stage2/ML-KEM/NTT/mul.v" Line 1. Module mul_default doesn't have a timescale but at least one module in design has a timescale.
WARNING: [XSIM 43-4099] "C:/Hung/Viettel/Stage2/ML-KEM/NTT/BoothDecode.v" Line 1. Module BoothDecode doesn't have a timescale but at least one module in design has a timescale.
WARNING: [XSIM 43-4099] "C:/Hung/Viettel/Stage2/ML-KEM/NTT/BoothDecode.v" Line 1. Module BoothDecode doesn't have a timescale but at least one module in design has a timescale.
WARNING: [XSIM 43-4099] "C:/Hung/Viettel/Stage2/ML-KEM/NTT/BoothDecode.v" Line 1. Module BoothDecode doesn't have a timescale but at least one module in design has a timescale.
WARNING: [XSIM 43-4099] "C:/Hung/Viettel/Stage2/ML-KEM/NTT/BoothDecode.v" Line 1. Module BoothDecode doesn't have a timescale but at least one module in design has a timescale.
WARNING: [XSIM 43-4099] "C:/Hung/Viettel/Stage2/ML-KEM/NTT/BoothDecode.v" Line 1. Module BoothDecode doesn't have a timescale but at least one module in design has a timescale.
WARNING: [XSIM 43-4099] "C:/Hung/Viettel/Stage2/ML-KEM/NTT/BoothDecode.v" Line 1. Module BoothDecode doesn't have a timescale but at least one module in design has a timescale.
WARNING: [XSIM 43-4099] "C:/Hung/Viettel/Stage2/ML-KEM/NTT/BoothDecode.v" Line 1. Module BoothDecode doesn't have a timescale but at least one module in design has a timescale.
WARNING: [XSIM 43-4099] "C:/Hung/Viettel/Stage2/ML-KEM/NTT/BoothDecode.v" Line 1. Module BoothDecode doesn't have a timescale but at least one module in design has a timescale.
WARNING: [XSIM 43-4099] "C:/Hung/Viettel/Stage2/ML-KEM/NTT/normalize_output.v" Line 1. Module normalize_output doesn't have a timescale but at least one module in design has a timescale.
WARNING: [XSIM 43-4099] "C:/Hung/Viettel/Stage2/ML-KEM/NTT/barret.v" Line 1. Module barret doesn't have a timescale but at least one module in design has a timescale.
WARNING: [XSIM 43-4099] "C:/Hung/Viettel/Stage2/ML-KEM/NTT/barret.v" Line 1. Module barret doesn't have a timescale but at least one module in design has a timescale.
Completed simulation data flow analysis
Time Resolution for simulation is 1ps
Compiling module xil_defaultlib.MyBootROM
Compiling module xil_defaultlib.bram_default
Compiling module xil_defaultlib.AddressGenerator
Compiling module xil_defaultlib.barret
Compiling module xil_defaultlib.BoothDecode
Compiling module xil_defaultlib.mul_default
Compiling module xil_defaultlib.bu_ntt
Compiling module xil_defaultlib.bu_intt
Compiling module xil_defaultlib.normalize_output
Compiling module xil_defaultlib.top
Compiling module xil_defaultlib.tb_top
Compiling module xil_defaultlib.glbl
Built simulation snapshot tb_top_behav
run_program: Time (s): cpu = 00:00:00 ; elapsed = 00:00:06 . Memory (MB): peak = 1218.711 ; gain = 0.000
INFO: [USF-XSim-69] 'elaborate' step finished in '6' seconds
INFO: [USF-XSim-4] XSim::Simulate design
INFO: [USF-XSim-61] Executing 'SIMULATE' step in 'C:/Hung/Viettel/Stage2/ML-KEM/ml_kem/ml_kem.sim/sim_1/behav/xsim'
INFO: [USF-XSim-98] *** Running xsim
   with args "tb_top_behav -key {Behavioral:sim_1:Functional:tb_top} -tclbatch {tb_top.tcl} -view {C:/Hung/Viettel/Stage2/ML-KEM/ml_kem/tb_top_func_impl.wcfg} -log {simulate.log}"
INFO: [USF-XSim-8] Loading simulator feature
Time resolution is 1 ps
open_wave_config C:/Hung/Viettel/Stage2/ML-KEM/ml_kem/tb_top_func_impl.wcfg
source tb_top.tcl
# set curr_wave [current_wave_config]
# if { [string length $curr_wave] == 0 } {
#   if { [llength [get_objects]] > 0} {
#     add_wave /
#     set_property needs_save false [current_wave_config]
#   } else {
#      send_msg_id Add_Wave-1 WARNING "No top level signals found. Simulator will start without a wave window. If you want to open a wave window go to 'File->New Waveform Configuration' or type 'create_wave_config' in the TCL console."
#   }
# }
# run 100000ns
[5800000] DONE_STORE!
$finish called at time : 5880 ns : File "C:/Hung/Viettel/Stage2/ML-KEM/NTT/tb_top.v" Line 125
INFO: [USF-XSim-96] XSim completed. Design snapshot 'tb_top_behav' loaded.
INFO: [USF-XSim-97] XSim simulation ran for 100000ns
launch_simulation: Time (s): cpu = 00:00:03 ; elapsed = 00:00:09 . Memory (MB): peak = 1229.758 ; gain = 11.047
close_sim
INFO: [Simtcl 6-16] Simulation closed
launch_simulation
Command: launch_simulation 
INFO: [Vivado 12-12493] Simulation top is 'tb_top'
WARNING: [Vivado 12-13340] Unable to auto find GCC executables from simulator install path! (path not set)
WARNING: [Vivado 12-13277] Compiled library path does not exist: ''
INFO: [Vivado 12-5682] Launching behavioral simulation in 'C:/Hung/Viettel/Stage2/ML-KEM/ml_kem/ml_kem.sim/sim_1/behav/xsim'
INFO: [SIM-utils-51] Simulation object is 'sim_1'
INFO: [SIM-utils-72] Using boost library from 'C:/Xilinx/Vivado/2022.2/tps/boost_1_72_0'
INFO: [SIM-utils-54] Inspecting design source files for 'tb_top' in fileset 'sim_1'...
INFO: [USF-XSim-97] Finding global include files...
INFO: [USF-XSim-98] Fetching design files from 'sim_1'...
INFO: [USF-XSim-2] XSim::Compile design
INFO: [USF-XSim-61] Executing 'COMPILE and ANALYZE' step in 'C:/Hung/Viettel/Stage2/ML-KEM/ml_kem/ml_kem.sim/sim_1/behav/xsim'
"xvlog --incr --relax -prj tb_top_vlog.prj"
INFO: [USF-XSim-69] 'compile' step finished in '1' seconds
INFO: [USF-XSim-3] XSim::Elaborate design
INFO: [USF-XSim-61] Executing 'ELABORATE' step in 'C:/Hung/Viettel/Stage2/ML-KEM/ml_kem/ml_kem.sim/sim_1/behav/xsim'
"xelab --incr --debug typical --relax --mt 2 -L xil_defaultlib -L unisims_ver -L unimacro_ver -L secureip --snapshot tb_top_behav xil_defaultlib.tb_top xil_defaultlib.glbl -log elaborate.log"
Vivado Simulator v2022.2.2
Copyright 1986-1999, 2001-2022 Xilinx, Inc. All Rights Reserved.
Running: C:/Xilinx/Vivado/2022.2/bin/unwrapped/win64.o/xelab.exe --incr --debug typical --relax --mt 2 -L xil_defaultlib -L unisims_ver -L unimacro_ver -L secureip --snapshot tb_top_behav xil_defaultlib.tb_top xil_defaultlib.glbl -log elaborate.log 
Using 2 slave threads.
Starting static elaboration
Pass Through NonSizing Optimizer
Completed static elaboration
INFO: [XSIM 43-4323] No Change in HDL. Linking previously generated obj files to create kernel
INFO: [USF-XSim-69] 'elaborate' step finished in '2' seconds
INFO: [USF-XSim-4] XSim::Simulate design
INFO: [USF-XSim-61] Executing 'SIMULATE' step in 'C:/Hung/Viettel/Stage2/ML-KEM/ml_kem/ml_kem.sim/sim_1/behav/xsim'
INFO: [USF-XSim-98] *** Running xsim
   with args "tb_top_behav -key {Behavioral:sim_1:Functional:tb_top} -tclbatch {tb_top.tcl} -view {C:/Hung/Viettel/Stage2/ML-KEM/ml_kem/tb_top_func_impl.wcfg} -log {simulate.log}"
INFO: [USF-XSim-8] Loading simulator feature
Time resolution is 1 ps
open_wave_config C:/Hung/Viettel/Stage2/ML-KEM/ml_kem/tb_top_func_impl.wcfg
source tb_top.tcl
# set curr_wave [current_wave_config]
# if { [string length $curr_wave] == 0 } {
#   if { [llength [get_objects]] > 0} {
#     add_wave /
#     set_property needs_save false [current_wave_config]
#   } else {
#      send_msg_id Add_Wave-1 WARNING "No top level signals found. Simulator will start without a wave window. If you want to open a wave window go to 'File->New Waveform Configuration' or type 'create_wave_config' in the TCL console."
#   }
# }
# run 100000ns
[5800000] DONE_STORE!
$finish called at time : 5880 ns : File "C:/Hung/Viettel/Stage2/ML-KEM/NTT/tb_top.v" Line 125
INFO: [USF-XSim-96] XSim completed. Design snapshot 'tb_top_behav' loaded.
INFO: [USF-XSim-97] XSim simulation ran for 100000ns
close_sim
INFO: [Simtcl 6-16] Simulation closed
launch_simulation
Command: launch_simulation 
INFO: [Vivado 12-12493] Simulation top is 'tb_top'
WARNING: [Vivado 12-13340] Unable to auto find GCC executables from simulator install path! (path not set)
WARNING: [Vivado 12-13277] Compiled library path does not exist: ''
INFO: [Vivado 12-5682] Launching behavioral simulation in 'C:/Hung/Viettel/Stage2/ML-KEM/ml_kem/ml_kem.sim/sim_1/behav/xsim'
INFO: [SIM-utils-51] Simulation object is 'sim_1'
INFO: [SIM-utils-72] Using boost library from 'C:/Xilinx/Vivado/2022.2/tps/boost_1_72_0'
INFO: [SIM-utils-54] Inspecting design source files for 'tb_top' in fileset 'sim_1'...
INFO: [USF-XSim-97] Finding global include files...
INFO: [USF-XSim-98] Fetching design files from 'sim_1'...
INFO: [USF-XSim-2] XSim::Compile design
INFO: [USF-XSim-61] Executing 'COMPILE and ANALYZE' step in 'C:/Hung/Viettel/Stage2/ML-KEM/ml_kem/ml_kem.sim/sim_1/behav/xsim'
"xvlog --incr --relax -prj tb_top_vlog.prj"
INFO: [VRFC 10-2263] Analyzing Verilog file "C:/Hung/Viettel/Stage2/ML-KEM/NTT/AddressGenerator.v" into library xil_defaultlib
INFO: [VRFC 10-311] analyzing module AddressGenerator
INFO: [VRFC 10-2263] Analyzing Verilog file "C:/Hung/Viettel/Stage2/ML-KEM/NTT/BoothDecode.v" into library xil_defaultlib
INFO: [VRFC 10-311] analyzing module BoothDecode
INFO: [VRFC 10-2263] Analyzing Verilog file "C:/Hung/Viettel/Stage2/ML-KEM/NTT/MyBootRom.v" into library xil_defaultlib
INFO: [VRFC 10-311] analyzing module MyBootROM
INFO: [VRFC 10-2263] Analyzing Verilog file "C:/Hung/Viettel/Stage2/ML-KEM/NTT/barret.v" into library xil_defaultlib
INFO: [VRFC 10-311] analyzing module barret
INFO: [VRFC 10-2263] Analyzing Verilog file "C:/Hung/Viettel/Stage2/ML-KEM/NTT/bram.v" into library xil_defaultlib
INFO: [VRFC 10-311] analyzing module bram
INFO: [VRFC 10-2263] Analyzing Verilog file "C:/Hung/Viettel/Stage2/ML-KEM/NTT/bu_intt.v" into library xil_defaultlib
INFO: [VRFC 10-311] analyzing module bu_intt
INFO: [VRFC 10-2263] Analyzing Verilog file "C:/Hung/Viettel/Stage2/ML-KEM/NTT/bu_ntt.v" into library xil_defaultlib
INFO: [VRFC 10-311] analyzing module bu_ntt
INFO: [VRFC 10-2263] Analyzing Verilog file "C:/Hung/Viettel/Stage2/ML-KEM/NTT/mul.v" into library xil_defaultlib
INFO: [VRFC 10-311] analyzing module mul
INFO: [VRFC 10-2263] Analyzing Verilog file "C:/Hung/Viettel/Stage2/ML-KEM/NTT/normalize_output.v" into library xil_defaultlib
INFO: [VRFC 10-311] analyzing module normalize_output
INFO: [VRFC 10-2263] Analyzing Verilog file "C:/Hung/Viettel/Stage2/ML-KEM/NTT/top.v" into library xil_defaultlib
INFO: [VRFC 10-311] analyzing module top
INFO: [VRFC 10-2263] Analyzing Verilog file "C:/Hung/Viettel/Stage2/ML-KEM/NTT/tb_top.v" into library xil_defaultlib
INFO: [VRFC 10-311] analyzing module tb_top
INFO: [USF-XSim-69] 'compile' step finished in '1' seconds
INFO: [USF-XSim-3] XSim::Elaborate design
INFO: [USF-XSim-61] Executing 'ELABORATE' step in 'C:/Hung/Viettel/Stage2/ML-KEM/ml_kem/ml_kem.sim/sim_1/behav/xsim'
"xelab --incr --debug typical --relax --mt 2 -L xil_defaultlib -L unisims_ver -L unimacro_ver -L secureip --snapshot tb_top_behav xil_defaultlib.tb_top xil_defaultlib.glbl -log elaborate.log"
Vivado Simulator v2022.2.2
Copyright 1986-1999, 2001-2022 Xilinx, Inc. All Rights Reserved.
Running: C:/Xilinx/Vivado/2022.2/bin/unwrapped/win64.o/xelab.exe --incr --debug typical --relax --mt 2 -L xil_defaultlib -L unisims_ver -L unimacro_ver -L secureip --snapshot tb_top_behav xil_defaultlib.tb_top xil_defaultlib.glbl -log elaborate.log 
Using 2 slave threads.
Starting static elaboration
Pass Through NonSizing Optimizer
Completed static elaboration
Starting simulation data flow analysis
Completed simulation data flow analysis
Time Resolution for simulation is 1ps
Compiling module xil_defaultlib.MyBootROM
Compiling module xil_defaultlib.bram_default
Compiling module xil_defaultlib.AddressGenerator
Compiling module xil_defaultlib.barret
Compiling module xil_defaultlib.BoothDecode
Compiling module xil_defaultlib.mul_default
Compiling module xil_defaultlib.bu_ntt
Compiling module xil_defaultlib.bu_intt
Compiling module xil_defaultlib.normalize_output
Compiling module xil_defaultlib.top
Compiling module xil_defaultlib.tb_top
Compiling module xil_defaultlib.glbl
Built simulation snapshot tb_top_behav
INFO: [USF-XSim-69] 'elaborate' step finished in '2' seconds
INFO: [USF-XSim-4] XSim::Simulate design
INFO: [USF-XSim-61] Executing 'SIMULATE' step in 'C:/Hung/Viettel/Stage2/ML-KEM/ml_kem/ml_kem.sim/sim_1/behav/xsim'
INFO: [USF-XSim-98] *** Running xsim
   with args "tb_top_behav -key {Behavioral:sim_1:Functional:tb_top} -tclbatch {tb_top.tcl} -view {C:/Hung/Viettel/Stage2/ML-KEM/ml_kem/tb_top_func_impl.wcfg} -log {simulate.log}"
INFO: [USF-XSim-8] Loading simulator feature
Time resolution is 1 ps
open_wave_config C:/Hung/Viettel/Stage2/ML-KEM/ml_kem/tb_top_func_impl.wcfg
source tb_top.tcl
# set curr_wave [current_wave_config]
# if { [string length $curr_wave] == 0 } {
#   if { [llength [get_objects]] > 0} {
#     add_wave /
#     set_property needs_save false [current_wave_config]
#   } else {
#      send_msg_id Add_Wave-1 WARNING "No top level signals found. Simulator will start without a wave window. If you want to open a wave window go to 'File->New Waveform Configuration' or type 'create_wave_config' in the TCL console."
#   }
# }
# run 100000ns
[5800000] DONE_STORE!
$finish called at time : 5880 ns : File "C:/Hung/Viettel/Stage2/ML-KEM/NTT/tb_top.v" Line 125
INFO: [USF-XSim-96] XSim completed. Design snapshot 'tb_top_behav' loaded.
INFO: [USF-XSim-97] XSim simulation ran for 100000ns
launch_simulation: Time (s): cpu = 00:00:02 ; elapsed = 00:00:06 . Memory (MB): peak = 1245.207 ; gain = 6.211
reset_run synth_1
WARNING: [Vivado 12-1017] Problems encountered:
1. Failed to delete one or more files in run directory C:/Hung/Viettel/Stage2/ML-KEM/ml_kem/ml_kem.runs/synth_1

launch_runs synth_1
[Mon Aug 18 10:02:18 2025] Launched synth_1...
Run output will be captured here: C:/Hung/Viettel/Stage2/ML-KEM/ml_kem/ml_kem.runs/synth_1/runme.log
wait_on_run synth_1
[Mon Aug 18 10:02:18 2025] Waiting for synth_1 to finish...
[Mon Aug 18 10:02:23 2025] Waiting for synth_1 to finish...
[Mon Aug 18 10:02:28 2025] Waiting for synth_1 to finish...
[Mon Aug 18 10:02:33 2025] Waiting for synth_1 to finish...
[Mon Aug 18 10:02:43 2025] Waiting for synth_1 to finish...
[Mon Aug 18 10:02:53 2025] Waiting for synth_1 to finish...
[Mon Aug 18 10:03:03 2025] Waiting for synth_1 to finish...
[Mon Aug 18 10:03:13 2025] Waiting for synth_1 to finish...
[Mon Aug 18 10:03:33 2025] Waiting for synth_1 to finish...
INFO: [Common 17-41] Interrupt caught. Command should exit soon.
[Mon Aug 18 10:03:38 2025] Interrupt received

*** Running vivado
    with args -log top.vds -m64 -product Vivado -mode batch -messageDb vivado.pb -notrace -source top.tcl



****** Vivado v2022.2.2 (64-bit)
  **** SW Build 3788238 on Tue Feb 21 20:00:34 MST 2023
  **** IP Build 3783773 on Tue Feb 21 23:41:56 MST 2023
    ** Copyright 1986-2023 Xilinx, Inc. All Rights Reserved.

source top.tcl -notrace
Command: synth_design -top top -part xczu9eg-ffvb1156-2-e
Starting synth_design
Attempting to get a license for feature 'Synthesis' and/or device 'xczu9eg'
INFO: [Common 17-349] Got license for feature 'Synthesis' and/or device 'xczu9eg'
INFO: [Device 21-403] Loading part xczu9eg-ffvb1156-2-e
INFO: [Synth 8-7079] Multithreading enabled for synth_design using a maximum of 2 processes.
INFO: [Synth 8-7078] Launching helper process for spawning children vivado processes
INFO: [Synth 8-7075] Helper process launched with PID 12560
INFO: [Synth 8-11241] undeclared symbol 'REGCCE', assumed default net type 'wire' [C:/Xilinx/Vivado/2022.2/data/verilog/src/unimacro/BRAM_SINGLE_MACRO.v:2170]
INFO: [Synth 8-11241] undeclared symbol 'check_state', assumed default net type 'wire' [C:/Hung/Viettel/Stage2/ML-KEM/NTT/top.v:150]
INFO: [Synth 8-11241] undeclared symbol 'owrite_en', assumed default net type 'wire' [C:/Hung/Viettel/Stage2/ML-KEM/NTT/top.v:156]
INFO: [Synth 8-11241] undeclared symbol 'done_addr', assumed default net type 'wire' [C:/Hung/Viettel/Stage2/ML-KEM/NTT/top.v:329]
---------------------------------------------------------------------------------
Starting RTL Elaboration : Time (s): cpu = 00:00:04 ; elapsed = 00:00:04 . Memory (MB): peak = 1785.328 ; gain = 337.000
---------------------------------------------------------------------------------
INFO: [Synth 8-6157] synthesizing module 'top' [C:/Hung/Viettel/Stage2/ML-KEM/NTT/top.v:3]
INFO: [Synth 8-155] case statement is not full and has no default [C:/Hung/Viettel/Stage2/ML-KEM/NTT/top.v:135]
INFO: [Synth 8-226] default block is never used [C:/Hung/Viettel/Stage2/ML-KEM/NTT/top.v:176]
INFO: [Synth 8-155] case statement is not full and has no default [C:/Hung/Viettel/Stage2/ML-KEM/NTT/top.v:194]
INFO: [Synth 8-6157] synthesizing module 'MyBootROM' [C:/Hung/Viettel/Stage2/ML-KEM/NTT/MyBootRom.v:3]
INFO: [Synth 8-6155] done synthesizing module 'MyBootROM' (0#1) [C:/Hung/Viettel/Stage2/ML-KEM/NTT/MyBootRom.v:3]
INFO: [Synth 8-6157] synthesizing module 'bram' [C:/Hung/Viettel/Stage2/ML-KEM/NTT/bram.v:3]
INFO: [Synth 8-6155] done synthesizing module 'bram' (0#1) [C:/Hung/Viettel/Stage2/ML-KEM/NTT/bram.v:3]
INFO: [Synth 8-6157] synthesizing module 'AddressGenerator' [C:/Hung/Viettel/Stage2/ML-KEM/NTT/AddressGenerator.v:3]
INFO: [Synth 8-226] default block is never used [C:/Hung/Viettel/Stage2/ML-KEM/NTT/AddressGenerator.v:35]
INFO: [Synth 8-6155] done synthesizing module 'AddressGenerator' (0#1) [C:/Hung/Viettel/Stage2/ML-KEM/NTT/AddressGenerator.v:3]
INFO: [Synth 8-6157] synthesizing module 'bu_ntt' [C:/Hung/Viettel/Stage2/ML-KEM/NTT/bu_ntt.v:3]
INFO: [Synth 8-6157] synthesizing module 'barret' [C:/Hung/Viettel/Stage2/ML-KEM/NTT/barret.v:3]
INFO: [Synth 8-6155] done synthesizing module 'barret' (0#1) [C:/Hung/Viettel/Stage2/ML-KEM/NTT/barret.v:3]
INFO: [Synth 8-6157] synthesizing module 'mul' [C:/Hung/Viettel/Stage2/ML-KEM/NTT/mul.v:3]
INFO: [Synth 8-6157] synthesizing module 'BoothDecode' [C:/Hung/Viettel/Stage2/ML-KEM/NTT/BoothDecode.v:3]
INFO: [Synth 8-226] default block is never used [C:/Hung/Viettel/Stage2/ML-KEM/NTT/BoothDecode.v:13]
INFO: [Synth 8-6155] done synthesizing module 'BoothDecode' (0#1) [C:/Hung/Viettel/Stage2/ML-KEM/NTT/BoothDecode.v:3]
INFO: [Synth 8-6155] done synthesizing module 'mul' (0#1) [C:/Hung/Viettel/Stage2/ML-KEM/NTT/mul.v:3]
INFO: [Synth 8-6155] done synthesizing module 'bu_ntt' (0#1) [C:/Hung/Viettel/Stage2/ML-KEM/NTT/bu_ntt.v:3]
INFO: [Synth 8-6157] synthesizing module 'bu_intt' [C:/Hung/Viettel/Stage2/ML-KEM/NTT/bu_intt.v:3]
INFO: [Synth 8-6155] done synthesizing module 'bu_intt' (0#1) [C:/Hung/Viettel/Stage2/ML-KEM/NTT/bu_intt.v:3]
INFO: [Synth 8-6157] synthesizing module 'normalize_output' [C:/Hung/Viettel/Stage2/ML-KEM/NTT/normalize_output.v:3]
INFO: [Synth 8-6155] done synthesizing module 'normalize_output' (0#1) [C:/Hung/Viettel/Stage2/ML-KEM/NTT/normalize_output.v:3]
INFO: [Synth 8-6155] done synthesizing module 'top' (0#1) [C:/Hung/Viettel/Stage2/ML-KEM/NTT/top.v:3]
---------------------------------------------------------------------------------
Finished RTL Elaboration : Time (s): cpu = 00:00:06 ; elapsed = 00:00:06 . Memory (MB): peak = 1939.410 ; gain = 491.082
---------------------------------------------------------------------------------
---------------------------------------------------------------------------------
Start Handling Custom Attributes
---------------------------------------------------------------------------------
---------------------------------------------------------------------------------
Finished Handling Custom Attributes : Time (s): cpu = 00:00:06 ; elapsed = 00:00:07 . Memory (MB): peak = 1939.410 ; gain = 491.082
---------------------------------------------------------------------------------
---------------------------------------------------------------------------------
Finished RTL Optimization Phase 1 : Time (s): cpu = 00:00:06 ; elapsed = 00:00:07 . Memory (MB): peak = 1939.410 ; gain = 491.082
---------------------------------------------------------------------------------
Netlist sorting complete. Time (s): cpu = 00:00:00 ; elapsed = 00:00:00.188 . Memory (MB): peak = 1939.410 ; gain = 0.000
INFO: [Project 1-570] Preparing netlist for logic optimization

Processing XDC Constraints
Initializing timing engine
Parsing XDC File [C:/Hung/Viettel/Stage2/ML-KEM/ml_kem/ml_kem.srcs/constrs_1/new/clock.xdc]
Finished Parsing XDC File [C:/Hung/Viettel/Stage2/ML-KEM/ml_kem/ml_kem.srcs/constrs_1/new/clock.xdc]
Completed Processing XDC Constraints

Netlist sorting complete. Time (s): cpu = 00:00:00 ; elapsed = 00:00:00.002 . Memory (MB): peak = 2053.609 ; gain = 0.000
INFO: [Project 1-111] Unisim Transformation Summary:
No Unisim elements were transformed.

Constraint Validation Runtime : Time (s): cpu = 00:00:00 ; elapsed = 00:00:00.198 . Memory (MB): peak = 2053.609 ; gain = 0.000
INFO: [Synth 8-11241] undeclared symbol 'REGCCE', assumed default net type 'wire' [C:/Xilinx/Vivado/2022.2/data/verilog/src/unimacro/BRAM_SINGLE_MACRO.v:2170]
---------------------------------------------------------------------------------
Finished Constraint Validation : Time (s): cpu = 00:00:19 ; elapsed = 00:00:19 . Memory (MB): peak = 2053.609 ; gain = 605.281
---------------------------------------------------------------------------------
---------------------------------------------------------------------------------
Start Loading Part and Timing Information
---------------------------------------------------------------------------------
Loading part: xczu9eg-ffvb1156-2-e
INFO: [Synth 8-6742] Reading net delay rules and data
---------------------------------------------------------------------------------
Finished Loading Part and Timing Information : Time (s): cpu = 00:00:19 ; elapsed = 00:00:19 . Memory (MB): peak = 2053.609 ; gain = 605.281
---------------------------------------------------------------------------------
---------------------------------------------------------------------------------
Start Applying 'set_property' XDC Constraints
---------------------------------------------------------------------------------
---------------------------------------------------------------------------------
Finished applying 'set_property' XDC Constraints : Time (s): cpu = 00:00:19 ; elapsed = 00:00:19 . Memory (MB): peak = 2053.609 ; gain = 605.281
---------------------------------------------------------------------------------
INFO: [Synth 8-802] inferred FSM for state register 'state_reg' in module 'AddressGenerator'
INFO: [Synth 8-802] inferred FSM for state register 'state_reg' in module 'top'
---------------------------------------------------------------------------------------------------
                   State |                     New Encoding |                Previous Encoding 
---------------------------------------------------------------------------------------------------
                    IDLE |                               00 |                               00
                    INIT |                               01 |                               01
                     RUN |                               10 |                               10
                    DONE |                               11 |                               11
---------------------------------------------------------------------------------------------------
INFO: [Synth 8-3354] encoded FSM with state register 'state_reg' using encoding 'sequential' in module 'AddressGenerator'
---------------------------------------------------------------------------------------------------
                   State |                     New Encoding |                Previous Encoding 
---------------------------------------------------------------------------------------------------
                    IDLE |                             0010 |                               00
                    INIT |                             1000 |                               01
                     RUN |                             0100 |                               10
                    DONE |                             0001 |                               11
---------------------------------------------------------------------------------------------------
INFO: [Synth 8-3354] encoded FSM with state register 'state_reg' using encoding 'one-hot' in module 'top'
---------------------------------------------------------------------------------
Finished RTL Optimization Phase 2 : Time (s): cpu = 00:00:27 ; elapsed = 00:00:28 . Memory (MB): peak = 2053.609 ; gain = 605.281
---------------------------------------------------------------------------------
---------------------------------------------------------------------------------
Start RTL Component Statistics 
---------------------------------------------------------------------------------
Detailed RTL Component Info : 
+---Adders : 
	   6 Input   45 Bit       Adders := 16    
	   2 Input   32 Bit       Adders := 17    
	   7 Input   32 Bit       Adders := 2     
	   2 Input   16 Bit       Adders := 10    
	   3 Input   16 Bit       Adders := 4     
	   3 Input    9 Bit       Adders := 1     
	   2 Input    9 Bit       Adders := 2     
	   2 Input    8 Bit       Adders := 5     
	   2 Input    7 Bit       Adders := 1     
	   2 Input    6 Bit       Adders := 1     
+---Registers : 
	               45 Bit    Registers := 24    
	               32 Bit    Registers := 421   
	               17 Bit    Registers := 16    
	               16 Bit    Registers := 42    
	                9 Bit    Registers := 3     
	                8 Bit    Registers := 42    
	                7 Bit    Registers := 2     
	                6 Bit    Registers := 1     
	                1 Bit    Registers := 4     
+---Muxes : 
	   2 Input   32 Bit        Muxes := 267   
	   5 Input   32 Bit        Muxes := 32    
	   2 Input   17 Bit        Muxes := 2     
	   2 Input   16 Bit        Muxes := 7     
	   2 Input    9 Bit        Muxes := 2     
	   4 Input    9 Bit        Muxes := 3     
	   2 Input    8 Bit        Muxes := 5     
	   4 Input    8 Bit        Muxes := 2     
	   2 Input    7 Bit        Muxes := 1     
	   4 Input    7 Bit        Muxes := 1     
	   4 Input    6 Bit        Muxes := 1     
	   4 Input    4 Bit        Muxes := 1     
	   2 Input    4 Bit        Muxes := 3     
	   2 Input    2 Bit        Muxes := 3     
	   4 Input    2 Bit        Muxes := 1     
	   2 Input    1 Bit        Muxes := 770   
	   3 Input    1 Bit        Muxes := 2     
	   4 Input    1 Bit        Muxes := 8     
---------------------------------------------------------------------------------
Finished RTL Component Statistics 
---------------------------------------------------------------------------------
---------------------------------------------------------------------------------
Start Part Resource Summary
---------------------------------------------------------------------------------
Part Resources:
DSPs: 2520 (col length:168)
BRAMs: 1824 (col length: RAMB18 168 RAMB36 84)
---------------------------------------------------------------------------------
Finished Part Resource Summary
---------------------------------------------------------------------------------
---------------------------------------------------------------------------------
Start Cross Boundary and Area Optimization
---------------------------------------------------------------------------------
wait_on_runs: Time (s): cpu = 00:00:05 ; elapsed = 00:01:20 . Memory (MB): peak = 1249.523 ; gain = 4.316
INFO: [Common 17-344] 'wait_on_runs' was cancelled
close_sim
INFO: [Simtcl 6-16] Simulation closed
launch_simulation
Command: launch_simulation 
INFO: [Vivado 12-12493] Simulation top is 'tb_top'
WARNING: [Vivado 12-13340] Unable to auto find GCC executables from simulator install path! (path not set)
boost::filesystem::remove: The process cannot access the file because it is being used by another process: "C:/Hung/Viettel/Stage2/ML-KEM/ml_kem/ml_kem.sim/sim_1/behav/xsim/simulate.log"
reset_run synth_1
WARNING: [Vivado 12-1017] Problems encountered:
1. Failed to delete one or more files in run directory C:/Hung/Viettel/Stage2/ML-KEM/ml_kem/ml_kem.runs/synth_1

launch_simulation
Command: launch_simulation 
INFO: [Vivado 12-12493] Simulation top is 'tb_top'
WARNING: [Vivado 12-13340] Unable to auto find GCC executables from simulator install path! (path not set)
WARNING: [Vivado 12-13277] Compiled library path does not exist: ''
INFO: [Vivado 12-5682] Launching behavioral simulation in 'C:/Hung/Viettel/Stage2/ML-KEM/ml_kem/ml_kem.sim/sim_1/behav/xsim'
INFO: [SIM-utils-51] Simulation object is 'sim_1'
INFO: [SIM-utils-72] Using boost library from 'C:/Xilinx/Vivado/2022.2/tps/boost_1_72_0'
INFO: [SIM-utils-54] Inspecting design source files for 'tb_top' in fileset 'sim_1'...
INFO: [USF-XSim-97] Finding global include files...
INFO: [USF-XSim-98] Fetching design files from 'sim_1'...
INFO: [USF-XSim-2] XSim::Compile design
INFO: [USF-XSim-61] Executing 'COMPILE and ANALYZE' step in 'C:/Hung/Viettel/Stage2/ML-KEM/ml_kem/ml_kem.sim/sim_1/behav/xsim'
"xvlog --incr --relax -prj tb_top_vlog.prj"
INFO: [VRFC 10-2263] Analyzing Verilog file "C:/Hung/Viettel/Stage2/ML-KEM/NTT/AddressGenerator.v" into library xil_defaultlib
INFO: [VRFC 10-311] analyzing module AddressGenerator
INFO: [VRFC 10-2263] Analyzing Verilog file "C:/Hung/Viettel/Stage2/ML-KEM/NTT/BoothDecode.v" into library xil_defaultlib
INFO: [VRFC 10-311] analyzing module BoothDecode
INFO: [VRFC 10-2263] Analyzing Verilog file "C:/Hung/Viettel/Stage2/ML-KEM/NTT/MyBootRom.v" into library xil_defaultlib
INFO: [VRFC 10-311] analyzing module MyBootROM
INFO: [VRFC 10-2263] Analyzing Verilog file "C:/Hung/Viettel/Stage2/ML-KEM/NTT/barret.v" into library xil_defaultlib
INFO: [VRFC 10-311] analyzing module barret
INFO: [VRFC 10-2263] Analyzing Verilog file "C:/Hung/Viettel/Stage2/ML-KEM/NTT/bram.v" into library xil_defaultlib
INFO: [VRFC 10-311] analyzing module bram
INFO: [VRFC 10-2263] Analyzing Verilog file "C:/Hung/Viettel/Stage2/ML-KEM/NTT/bu_intt.v" into library xil_defaultlib
INFO: [VRFC 10-311] analyzing module bu_intt
INFO: [VRFC 10-2263] Analyzing Verilog file "C:/Hung/Viettel/Stage2/ML-KEM/NTT/bu_ntt.v" into library xil_defaultlib
INFO: [VRFC 10-311] analyzing module bu_ntt
INFO: [VRFC 10-2263] Analyzing Verilog file "C:/Hung/Viettel/Stage2/ML-KEM/NTT/mul.v" into library xil_defaultlib
INFO: [VRFC 10-311] analyzing module mul
INFO: [VRFC 10-2263] Analyzing Verilog file "C:/Hung/Viettel/Stage2/ML-KEM/NTT/normalize_output.v" into library xil_defaultlib
INFO: [VRFC 10-311] analyzing module normalize_output
INFO: [VRFC 10-2263] Analyzing Verilog file "C:/Hung/Viettel/Stage2/ML-KEM/NTT/top.v" into library xil_defaultlib
INFO: [VRFC 10-311] analyzing module top
INFO: [VRFC 10-2263] Analyzing Verilog file "C:/Hung/Viettel/Stage2/ML-KEM/NTT/tb_top.v" into library xil_defaultlib
INFO: [VRFC 10-311] analyzing module tb_top
INFO: [USF-XSim-69] 'compile' step finished in '1' seconds
INFO: [USF-XSim-3] XSim::Elaborate design
INFO: [USF-XSim-61] Executing 'ELABORATE' step in 'C:/Hung/Viettel/Stage2/ML-KEM/ml_kem/ml_kem.sim/sim_1/behav/xsim'
"xelab --incr --debug typical --relax --mt 2 -L xil_defaultlib -L unisims_ver -L unimacro_ver -L secureip --snapshot tb_top_behav xil_defaultlib.tb_top xil_defaultlib.glbl -log elaborate.log"
Vivado Simulator v2022.2.2
Copyright 1986-1999, 2001-2022 Xilinx, Inc. All Rights Reserved.
Running: C:/Xilinx/Vivado/2022.2/bin/unwrapped/win64.o/xelab.exe --incr --debug typical --relax --mt 2 -L xil_defaultlib -L unisims_ver -L unimacro_ver -L secureip --snapshot tb_top_behav xil_defaultlib.tb_top xil_defaultlib.glbl -log elaborate.log 
Using 2 slave threads.
Starting static elaboration
Pass Through NonSizing Optimizer
Completed static elaboration
Starting simulation data flow analysis
Completed simulation data flow analysis
Time Resolution for simulation is 1ps
Compiling module xil_defaultlib.MyBootROM
Compiling module xil_defaultlib.bram_default
Compiling module xil_defaultlib.AddressGenerator
Compiling module xil_defaultlib.barret
Compiling module xil_defaultlib.BoothDecode
Compiling module xil_defaultlib.mul_default
Compiling module xil_defaultlib.bu_ntt
Compiling module xil_defaultlib.bu_intt
Compiling module xil_defaultlib.normalize_output
Compiling module xil_defaultlib.top
Compiling module xil_defaultlib.tb_top
Compiling module xil_defaultlib.glbl
Built simulation snapshot tb_top_behav
INFO: [USF-XSim-69] 'elaborate' step finished in '3' seconds
INFO: [USF-XSim-4] XSim::Simulate design
INFO: [USF-XSim-61] Executing 'SIMULATE' step in 'C:/Hung/Viettel/Stage2/ML-KEM/ml_kem/ml_kem.sim/sim_1/behav/xsim'
INFO: [USF-XSim-98] *** Running xsim
   with args "tb_top_behav -key {Behavioral:sim_1:Functional:tb_top} -tclbatch {tb_top.tcl} -view {C:/Hung/Viettel/Stage2/ML-KEM/ml_kem/tb_top_func_impl.wcfg} -log {simulate.log}"
INFO: [USF-XSim-8] Loading simulator feature
Time resolution is 1 ps
open_wave_config C:/Hung/Viettel/Stage2/ML-KEM/ml_kem/tb_top_func_impl.wcfg
source tb_top.tcl
# set curr_wave [current_wave_config]
# if { [string length $curr_wave] == 0 } {
#   if { [llength [get_objects]] > 0} {
#     add_wave /
#     set_property needs_save false [current_wave_config]
#   } else {
#      send_msg_id Add_Wave-1 WARNING "No top level signals found. Simulator will start without a wave window. If you want to open a wave window go to 'File->New Waveform Configuration' or type 'create_wave_config' in the TCL console."
#   }
# }
# run 100000ns
[5800000] DONE_STORE!
$finish called at time : 5880 ns : File "C:/Hung/Viettel/Stage2/ML-KEM/NTT/tb_top.v" Line 125
INFO: [USF-XSim-96] XSim completed. Design snapshot 'tb_top_behav' loaded.
INFO: [USF-XSim-97] XSim simulation ran for 100000ns
launch_simulation: Time (s): cpu = 00:00:02 ; elapsed = 00:00:06 . Memory (MB): peak = 1253.988 ; gain = 4.465
launch_runs synth_1 -jobs 16
[Mon Aug 18 10:04:12 2025] Launched synth_1...
Run output will be captured here: C:/Hung/Viettel/Stage2/ML-KEM/ml_kem/ml_kem.runs/synth_1/runme.log
close_sim
INFO: [Simtcl 6-16] Simulation closed
launch_simulation
Command: launch_simulation 
INFO: [Vivado 12-12493] Simulation top is 'tb_top'
WARNING: [Vivado 12-13340] Unable to auto find GCC executables from simulator install path! (path not set)
WARNING: [Vivado 12-13277] Compiled library path does not exist: ''
INFO: [Vivado 12-5682] Launching behavioral simulation in 'C:/Hung/Viettel/Stage2/ML-KEM/ml_kem/ml_kem.sim/sim_1/behav/xsim'
INFO: [SIM-utils-51] Simulation object is 'sim_1'
INFO: [SIM-utils-72] Using boost library from 'C:/Xilinx/Vivado/2022.2/tps/boost_1_72_0'
INFO: [SIM-utils-54] Inspecting design source files for 'tb_top' in fileset 'sim_1'...
INFO: [USF-XSim-97] Finding global include files...
INFO: [USF-XSim-98] Fetching design files from 'sim_1'...
INFO: [USF-XSim-2] XSim::Compile design
INFO: [USF-XSim-61] Executing 'COMPILE and ANALYZE' step in 'C:/Hung/Viettel/Stage2/ML-KEM/ml_kem/ml_kem.sim/sim_1/behav/xsim'
"xvlog --incr --relax -prj tb_top_vlog.prj"
INFO: [VRFC 10-2263] Analyzing Verilog file "C:/Hung/Viettel/Stage2/ML-KEM/NTT/AddressGenerator.v" into library xil_defaultlib
INFO: [VRFC 10-311] analyzing module AddressGenerator
INFO: [VRFC 10-2263] Analyzing Verilog file "C:/Hung/Viettel/Stage2/ML-KEM/NTT/BoothDecode.v" into library xil_defaultlib
INFO: [VRFC 10-311] analyzing module BoothDecode
INFO: [VRFC 10-2263] Analyzing Verilog file "C:/Hung/Viettel/Stage2/ML-KEM/NTT/MyBootRom.v" into library xil_defaultlib
INFO: [VRFC 10-311] analyzing module MyBootROM
INFO: [VRFC 10-2263] Analyzing Verilog file "C:/Hung/Viettel/Stage2/ML-KEM/NTT/barret.v" into library xil_defaultlib
INFO: [VRFC 10-311] analyzing module barret
INFO: [VRFC 10-2263] Analyzing Verilog file "C:/Hung/Viettel/Stage2/ML-KEM/NTT/bram.v" into library xil_defaultlib
INFO: [VRFC 10-311] analyzing module bram
INFO: [VRFC 10-2263] Analyzing Verilog file "C:/Hung/Viettel/Stage2/ML-KEM/NTT/bu_intt.v" into library xil_defaultlib
INFO: [VRFC 10-311] analyzing module bu_intt
INFO: [VRFC 10-2263] Analyzing Verilog file "C:/Hung/Viettel/Stage2/ML-KEM/NTT/bu_ntt.v" into library xil_defaultlib
INFO: [VRFC 10-311] analyzing module bu_ntt
INFO: [VRFC 10-2263] Analyzing Verilog file "C:/Hung/Viettel/Stage2/ML-KEM/NTT/mul.v" into library xil_defaultlib
INFO: [VRFC 10-311] analyzing module mul
INFO: [VRFC 10-2263] Analyzing Verilog file "C:/Hung/Viettel/Stage2/ML-KEM/NTT/normalize_output.v" into library xil_defaultlib
INFO: [VRFC 10-311] analyzing module normalize_output
INFO: [VRFC 10-2263] Analyzing Verilog file "C:/Hung/Viettel/Stage2/ML-KEM/NTT/top.v" into library xil_defaultlib
INFO: [VRFC 10-311] analyzing module top
INFO: [VRFC 10-2263] Analyzing Verilog file "C:/Hung/Viettel/Stage2/ML-KEM/NTT/tb_top.v" into library xil_defaultlib
INFO: [VRFC 10-311] analyzing module tb_top
INFO: [USF-XSim-69] 'compile' step finished in '2' seconds
INFO: [USF-XSim-3] XSim::Elaborate design
INFO: [USF-XSim-61] Executing 'ELABORATE' step in 'C:/Hung/Viettel/Stage2/ML-KEM/ml_kem/ml_kem.sim/sim_1/behav/xsim'
"xelab --incr --debug typical --relax --mt 2 -L xil_defaultlib -L unisims_ver -L unimacro_ver -L secureip --snapshot tb_top_behav xil_defaultlib.tb_top xil_defaultlib.glbl -log elaborate.log"
Vivado Simulator v2022.2.2
Copyright 1986-1999, 2001-2022 Xilinx, Inc. All Rights Reserved.
Running: C:/Xilinx/Vivado/2022.2/bin/unwrapped/win64.o/xelab.exe --incr --debug typical --relax --mt 2 -L xil_defaultlib -L unisims_ver -L unimacro_ver -L secureip --snapshot tb_top_behav xil_defaultlib.tb_top xil_defaultlib.glbl -log elaborate.log 
Using 2 slave threads.
Starting static elaboration
Pass Through NonSizing Optimizer
Completed static elaboration
Starting simulation data flow analysis
Completed simulation data flow analysis
Time Resolution for simulation is 1ps
Compiling module xil_defaultlib.MyBootROM
Compiling module xil_defaultlib.bram_default
Compiling module xil_defaultlib.AddressGenerator
Compiling module xil_defaultlib.barret
Compiling module xil_defaultlib.BoothDecode
Compiling module xil_defaultlib.mul_default
Compiling module xil_defaultlib.bu_ntt
Compiling module xil_defaultlib.bu_intt
Compiling module xil_defaultlib.normalize_output
Compiling module xil_defaultlib.top
Compiling module xil_defaultlib.tb_top
Compiling module xil_defaultlib.glbl
Built simulation snapshot tb_top_behav
INFO: [USF-XSim-69] 'elaborate' step finished in '2' seconds
INFO: [USF-XSim-4] XSim::Simulate design
INFO: [USF-XSim-61] Executing 'SIMULATE' step in 'C:/Hung/Viettel/Stage2/ML-KEM/ml_kem/ml_kem.sim/sim_1/behav/xsim'
INFO: [USF-XSim-98] *** Running xsim
   with args "tb_top_behav -key {Behavioral:sim_1:Functional:tb_top} -tclbatch {tb_top.tcl} -view {C:/Hung/Viettel/Stage2/ML-KEM/ml_kem/tb_top_func_impl.wcfg} -log {simulate.log}"
INFO: [USF-XSim-8] Loading simulator feature
Time resolution is 1 ps
open_wave_config C:/Hung/Viettel/Stage2/ML-KEM/ml_kem/tb_top_func_impl.wcfg
source tb_top.tcl
# set curr_wave [current_wave_config]
# if { [string length $curr_wave] == 0 } {
#   if { [llength [get_objects]] > 0} {
#     add_wave /
#     set_property needs_save false [current_wave_config]
#   } else {
#      send_msg_id Add_Wave-1 WARNING "No top level signals found. Simulator will start without a wave window. If you want to open a wave window go to 'File->New Waveform Configuration' or type 'create_wave_config' in the TCL console."
#   }
# }
# run 100000ns
[5800000] DONE_STORE!
$finish called at time : 5880 ns : File "C:/Hung/Viettel/Stage2/ML-KEM/NTT/tb_top.v" Line 125
INFO: [USF-XSim-96] XSim completed. Design snapshot 'tb_top_behav' loaded.
INFO: [USF-XSim-97] XSim simulation ran for 100000ns
launch_simulation: Time (s): cpu = 00:00:01 ; elapsed = 00:00:06 . Memory (MB): peak = 1270.832 ; gain = 0.000
current_wave_config {tb_top_func_impl.wcfg}
tb_top_func_impl.wcfg
add_wave {{/tb_top/dut/regx[17]}} 
current_wave_config {tb_top_func_impl.wcfg}
tb_top_func_impl.wcfg
add_wave {{/tb_top/dut/regy[17]}} 
save_wave_config {C:/Hung/Viettel/Stage2/ML-KEM/ml_kem/tb_top_func_impl.wcfg}
relaunch_sim
Command: launch_simulation -step compile -simset sim_1 -mode behavioral
INFO: [Vivado 12-12493] Simulation top is 'tb_top'
WARNING: [Vivado 12-13340] Unable to auto find GCC executables from simulator install path! (path not set)
WARNING: [Vivado 12-13277] Compiled library path does not exist: ''
INFO: [Vivado 12-5682] Launching behavioral simulation in 'C:/Hung/Viettel/Stage2/ML-KEM/ml_kem/ml_kem.sim/sim_1/behav/xsim'
INFO: [SIM-utils-51] Simulation object is 'sim_1'
INFO: [SIM-utils-72] Using boost library from 'C:/Xilinx/Vivado/2022.2/tps/boost_1_72_0'
INFO: [SIM-utils-54] Inspecting design source files for 'tb_top' in fileset 'sim_1'...
INFO: [USF-XSim-97] Finding global include files...
INFO: [USF-XSim-98] Fetching design files from 'sim_1'...
INFO: [USF-XSim-2] XSim::Compile design
INFO: [USF-XSim-61] Executing 'COMPILE and ANALYZE' step in 'C:/Hung/Viettel/Stage2/ML-KEM/ml_kem/ml_kem.sim/sim_1/behav/xsim'
"xvlog --incr --relax -prj tb_top_vlog.prj"
INFO: [VRFC 10-2263] Analyzing Verilog file "C:/Hung/Viettel/Stage2/ML-KEM/NTT/AddressGenerator.v" into library xil_defaultlib
INFO: [VRFC 10-311] analyzing module AddressGenerator
INFO: [VRFC 10-2263] Analyzing Verilog file "C:/Hung/Viettel/Stage2/ML-KEM/NTT/BoothDecode.v" into library xil_defaultlib
INFO: [VRFC 10-311] analyzing module BoothDecode
INFO: [VRFC 10-2263] Analyzing Verilog file "C:/Hung/Viettel/Stage2/ML-KEM/NTT/MyBootRom.v" into library xil_defaultlib
INFO: [VRFC 10-311] analyzing module MyBootROM
INFO: [VRFC 10-2263] Analyzing Verilog file "C:/Hung/Viettel/Stage2/ML-KEM/NTT/barret.v" into library xil_defaultlib
INFO: [VRFC 10-311] analyzing module barret
INFO: [VRFC 10-2263] Analyzing Verilog file "C:/Hung/Viettel/Stage2/ML-KEM/NTT/bram.v" into library xil_defaultlib
INFO: [VRFC 10-311] analyzing module bram
INFO: [VRFC 10-2263] Analyzing Verilog file "C:/Hung/Viettel/Stage2/ML-KEM/NTT/bu_intt.v" into library xil_defaultlib
INFO: [VRFC 10-311] analyzing module bu_intt
INFO: [VRFC 10-2263] Analyzing Verilog file "C:/Hung/Viettel/Stage2/ML-KEM/NTT/bu_ntt.v" into library xil_defaultlib
INFO: [VRFC 10-311] analyzing module bu_ntt
INFO: [VRFC 10-2263] Analyzing Verilog file "C:/Hung/Viettel/Stage2/ML-KEM/NTT/mul.v" into library xil_defaultlib
INFO: [VRFC 10-311] analyzing module mul
INFO: [VRFC 10-2263] Analyzing Verilog file "C:/Hung/Viettel/Stage2/ML-KEM/NTT/normalize_output.v" into library xil_defaultlib
INFO: [VRFC 10-311] analyzing module normalize_output
INFO: [VRFC 10-2263] Analyzing Verilog file "C:/Hung/Viettel/Stage2/ML-KEM/NTT/top.v" into library xil_defaultlib
INFO: [VRFC 10-311] analyzing module top
INFO: [VRFC 10-2263] Analyzing Verilog file "C:/Hung/Viettel/Stage2/ML-KEM/NTT/tb_top.v" into library xil_defaultlib
INFO: [VRFC 10-311] analyzing module tb_top
INFO: [USF-XSim-69] 'compile' step finished in '2' seconds
Command: launch_simulation -step elaborate -simset sim_1 -mode behavioral
INFO: [Vivado 12-12493] Simulation top is 'tb_top'
WARNING: [Vivado 12-13340] Unable to auto find GCC executables from simulator install path! (path not set)
WARNING: [Vivado 12-13277] Compiled library path does not exist: ''
INFO: [Vivado 12-5682] Launching behavioral simulation in 'C:/Hung/Viettel/Stage2/ML-KEM/ml_kem/ml_kem.sim/sim_1/behav/xsim'
INFO: [SIM-utils-51] Simulation object is 'sim_1'
INFO: [USF-XSim-3] XSim::Elaborate design
INFO: [USF-XSim-61] Executing 'ELABORATE' step in 'C:/Hung/Viettel/Stage2/ML-KEM/ml_kem/ml_kem.sim/sim_1/behav/xsim'
"xelab --incr --debug typical --relax --mt 2 -L xil_defaultlib -L unisims_ver -L unimacro_ver -L secureip --snapshot tb_top_behav xil_defaultlib.tb_top xil_defaultlib.glbl -log elaborate.log"
Vivado Simulator v2022.2.2
Copyright 1986-1999, 2001-2022 Xilinx, Inc. All Rights Reserved.
Running: C:/Xilinx/Vivado/2022.2/bin/unwrapped/win64.o/xelab.exe --incr --debug typical --relax --mt 2 -L xil_defaultlib -L unisims_ver -L unimacro_ver -L secureip --snapshot tb_top_behav xil_defaultlib.tb_top xil_defaultlib.glbl -log elaborate.log 
Using 2 slave threads.
Starting static elaboration
Pass Through NonSizing Optimizer
Completed static elaboration
Starting simulation data flow analysis
Completed simulation data flow analysis
Time Resolution for simulation is 1ps
Compiling module xil_defaultlib.MyBootROM
Compiling module xil_defaultlib.bram_default
Compiling module xil_defaultlib.AddressGenerator
Compiling module xil_defaultlib.barret
Compiling module xil_defaultlib.BoothDecode
Compiling module xil_defaultlib.mul_default
Compiling module xil_defaultlib.bu_ntt
Compiling module xil_defaultlib.bu_intt
Compiling module xil_defaultlib.normalize_output
Compiling module xil_defaultlib.top
Compiling module xil_defaultlib.tb_top
Compiling module xil_defaultlib.glbl
Built simulation snapshot tb_top_behav
INFO: [USF-XSim-69] 'elaborate' step finished in '2' seconds
Time resolution is 1 ps
[5800000] DONE_STORE!
$finish called at time : 5880 ns : File "C:/Hung/Viettel/Stage2/ML-KEM/NTT/tb_top.v" Line 125
relaunch_sim: Time (s): cpu = 00:00:01 ; elapsed = 00:00:06 . Memory (MB): peak = 1805.332 ; gain = 0.000
current_wave_config {tb_top_func_impl.wcfg}
C:/Hung/Viettel/Stage2/ML-KEM/ml_kem/tb_top_func_impl.wcfg
add_wave {{/tb_top/dut/A_Out_mux}} {{/tb_top/dut/B_Out_mux}} 
relaunch_sim
Command: launch_simulation -step compile -simset sim_1 -mode behavioral
INFO: [Vivado 12-12493] Simulation top is 'tb_top'
WARNING: [Vivado 12-13340] Unable to auto find GCC executables from simulator install path! (path not set)
WARNING: [Vivado 12-13277] Compiled library path does not exist: ''
INFO: [Vivado 12-5682] Launching behavioral simulation in 'C:/Hung/Viettel/Stage2/ML-KEM/ml_kem/ml_kem.sim/sim_1/behav/xsim'
INFO: [SIM-utils-51] Simulation object is 'sim_1'
INFO: [USF-XSim-2] XSim::Compile design
INFO: [USF-XSim-61] Executing 'COMPILE and ANALYZE' step in 'C:/Hung/Viettel/Stage2/ML-KEM/ml_kem/ml_kem.sim/sim_1/behav/xsim'
"xvlog --incr --relax -prj tb_top_vlog.prj"
INFO: [VRFC 10-2263] Analyzing Verilog file "C:/Hung/Viettel/Stage2/ML-KEM/NTT/AddressGenerator.v" into library xil_defaultlib
INFO: [VRFC 10-311] analyzing module AddressGenerator
INFO: [VRFC 10-2263] Analyzing Verilog file "C:/Hung/Viettel/Stage2/ML-KEM/NTT/BoothDecode.v" into library xil_defaultlib
INFO: [VRFC 10-311] analyzing module BoothDecode
INFO: [VRFC 10-2263] Analyzing Verilog file "C:/Hung/Viettel/Stage2/ML-KEM/NTT/MyBootRom.v" into library xil_defaultlib
INFO: [VRFC 10-311] analyzing module MyBootROM
INFO: [VRFC 10-2263] Analyzing Verilog file "C:/Hung/Viettel/Stage2/ML-KEM/NTT/barret.v" into library xil_defaultlib
INFO: [VRFC 10-311] analyzing module barret
INFO: [VRFC 10-2263] Analyzing Verilog file "C:/Hung/Viettel/Stage2/ML-KEM/NTT/bram.v" into library xil_defaultlib
INFO: [VRFC 10-311] analyzing module bram
INFO: [VRFC 10-2263] Analyzing Verilog file "C:/Hung/Viettel/Stage2/ML-KEM/NTT/bu_intt.v" into library xil_defaultlib
INFO: [VRFC 10-311] analyzing module bu_intt
INFO: [VRFC 10-2263] Analyzing Verilog file "C:/Hung/Viettel/Stage2/ML-KEM/NTT/bu_ntt.v" into library xil_defaultlib
INFO: [VRFC 10-311] analyzing module bu_ntt
INFO: [VRFC 10-2263] Analyzing Verilog file "C:/Hung/Viettel/Stage2/ML-KEM/NTT/mul.v" into library xil_defaultlib
INFO: [VRFC 10-311] analyzing module mul
INFO: [VRFC 10-2263] Analyzing Verilog file "C:/Hung/Viettel/Stage2/ML-KEM/NTT/normalize_output.v" into library xil_defaultlib
INFO: [VRFC 10-311] analyzing module normalize_output
INFO: [VRFC 10-2263] Analyzing Verilog file "C:/Hung/Viettel/Stage2/ML-KEM/NTT/top.v" into library xil_defaultlib
INFO: [VRFC 10-311] analyzing module top
INFO: [VRFC 10-2263] Analyzing Verilog file "C:/Hung/Viettel/Stage2/ML-KEM/NTT/tb_top.v" into library xil_defaultlib
INFO: [VRFC 10-311] analyzing module tb_top
INFO: [USF-XSim-69] 'compile' step finished in '1' seconds
Command: launch_simulation -step elaborate -simset sim_1 -mode behavioral
INFO: [Vivado 12-12493] Simulation top is 'tb_top'
WARNING: [Vivado 12-13340] Unable to auto find GCC executables from simulator install path! (path not set)
WARNING: [Vivado 12-13277] Compiled library path does not exist: ''
INFO: [Vivado 12-5682] Launching behavioral simulation in 'C:/Hung/Viettel/Stage2/ML-KEM/ml_kem/ml_kem.sim/sim_1/behav/xsim'
INFO: [SIM-utils-51] Simulation object is 'sim_1'
INFO: [USF-XSim-3] XSim::Elaborate design
INFO: [USF-XSim-61] Executing 'ELABORATE' step in 'C:/Hung/Viettel/Stage2/ML-KEM/ml_kem/ml_kem.sim/sim_1/behav/xsim'
"xelab --incr --debug typical --relax --mt 2 -L xil_defaultlib -L unisims_ver -L unimacro_ver -L secureip --snapshot tb_top_behav xil_defaultlib.tb_top xil_defaultlib.glbl -log elaborate.log"
Vivado Simulator v2022.2.2
Copyright 1986-1999, 2001-2022 Xilinx, Inc. All Rights Reserved.
Running: C:/Xilinx/Vivado/2022.2/bin/unwrapped/win64.o/xelab.exe --incr --debug typical --relax --mt 2 -L xil_defaultlib -L unisims_ver -L unimacro_ver -L secureip --snapshot tb_top_behav xil_defaultlib.tb_top xil_defaultlib.glbl -log elaborate.log 
Using 2 slave threads.
Starting static elaboration
Pass Through NonSizing Optimizer
Completed static elaboration
Starting simulation data flow analysis
Completed simulation data flow analysis
Time Resolution for simulation is 1ps
Compiling module xil_defaultlib.MyBootROM
Compiling module xil_defaultlib.bram_default
Compiling module xil_defaultlib.AddressGenerator
Compiling module xil_defaultlib.barret
Compiling module xil_defaultlib.BoothDecode
Compiling module xil_defaultlib.mul_default
Compiling module xil_defaultlib.bu_ntt
Compiling module xil_defaultlib.bu_intt
Compiling module xil_defaultlib.normalize_output
Compiling module xil_defaultlib.top
Compiling module xil_defaultlib.tb_top
Compiling module xil_defaultlib.glbl
Built simulation snapshot tb_top_behav
INFO: [USF-XSim-69] 'elaborate' step finished in '2' seconds
Time resolution is 1 ps
[5800000] DONE_STORE!
$finish called at time : 5880 ns : File "C:/Hung/Viettel/Stage2/ML-KEM/NTT/tb_top.v" Line 125
relaunch_sim: Time (s): cpu = 00:00:01 ; elapsed = 00:00:06 . Memory (MB): peak = 1805.332 ; gain = 0.000
current_wave_config {tb_top_func_impl.wcfg}
C:/Hung/Viettel/Stage2/ML-KEM/ml_kem/tb_top_func_impl.wcfg
add_wave {{/tb_top/valid_output}} 
relaunch_sim
Command: launch_simulation -step compile -simset sim_1 -mode behavioral
INFO: [Vivado 12-12493] Simulation top is 'tb_top'
WARNING: [Vivado 12-13340] Unable to auto find GCC executables from simulator install path! (path not set)
WARNING: [Vivado 12-13277] Compiled library path does not exist: ''
INFO: [Vivado 12-5682] Launching behavioral simulation in 'C:/Hung/Viettel/Stage2/ML-KEM/ml_kem/ml_kem.sim/sim_1/behav/xsim'
INFO: [SIM-utils-51] Simulation object is 'sim_1'
INFO: [USF-XSim-2] XSim::Compile design
INFO: [USF-XSim-61] Executing 'COMPILE and ANALYZE' step in 'C:/Hung/Viettel/Stage2/ML-KEM/ml_kem/ml_kem.sim/sim_1/behav/xsim'
"xvlog --incr --relax -prj tb_top_vlog.prj"
INFO: [VRFC 10-2263] Analyzing Verilog file "C:/Hung/Viettel/Stage2/ML-KEM/NTT/AddressGenerator.v" into library xil_defaultlib
INFO: [VRFC 10-311] analyzing module AddressGenerator
INFO: [VRFC 10-2263] Analyzing Verilog file "C:/Hung/Viettel/Stage2/ML-KEM/NTT/BoothDecode.v" into library xil_defaultlib
INFO: [VRFC 10-311] analyzing module BoothDecode
INFO: [VRFC 10-2263] Analyzing Verilog file "C:/Hung/Viettel/Stage2/ML-KEM/NTT/MyBootRom.v" into library xil_defaultlib
INFO: [VRFC 10-311] analyzing module MyBootROM
INFO: [VRFC 10-2263] Analyzing Verilog file "C:/Hung/Viettel/Stage2/ML-KEM/NTT/barret.v" into library xil_defaultlib
INFO: [VRFC 10-311] analyzing module barret
INFO: [VRFC 10-2263] Analyzing Verilog file "C:/Hung/Viettel/Stage2/ML-KEM/NTT/bram.v" into library xil_defaultlib
INFO: [VRFC 10-311] analyzing module bram
INFO: [VRFC 10-2263] Analyzing Verilog file "C:/Hung/Viettel/Stage2/ML-KEM/NTT/bu_intt.v" into library xil_defaultlib
INFO: [VRFC 10-311] analyzing module bu_intt
INFO: [VRFC 10-2263] Analyzing Verilog file "C:/Hung/Viettel/Stage2/ML-KEM/NTT/bu_ntt.v" into library xil_defaultlib
INFO: [VRFC 10-311] analyzing module bu_ntt
INFO: [VRFC 10-2263] Analyzing Verilog file "C:/Hung/Viettel/Stage2/ML-KEM/NTT/mul.v" into library xil_defaultlib
INFO: [VRFC 10-311] analyzing module mul
INFO: [VRFC 10-2263] Analyzing Verilog file "C:/Hung/Viettel/Stage2/ML-KEM/NTT/normalize_output.v" into library xil_defaultlib
INFO: [VRFC 10-311] analyzing module normalize_output
INFO: [VRFC 10-2263] Analyzing Verilog file "C:/Hung/Viettel/Stage2/ML-KEM/NTT/top.v" into library xil_defaultlib
INFO: [VRFC 10-311] analyzing module top
INFO: [VRFC 10-2263] Analyzing Verilog file "C:/Hung/Viettel/Stage2/ML-KEM/NTT/tb_top.v" into library xil_defaultlib
INFO: [VRFC 10-311] analyzing module tb_top
INFO: [USF-XSim-69] 'compile' step finished in '1' seconds
Command: launch_simulation -step elaborate -simset sim_1 -mode behavioral
INFO: [Vivado 12-12493] Simulation top is 'tb_top'
WARNING: [Vivado 12-13340] Unable to auto find GCC executables from simulator install path! (path not set)
WARNING: [Vivado 12-13277] Compiled library path does not exist: ''
INFO: [Vivado 12-5682] Launching behavioral simulation in 'C:/Hung/Viettel/Stage2/ML-KEM/ml_kem/ml_kem.sim/sim_1/behav/xsim'
INFO: [SIM-utils-51] Simulation object is 'sim_1'
INFO: [USF-XSim-3] XSim::Elaborate design
INFO: [USF-XSim-61] Executing 'ELABORATE' step in 'C:/Hung/Viettel/Stage2/ML-KEM/ml_kem/ml_kem.sim/sim_1/behav/xsim'
"xelab --incr --debug typical --relax --mt 2 -L xil_defaultlib -L unisims_ver -L unimacro_ver -L secureip --snapshot tb_top_behav xil_defaultlib.tb_top xil_defaultlib.glbl -log elaborate.log"
Vivado Simulator v2022.2.2
Copyright 1986-1999, 2001-2022 Xilinx, Inc. All Rights Reserved.
Running: C:/Xilinx/Vivado/2022.2/bin/unwrapped/win64.o/xelab.exe --incr --debug typical --relax --mt 2 -L xil_defaultlib -L unisims_ver -L unimacro_ver -L secureip --snapshot tb_top_behav xil_defaultlib.tb_top xil_defaultlib.glbl -log elaborate.log 
Using 2 slave threads.
Starting static elaboration
Pass Through NonSizing Optimizer
Completed static elaboration
Starting simulation data flow analysis
Completed simulation data flow analysis
Time Resolution for simulation is 1ps
Compiling module xil_defaultlib.MyBootROM
Compiling module xil_defaultlib.bram_default
Compiling module xil_defaultlib.AddressGenerator
Compiling module xil_defaultlib.barret
Compiling module xil_defaultlib.BoothDecode
Compiling module xil_defaultlib.mul_default
Compiling module xil_defaultlib.bu_ntt
Compiling module xil_defaultlib.bu_intt
Compiling module xil_defaultlib.normalize_output
Compiling module xil_defaultlib.top
Compiling module xil_defaultlib.tb_top
Compiling module xil_defaultlib.glbl
Built simulation snapshot tb_top_behav
INFO: [USF-XSim-69] 'elaborate' step finished in '3' seconds
Time resolution is 1 ps
[5800000] DONE_STORE!
$finish called at time : 5880 ns : File "C:/Hung/Viettel/Stage2/ML-KEM/NTT/tb_top.v" Line 125
relaunch_sim: Time (s): cpu = 00:00:00 ; elapsed = 00:00:06 . Memory (MB): peak = 1805.332 ; gain = 0.000
save_wave_config {C:/Hung/Viettel/Stage2/ML-KEM/ml_kem/tb_top_func_impl.wcfg}
current_wave_config {tb_top_func_impl.wcfg}
C:/Hung/Viettel/Stage2/ML-KEM/ml_kem/tb_top_func_impl.wcfg
add_wave {{/tb_top/dut/valid_addr}} 
relaunch_sim
Command: launch_simulation -step compile -simset sim_1 -mode behavioral
INFO: [Vivado 12-12493] Simulation top is 'tb_top'
WARNING: [Vivado 12-13340] Unable to auto find GCC executables from simulator install path! (path not set)
WARNING: [Vivado 12-13277] Compiled library path does not exist: ''
INFO: [Vivado 12-5682] Launching behavioral simulation in 'C:/Hung/Viettel/Stage2/ML-KEM/ml_kem/ml_kem.sim/sim_1/behav/xsim'
INFO: [SIM-utils-51] Simulation object is 'sim_1'
INFO: [USF-XSim-2] XSim::Compile design
INFO: [USF-XSim-61] Executing 'COMPILE and ANALYZE' step in 'C:/Hung/Viettel/Stage2/ML-KEM/ml_kem/ml_kem.sim/sim_1/behav/xsim'
"xvlog --incr --relax -prj tb_top_vlog.prj"
INFO: [VRFC 10-2263] Analyzing Verilog file "C:/Hung/Viettel/Stage2/ML-KEM/NTT/AddressGenerator.v" into library xil_defaultlib
INFO: [VRFC 10-311] analyzing module AddressGenerator
INFO: [VRFC 10-2263] Analyzing Verilog file "C:/Hung/Viettel/Stage2/ML-KEM/NTT/BoothDecode.v" into library xil_defaultlib
INFO: [VRFC 10-311] analyzing module BoothDecode
INFO: [VRFC 10-2263] Analyzing Verilog file "C:/Hung/Viettel/Stage2/ML-KEM/NTT/MyBootRom.v" into library xil_defaultlib
INFO: [VRFC 10-311] analyzing module MyBootROM
INFO: [VRFC 10-2263] Analyzing Verilog file "C:/Hung/Viettel/Stage2/ML-KEM/NTT/barret.v" into library xil_defaultlib
INFO: [VRFC 10-311] analyzing module barret
INFO: [VRFC 10-2263] Analyzing Verilog file "C:/Hung/Viettel/Stage2/ML-KEM/NTT/bram.v" into library xil_defaultlib
INFO: [VRFC 10-311] analyzing module bram
INFO: [VRFC 10-2263] Analyzing Verilog file "C:/Hung/Viettel/Stage2/ML-KEM/NTT/bu_intt.v" into library xil_defaultlib
INFO: [VRFC 10-311] analyzing module bu_intt
INFO: [VRFC 10-2263] Analyzing Verilog file "C:/Hung/Viettel/Stage2/ML-KEM/NTT/bu_ntt.v" into library xil_defaultlib
INFO: [VRFC 10-311] analyzing module bu_ntt
INFO: [VRFC 10-2263] Analyzing Verilog file "C:/Hung/Viettel/Stage2/ML-KEM/NTT/mul.v" into library xil_defaultlib
INFO: [VRFC 10-311] analyzing module mul
INFO: [VRFC 10-2263] Analyzing Verilog file "C:/Hung/Viettel/Stage2/ML-KEM/NTT/normalize_output.v" into library xil_defaultlib
INFO: [VRFC 10-311] analyzing module normalize_output
INFO: [VRFC 10-2263] Analyzing Verilog file "C:/Hung/Viettel/Stage2/ML-KEM/NTT/top.v" into library xil_defaultlib
INFO: [VRFC 10-311] analyzing module top
INFO: [VRFC 10-2263] Analyzing Verilog file "C:/Hung/Viettel/Stage2/ML-KEM/NTT/tb_top.v" into library xil_defaultlib
INFO: [VRFC 10-311] analyzing module tb_top
INFO: [USF-XSim-69] 'compile' step finished in '1' seconds
Command: launch_simulation -step elaborate -simset sim_1 -mode behavioral
INFO: [Vivado 12-12493] Simulation top is 'tb_top'
WARNING: [Vivado 12-13340] Unable to auto find GCC executables from simulator install path! (path not set)
WARNING: [Vivado 12-13277] Compiled library path does not exist: ''
INFO: [Vivado 12-5682] Launching behavioral simulation in 'C:/Hung/Viettel/Stage2/ML-KEM/ml_kem/ml_kem.sim/sim_1/behav/xsim'
INFO: [SIM-utils-51] Simulation object is 'sim_1'
INFO: [USF-XSim-3] XSim::Elaborate design
INFO: [USF-XSim-61] Executing 'ELABORATE' step in 'C:/Hung/Viettel/Stage2/ML-KEM/ml_kem/ml_kem.sim/sim_1/behav/xsim'
"xelab --incr --debug typical --relax --mt 2 -L xil_defaultlib -L unisims_ver -L unimacro_ver -L secureip --snapshot tb_top_behav xil_defaultlib.tb_top xil_defaultlib.glbl -log elaborate.log"
Vivado Simulator v2022.2.2
Copyright 1986-1999, 2001-2022 Xilinx, Inc. All Rights Reserved.
Running: C:/Xilinx/Vivado/2022.2/bin/unwrapped/win64.o/xelab.exe --incr --debug typical --relax --mt 2 -L xil_defaultlib -L unisims_ver -L unimacro_ver -L secureip --snapshot tb_top_behav xil_defaultlib.tb_top xil_defaultlib.glbl -log elaborate.log 
Using 2 slave threads.
Starting static elaboration
Pass Through NonSizing Optimizer
Completed static elaboration
Starting simulation data flow analysis
Completed simulation data flow analysis
Time Resolution for simulation is 1ps
Compiling module xil_defaultlib.MyBootROM
Compiling module xil_defaultlib.bram_default
Compiling module xil_defaultlib.AddressGenerator
Compiling module xil_defaultlib.barret
Compiling module xil_defaultlib.BoothDecode
Compiling module xil_defaultlib.mul_default
Compiling module xil_defaultlib.bu_ntt
Compiling module xil_defaultlib.bu_intt
Compiling module xil_defaultlib.normalize_output
Compiling module xil_defaultlib.top
Compiling module xil_defaultlib.tb_top
Compiling module xil_defaultlib.glbl
Built simulation snapshot tb_top_behav
INFO: [USF-XSim-69] 'elaborate' step finished in '3' seconds
Time resolution is 1 ps
[5800000] DONE_STORE!
$finish called at time : 5880 ns : File "C:/Hung/Viettel/Stage2/ML-KEM/NTT/tb_top.v" Line 125
relaunch_sim: Time (s): cpu = 00:00:01 ; elapsed = 00:00:06 . Memory (MB): peak = 1805.332 ; gain = 0.000
save_wave_config {C:/Hung/Viettel/Stage2/ML-KEM/ml_kem/tb_top_func_impl.wcfg}
current_wave_config {tb_top_func_impl.wcfg}
C:/Hung/Viettel/Stage2/ML-KEM/ml_kem/tb_top_func_impl.wcfg
add_wave {{/tb_top/dut/raddr_a}} {{/tb_top/dut/raddr_b}} 
save_wave_config {C:/Hung/Viettel/Stage2/ML-KEM/ml_kem/tb_top_func_impl.wcfg}
relaunch_sim
Command: launch_simulation -step compile -simset sim_1 -mode behavioral
INFO: [Vivado 12-12493] Simulation top is 'tb_top'
WARNING: [Vivado 12-13340] Unable to auto find GCC executables from simulator install path! (path not set)
WARNING: [Vivado 12-13277] Compiled library path does not exist: ''
INFO: [Vivado 12-5682] Launching behavioral simulation in 'C:/Hung/Viettel/Stage2/ML-KEM/ml_kem/ml_kem.sim/sim_1/behav/xsim'
INFO: [SIM-utils-51] Simulation object is 'sim_1'
INFO: [USF-XSim-2] XSim::Compile design
INFO: [USF-XSim-61] Executing 'COMPILE and ANALYZE' step in 'C:/Hung/Viettel/Stage2/ML-KEM/ml_kem/ml_kem.sim/sim_1/behav/xsim'
"xvlog --incr --relax -prj tb_top_vlog.prj"
INFO: [VRFC 10-2263] Analyzing Verilog file "C:/Hung/Viettel/Stage2/ML-KEM/NTT/AddressGenerator.v" into library xil_defaultlib
INFO: [VRFC 10-311] analyzing module AddressGenerator
INFO: [VRFC 10-2263] Analyzing Verilog file "C:/Hung/Viettel/Stage2/ML-KEM/NTT/BoothDecode.v" into library xil_defaultlib
INFO: [VRFC 10-311] analyzing module BoothDecode
INFO: [VRFC 10-2263] Analyzing Verilog file "C:/Hung/Viettel/Stage2/ML-KEM/NTT/MyBootRom.v" into library xil_defaultlib
INFO: [VRFC 10-311] analyzing module MyBootROM
INFO: [VRFC 10-2263] Analyzing Verilog file "C:/Hung/Viettel/Stage2/ML-KEM/NTT/barret.v" into library xil_defaultlib
INFO: [VRFC 10-311] analyzing module barret
INFO: [VRFC 10-2263] Analyzing Verilog file "C:/Hung/Viettel/Stage2/ML-KEM/NTT/bram.v" into library xil_defaultlib
INFO: [VRFC 10-311] analyzing module bram
INFO: [VRFC 10-2263] Analyzing Verilog file "C:/Hung/Viettel/Stage2/ML-KEM/NTT/bu_intt.v" into library xil_defaultlib
INFO: [VRFC 10-311] analyzing module bu_intt
INFO: [VRFC 10-2263] Analyzing Verilog file "C:/Hung/Viettel/Stage2/ML-KEM/NTT/bu_ntt.v" into library xil_defaultlib
INFO: [VRFC 10-311] analyzing module bu_ntt
INFO: [VRFC 10-2263] Analyzing Verilog file "C:/Hung/Viettel/Stage2/ML-KEM/NTT/mul.v" into library xil_defaultlib
INFO: [VRFC 10-311] analyzing module mul
INFO: [VRFC 10-2263] Analyzing Verilog file "C:/Hung/Viettel/Stage2/ML-KEM/NTT/normalize_output.v" into library xil_defaultlib
INFO: [VRFC 10-311] analyzing module normalize_output
INFO: [VRFC 10-2263] Analyzing Verilog file "C:/Hung/Viettel/Stage2/ML-KEM/NTT/top.v" into library xil_defaultlib
INFO: [VRFC 10-311] analyzing module top
INFO: [VRFC 10-2263] Analyzing Verilog file "C:/Hung/Viettel/Stage2/ML-KEM/NTT/tb_top.v" into library xil_defaultlib
INFO: [VRFC 10-311] analyzing module tb_top
INFO: [USF-XSim-69] 'compile' step finished in '2' seconds
Command: launch_simulation -step elaborate -simset sim_1 -mode behavioral
INFO: [Vivado 12-12493] Simulation top is 'tb_top'
WARNING: [Vivado 12-13340] Unable to auto find GCC executables from simulator install path! (path not set)
WARNING: [Vivado 12-13277] Compiled library path does not exist: ''
INFO: [Vivado 12-5682] Launching behavioral simulation in 'C:/Hung/Viettel/Stage2/ML-KEM/ml_kem/ml_kem.sim/sim_1/behav/xsim'
INFO: [SIM-utils-51] Simulation object is 'sim_1'
INFO: [USF-XSim-3] XSim::Elaborate design
INFO: [USF-XSim-61] Executing 'ELABORATE' step in 'C:/Hung/Viettel/Stage2/ML-KEM/ml_kem/ml_kem.sim/sim_1/behav/xsim'
"xelab --incr --debug typical --relax --mt 2 -L xil_defaultlib -L unisims_ver -L unimacro_ver -L secureip --snapshot tb_top_behav xil_defaultlib.tb_top xil_defaultlib.glbl -log elaborate.log"
Vivado Simulator v2022.2.2
Copyright 1986-1999, 2001-2022 Xilinx, Inc. All Rights Reserved.
Running: C:/Xilinx/Vivado/2022.2/bin/unwrapped/win64.o/xelab.exe --incr --debug typical --relax --mt 2 -L xil_defaultlib -L unisims_ver -L unimacro_ver -L secureip --snapshot tb_top_behav xil_defaultlib.tb_top xil_defaultlib.glbl -log elaborate.log 
Using 2 slave threads.
Starting static elaboration
Pass Through NonSizing Optimizer
Completed static elaboration
Starting simulation data flow analysis
Completed simulation data flow analysis
Time Resolution for simulation is 1ps
Compiling module xil_defaultlib.MyBootROM
Compiling module xil_defaultlib.bram_default
Compiling module xil_defaultlib.AddressGenerator
Compiling module xil_defaultlib.barret
Compiling module xil_defaultlib.BoothDecode
Compiling module xil_defaultlib.mul_default
Compiling module xil_defaultlib.bu_ntt
Compiling module xil_defaultlib.bu_intt
Compiling module xil_defaultlib.normalize_output
Compiling module xil_defaultlib.top
Compiling module xil_defaultlib.tb_top
Compiling module xil_defaultlib.glbl
Built simulation snapshot tb_top_behav
INFO: [USF-XSim-69] 'elaborate' step finished in '2' seconds
Time resolution is 1 ps
[5800000] DONE_STORE!
$finish called at time : 5880 ns : File "C:/Hung/Viettel/Stage2/ML-KEM/NTT/tb_top.v" Line 125
relaunch_sim: Time (s): cpu = 00:00:01 ; elapsed = 00:00:06 . Memory (MB): peak = 1805.332 ; gain = 0.000
relaunch_sim
Command: launch_simulation -step compile -simset sim_1 -mode behavioral
INFO: [Vivado 12-12493] Simulation top is 'tb_top'
WARNING: [Vivado 12-13340] Unable to auto find GCC executables from simulator install path! (path not set)
WARNING: [Vivado 12-13277] Compiled library path does not exist: ''
INFO: [Vivado 12-5682] Launching behavioral simulation in 'C:/Hung/Viettel/Stage2/ML-KEM/ml_kem/ml_kem.sim/sim_1/behav/xsim'
INFO: [SIM-utils-51] Simulation object is 'sim_1'
INFO: [USF-XSim-2] XSim::Compile design
INFO: [USF-XSim-61] Executing 'COMPILE and ANALYZE' step in 'C:/Hung/Viettel/Stage2/ML-KEM/ml_kem/ml_kem.sim/sim_1/behav/xsim'
"xvlog --incr --relax -prj tb_top_vlog.prj"
INFO: [VRFC 10-2263] Analyzing Verilog file "C:/Hung/Viettel/Stage2/ML-KEM/NTT/AddressGenerator.v" into library xil_defaultlib
INFO: [VRFC 10-311] analyzing module AddressGenerator
INFO: [VRFC 10-2263] Analyzing Verilog file "C:/Hung/Viettel/Stage2/ML-KEM/NTT/BoothDecode.v" into library xil_defaultlib
INFO: [VRFC 10-311] analyzing module BoothDecode
INFO: [VRFC 10-2263] Analyzing Verilog file "C:/Hung/Viettel/Stage2/ML-KEM/NTT/MyBootRom.v" into library xil_defaultlib
INFO: [VRFC 10-311] analyzing module MyBootROM
INFO: [VRFC 10-2263] Analyzing Verilog file "C:/Hung/Viettel/Stage2/ML-KEM/NTT/barret.v" into library xil_defaultlib
INFO: [VRFC 10-311] analyzing module barret
INFO: [VRFC 10-2263] Analyzing Verilog file "C:/Hung/Viettel/Stage2/ML-KEM/NTT/bram.v" into library xil_defaultlib
INFO: [VRFC 10-311] analyzing module bram
INFO: [VRFC 10-2263] Analyzing Verilog file "C:/Hung/Viettel/Stage2/ML-KEM/NTT/bu_intt.v" into library xil_defaultlib
INFO: [VRFC 10-311] analyzing module bu_intt
INFO: [VRFC 10-2263] Analyzing Verilog file "C:/Hung/Viettel/Stage2/ML-KEM/NTT/bu_ntt.v" into library xil_defaultlib
INFO: [VRFC 10-311] analyzing module bu_ntt
INFO: [VRFC 10-2263] Analyzing Verilog file "C:/Hung/Viettel/Stage2/ML-KEM/NTT/mul.v" into library xil_defaultlib
INFO: [VRFC 10-311] analyzing module mul
INFO: [VRFC 10-2263] Analyzing Verilog file "C:/Hung/Viettel/Stage2/ML-KEM/NTT/normalize_output.v" into library xil_defaultlib
INFO: [VRFC 10-311] analyzing module normalize_output
INFO: [VRFC 10-2263] Analyzing Verilog file "C:/Hung/Viettel/Stage2/ML-KEM/NTT/top.v" into library xil_defaultlib
INFO: [VRFC 10-311] analyzing module top
INFO: [VRFC 10-2263] Analyzing Verilog file "C:/Hung/Viettel/Stage2/ML-KEM/NTT/tb_top.v" into library xil_defaultlib
INFO: [VRFC 10-311] analyzing module tb_top
INFO: [USF-XSim-69] 'compile' step finished in '2' seconds
Command: launch_simulation -step elaborate -simset sim_1 -mode behavioral
INFO: [Vivado 12-12493] Simulation top is 'tb_top'
WARNING: [Vivado 12-13340] Unable to auto find GCC executables from simulator install path! (path not set)
WARNING: [Vivado 12-13277] Compiled library path does not exist: ''
INFO: [Vivado 12-5682] Launching behavioral simulation in 'C:/Hung/Viettel/Stage2/ML-KEM/ml_kem/ml_kem.sim/sim_1/behav/xsim'
INFO: [SIM-utils-51] Simulation object is 'sim_1'
INFO: [USF-XSim-3] XSim::Elaborate design
INFO: [USF-XSim-61] Executing 'ELABORATE' step in 'C:/Hung/Viettel/Stage2/ML-KEM/ml_kem/ml_kem.sim/sim_1/behav/xsim'
"xelab --incr --debug typical --relax --mt 2 -L xil_defaultlib -L unisims_ver -L unimacro_ver -L secureip --snapshot tb_top_behav xil_defaultlib.tb_top xil_defaultlib.glbl -log elaborate.log"
Vivado Simulator v2022.2.2
Copyright 1986-1999, 2001-2022 Xilinx, Inc. All Rights Reserved.
Running: C:/Xilinx/Vivado/2022.2/bin/unwrapped/win64.o/xelab.exe --incr --debug typical --relax --mt 2 -L xil_defaultlib -L unisims_ver -L unimacro_ver -L secureip --snapshot tb_top_behav xil_defaultlib.tb_top xil_defaultlib.glbl -log elaborate.log 
Using 2 slave threads.
Starting static elaboration
Pass Through NonSizing Optimizer
WARNING: [VRFC 10-3091] actual bit length 8 differs from formal bit length 1 for port 'valid' [C:/Hung/Viettel/Stage2/ML-KEM/NTT/top.v:330]
Completed static elaboration
Starting simulation data flow analysis
Completed simulation data flow analysis
Time Resolution for simulation is 1ps
Compiling module xil_defaultlib.MyBootROM
Compiling module xil_defaultlib.bram_default
Compiling module xil_defaultlib.AddressGenerator
Compiling module xil_defaultlib.barret
Compiling module xil_defaultlib.BoothDecode
Compiling module xil_defaultlib.mul_default
Compiling module xil_defaultlib.bu_ntt
Compiling module xil_defaultlib.bu_intt
Compiling module xil_defaultlib.normalize_output
Compiling module xil_defaultlib.top
Compiling module xil_defaultlib.tb_top
Compiling module xil_defaultlib.glbl
Built simulation snapshot tb_top_behav
INFO: [USF-XSim-69] 'elaborate' step finished in '2' seconds
Time resolution is 1 ps
[5800000] DONE_STORE!
$finish called at time : 5880 ns : File "C:/Hung/Viettel/Stage2/ML-KEM/NTT/tb_top.v" Line 125
relaunch_sim: Time (s): cpu = 00:00:01 ; elapsed = 00:00:06 . Memory (MB): peak = 1805.332 ; gain = 0.000
relaunch_sim
Command: launch_simulation -step compile -simset sim_1 -mode behavioral
INFO: [Vivado 12-12493] Simulation top is 'tb_top'
WARNING: [Vivado 12-13340] Unable to auto find GCC executables from simulator install path! (path not set)
WARNING: [Vivado 12-13277] Compiled library path does not exist: ''
INFO: [Vivado 12-5682] Launching behavioral simulation in 'C:/Hung/Viettel/Stage2/ML-KEM/ml_kem/ml_kem.sim/sim_1/behav/xsim'
INFO: [SIM-utils-51] Simulation object is 'sim_1'
INFO: [USF-XSim-2] XSim::Compile design
INFO: [USF-XSim-61] Executing 'COMPILE and ANALYZE' step in 'C:/Hung/Viettel/Stage2/ML-KEM/ml_kem/ml_kem.sim/sim_1/behav/xsim'
"xvlog --incr --relax -prj tb_top_vlog.prj"
INFO: [VRFC 10-2263] Analyzing Verilog file "C:/Hung/Viettel/Stage2/ML-KEM/NTT/AddressGenerator.v" into library xil_defaultlib
INFO: [VRFC 10-311] analyzing module AddressGenerator
INFO: [VRFC 10-2263] Analyzing Verilog file "C:/Hung/Viettel/Stage2/ML-KEM/NTT/BoothDecode.v" into library xil_defaultlib
INFO: [VRFC 10-311] analyzing module BoothDecode
INFO: [VRFC 10-2263] Analyzing Verilog file "C:/Hung/Viettel/Stage2/ML-KEM/NTT/MyBootRom.v" into library xil_defaultlib
INFO: [VRFC 10-311] analyzing module MyBootROM
INFO: [VRFC 10-2263] Analyzing Verilog file "C:/Hung/Viettel/Stage2/ML-KEM/NTT/barret.v" into library xil_defaultlib
INFO: [VRFC 10-311] analyzing module barret
INFO: [VRFC 10-2263] Analyzing Verilog file "C:/Hung/Viettel/Stage2/ML-KEM/NTT/bram.v" into library xil_defaultlib
INFO: [VRFC 10-311] analyzing module bram
INFO: [VRFC 10-2263] Analyzing Verilog file "C:/Hung/Viettel/Stage2/ML-KEM/NTT/bu_intt.v" into library xil_defaultlib
INFO: [VRFC 10-311] analyzing module bu_intt
INFO: [VRFC 10-2263] Analyzing Verilog file "C:/Hung/Viettel/Stage2/ML-KEM/NTT/bu_ntt.v" into library xil_defaultlib
INFO: [VRFC 10-311] analyzing module bu_ntt
INFO: [VRFC 10-2263] Analyzing Verilog file "C:/Hung/Viettel/Stage2/ML-KEM/NTT/mul.v" into library xil_defaultlib
INFO: [VRFC 10-311] analyzing module mul
INFO: [VRFC 10-2263] Analyzing Verilog file "C:/Hung/Viettel/Stage2/ML-KEM/NTT/normalize_output.v" into library xil_defaultlib
INFO: [VRFC 10-311] analyzing module normalize_output
INFO: [VRFC 10-2263] Analyzing Verilog file "C:/Hung/Viettel/Stage2/ML-KEM/NTT/top.v" into library xil_defaultlib
INFO: [VRFC 10-311] analyzing module top
INFO: [VRFC 10-2263] Analyzing Verilog file "C:/Hung/Viettel/Stage2/ML-KEM/NTT/tb_top.v" into library xil_defaultlib
INFO: [VRFC 10-311] analyzing module tb_top
INFO: [USF-XSim-69] 'compile' step finished in '1' seconds
Command: launch_simulation -step elaborate -simset sim_1 -mode behavioral
INFO: [Vivado 12-12493] Simulation top is 'tb_top'
WARNING: [Vivado 12-13340] Unable to auto find GCC executables from simulator install path! (path not set)
WARNING: [Vivado 12-13277] Compiled library path does not exist: ''
INFO: [Vivado 12-5682] Launching behavioral simulation in 'C:/Hung/Viettel/Stage2/ML-KEM/ml_kem/ml_kem.sim/sim_1/behav/xsim'
INFO: [SIM-utils-51] Simulation object is 'sim_1'
INFO: [USF-XSim-3] XSim::Elaborate design
INFO: [USF-XSim-61] Executing 'ELABORATE' step in 'C:/Hung/Viettel/Stage2/ML-KEM/ml_kem/ml_kem.sim/sim_1/behav/xsim'
"xelab --incr --debug typical --relax --mt 2 -L xil_defaultlib -L unisims_ver -L unimacro_ver -L secureip --snapshot tb_top_behav xil_defaultlib.tb_top xil_defaultlib.glbl -log elaborate.log"
Vivado Simulator v2022.2.2
Copyright 1986-1999, 2001-2022 Xilinx, Inc. All Rights Reserved.
Running: C:/Xilinx/Vivado/2022.2/bin/unwrapped/win64.o/xelab.exe --incr --debug typical --relax --mt 2 -L xil_defaultlib -L unisims_ver -L unimacro_ver -L secureip --snapshot tb_top_behav xil_defaultlib.tb_top xil_defaultlib.glbl -log elaborate.log 
Using 2 slave threads.
Starting static elaboration
Pass Through NonSizing Optimizer
WARNING: [VRFC 10-3091] actual bit length 8 differs from formal bit length 1 for port 'valid' [C:/Hung/Viettel/Stage2/ML-KEM/NTT/top.v:330]
Completed static elaboration
Starting simulation data flow analysis
Completed simulation data flow analysis
Time Resolution for simulation is 1ps
Compiling module xil_defaultlib.MyBootROM
Compiling module xil_defaultlib.bram_default
Compiling module xil_defaultlib.AddressGenerator
Compiling module xil_defaultlib.barret
Compiling module xil_defaultlib.BoothDecode
Compiling module xil_defaultlib.mul_default
Compiling module xil_defaultlib.bu_ntt
Compiling module xil_defaultlib.bu_intt
Compiling module xil_defaultlib.normalize_output
Compiling module xil_defaultlib.top
Compiling module xil_defaultlib.tb_top
Compiling module xil_defaultlib.glbl
Built simulation snapshot tb_top_behav
INFO: [USF-XSim-69] 'elaborate' step finished in '2' seconds
Time resolution is 1 ps
[5800000] DONE_STORE!
$finish called at time : 5880 ns : File "C:/Hung/Viettel/Stage2/ML-KEM/NTT/tb_top.v" Line 125
relaunch_sim: Time (s): cpu = 00:00:01 ; elapsed = 00:00:07 . Memory (MB): peak = 1805.332 ; gain = 0.000
current_wave_config {tb_top_func_impl.wcfg}
C:/Hung/Viettel/Stage2/ML-KEM/ml_kem/tb_top_func_impl.wcfg
add_wave {{/tb_top/dut/start_normalize}} {{/tb_top/dut/oe_normalize}} 
save_wave_config {C:/Hung/Viettel/Stage2/ML-KEM/ml_kem/tb_top_func_impl.wcfg}
relaunch_sim
Command: launch_simulation -step compile -simset sim_1 -mode behavioral
INFO: [Vivado 12-12493] Simulation top is 'tb_top'
WARNING: [Vivado 12-13340] Unable to auto find GCC executables from simulator install path! (path not set)
WARNING: [Vivado 12-13277] Compiled library path does not exist: ''
INFO: [Vivado 12-5682] Launching behavioral simulation in 'C:/Hung/Viettel/Stage2/ML-KEM/ml_kem/ml_kem.sim/sim_1/behav/xsim'
INFO: [SIM-utils-51] Simulation object is 'sim_1'
INFO: [USF-XSim-2] XSim::Compile design
INFO: [USF-XSim-61] Executing 'COMPILE and ANALYZE' step in 'C:/Hung/Viettel/Stage2/ML-KEM/ml_kem/ml_kem.sim/sim_1/behav/xsim'
"xvlog --incr --relax -prj tb_top_vlog.prj"
INFO: [USF-XSim-69] 'compile' step finished in '2' seconds
Command: launch_simulation -step elaborate -simset sim_1 -mode behavioral
INFO: [Vivado 12-12493] Simulation top is 'tb_top'
WARNING: [Vivado 12-13340] Unable to auto find GCC executables from simulator install path! (path not set)
WARNING: [Vivado 12-13277] Compiled library path does not exist: ''
INFO: [Vivado 12-5682] Launching behavioral simulation in 'C:/Hung/Viettel/Stage2/ML-KEM/ml_kem/ml_kem.sim/sim_1/behav/xsim'
INFO: [SIM-utils-51] Simulation object is 'sim_1'
INFO: [USF-XSim-3] XSim::Elaborate design
INFO: [USF-XSim-61] Executing 'ELABORATE' step in 'C:/Hung/Viettel/Stage2/ML-KEM/ml_kem/ml_kem.sim/sim_1/behav/xsim'
"xelab --incr --debug typical --relax --mt 2 -L xil_defaultlib -L unisims_ver -L unimacro_ver -L secureip --snapshot tb_top_behav xil_defaultlib.tb_top xil_defaultlib.glbl -log elaborate.log"
Vivado Simulator v2022.2.2
Copyright 1986-1999, 2001-2022 Xilinx, Inc. All Rights Reserved.
Running: C:/Xilinx/Vivado/2022.2/bin/unwrapped/win64.o/xelab.exe --incr --debug typical --relax --mt 2 -L xil_defaultlib -L unisims_ver -L unimacro_ver -L secureip --snapshot tb_top_behav xil_defaultlib.tb_top xil_defaultlib.glbl -log elaborate.log 
Using 2 slave threads.
Starting static elaboration
Pass Through NonSizing Optimizer
WARNING: [VRFC 10-3091] actual bit length 8 differs from formal bit length 1 for port 'valid' [C:/Hung/Viettel/Stage2/ML-KEM/NTT/top.v:330]
Completed static elaboration
INFO: [XSIM 43-4323] No Change in HDL. Linking previously generated obj files to create kernel
INFO: [USF-XSim-69] 'elaborate' step finished in '1' seconds
Time resolution is 1 ps
[5800000] DONE_STORE!
$finish called at time : 5880 ns : File "C:/Hung/Viettel/Stage2/ML-KEM/NTT/tb_top.v" Line 125
relaunch_sim: Time (s): cpu = 00:00:00 ; elapsed = 00:00:05 . Memory (MB): peak = 1805.332 ; gain = 0.000
current_wave_config {tb_top_func_impl.wcfg}
C:/Hung/Viettel/Stage2/ML-KEM/ml_kem/tb_top_func_impl.wcfg
add_wave {{/tb_top/dut/normalize_inst/A}} {{/tb_top/dut/normalize_inst/B}} {{/tb_top/dut/normalize_inst/oA}} {{/tb_top/dut/normalize_inst/oB}} 
save_wave_config {C:/Hung/Viettel/Stage2/ML-KEM/ml_kem/tb_top_func_impl.wcfg}
relaunch_sim
Command: launch_simulation -step compile -simset sim_1 -mode behavioral
INFO: [Vivado 12-12493] Simulation top is 'tb_top'
WARNING: [Vivado 12-13340] Unable to auto find GCC executables from simulator install path! (path not set)
WARNING: [Vivado 12-13277] Compiled library path does not exist: ''
INFO: [Vivado 12-5682] Launching behavioral simulation in 'C:/Hung/Viettel/Stage2/ML-KEM/ml_kem/ml_kem.sim/sim_1/behav/xsim'
INFO: [SIM-utils-51] Simulation object is 'sim_1'
INFO: [USF-XSim-2] XSim::Compile design
INFO: [USF-XSim-61] Executing 'COMPILE and ANALYZE' step in 'C:/Hung/Viettel/Stage2/ML-KEM/ml_kem/ml_kem.sim/sim_1/behav/xsim'
"xvlog --incr --relax -prj tb_top_vlog.prj"
INFO: [USF-XSim-69] 'compile' step finished in '1' seconds
Command: launch_simulation -step elaborate -simset sim_1 -mode behavioral
INFO: [Vivado 12-12493] Simulation top is 'tb_top'
WARNING: [Vivado 12-13340] Unable to auto find GCC executables from simulator install path! (path not set)
WARNING: [Vivado 12-13277] Compiled library path does not exist: ''
INFO: [Vivado 12-5682] Launching behavioral simulation in 'C:/Hung/Viettel/Stage2/ML-KEM/ml_kem/ml_kem.sim/sim_1/behav/xsim'
INFO: [SIM-utils-51] Simulation object is 'sim_1'
INFO: [USF-XSim-3] XSim::Elaborate design
INFO: [USF-XSim-61] Executing 'ELABORATE' step in 'C:/Hung/Viettel/Stage2/ML-KEM/ml_kem/ml_kem.sim/sim_1/behav/xsim'
"xelab --incr --debug typical --relax --mt 2 -L xil_defaultlib -L unisims_ver -L unimacro_ver -L secureip --snapshot tb_top_behav xil_defaultlib.tb_top xil_defaultlib.glbl -log elaborate.log"
Vivado Simulator v2022.2.2
Copyright 1986-1999, 2001-2022 Xilinx, Inc. All Rights Reserved.
Running: C:/Xilinx/Vivado/2022.2/bin/unwrapped/win64.o/xelab.exe --incr --debug typical --relax --mt 2 -L xil_defaultlib -L unisims_ver -L unimacro_ver -L secureip --snapshot tb_top_behav xil_defaultlib.tb_top xil_defaultlib.glbl -log elaborate.log 
Using 2 slave threads.
Starting static elaboration
Pass Through NonSizing Optimizer
WARNING: [VRFC 10-3091] actual bit length 8 differs from formal bit length 1 for port 'valid' [C:/Hung/Viettel/Stage2/ML-KEM/NTT/top.v:330]
Completed static elaboration
INFO: [XSIM 43-4323] No Change in HDL. Linking previously generated obj files to create kernel
INFO: [USF-XSim-69] 'elaborate' step finished in '1' seconds
Time resolution is 1 ps
[5800000] DONE_STORE!
$finish called at time : 5880 ns : File "C:/Hung/Viettel/Stage2/ML-KEM/NTT/tb_top.v" Line 125
save_wave_config {C:/Hung/Viettel/Stage2/ML-KEM/ml_kem/tb_top_func_impl.wcfg}
current_wave_config {tb_top_func_impl.wcfg}
C:/Hung/Viettel/Stage2/ML-KEM/ml_kem/tb_top_func_impl.wcfg
add_wave {{/tb_top/dut/normalize_inst/tmp1}} {{/tb_top/dut/normalize_inst/tmp2}} 
relaunch_sim
Command: launch_simulation -step compile -simset sim_1 -mode behavioral
INFO: [Vivado 12-12493] Simulation top is 'tb_top'
WARNING: [Vivado 12-13340] Unable to auto find GCC executables from simulator install path! (path not set)
WARNING: [Vivado 12-13277] Compiled library path does not exist: ''
INFO: [Vivado 12-5682] Launching behavioral simulation in 'C:/Hung/Viettel/Stage2/ML-KEM/ml_kem/ml_kem.sim/sim_1/behav/xsim'
INFO: [SIM-utils-51] Simulation object is 'sim_1'
INFO: [USF-XSim-2] XSim::Compile design
INFO: [USF-XSim-61] Executing 'COMPILE and ANALYZE' step in 'C:/Hung/Viettel/Stage2/ML-KEM/ml_kem/ml_kem.sim/sim_1/behav/xsim'
"xvlog --incr --relax -prj tb_top_vlog.prj"
INFO: [USF-XSim-69] 'compile' step finished in '1' seconds
Command: launch_simulation -step elaborate -simset sim_1 -mode behavioral
INFO: [Vivado 12-12493] Simulation top is 'tb_top'
WARNING: [Vivado 12-13340] Unable to auto find GCC executables from simulator install path! (path not set)
WARNING: [Vivado 12-13277] Compiled library path does not exist: ''
INFO: [Vivado 12-5682] Launching behavioral simulation in 'C:/Hung/Viettel/Stage2/ML-KEM/ml_kem/ml_kem.sim/sim_1/behav/xsim'
INFO: [SIM-utils-51] Simulation object is 'sim_1'
INFO: [USF-XSim-3] XSim::Elaborate design
INFO: [USF-XSim-61] Executing 'ELABORATE' step in 'C:/Hung/Viettel/Stage2/ML-KEM/ml_kem/ml_kem.sim/sim_1/behav/xsim'
"xelab --incr --debug typical --relax --mt 2 -L xil_defaultlib -L unisims_ver -L unimacro_ver -L secureip --snapshot tb_top_behav xil_defaultlib.tb_top xil_defaultlib.glbl -log elaborate.log"
Vivado Simulator v2022.2.2
Copyright 1986-1999, 2001-2022 Xilinx, Inc. All Rights Reserved.
Running: C:/Xilinx/Vivado/2022.2/bin/unwrapped/win64.o/xelab.exe --incr --debug typical --relax --mt 2 -L xil_defaultlib -L unisims_ver -L unimacro_ver -L secureip --snapshot tb_top_behav xil_defaultlib.tb_top xil_defaultlib.glbl -log elaborate.log 
Using 2 slave threads.
Starting static elaboration
Pass Through NonSizing Optimizer
WARNING: [VRFC 10-3091] actual bit length 8 differs from formal bit length 1 for port 'valid' [C:/Hung/Viettel/Stage2/ML-KEM/NTT/top.v:330]
Completed static elaboration
INFO: [XSIM 43-4323] No Change in HDL. Linking previously generated obj files to create kernel
INFO: [USF-XSim-69] 'elaborate' step finished in '2' seconds
Time resolution is 1 ps
[5800000] DONE_STORE!
$finish called at time : 5880 ns : File "C:/Hung/Viettel/Stage2/ML-KEM/NTT/tb_top.v" Line 125
save_wave_config {C:/Hung/Viettel/Stage2/ML-KEM/ml_kem/tb_top_func_impl.wcfg}
current_wave_config {tb_top_func_impl.wcfg}
C:/Hung/Viettel/Stage2/ML-KEM/ml_kem/tb_top_func_impl.wcfg
add_wave {{/tb_top/dut/normalize_inst/barret_inst1/C}} {{/tb_top/dut/normalize_inst/barret_inst1/R}} 
relaunch_sim
Command: launch_simulation -step compile -simset sim_1 -mode behavioral
INFO: [Vivado 12-12493] Simulation top is 'tb_top'
WARNING: [Vivado 12-13340] Unable to auto find GCC executables from simulator install path! (path not set)
WARNING: [Vivado 12-13277] Compiled library path does not exist: ''
INFO: [Vivado 12-5682] Launching behavioral simulation in 'C:/Hung/Viettel/Stage2/ML-KEM/ml_kem/ml_kem.sim/sim_1/behav/xsim'
INFO: [SIM-utils-51] Simulation object is 'sim_1'
INFO: [USF-XSim-2] XSim::Compile design
INFO: [USF-XSim-61] Executing 'COMPILE and ANALYZE' step in 'C:/Hung/Viettel/Stage2/ML-KEM/ml_kem/ml_kem.sim/sim_1/behav/xsim'
"xvlog --incr --relax -prj tb_top_vlog.prj"
INFO: [USF-XSim-69] 'compile' step finished in '1' seconds
Command: launch_simulation -step elaborate -simset sim_1 -mode behavioral
INFO: [Vivado 12-12493] Simulation top is 'tb_top'
WARNING: [Vivado 12-13340] Unable to auto find GCC executables from simulator install path! (path not set)
WARNING: [Vivado 12-13277] Compiled library path does not exist: ''
INFO: [Vivado 12-5682] Launching behavioral simulation in 'C:/Hung/Viettel/Stage2/ML-KEM/ml_kem/ml_kem.sim/sim_1/behav/xsim'
INFO: [SIM-utils-51] Simulation object is 'sim_1'
INFO: [USF-XSim-3] XSim::Elaborate design
INFO: [USF-XSim-61] Executing 'ELABORATE' step in 'C:/Hung/Viettel/Stage2/ML-KEM/ml_kem/ml_kem.sim/sim_1/behav/xsim'
"xelab --incr --debug typical --relax --mt 2 -L xil_defaultlib -L unisims_ver -L unimacro_ver -L secureip --snapshot tb_top_behav xil_defaultlib.tb_top xil_defaultlib.glbl -log elaborate.log"
Vivado Simulator v2022.2.2
Copyright 1986-1999, 2001-2022 Xilinx, Inc. All Rights Reserved.
Running: C:/Xilinx/Vivado/2022.2/bin/unwrapped/win64.o/xelab.exe --incr --debug typical --relax --mt 2 -L xil_defaultlib -L unisims_ver -L unimacro_ver -L secureip --snapshot tb_top_behav xil_defaultlib.tb_top xil_defaultlib.glbl -log elaborate.log 
Using 2 slave threads.
Starting static elaboration
Pass Through NonSizing Optimizer
WARNING: [VRFC 10-3091] actual bit length 8 differs from formal bit length 1 for port 'valid' [C:/Hung/Viettel/Stage2/ML-KEM/NTT/top.v:330]
Completed static elaboration
INFO: [XSIM 43-4323] No Change in HDL. Linking previously generated obj files to create kernel
INFO: [USF-XSim-69] 'elaborate' step finished in '2' seconds
Time resolution is 1 ps
[5800000] DONE_STORE!
$finish called at time : 5880 ns : File "C:/Hung/Viettel/Stage2/ML-KEM/NTT/tb_top.v" Line 125
relaunch_sim
Command: launch_simulation -step compile -simset sim_1 -mode behavioral
INFO: [Vivado 12-12493] Simulation top is 'tb_top'
WARNING: [Vivado 12-13340] Unable to auto find GCC executables from simulator install path! (path not set)
WARNING: [Vivado 12-13277] Compiled library path does not exist: ''
INFO: [Vivado 12-5682] Launching behavioral simulation in 'C:/Hung/Viettel/Stage2/ML-KEM/ml_kem/ml_kem.sim/sim_1/behav/xsim'
INFO: [SIM-utils-51] Simulation object is 'sim_1'
INFO: [USF-XSim-2] XSim::Compile design
INFO: [USF-XSim-61] Executing 'COMPILE and ANALYZE' step in 'C:/Hung/Viettel/Stage2/ML-KEM/ml_kem/ml_kem.sim/sim_1/behav/xsim'
"xvlog --incr --relax -prj tb_top_vlog.prj"
INFO: [VRFC 10-2263] Analyzing Verilog file "C:/Hung/Viettel/Stage2/ML-KEM/NTT/AddressGenerator.v" into library xil_defaultlib
INFO: [VRFC 10-311] analyzing module AddressGenerator
INFO: [VRFC 10-2263] Analyzing Verilog file "C:/Hung/Viettel/Stage2/ML-KEM/NTT/BoothDecode.v" into library xil_defaultlib
INFO: [VRFC 10-311] analyzing module BoothDecode
INFO: [VRFC 10-2263] Analyzing Verilog file "C:/Hung/Viettel/Stage2/ML-KEM/NTT/MyBootRom.v" into library xil_defaultlib
INFO: [VRFC 10-311] analyzing module MyBootROM
INFO: [VRFC 10-2263] Analyzing Verilog file "C:/Hung/Viettel/Stage2/ML-KEM/NTT/barret.v" into library xil_defaultlib
INFO: [VRFC 10-311] analyzing module barret
INFO: [VRFC 10-2263] Analyzing Verilog file "C:/Hung/Viettel/Stage2/ML-KEM/NTT/bram.v" into library xil_defaultlib
INFO: [VRFC 10-311] analyzing module bram
INFO: [VRFC 10-2263] Analyzing Verilog file "C:/Hung/Viettel/Stage2/ML-KEM/NTT/bu_intt.v" into library xil_defaultlib
INFO: [VRFC 10-311] analyzing module bu_intt
INFO: [VRFC 10-2263] Analyzing Verilog file "C:/Hung/Viettel/Stage2/ML-KEM/NTT/bu_ntt.v" into library xil_defaultlib
INFO: [VRFC 10-311] analyzing module bu_ntt
INFO: [VRFC 10-2263] Analyzing Verilog file "C:/Hung/Viettel/Stage2/ML-KEM/NTT/mul.v" into library xil_defaultlib
INFO: [VRFC 10-311] analyzing module mul
INFO: [VRFC 10-2263] Analyzing Verilog file "C:/Hung/Viettel/Stage2/ML-KEM/NTT/normalize_output.v" into library xil_defaultlib
INFO: [VRFC 10-311] analyzing module normalize_output
INFO: [VRFC 10-2263] Analyzing Verilog file "C:/Hung/Viettel/Stage2/ML-KEM/NTT/top.v" into library xil_defaultlib
INFO: [VRFC 10-311] analyzing module top
INFO: [VRFC 10-2263] Analyzing Verilog file "C:/Hung/Viettel/Stage2/ML-KEM/NTT/tb_top.v" into library xil_defaultlib
INFO: [VRFC 10-311] analyzing module tb_top
INFO: [USF-XSim-69] 'compile' step finished in '2' seconds
Command: launch_simulation -step elaborate -simset sim_1 -mode behavioral
INFO: [Vivado 12-12493] Simulation top is 'tb_top'
WARNING: [Vivado 12-13340] Unable to auto find GCC executables from simulator install path! (path not set)
WARNING: [Vivado 12-13277] Compiled library path does not exist: ''
INFO: [Vivado 12-5682] Launching behavioral simulation in 'C:/Hung/Viettel/Stage2/ML-KEM/ml_kem/ml_kem.sim/sim_1/behav/xsim'
INFO: [SIM-utils-51] Simulation object is 'sim_1'
INFO: [USF-XSim-3] XSim::Elaborate design
INFO: [USF-XSim-61] Executing 'ELABORATE' step in 'C:/Hung/Viettel/Stage2/ML-KEM/ml_kem/ml_kem.sim/sim_1/behav/xsim'
"xelab --incr --debug typical --relax --mt 2 -L xil_defaultlib -L unisims_ver -L unimacro_ver -L secureip --snapshot tb_top_behav xil_defaultlib.tb_top xil_defaultlib.glbl -log elaborate.log"
Vivado Simulator v2022.2.2
Copyright 1986-1999, 2001-2022 Xilinx, Inc. All Rights Reserved.
Running: C:/Xilinx/Vivado/2022.2/bin/unwrapped/win64.o/xelab.exe --incr --debug typical --relax --mt 2 -L xil_defaultlib -L unisims_ver -L unimacro_ver -L secureip --snapshot tb_top_behav xil_defaultlib.tb_top xil_defaultlib.glbl -log elaborate.log 
Using 2 slave threads.
Starting static elaboration
Pass Through NonSizing Optimizer
WARNING: [VRFC 10-3091] actual bit length 8 differs from formal bit length 1 for port 'valid' [C:/Hung/Viettel/Stage2/ML-KEM/NTT/top.v:330]
Completed static elaboration
Starting simulation data flow analysis
Completed simulation data flow analysis
Time Resolution for simulation is 1ps
Compiling module xil_defaultlib.MyBootROM
Compiling module xil_defaultlib.bram_default
Compiling module xil_defaultlib.AddressGenerator
Compiling module xil_defaultlib.barret
Compiling module xil_defaultlib.BoothDecode
Compiling module xil_defaultlib.mul_default
Compiling module xil_defaultlib.bu_ntt
Compiling module xil_defaultlib.bu_intt
Compiling module xil_defaultlib.normalize_output
Compiling module xil_defaultlib.top
Compiling module xil_defaultlib.tb_top
Compiling module xil_defaultlib.glbl
Built simulation snapshot tb_top_behav
INFO: [USF-XSim-69] 'elaborate' step finished in '3' seconds
Time resolution is 1 ps
[5800000] DONE_STORE!
$finish called at time : 5880 ns : File "C:/Hung/Viettel/Stage2/ML-KEM/NTT/tb_top.v" Line 125
relaunch_sim: Time (s): cpu = 00:00:01 ; elapsed = 00:00:07 . Memory (MB): peak = 1805.332 ; gain = 0.000
save_wave_config {C:/Hung/Viettel/Stage2/ML-KEM/ml_kem/tb_top_func_impl.wcfg}
current_wave_config {tb_top_func_impl.wcfg}
C:/Hung/Viettel/Stage2/ML-KEM/ml_kem/tb_top_func_impl.wcfg
add_wave {{/tb_top/dut/count_addr}} 
save_wave_config {C:/Hung/Viettel/Stage2/ML-KEM/ml_kem/tb_top_func_impl.wcfg}
relaunch_sim
Command: launch_simulation -step compile -simset sim_1 -mode behavioral
INFO: [Vivado 12-12493] Simulation top is 'tb_top'
WARNING: [Vivado 12-13340] Unable to auto find GCC executables from simulator install path! (path not set)
WARNING: [Vivado 12-13277] Compiled library path does not exist: ''
INFO: [Vivado 12-5682] Launching behavioral simulation in 'C:/Hung/Viettel/Stage2/ML-KEM/ml_kem/ml_kem.sim/sim_1/behav/xsim'
INFO: [SIM-utils-51] Simulation object is 'sim_1'
INFO: [USF-XSim-2] XSim::Compile design
INFO: [USF-XSim-61] Executing 'COMPILE and ANALYZE' step in 'C:/Hung/Viettel/Stage2/ML-KEM/ml_kem/ml_kem.sim/sim_1/behav/xsim'
"xvlog --incr --relax -prj tb_top_vlog.prj"
INFO: [USF-XSim-69] 'compile' step finished in '2' seconds
Command: launch_simulation -step elaborate -simset sim_1 -mode behavioral
INFO: [Vivado 12-12493] Simulation top is 'tb_top'
WARNING: [Vivado 12-13340] Unable to auto find GCC executables from simulator install path! (path not set)
WARNING: [Vivado 12-13277] Compiled library path does not exist: ''
INFO: [Vivado 12-5682] Launching behavioral simulation in 'C:/Hung/Viettel/Stage2/ML-KEM/ml_kem/ml_kem.sim/sim_1/behav/xsim'
INFO: [SIM-utils-51] Simulation object is 'sim_1'
INFO: [USF-XSim-3] XSim::Elaborate design
INFO: [USF-XSim-61] Executing 'ELABORATE' step in 'C:/Hung/Viettel/Stage2/ML-KEM/ml_kem/ml_kem.sim/sim_1/behav/xsim'
"xelab --incr --debug typical --relax --mt 2 -L xil_defaultlib -L unisims_ver -L unimacro_ver -L secureip --snapshot tb_top_behav xil_defaultlib.tb_top xil_defaultlib.glbl -log elaborate.log"
Vivado Simulator v2022.2.2
Copyright 1986-1999, 2001-2022 Xilinx, Inc. All Rights Reserved.
Running: C:/Xilinx/Vivado/2022.2/bin/unwrapped/win64.o/xelab.exe --incr --debug typical --relax --mt 2 -L xil_defaultlib -L unisims_ver -L unimacro_ver -L secureip --snapshot tb_top_behav xil_defaultlib.tb_top xil_defaultlib.glbl -log elaborate.log 
Using 2 slave threads.
Starting static elaboration
Pass Through NonSizing Optimizer
WARNING: [VRFC 10-3091] actual bit length 8 differs from formal bit length 1 for port 'valid' [C:/Hung/Viettel/Stage2/ML-KEM/NTT/top.v:330]
Completed static elaboration
INFO: [XSIM 43-4323] No Change in HDL. Linking previously generated obj files to create kernel
INFO: [USF-XSim-69] 'elaborate' step finished in '1' seconds
Time resolution is 1 ps
[5800000] DONE_STORE!
$finish called at time : 5880 ns : File "C:/Hung/Viettel/Stage2/ML-KEM/NTT/tb_top.v" Line 125
relaunch_sim
Command: launch_simulation -step compile -simset sim_1 -mode behavioral
INFO: [Vivado 12-12493] Simulation top is 'tb_top'
WARNING: [Vivado 12-13340] Unable to auto find GCC executables from simulator install path! (path not set)
WARNING: [Vivado 12-13277] Compiled library path does not exist: ''
INFO: [Vivado 12-5682] Launching behavioral simulation in 'C:/Hung/Viettel/Stage2/ML-KEM/ml_kem/ml_kem.sim/sim_1/behav/xsim'
INFO: [SIM-utils-51] Simulation object is 'sim_1'
INFO: [USF-XSim-2] XSim::Compile design
INFO: [USF-XSim-61] Executing 'COMPILE and ANALYZE' step in 'C:/Hung/Viettel/Stage2/ML-KEM/ml_kem/ml_kem.sim/sim_1/behav/xsim'
"xvlog --incr --relax -prj tb_top_vlog.prj"
INFO: [VRFC 10-2263] Analyzing Verilog file "C:/Hung/Viettel/Stage2/ML-KEM/NTT/AddressGenerator.v" into library xil_defaultlib
INFO: [VRFC 10-311] analyzing module AddressGenerator
INFO: [VRFC 10-2263] Analyzing Verilog file "C:/Hung/Viettel/Stage2/ML-KEM/NTT/BoothDecode.v" into library xil_defaultlib
INFO: [VRFC 10-311] analyzing module BoothDecode
INFO: [VRFC 10-2263] Analyzing Verilog file "C:/Hung/Viettel/Stage2/ML-KEM/NTT/MyBootRom.v" into library xil_defaultlib
INFO: [VRFC 10-311] analyzing module MyBootROM
INFO: [VRFC 10-2263] Analyzing Verilog file "C:/Hung/Viettel/Stage2/ML-KEM/NTT/barret.v" into library xil_defaultlib
INFO: [VRFC 10-311] analyzing module barret
INFO: [VRFC 10-2263] Analyzing Verilog file "C:/Hung/Viettel/Stage2/ML-KEM/NTT/bram.v" into library xil_defaultlib
INFO: [VRFC 10-311] analyzing module bram
INFO: [VRFC 10-2263] Analyzing Verilog file "C:/Hung/Viettel/Stage2/ML-KEM/NTT/bu_intt.v" into library xil_defaultlib
INFO: [VRFC 10-311] analyzing module bu_intt
INFO: [VRFC 10-2263] Analyzing Verilog file "C:/Hung/Viettel/Stage2/ML-KEM/NTT/bu_ntt.v" into library xil_defaultlib
INFO: [VRFC 10-311] analyzing module bu_ntt
INFO: [VRFC 10-2263] Analyzing Verilog file "C:/Hung/Viettel/Stage2/ML-KEM/NTT/mul.v" into library xil_defaultlib
INFO: [VRFC 10-311] analyzing module mul
INFO: [VRFC 10-2263] Analyzing Verilog file "C:/Hung/Viettel/Stage2/ML-KEM/NTT/normalize_output.v" into library xil_defaultlib
INFO: [VRFC 10-311] analyzing module normalize_output
INFO: [VRFC 10-2263] Analyzing Verilog file "C:/Hung/Viettel/Stage2/ML-KEM/NTT/top.v" into library xil_defaultlib
INFO: [VRFC 10-311] analyzing module top
INFO: [VRFC 10-2263] Analyzing Verilog file "C:/Hung/Viettel/Stage2/ML-KEM/NTT/tb_top.v" into library xil_defaultlib
INFO: [VRFC 10-311] analyzing module tb_top
INFO: [USF-XSim-69] 'compile' step finished in '2' seconds
Command: launch_simulation -step elaborate -simset sim_1 -mode behavioral
INFO: [Vivado 12-12493] Simulation top is 'tb_top'
WARNING: [Vivado 12-13340] Unable to auto find GCC executables from simulator install path! (path not set)
WARNING: [Vivado 12-13277] Compiled library path does not exist: ''
INFO: [Vivado 12-5682] Launching behavioral simulation in 'C:/Hung/Viettel/Stage2/ML-KEM/ml_kem/ml_kem.sim/sim_1/behav/xsim'
INFO: [SIM-utils-51] Simulation object is 'sim_1'
INFO: [USF-XSim-3] XSim::Elaborate design
INFO: [USF-XSim-61] Executing 'ELABORATE' step in 'C:/Hung/Viettel/Stage2/ML-KEM/ml_kem/ml_kem.sim/sim_1/behav/xsim'
"xelab --incr --debug typical --relax --mt 2 -L xil_defaultlib -L unisims_ver -L unimacro_ver -L secureip --snapshot tb_top_behav xil_defaultlib.tb_top xil_defaultlib.glbl -log elaborate.log"
Vivado Simulator v2022.2.2
Copyright 1986-1999, 2001-2022 Xilinx, Inc. All Rights Reserved.
Running: C:/Xilinx/Vivado/2022.2/bin/unwrapped/win64.o/xelab.exe --incr --debug typical --relax --mt 2 -L xil_defaultlib -L unisims_ver -L unimacro_ver -L secureip --snapshot tb_top_behav xil_defaultlib.tb_top xil_defaultlib.glbl -log elaborate.log 
Using 2 slave threads.
Starting static elaboration
Pass Through NonSizing Optimizer
WARNING: [VRFC 10-3091] actual bit length 8 differs from formal bit length 1 for port 'valid' [C:/Hung/Viettel/Stage2/ML-KEM/NTT/top.v:330]
Completed static elaboration
Starting simulation data flow analysis
Completed simulation data flow analysis
Time Resolution for simulation is 1ps
Compiling module xil_defaultlib.MyBootROM
Compiling module xil_defaultlib.bram_default
Compiling module xil_defaultlib.AddressGenerator
Compiling module xil_defaultlib.barret
Compiling module xil_defaultlib.BoothDecode
Compiling module xil_defaultlib.mul_default
Compiling module xil_defaultlib.bu_ntt
Compiling module xil_defaultlib.bu_intt
Compiling module xil_defaultlib.normalize_output
Compiling module xil_defaultlib.top
Compiling module xil_defaultlib.tb_top
Compiling module xil_defaultlib.glbl
Built simulation snapshot tb_top_behav
INFO: [USF-XSim-69] 'elaborate' step finished in '2' seconds
Time resolution is 1 ps
[5800000] DONE_STORE!
$finish called at time : 5880 ns : File "C:/Hung/Viettel/Stage2/ML-KEM/NTT/tb_top.v" Line 125
relaunch_sim: Time (s): cpu = 00:00:01 ; elapsed = 00:00:07 . Memory (MB): peak = 1805.332 ; gain = 0.000
relaunch_sim
Command: launch_simulation -step compile -simset sim_1 -mode behavioral
INFO: [Vivado 12-12493] Simulation top is 'tb_top'
WARNING: [Vivado 12-13340] Unable to auto find GCC executables from simulator install path! (path not set)
WARNING: [Vivado 12-13277] Compiled library path does not exist: ''
INFO: [Vivado 12-5682] Launching behavioral simulation in 'C:/Hung/Viettel/Stage2/ML-KEM/ml_kem/ml_kem.sim/sim_1/behav/xsim'
INFO: [SIM-utils-51] Simulation object is 'sim_1'
INFO: [USF-XSim-2] XSim::Compile design
INFO: [USF-XSim-61] Executing 'COMPILE and ANALYZE' step in 'C:/Hung/Viettel/Stage2/ML-KEM/ml_kem/ml_kem.sim/sim_1/behav/xsim'
"xvlog --incr --relax -prj tb_top_vlog.prj"
INFO: [VRFC 10-2263] Analyzing Verilog file "C:/Hung/Viettel/Stage2/ML-KEM/NTT/AddressGenerator.v" into library xil_defaultlib
INFO: [VRFC 10-311] analyzing module AddressGenerator
INFO: [VRFC 10-2263] Analyzing Verilog file "C:/Hung/Viettel/Stage2/ML-KEM/NTT/BoothDecode.v" into library xil_defaultlib
INFO: [VRFC 10-311] analyzing module BoothDecode
INFO: [VRFC 10-2263] Analyzing Verilog file "C:/Hung/Viettel/Stage2/ML-KEM/NTT/MyBootRom.v" into library xil_defaultlib
INFO: [VRFC 10-311] analyzing module MyBootROM
INFO: [VRFC 10-2263] Analyzing Verilog file "C:/Hung/Viettel/Stage2/ML-KEM/NTT/barret.v" into library xil_defaultlib
INFO: [VRFC 10-311] analyzing module barret
INFO: [VRFC 10-2263] Analyzing Verilog file "C:/Hung/Viettel/Stage2/ML-KEM/NTT/bram.v" into library xil_defaultlib
INFO: [VRFC 10-311] analyzing module bram
INFO: [VRFC 10-2263] Analyzing Verilog file "C:/Hung/Viettel/Stage2/ML-KEM/NTT/bu_intt.v" into library xil_defaultlib
INFO: [VRFC 10-311] analyzing module bu_intt
INFO: [VRFC 10-2263] Analyzing Verilog file "C:/Hung/Viettel/Stage2/ML-KEM/NTT/bu_ntt.v" into library xil_defaultlib
INFO: [VRFC 10-311] analyzing module bu_ntt
INFO: [VRFC 10-2263] Analyzing Verilog file "C:/Hung/Viettel/Stage2/ML-KEM/NTT/mul.v" into library xil_defaultlib
INFO: [VRFC 10-311] analyzing module mul
INFO: [VRFC 10-2263] Analyzing Verilog file "C:/Hung/Viettel/Stage2/ML-KEM/NTT/normalize_output.v" into library xil_defaultlib
INFO: [VRFC 10-311] analyzing module normalize_output
INFO: [VRFC 10-2263] Analyzing Verilog file "C:/Hung/Viettel/Stage2/ML-KEM/NTT/top.v" into library xil_defaultlib
INFO: [VRFC 10-311] analyzing module top
INFO: [VRFC 10-2263] Analyzing Verilog file "C:/Hung/Viettel/Stage2/ML-KEM/NTT/tb_top.v" into library xil_defaultlib
INFO: [VRFC 10-311] analyzing module tb_top
INFO: [USF-XSim-69] 'compile' step finished in '1' seconds
Command: launch_simulation -step elaborate -simset sim_1 -mode behavioral
INFO: [Vivado 12-12493] Simulation top is 'tb_top'
WARNING: [Vivado 12-13340] Unable to auto find GCC executables from simulator install path! (path not set)
WARNING: [Vivado 12-13277] Compiled library path does not exist: ''
INFO: [Vivado 12-5682] Launching behavioral simulation in 'C:/Hung/Viettel/Stage2/ML-KEM/ml_kem/ml_kem.sim/sim_1/behav/xsim'
INFO: [SIM-utils-51] Simulation object is 'sim_1'
INFO: [USF-XSim-3] XSim::Elaborate design
INFO: [USF-XSim-61] Executing 'ELABORATE' step in 'C:/Hung/Viettel/Stage2/ML-KEM/ml_kem/ml_kem.sim/sim_1/behav/xsim'
"xelab --incr --debug typical --relax --mt 2 -L xil_defaultlib -L unisims_ver -L unimacro_ver -L secureip --snapshot tb_top_behav xil_defaultlib.tb_top xil_defaultlib.glbl -log elaborate.log"
Vivado Simulator v2022.2.2
Copyright 1986-1999, 2001-2022 Xilinx, Inc. All Rights Reserved.
Running: C:/Xilinx/Vivado/2022.2/bin/unwrapped/win64.o/xelab.exe --incr --debug typical --relax --mt 2 -L xil_defaultlib -L unisims_ver -L unimacro_ver -L secureip --snapshot tb_top_behav xil_defaultlib.tb_top xil_defaultlib.glbl -log elaborate.log 
Using 2 slave threads.
Starting static elaboration
Pass Through NonSizing Optimizer
WARNING: [VRFC 10-3091] actual bit length 8 differs from formal bit length 1 for port 'valid' [C:/Hung/Viettel/Stage2/ML-KEM/NTT/top.v:330]
Completed static elaboration
Starting simulation data flow analysis
Completed simulation data flow analysis
Time Resolution for simulation is 1ps
Compiling module xil_defaultlib.MyBootROM
Compiling module xil_defaultlib.bram_default
Compiling module xil_defaultlib.AddressGenerator
Compiling module xil_defaultlib.barret
Compiling module xil_defaultlib.BoothDecode
Compiling module xil_defaultlib.mul_default
Compiling module xil_defaultlib.bu_ntt
Compiling module xil_defaultlib.bu_intt
Compiling module xil_defaultlib.normalize_output
Compiling module xil_defaultlib.top
Compiling module xil_defaultlib.tb_top
Compiling module xil_defaultlib.glbl
Built simulation snapshot tb_top_behav
INFO: [USF-XSim-69] 'elaborate' step finished in '2' seconds
Time resolution is 1 ps
[5795000] DONE_STORE!
$finish called at time : 5875 ns : File "C:/Hung/Viettel/Stage2/ML-KEM/NTT/tb_top.v" Line 125
relaunch_sim: Time (s): cpu = 00:00:00 ; elapsed = 00:00:06 . Memory (MB): peak = 1805.332 ; gain = 0.000
current_wave_config {tb_top_func_impl.wcfg}
C:/Hung/Viettel/Stage2/ML-KEM/ml_kem/tb_top_func_impl.wcfg
add_wave {{/tb_top/dut/normalize_inst/A}} {{/tb_top/dut/normalize_inst/B}} {{/tb_top/dut/normalize_inst/oA}} {{/tb_top/dut/normalize_inst/oB}} 
relaunch_sim
Command: launch_simulation -step compile -simset sim_1 -mode behavioral
INFO: [Vivado 12-12493] Simulation top is 'tb_top'
WARNING: [Vivado 12-13340] Unable to auto find GCC executables from simulator install path! (path not set)
WARNING: [Vivado 12-13277] Compiled library path does not exist: ''
INFO: [Vivado 12-5682] Launching behavioral simulation in 'C:/Hung/Viettel/Stage2/ML-KEM/ml_kem/ml_kem.sim/sim_1/behav/xsim'
INFO: [SIM-utils-51] Simulation object is 'sim_1'
INFO: [USF-XSim-2] XSim::Compile design
INFO: [USF-XSim-61] Executing 'COMPILE and ANALYZE' step in 'C:/Hung/Viettel/Stage2/ML-KEM/ml_kem/ml_kem.sim/sim_1/behav/xsim'
"xvlog --incr --relax -prj tb_top_vlog.prj"
INFO: [USF-XSim-69] 'compile' step finished in '2' seconds
Command: launch_simulation -step elaborate -simset sim_1 -mode behavioral
INFO: [Vivado 12-12493] Simulation top is 'tb_top'
WARNING: [Vivado 12-13340] Unable to auto find GCC executables from simulator install path! (path not set)
WARNING: [Vivado 12-13277] Compiled library path does not exist: ''
INFO: [Vivado 12-5682] Launching behavioral simulation in 'C:/Hung/Viettel/Stage2/ML-KEM/ml_kem/ml_kem.sim/sim_1/behav/xsim'
INFO: [SIM-utils-51] Simulation object is 'sim_1'
INFO: [USF-XSim-3] XSim::Elaborate design
INFO: [USF-XSim-61] Executing 'ELABORATE' step in 'C:/Hung/Viettel/Stage2/ML-KEM/ml_kem/ml_kem.sim/sim_1/behav/xsim'
"xelab --incr --debug typical --relax --mt 2 -L xil_defaultlib -L unisims_ver -L unimacro_ver -L secureip --snapshot tb_top_behav xil_defaultlib.tb_top xil_defaultlib.glbl -log elaborate.log"
Vivado Simulator v2022.2.2
Copyright 1986-1999, 2001-2022 Xilinx, Inc. All Rights Reserved.
Running: C:/Xilinx/Vivado/2022.2/bin/unwrapped/win64.o/xelab.exe --incr --debug typical --relax --mt 2 -L xil_defaultlib -L unisims_ver -L unimacro_ver -L secureip --snapshot tb_top_behav xil_defaultlib.tb_top xil_defaultlib.glbl -log elaborate.log 
Using 2 slave threads.
Starting static elaboration
Pass Through NonSizing Optimizer
WARNING: [VRFC 10-3091] actual bit length 8 differs from formal bit length 1 for port 'valid' [C:/Hung/Viettel/Stage2/ML-KEM/NTT/top.v:330]
Completed static elaboration
INFO: [XSIM 43-4323] No Change in HDL. Linking previously generated obj files to create kernel
INFO: [USF-XSim-69] 'elaborate' step finished in '1' seconds
Time resolution is 1 ps
[5795000] DONE_STORE!
$finish called at time : 5875 ns : File "C:/Hung/Viettel/Stage2/ML-KEM/NTT/tb_top.v" Line 125
save_wave_config {C:/Hung/Viettel/Stage2/ML-KEM/ml_kem/tb_top_func_impl.wcfg}
current_wave_config {tb_top_func_impl.wcfg}
C:/Hung/Viettel/Stage2/ML-KEM/ml_kem/tb_top_func_impl.wcfg
add_wave {{/tb_top/dut/out_j_ntt}} {{/tb_top/dut/out_j_intt}} {{/tb_top/dut/out_jl_ntt}} {{/tb_top/dut/out_jl_intt}} 
relaunch_sim
Command: launch_simulation -step compile -simset sim_1 -mode behavioral
INFO: [Vivado 12-12493] Simulation top is 'tb_top'
WARNING: [Vivado 12-13340] Unable to auto find GCC executables from simulator install path! (path not set)
WARNING: [Vivado 12-13277] Compiled library path does not exist: ''
INFO: [Vivado 12-5682] Launching behavioral simulation in 'C:/Hung/Viettel/Stage2/ML-KEM/ml_kem/ml_kem.sim/sim_1/behav/xsim'
INFO: [SIM-utils-51] Simulation object is 'sim_1'
INFO: [USF-XSim-2] XSim::Compile design
INFO: [USF-XSim-61] Executing 'COMPILE and ANALYZE' step in 'C:/Hung/Viettel/Stage2/ML-KEM/ml_kem/ml_kem.sim/sim_1/behav/xsim'
"xvlog --incr --relax -prj tb_top_vlog.prj"
INFO: [USF-XSim-69] 'compile' step finished in '2' seconds
Command: launch_simulation -step elaborate -simset sim_1 -mode behavioral
INFO: [Vivado 12-12493] Simulation top is 'tb_top'
WARNING: [Vivado 12-13340] Unable to auto find GCC executables from simulator install path! (path not set)
WARNING: [Vivado 12-13277] Compiled library path does not exist: ''
INFO: [Vivado 12-5682] Launching behavioral simulation in 'C:/Hung/Viettel/Stage2/ML-KEM/ml_kem/ml_kem.sim/sim_1/behav/xsim'
INFO: [SIM-utils-51] Simulation object is 'sim_1'
INFO: [USF-XSim-3] XSim::Elaborate design
INFO: [USF-XSim-61] Executing 'ELABORATE' step in 'C:/Hung/Viettel/Stage2/ML-KEM/ml_kem/ml_kem.sim/sim_1/behav/xsim'
"xelab --incr --debug typical --relax --mt 2 -L xil_defaultlib -L unisims_ver -L unimacro_ver -L secureip --snapshot tb_top_behav xil_defaultlib.tb_top xil_defaultlib.glbl -log elaborate.log"
Vivado Simulator v2022.2.2
Copyright 1986-1999, 2001-2022 Xilinx, Inc. All Rights Reserved.
Running: C:/Xilinx/Vivado/2022.2/bin/unwrapped/win64.o/xelab.exe --incr --debug typical --relax --mt 2 -L xil_defaultlib -L unisims_ver -L unimacro_ver -L secureip --snapshot tb_top_behav xil_defaultlib.tb_top xil_defaultlib.glbl -log elaborate.log 
Using 2 slave threads.
Starting static elaboration
Pass Through NonSizing Optimizer
WARNING: [VRFC 10-3091] actual bit length 8 differs from formal bit length 1 for port 'valid' [C:/Hung/Viettel/Stage2/ML-KEM/NTT/top.v:330]
Completed static elaboration
INFO: [XSIM 43-4323] No Change in HDL. Linking previously generated obj files to create kernel
INFO: [USF-XSim-69] 'elaborate' step finished in '1' seconds
Time resolution is 1 ps
[5795000] DONE_STORE!
$finish called at time : 5875 ns : File "C:/Hung/Viettel/Stage2/ML-KEM/NTT/tb_top.v" Line 125
save_wave_config {C:/Hung/Viettel/Stage2/ML-KEM/ml_kem/tb_top_func_impl.wcfg}
save_wave_config {C:/Hung/Viettel/Stage2/ML-KEM/ml_kem/tb_top_func_impl.wcfg}
save_wave_config {C:/Hung/Viettel/Stage2/ML-KEM/ml_kem/tb_top_func_impl.wcfg}
current_wave_config {tb_top_func_impl.wcfg}
C:/Hung/Viettel/Stage2/ML-KEM/ml_kem/tb_top_func_impl.wcfg
add_wave {{/tb_top/dut/bu_intt0/A_In}} {{/tb_top/dut/bu_intt0/B_In}} {{/tb_top/dut/bu_intt0/W_In}} {{/tb_top/dut/bu_intt0/A_Out}} {{/tb_top/dut/bu_intt0/B_Out}} 
save_wave_config {C:/Hung/Viettel/Stage2/ML-KEM/ml_kem/tb_top_func_impl.wcfg}
relaunch_sim
Command: launch_simulation -step compile -simset sim_1 -mode behavioral
INFO: [Vivado 12-12493] Simulation top is 'tb_top'
WARNING: [Vivado 12-13340] Unable to auto find GCC executables from simulator install path! (path not set)
WARNING: [Vivado 12-13277] Compiled library path does not exist: ''
INFO: [Vivado 12-5682] Launching behavioral simulation in 'C:/Hung/Viettel/Stage2/ML-KEM/ml_kem/ml_kem.sim/sim_1/behav/xsim'
INFO: [SIM-utils-51] Simulation object is 'sim_1'
INFO: [USF-XSim-2] XSim::Compile design
INFO: [USF-XSim-61] Executing 'COMPILE and ANALYZE' step in 'C:/Hung/Viettel/Stage2/ML-KEM/ml_kem/ml_kem.sim/sim_1/behav/xsim'
"xvlog --incr --relax -prj tb_top_vlog.prj"
INFO: [USF-XSim-69] 'compile' step finished in '1' seconds
Command: launch_simulation -step elaborate -simset sim_1 -mode behavioral
INFO: [Vivado 12-12493] Simulation top is 'tb_top'
WARNING: [Vivado 12-13340] Unable to auto find GCC executables from simulator install path! (path not set)
WARNING: [Vivado 12-13277] Compiled library path does not exist: ''
INFO: [Vivado 12-5682] Launching behavioral simulation in 'C:/Hung/Viettel/Stage2/ML-KEM/ml_kem/ml_kem.sim/sim_1/behav/xsim'
INFO: [SIM-utils-51] Simulation object is 'sim_1'
INFO: [USF-XSim-3] XSim::Elaborate design
INFO: [USF-XSim-61] Executing 'ELABORATE' step in 'C:/Hung/Viettel/Stage2/ML-KEM/ml_kem/ml_kem.sim/sim_1/behav/xsim'
"xelab --incr --debug typical --relax --mt 2 -L xil_defaultlib -L unisims_ver -L unimacro_ver -L secureip --snapshot tb_top_behav xil_defaultlib.tb_top xil_defaultlib.glbl -log elaborate.log"
Vivado Simulator v2022.2.2
Copyright 1986-1999, 2001-2022 Xilinx, Inc. All Rights Reserved.
Running: C:/Xilinx/Vivado/2022.2/bin/unwrapped/win64.o/xelab.exe --incr --debug typical --relax --mt 2 -L xil_defaultlib -L unisims_ver -L unimacro_ver -L secureip --snapshot tb_top_behav xil_defaultlib.tb_top xil_defaultlib.glbl -log elaborate.log 
Using 2 slave threads.
Starting static elaboration
Pass Through NonSizing Optimizer
WARNING: [VRFC 10-3091] actual bit length 8 differs from formal bit length 1 for port 'valid' [C:/Hung/Viettel/Stage2/ML-KEM/NTT/top.v:330]
Completed static elaboration
INFO: [XSIM 43-4323] No Change in HDL. Linking previously generated obj files to create kernel
INFO: [USF-XSim-69] 'elaborate' step finished in '2' seconds
Time resolution is 1 ps
[5795000] DONE_STORE!
$finish called at time : 5875 ns : File "C:/Hung/Viettel/Stage2/ML-KEM/NTT/tb_top.v" Line 125
save_wave_config {C:/Hung/Viettel/Stage2/ML-KEM/ml_kem/tb_top_func_impl.wcfg}
current_wave_config {tb_top_func_impl.wcfg}
C:/Hung/Viettel/Stage2/ML-KEM/ml_kem/tb_top_func_impl.wcfg
add_wave {{/tb_top/dut/bu_intt0/barrett_out1}} {{/tb_top/dut/bu_intt0/barrett_out2}} {{/tb_top/dut/bu_intt0/barrett_out3}} 
relaunch_sim
Command: launch_simulation -step compile -simset sim_1 -mode behavioral
INFO: [Vivado 12-12493] Simulation top is 'tb_top'
WARNING: [Vivado 12-13340] Unable to auto find GCC executables from simulator install path! (path not set)
WARNING: [Vivado 12-13277] Compiled library path does not exist: ''
INFO: [Vivado 12-5682] Launching behavioral simulation in 'C:/Hung/Viettel/Stage2/ML-KEM/ml_kem/ml_kem.sim/sim_1/behav/xsim'
INFO: [SIM-utils-51] Simulation object is 'sim_1'
INFO: [USF-XSim-2] XSim::Compile design
INFO: [USF-XSim-61] Executing 'COMPILE and ANALYZE' step in 'C:/Hung/Viettel/Stage2/ML-KEM/ml_kem/ml_kem.sim/sim_1/behav/xsim'
"xvlog --incr --relax -prj tb_top_vlog.prj"
INFO: [USF-XSim-69] 'compile' step finished in '1' seconds
Command: launch_simulation -step elaborate -simset sim_1 -mode behavioral
INFO: [Vivado 12-12493] Simulation top is 'tb_top'
WARNING: [Vivado 12-13340] Unable to auto find GCC executables from simulator install path! (path not set)
WARNING: [Vivado 12-13277] Compiled library path does not exist: ''
INFO: [Vivado 12-5682] Launching behavioral simulation in 'C:/Hung/Viettel/Stage2/ML-KEM/ml_kem/ml_kem.sim/sim_1/behav/xsim'
INFO: [SIM-utils-51] Simulation object is 'sim_1'
INFO: [USF-XSim-3] XSim::Elaborate design
INFO: [USF-XSim-61] Executing 'ELABORATE' step in 'C:/Hung/Viettel/Stage2/ML-KEM/ml_kem/ml_kem.sim/sim_1/behav/xsim'
"xelab --incr --debug typical --relax --mt 2 -L xil_defaultlib -L unisims_ver -L unimacro_ver -L secureip --snapshot tb_top_behav xil_defaultlib.tb_top xil_defaultlib.glbl -log elaborate.log"
Vivado Simulator v2022.2.2
Copyright 1986-1999, 2001-2022 Xilinx, Inc. All Rights Reserved.
Running: C:/Xilinx/Vivado/2022.2/bin/unwrapped/win64.o/xelab.exe --incr --debug typical --relax --mt 2 -L xil_defaultlib -L unisims_ver -L unimacro_ver -L secureip --snapshot tb_top_behav xil_defaultlib.tb_top xil_defaultlib.glbl -log elaborate.log 
Using 2 slave threads.
Starting static elaboration
Pass Through NonSizing Optimizer
WARNING: [VRFC 10-3091] actual bit length 8 differs from formal bit length 1 for port 'valid' [C:/Hung/Viettel/Stage2/ML-KEM/NTT/top.v:330]
Completed static elaboration
INFO: [XSIM 43-4323] No Change in HDL. Linking previously generated obj files to create kernel
INFO: [USF-XSim-69] 'elaborate' step finished in '2' seconds
Time resolution is 1 ps
[5795000] DONE_STORE!
$finish called at time : 5875 ns : File "C:/Hung/Viettel/Stage2/ML-KEM/NTT/tb_top.v" Line 125
save_wave_config {C:/Hung/Viettel/Stage2/ML-KEM/ml_kem/tb_top_func_impl.wcfg}
current_wave_config {tb_top_func_impl.wcfg}
C:/Hung/Viettel/Stage2/ML-KEM/ml_kem/tb_top_func_impl.wcfg
add_wave {{/tb_top/dut/bu_intt0/regx}} 
relaunch_sim
Command: launch_simulation -step compile -simset sim_1 -mode behavioral
INFO: [Vivado 12-12493] Simulation top is 'tb_top'
WARNING: [Vivado 12-13340] Unable to auto find GCC executables from simulator install path! (path not set)
WARNING: [Vivado 12-13277] Compiled library path does not exist: ''
INFO: [Vivado 12-5682] Launching behavioral simulation in 'C:/Hung/Viettel/Stage2/ML-KEM/ml_kem/ml_kem.sim/sim_1/behav/xsim'
INFO: [SIM-utils-51] Simulation object is 'sim_1'
INFO: [USF-XSim-2] XSim::Compile design
INFO: [USF-XSim-61] Executing 'COMPILE and ANALYZE' step in 'C:/Hung/Viettel/Stage2/ML-KEM/ml_kem/ml_kem.sim/sim_1/behav/xsim'
"xvlog --incr --relax -prj tb_top_vlog.prj"
INFO: [VRFC 10-2263] Analyzing Verilog file "C:/Hung/Viettel/Stage2/ML-KEM/NTT/AddressGenerator.v" into library xil_defaultlib
INFO: [VRFC 10-311] analyzing module AddressGenerator
INFO: [VRFC 10-2263] Analyzing Verilog file "C:/Hung/Viettel/Stage2/ML-KEM/NTT/BoothDecode.v" into library xil_defaultlib
INFO: [VRFC 10-311] analyzing module BoothDecode
INFO: [VRFC 10-2263] Analyzing Verilog file "C:/Hung/Viettel/Stage2/ML-KEM/NTT/MyBootRom.v" into library xil_defaultlib
INFO: [VRFC 10-311] analyzing module MyBootROM
INFO: [VRFC 10-2263] Analyzing Verilog file "C:/Hung/Viettel/Stage2/ML-KEM/NTT/barret.v" into library xil_defaultlib
INFO: [VRFC 10-311] analyzing module barret
INFO: [VRFC 10-2263] Analyzing Verilog file "C:/Hung/Viettel/Stage2/ML-KEM/NTT/bram.v" into library xil_defaultlib
INFO: [VRFC 10-311] analyzing module bram
INFO: [VRFC 10-2263] Analyzing Verilog file "C:/Hung/Viettel/Stage2/ML-KEM/NTT/bu_intt.v" into library xil_defaultlib
INFO: [VRFC 10-311] analyzing module bu_intt
INFO: [VRFC 10-2263] Analyzing Verilog file "C:/Hung/Viettel/Stage2/ML-KEM/NTT/bu_ntt.v" into library xil_defaultlib
INFO: [VRFC 10-311] analyzing module bu_ntt
INFO: [VRFC 10-2263] Analyzing Verilog file "C:/Hung/Viettel/Stage2/ML-KEM/NTT/mul.v" into library xil_defaultlib
INFO: [VRFC 10-311] analyzing module mul
INFO: [VRFC 10-2263] Analyzing Verilog file "C:/Hung/Viettel/Stage2/ML-KEM/NTT/normalize_output.v" into library xil_defaultlib
INFO: [VRFC 10-311] analyzing module normalize_output
INFO: [VRFC 10-2263] Analyzing Verilog file "C:/Hung/Viettel/Stage2/ML-KEM/NTT/top.v" into library xil_defaultlib
INFO: [VRFC 10-311] analyzing module top
INFO: [VRFC 10-2263] Analyzing Verilog file "C:/Hung/Viettel/Stage2/ML-KEM/NTT/tb_top.v" into library xil_defaultlib
INFO: [VRFC 10-311] analyzing module tb_top
INFO: [USF-XSim-69] 'compile' step finished in '1' seconds
Command: launch_simulation -step elaborate -simset sim_1 -mode behavioral
INFO: [Vivado 12-12493] Simulation top is 'tb_top'
WARNING: [Vivado 12-13340] Unable to auto find GCC executables from simulator install path! (path not set)
WARNING: [Vivado 12-13277] Compiled library path does not exist: ''
INFO: [Vivado 12-5682] Launching behavioral simulation in 'C:/Hung/Viettel/Stage2/ML-KEM/ml_kem/ml_kem.sim/sim_1/behav/xsim'
INFO: [SIM-utils-51] Simulation object is 'sim_1'
INFO: [USF-XSim-3] XSim::Elaborate design
INFO: [USF-XSim-61] Executing 'ELABORATE' step in 'C:/Hung/Viettel/Stage2/ML-KEM/ml_kem/ml_kem.sim/sim_1/behav/xsim'
"xelab --incr --debug typical --relax --mt 2 -L xil_defaultlib -L unisims_ver -L unimacro_ver -L secureip --snapshot tb_top_behav xil_defaultlib.tb_top xil_defaultlib.glbl -log elaborate.log"
Vivado Simulator v2022.2.2
Copyright 1986-1999, 2001-2022 Xilinx, Inc. All Rights Reserved.
Running: C:/Xilinx/Vivado/2022.2/bin/unwrapped/win64.o/xelab.exe --incr --debug typical --relax --mt 2 -L xil_defaultlib -L unisims_ver -L unimacro_ver -L secureip --snapshot tb_top_behav xil_defaultlib.tb_top xil_defaultlib.glbl -log elaborate.log 
Using 2 slave threads.
Starting static elaboration
Pass Through NonSizing Optimizer
WARNING: [VRFC 10-3091] actual bit length 8 differs from formal bit length 1 for port 'valid' [C:/Hung/Viettel/Stage2/ML-KEM/NTT/top.v:330]
Completed static elaboration
Starting simulation data flow analysis
Completed simulation data flow analysis
Time Resolution for simulation is 1ps
Compiling module xil_defaultlib.MyBootROM
Compiling module xil_defaultlib.bram_default
Compiling module xil_defaultlib.AddressGenerator
Compiling module xil_defaultlib.barret
Compiling module xil_defaultlib.BoothDecode
Compiling module xil_defaultlib.mul_default
Compiling module xil_defaultlib.bu_ntt
Compiling module xil_defaultlib.bu_intt
Compiling module xil_defaultlib.normalize_output
Compiling module xil_defaultlib.top
Compiling module xil_defaultlib.tb_top
Compiling module xil_defaultlib.glbl
Built simulation snapshot tb_top_behav
INFO: [USF-XSim-69] 'elaborate' step finished in '3' seconds
Time resolution is 1 ps
[5795000] DONE_STORE!
$finish called at time : 5875 ns : File "C:/Hung/Viettel/Stage2/ML-KEM/NTT/tb_top.v" Line 125
relaunch_sim: Time (s): cpu = 00:00:01 ; elapsed = 00:00:06 . Memory (MB): peak = 1805.332 ; gain = 0.000
save_wave_config {C:/Hung/Viettel/Stage2/ML-KEM/ml_kem/tb_top_func_impl.wcfg}
relaunch_sim
Command: launch_simulation -step compile -simset sim_1 -mode behavioral
INFO: [Vivado 12-12493] Simulation top is 'tb_top'
WARNING: [Vivado 12-13340] Unable to auto find GCC executables from simulator install path! (path not set)
WARNING: [Vivado 12-13277] Compiled library path does not exist: ''
INFO: [Vivado 12-5682] Launching behavioral simulation in 'C:/Hung/Viettel/Stage2/ML-KEM/ml_kem/ml_kem.sim/sim_1/behav/xsim'
INFO: [SIM-utils-51] Simulation object is 'sim_1'
INFO: [USF-XSim-2] XSim::Compile design
INFO: [USF-XSim-61] Executing 'COMPILE and ANALYZE' step in 'C:/Hung/Viettel/Stage2/ML-KEM/ml_kem/ml_kem.sim/sim_1/behav/xsim'
"xvlog --incr --relax -prj tb_top_vlog.prj"
INFO: [VRFC 10-2263] Analyzing Verilog file "C:/Hung/Viettel/Stage2/ML-KEM/NTT/AddressGenerator.v" into library xil_defaultlib
INFO: [VRFC 10-311] analyzing module AddressGenerator
INFO: [VRFC 10-2263] Analyzing Verilog file "C:/Hung/Viettel/Stage2/ML-KEM/NTT/BoothDecode.v" into library xil_defaultlib
INFO: [VRFC 10-311] analyzing module BoothDecode
INFO: [VRFC 10-2263] Analyzing Verilog file "C:/Hung/Viettel/Stage2/ML-KEM/NTT/MyBootRom.v" into library xil_defaultlib
INFO: [VRFC 10-311] analyzing module MyBootROM
INFO: [VRFC 10-2263] Analyzing Verilog file "C:/Hung/Viettel/Stage2/ML-KEM/NTT/barret.v" into library xil_defaultlib
INFO: [VRFC 10-311] analyzing module barret
INFO: [VRFC 10-2263] Analyzing Verilog file "C:/Hung/Viettel/Stage2/ML-KEM/NTT/bram.v" into library xil_defaultlib
INFO: [VRFC 10-311] analyzing module bram
INFO: [VRFC 10-2263] Analyzing Verilog file "C:/Hung/Viettel/Stage2/ML-KEM/NTT/bu_intt.v" into library xil_defaultlib
INFO: [VRFC 10-311] analyzing module bu_intt
INFO: [VRFC 10-2263] Analyzing Verilog file "C:/Hung/Viettel/Stage2/ML-KEM/NTT/bu_ntt.v" into library xil_defaultlib
INFO: [VRFC 10-311] analyzing module bu_ntt
INFO: [VRFC 10-2263] Analyzing Verilog file "C:/Hung/Viettel/Stage2/ML-KEM/NTT/mul.v" into library xil_defaultlib
INFO: [VRFC 10-311] analyzing module mul
INFO: [VRFC 10-2263] Analyzing Verilog file "C:/Hung/Viettel/Stage2/ML-KEM/NTT/normalize_output.v" into library xil_defaultlib
INFO: [VRFC 10-311] analyzing module normalize_output
INFO: [VRFC 10-2263] Analyzing Verilog file "C:/Hung/Viettel/Stage2/ML-KEM/NTT/top.v" into library xil_defaultlib
INFO: [VRFC 10-311] analyzing module top
INFO: [VRFC 10-2263] Analyzing Verilog file "C:/Hung/Viettel/Stage2/ML-KEM/NTT/tb_top.v" into library xil_defaultlib
INFO: [VRFC 10-311] analyzing module tb_top
INFO: [USF-XSim-69] 'compile' step finished in '2' seconds
Command: launch_simulation -step elaborate -simset sim_1 -mode behavioral
INFO: [Vivado 12-12493] Simulation top is 'tb_top'
WARNING: [Vivado 12-13340] Unable to auto find GCC executables from simulator install path! (path not set)
WARNING: [Vivado 12-13277] Compiled library path does not exist: ''
INFO: [Vivado 12-5682] Launching behavioral simulation in 'C:/Hung/Viettel/Stage2/ML-KEM/ml_kem/ml_kem.sim/sim_1/behav/xsim'
INFO: [SIM-utils-51] Simulation object is 'sim_1'
INFO: [USF-XSim-3] XSim::Elaborate design
INFO: [USF-XSim-61] Executing 'ELABORATE' step in 'C:/Hung/Viettel/Stage2/ML-KEM/ml_kem/ml_kem.sim/sim_1/behav/xsim'
"xelab --incr --debug typical --relax --mt 2 -L xil_defaultlib -L unisims_ver -L unimacro_ver -L secureip --snapshot tb_top_behav xil_defaultlib.tb_top xil_defaultlib.glbl -log elaborate.log"
Vivado Simulator v2022.2.2
Copyright 1986-1999, 2001-2022 Xilinx, Inc. All Rights Reserved.
Running: C:/Xilinx/Vivado/2022.2/bin/unwrapped/win64.o/xelab.exe --incr --debug typical --relax --mt 2 -L xil_defaultlib -L unisims_ver -L unimacro_ver -L secureip --snapshot tb_top_behav xil_defaultlib.tb_top xil_defaultlib.glbl -log elaborate.log 
Using 2 slave threads.
Starting static elaboration
Pass Through NonSizing Optimizer
WARNING: [VRFC 10-3091] actual bit length 8 differs from formal bit length 1 for port 'valid' [C:/Hung/Viettel/Stage2/ML-KEM/NTT/top.v:330]
Completed static elaboration
Starting simulation data flow analysis
Completed simulation data flow analysis
Time Resolution for simulation is 1ps
Compiling module xil_defaultlib.MyBootROM
Compiling module xil_defaultlib.bram_default
Compiling module xil_defaultlib.AddressGenerator
Compiling module xil_defaultlib.barret
Compiling module xil_defaultlib.BoothDecode
Compiling module xil_defaultlib.mul_default
Compiling module xil_defaultlib.bu_ntt
Compiling module xil_defaultlib.bu_intt
Compiling module xil_defaultlib.normalize_output
Compiling module xil_defaultlib.top
Compiling module xil_defaultlib.tb_top
Compiling module xil_defaultlib.glbl
Built simulation snapshot tb_top_behav
INFO: [USF-XSim-69] 'elaborate' step finished in '2' seconds
Time resolution is 1 ps
[5795000] DONE_STORE!
$finish called at time : 5875 ns : File "C:/Hung/Viettel/Stage2/ML-KEM/NTT/tb_top.v" Line 125
relaunch_sim: Time (s): cpu = 00:00:01 ; elapsed = 00:00:06 . Memory (MB): peak = 1805.332 ; gain = 0.000
current_wave_config {tb_top_func_impl.wcfg}
C:/Hung/Viettel/Stage2/ML-KEM/ml_kem/tb_top_func_impl.wcfg
add_wave {{/tb_top/dut/bu_intt0/barrett_out3}} 
current_wave_config {tb_top_func_impl.wcfg}
C:/Hung/Viettel/Stage2/ML-KEM/ml_kem/tb_top_func_impl.wcfg
add_wave {{/tb_top/dut/bu_intt0/regx[19]}} {{/tb_top/dut/bu_intt0/regx[20]}} 
relaunch_sim
Command: launch_simulation -step compile -simset sim_1 -mode behavioral
INFO: [Vivado 12-12493] Simulation top is 'tb_top'
WARNING: [Vivado 12-13340] Unable to auto find GCC executables from simulator install path! (path not set)
WARNING: [Vivado 12-13277] Compiled library path does not exist: ''
INFO: [Vivado 12-5682] Launching behavioral simulation in 'C:/Hung/Viettel/Stage2/ML-KEM/ml_kem/ml_kem.sim/sim_1/behav/xsim'
INFO: [SIM-utils-51] Simulation object is 'sim_1'
INFO: [USF-XSim-2] XSim::Compile design
INFO: [USF-XSim-61] Executing 'COMPILE and ANALYZE' step in 'C:/Hung/Viettel/Stage2/ML-KEM/ml_kem/ml_kem.sim/sim_1/behav/xsim'
"xvlog --incr --relax -prj tb_top_vlog.prj"
INFO: [VRFC 10-2263] Analyzing Verilog file "C:/Hung/Viettel/Stage2/ML-KEM/NTT/AddressGenerator.v" into library xil_defaultlib
INFO: [VRFC 10-311] analyzing module AddressGenerator
INFO: [VRFC 10-2263] Analyzing Verilog file "C:/Hung/Viettel/Stage2/ML-KEM/NTT/BoothDecode.v" into library xil_defaultlib
INFO: [VRFC 10-311] analyzing module BoothDecode
INFO: [VRFC 10-2263] Analyzing Verilog file "C:/Hung/Viettel/Stage2/ML-KEM/NTT/MyBootRom.v" into library xil_defaultlib
INFO: [VRFC 10-311] analyzing module MyBootROM
INFO: [VRFC 10-2263] Analyzing Verilog file "C:/Hung/Viettel/Stage2/ML-KEM/NTT/barret.v" into library xil_defaultlib
INFO: [VRFC 10-311] analyzing module barret
INFO: [VRFC 10-2263] Analyzing Verilog file "C:/Hung/Viettel/Stage2/ML-KEM/NTT/bram.v" into library xil_defaultlib
INFO: [VRFC 10-311] analyzing module bram
INFO: [VRFC 10-2263] Analyzing Verilog file "C:/Hung/Viettel/Stage2/ML-KEM/NTT/bu_intt.v" into library xil_defaultlib
INFO: [VRFC 10-311] analyzing module bu_intt
INFO: [VRFC 10-2263] Analyzing Verilog file "C:/Hung/Viettel/Stage2/ML-KEM/NTT/bu_ntt.v" into library xil_defaultlib
INFO: [VRFC 10-311] analyzing module bu_ntt
INFO: [VRFC 10-2263] Analyzing Verilog file "C:/Hung/Viettel/Stage2/ML-KEM/NTT/mul.v" into library xil_defaultlib
INFO: [VRFC 10-311] analyzing module mul
INFO: [VRFC 10-2263] Analyzing Verilog file "C:/Hung/Viettel/Stage2/ML-KEM/NTT/normalize_output.v" into library xil_defaultlib
INFO: [VRFC 10-311] analyzing module normalize_output
INFO: [VRFC 10-2263] Analyzing Verilog file "C:/Hung/Viettel/Stage2/ML-KEM/NTT/top.v" into library xil_defaultlib
INFO: [VRFC 10-311] analyzing module top
INFO: [VRFC 10-2263] Analyzing Verilog file "C:/Hung/Viettel/Stage2/ML-KEM/NTT/tb_top.v" into library xil_defaultlib
INFO: [VRFC 10-311] analyzing module tb_top
INFO: [USF-XSim-69] 'compile' step finished in '1' seconds
Command: launch_simulation -step elaborate -simset sim_1 -mode behavioral
INFO: [Vivado 12-12493] Simulation top is 'tb_top'
WARNING: [Vivado 12-13340] Unable to auto find GCC executables from simulator install path! (path not set)
WARNING: [Vivado 12-13277] Compiled library path does not exist: ''
INFO: [Vivado 12-5682] Launching behavioral simulation in 'C:/Hung/Viettel/Stage2/ML-KEM/ml_kem/ml_kem.sim/sim_1/behav/xsim'
INFO: [SIM-utils-51] Simulation object is 'sim_1'
INFO: [USF-XSim-3] XSim::Elaborate design
INFO: [USF-XSim-61] Executing 'ELABORATE' step in 'C:/Hung/Viettel/Stage2/ML-KEM/ml_kem/ml_kem.sim/sim_1/behav/xsim'
"xelab --incr --debug typical --relax --mt 2 -L xil_defaultlib -L unisims_ver -L unimacro_ver -L secureip --snapshot tb_top_behav xil_defaultlib.tb_top xil_defaultlib.glbl -log elaborate.log"
Vivado Simulator v2022.2.2
Copyright 1986-1999, 2001-2022 Xilinx, Inc. All Rights Reserved.
Running: C:/Xilinx/Vivado/2022.2/bin/unwrapped/win64.o/xelab.exe --incr --debug typical --relax --mt 2 -L xil_defaultlib -L unisims_ver -L unimacro_ver -L secureip --snapshot tb_top_behav xil_defaultlib.tb_top xil_defaultlib.glbl -log elaborate.log 
Using 2 slave threads.
Starting static elaboration
Pass Through NonSizing Optimizer
WARNING: [VRFC 10-3091] actual bit length 8 differs from formal bit length 1 for port 'valid' [C:/Hung/Viettel/Stage2/ML-KEM/NTT/top.v:330]
Completed static elaboration
Starting simulation data flow analysis
Completed simulation data flow analysis
Time Resolution for simulation is 1ps
Compiling module xil_defaultlib.MyBootROM
Compiling module xil_defaultlib.bram_default
Compiling module xil_defaultlib.AddressGenerator
Compiling module xil_defaultlib.barret
Compiling module xil_defaultlib.BoothDecode
Compiling module xil_defaultlib.mul_default
Compiling module xil_defaultlib.bu_ntt
Compiling module xil_defaultlib.bu_intt
Compiling module xil_defaultlib.normalize_output
Compiling module xil_defaultlib.top
Compiling module xil_defaultlib.tb_top
Compiling module xil_defaultlib.glbl
Built simulation snapshot tb_top_behav
INFO: [USF-XSim-69] 'elaborate' step finished in '2' seconds
Time resolution is 1 ps
[5795000] DONE_STORE!
$finish called at time : 5875 ns : File "C:/Hung/Viettel/Stage2/ML-KEM/NTT/tb_top.v" Line 125
relaunch_sim: Time (s): cpu = 00:00:00 ; elapsed = 00:00:06 . Memory (MB): peak = 1805.332 ; gain = 0.000
save_wave_config {C:/Hung/Viettel/Stage2/ML-KEM/ml_kem/tb_top_func_impl.wcfg}
current_wave_config {tb_top_func_impl.wcfg}
C:/Hung/Viettel/Stage2/ML-KEM/ml_kem/tb_top_func_impl.wcfg
add_wave {{/tb_top/dut/bu_intt0/barret_inst3/C}} {{/tb_top/dut/bu_intt0/barret_inst3/R}} 
relaunch_sim
Command: launch_simulation -step compile -simset sim_1 -mode behavioral
INFO: [Vivado 12-12493] Simulation top is 'tb_top'
WARNING: [Vivado 12-13340] Unable to auto find GCC executables from simulator install path! (path not set)
WARNING: [Vivado 12-13277] Compiled library path does not exist: ''
INFO: [Vivado 12-5682] Launching behavioral simulation in 'C:/Hung/Viettel/Stage2/ML-KEM/ml_kem/ml_kem.sim/sim_1/behav/xsim'
INFO: [SIM-utils-51] Simulation object is 'sim_1'
INFO: [USF-XSim-2] XSim::Compile design
INFO: [USF-XSim-61] Executing 'COMPILE and ANALYZE' step in 'C:/Hung/Viettel/Stage2/ML-KEM/ml_kem/ml_kem.sim/sim_1/behav/xsim'
"xvlog --incr --relax -prj tb_top_vlog.prj"
INFO: [USF-XSim-69] 'compile' step finished in '1' seconds
Command: launch_simulation -step elaborate -simset sim_1 -mode behavioral
INFO: [Vivado 12-12493] Simulation top is 'tb_top'
WARNING: [Vivado 12-13340] Unable to auto find GCC executables from simulator install path! (path not set)
WARNING: [Vivado 12-13277] Compiled library path does not exist: ''
INFO: [Vivado 12-5682] Launching behavioral simulation in 'C:/Hung/Viettel/Stage2/ML-KEM/ml_kem/ml_kem.sim/sim_1/behav/xsim'
INFO: [SIM-utils-51] Simulation object is 'sim_1'
INFO: [USF-XSim-3] XSim::Elaborate design
INFO: [USF-XSim-61] Executing 'ELABORATE' step in 'C:/Hung/Viettel/Stage2/ML-KEM/ml_kem/ml_kem.sim/sim_1/behav/xsim'
"xelab --incr --debug typical --relax --mt 2 -L xil_defaultlib -L unisims_ver -L unimacro_ver -L secureip --snapshot tb_top_behav xil_defaultlib.tb_top xil_defaultlib.glbl -log elaborate.log"
Vivado Simulator v2022.2.2
Copyright 1986-1999, 2001-2022 Xilinx, Inc. All Rights Reserved.
Running: C:/Xilinx/Vivado/2022.2/bin/unwrapped/win64.o/xelab.exe --incr --debug typical --relax --mt 2 -L xil_defaultlib -L unisims_ver -L unimacro_ver -L secureip --snapshot tb_top_behav xil_defaultlib.tb_top xil_defaultlib.glbl -log elaborate.log 
Using 2 slave threads.
Starting static elaboration
Pass Through NonSizing Optimizer
WARNING: [VRFC 10-3091] actual bit length 8 differs from formal bit length 1 for port 'valid' [C:/Hung/Viettel/Stage2/ML-KEM/NTT/top.v:330]
Completed static elaboration
INFO: [XSIM 43-4323] No Change in HDL. Linking previously generated obj files to create kernel
INFO: [USF-XSim-69] 'elaborate' step finished in '2' seconds
Time resolution is 1 ps
[5795000] DONE_STORE!
$finish called at time : 5875 ns : File "C:/Hung/Viettel/Stage2/ML-KEM/NTT/tb_top.v" Line 125
save_wave_config {C:/Hung/Viettel/Stage2/ML-KEM/ml_kem/tb_top_func_impl.wcfg}
current_wave_config {tb_top_func_impl.wcfg}
C:/Hung/Viettel/Stage2/ML-KEM/ml_kem/tb_top_func_impl.wcfg
add_wave {{/tb_top/dut/bu_intt0/barrett_out3}} 
current_wave_config {tb_top_func_impl.wcfg}
C:/Hung/Viettel/Stage2/ML-KEM/ml_kem/tb_top_func_impl.wcfg
add_wave {{/tb_top/dut/bu_intt0/subb_tmp}} 
current_wave_config {tb_top_func_impl.wcfg}
C:/Hung/Viettel/Stage2/ML-KEM/ml_kem/tb_top_func_impl.wcfg
add_wave {{/tb_top/dut/bu_intt0/subb_ex}} 
relaunch_sim
Command: launch_simulation -step compile -simset sim_1 -mode behavioral
INFO: [Vivado 12-12493] Simulation top is 'tb_top'
WARNING: [Vivado 12-13340] Unable to auto find GCC executables from simulator install path! (path not set)
WARNING: [Vivado 12-13277] Compiled library path does not exist: ''
INFO: [Vivado 12-5682] Launching behavioral simulation in 'C:/Hung/Viettel/Stage2/ML-KEM/ml_kem/ml_kem.sim/sim_1/behav/xsim'
INFO: [SIM-utils-51] Simulation object is 'sim_1'
INFO: [USF-XSim-2] XSim::Compile design
INFO: [USF-XSim-61] Executing 'COMPILE and ANALYZE' step in 'C:/Hung/Viettel/Stage2/ML-KEM/ml_kem/ml_kem.sim/sim_1/behav/xsim'
"xvlog --incr --relax -prj tb_top_vlog.prj"
INFO: [USF-XSim-69] 'compile' step finished in '1' seconds
Command: launch_simulation -step elaborate -simset sim_1 -mode behavioral
INFO: [Vivado 12-12493] Simulation top is 'tb_top'
WARNING: [Vivado 12-13340] Unable to auto find GCC executables from simulator install path! (path not set)
WARNING: [Vivado 12-13277] Compiled library path does not exist: ''
INFO: [Vivado 12-5682] Launching behavioral simulation in 'C:/Hung/Viettel/Stage2/ML-KEM/ml_kem/ml_kem.sim/sim_1/behav/xsim'
INFO: [SIM-utils-51] Simulation object is 'sim_1'
INFO: [USF-XSim-3] XSim::Elaborate design
INFO: [USF-XSim-61] Executing 'ELABORATE' step in 'C:/Hung/Viettel/Stage2/ML-KEM/ml_kem/ml_kem.sim/sim_1/behav/xsim'
"xelab --incr --debug typical --relax --mt 2 -L xil_defaultlib -L unisims_ver -L unimacro_ver -L secureip --snapshot tb_top_behav xil_defaultlib.tb_top xil_defaultlib.glbl -log elaborate.log"
Vivado Simulator v2022.2.2
Copyright 1986-1999, 2001-2022 Xilinx, Inc. All Rights Reserved.
Running: C:/Xilinx/Vivado/2022.2/bin/unwrapped/win64.o/xelab.exe --incr --debug typical --relax --mt 2 -L xil_defaultlib -L unisims_ver -L unimacro_ver -L secureip --snapshot tb_top_behav xil_defaultlib.tb_top xil_defaultlib.glbl -log elaborate.log 
Using 2 slave threads.
Starting static elaboration
Pass Through NonSizing Optimizer
WARNING: [VRFC 10-3091] actual bit length 8 differs from formal bit length 1 for port 'valid' [C:/Hung/Viettel/Stage2/ML-KEM/NTT/top.v:330]
Completed static elaboration
INFO: [XSIM 43-4323] No Change in HDL. Linking previously generated obj files to create kernel
INFO: [USF-XSim-69] 'elaborate' step finished in '1' seconds
Time resolution is 1 ps
[5795000] DONE_STORE!
$finish called at time : 5875 ns : File "C:/Hung/Viettel/Stage2/ML-KEM/NTT/tb_top.v" Line 125
save_wave_config {C:/Hung/Viettel/Stage2/ML-KEM/ml_kem/tb_top_func_impl.wcfg}
current_wave_config {tb_top_func_impl.wcfg}
C:/Hung/Viettel/Stage2/ML-KEM/ml_kem/tb_top_func_impl.wcfg
add_wave {{/tb_top/dut/bu_intt0/regx}} 
save_wave_config {C:/Hung/Viettel/Stage2/ML-KEM/ml_kem/tb_top_func_impl.wcfg}
relaunch_sim
Command: launch_simulation -step compile -simset sim_1 -mode behavioral
INFO: [Vivado 12-12493] Simulation top is 'tb_top'
WARNING: [Vivado 12-13340] Unable to auto find GCC executables from simulator install path! (path not set)
WARNING: [Vivado 12-13277] Compiled library path does not exist: ''
INFO: [Vivado 12-5682] Launching behavioral simulation in 'C:/Hung/Viettel/Stage2/ML-KEM/ml_kem/ml_kem.sim/sim_1/behav/xsim'
INFO: [SIM-utils-51] Simulation object is 'sim_1'
INFO: [USF-XSim-2] XSim::Compile design
INFO: [USF-XSim-61] Executing 'COMPILE and ANALYZE' step in 'C:/Hung/Viettel/Stage2/ML-KEM/ml_kem/ml_kem.sim/sim_1/behav/xsim'
"xvlog --incr --relax -prj tb_top_vlog.prj"
INFO: [USF-XSim-69] 'compile' step finished in '1' seconds
Command: launch_simulation -step elaborate -simset sim_1 -mode behavioral
INFO: [Vivado 12-12493] Simulation top is 'tb_top'
WARNING: [Vivado 12-13340] Unable to auto find GCC executables from simulator install path! (path not set)
WARNING: [Vivado 12-13277] Compiled library path does not exist: ''
INFO: [Vivado 12-5682] Launching behavioral simulation in 'C:/Hung/Viettel/Stage2/ML-KEM/ml_kem/ml_kem.sim/sim_1/behav/xsim'
INFO: [SIM-utils-51] Simulation object is 'sim_1'
INFO: [USF-XSim-3] XSim::Elaborate design
INFO: [USF-XSim-61] Executing 'ELABORATE' step in 'C:/Hung/Viettel/Stage2/ML-KEM/ml_kem/ml_kem.sim/sim_1/behav/xsim'
"xelab --incr --debug typical --relax --mt 2 -L xil_defaultlib -L unisims_ver -L unimacro_ver -L secureip --snapshot tb_top_behav xil_defaultlib.tb_top xil_defaultlib.glbl -log elaborate.log"
Vivado Simulator v2022.2.2
Copyright 1986-1999, 2001-2022 Xilinx, Inc. All Rights Reserved.
Running: C:/Xilinx/Vivado/2022.2/bin/unwrapped/win64.o/xelab.exe --incr --debug typical --relax --mt 2 -L xil_defaultlib -L unisims_ver -L unimacro_ver -L secureip --snapshot tb_top_behav xil_defaultlib.tb_top xil_defaultlib.glbl -log elaborate.log 
Using 2 slave threads.
Starting static elaboration
Pass Through NonSizing Optimizer
WARNING: [VRFC 10-3091] actual bit length 8 differs from formal bit length 1 for port 'valid' [C:/Hung/Viettel/Stage2/ML-KEM/NTT/top.v:330]
Completed static elaboration
INFO: [XSIM 43-4323] No Change in HDL. Linking previously generated obj files to create kernel
INFO: [USF-XSim-69] 'elaborate' step finished in '1' seconds
Time resolution is 1 ps
[5795000] DONE_STORE!
$finish called at time : 5875 ns : File "C:/Hung/Viettel/Stage2/ML-KEM/NTT/tb_top.v" Line 125
current_wave_config {tb_top_func_impl.wcfg}
C:/Hung/Viettel/Stage2/ML-KEM/ml_kem/tb_top_func_impl.wcfg
add_wave {{/tb_top/dut/bu_intt0/barrett_out2}} 
relaunch_sim
Command: launch_simulation -step compile -simset sim_1 -mode behavioral
INFO: [Vivado 12-12493] Simulation top is 'tb_top'
WARNING: [Vivado 12-13340] Unable to auto find GCC executables from simulator install path! (path not set)
WARNING: [Vivado 12-13277] Compiled library path does not exist: ''
INFO: [Vivado 12-5682] Launching behavioral simulation in 'C:/Hung/Viettel/Stage2/ML-KEM/ml_kem/ml_kem.sim/sim_1/behav/xsim'
INFO: [SIM-utils-51] Simulation object is 'sim_1'
INFO: [USF-XSim-2] XSim::Compile design
INFO: [USF-XSim-61] Executing 'COMPILE and ANALYZE' step in 'C:/Hung/Viettel/Stage2/ML-KEM/ml_kem/ml_kem.sim/sim_1/behav/xsim'
"xvlog --incr --relax -prj tb_top_vlog.prj"
INFO: [USF-XSim-69] 'compile' step finished in '1' seconds
Command: launch_simulation -step elaborate -simset sim_1 -mode behavioral
INFO: [Vivado 12-12493] Simulation top is 'tb_top'
WARNING: [Vivado 12-13340] Unable to auto find GCC executables from simulator install path! (path not set)
WARNING: [Vivado 12-13277] Compiled library path does not exist: ''
INFO: [Vivado 12-5682] Launching behavioral simulation in 'C:/Hung/Viettel/Stage2/ML-KEM/ml_kem/ml_kem.sim/sim_1/behav/xsim'
INFO: [SIM-utils-51] Simulation object is 'sim_1'
INFO: [USF-XSim-3] XSim::Elaborate design
INFO: [USF-XSim-61] Executing 'ELABORATE' step in 'C:/Hung/Viettel/Stage2/ML-KEM/ml_kem/ml_kem.sim/sim_1/behav/xsim'
"xelab --incr --debug typical --relax --mt 2 -L xil_defaultlib -L unisims_ver -L unimacro_ver -L secureip --snapshot tb_top_behav xil_defaultlib.tb_top xil_defaultlib.glbl -log elaborate.log"
Vivado Simulator v2022.2.2
Copyright 1986-1999, 2001-2022 Xilinx, Inc. All Rights Reserved.
Running: C:/Xilinx/Vivado/2022.2/bin/unwrapped/win64.o/xelab.exe --incr --debug typical --relax --mt 2 -L xil_defaultlib -L unisims_ver -L unimacro_ver -L secureip --snapshot tb_top_behav xil_defaultlib.tb_top xil_defaultlib.glbl -log elaborate.log 
Using 2 slave threads.
Starting static elaboration
Pass Through NonSizing Optimizer
WARNING: [VRFC 10-3091] actual bit length 8 differs from formal bit length 1 for port 'valid' [C:/Hung/Viettel/Stage2/ML-KEM/NTT/top.v:330]
Completed static elaboration
INFO: [XSIM 43-4323] No Change in HDL. Linking previously generated obj files to create kernel
INFO: [USF-XSim-69] 'elaborate' step finished in '2' seconds
Time resolution is 1 ps
[5795000] DONE_STORE!
$finish called at time : 5875 ns : File "C:/Hung/Viettel/Stage2/ML-KEM/NTT/tb_top.v" Line 125
save_wave_config {C:/Hung/Viettel/Stage2/ML-KEM/ml_kem/tb_top_func_impl.wcfg}
current_wave_config {tb_top_func_impl.wcfg}
C:/Hung/Viettel/Stage2/ML-KEM/ml_kem/tb_top_func_impl.wcfg
add_wave {{/tb_top/dut/bu_intt0/mul_inst/A}} {{/tb_top/dut/bu_intt0/mul_inst/B}} {{/tb_top/dut/bu_intt0/mul_inst/R}} 
save_wave_config {C:/Hung/Viettel/Stage2/ML-KEM/ml_kem/tb_top_func_impl.wcfg}
relaunch_sim
Command: launch_simulation -step compile -simset sim_1 -mode behavioral
INFO: [Vivado 12-12493] Simulation top is 'tb_top'
WARNING: [Vivado 12-13340] Unable to auto find GCC executables from simulator install path! (path not set)
WARNING: [Vivado 12-13277] Compiled library path does not exist: ''
INFO: [Vivado 12-5682] Launching behavioral simulation in 'C:/Hung/Viettel/Stage2/ML-KEM/ml_kem/ml_kem.sim/sim_1/behav/xsim'
INFO: [SIM-utils-51] Simulation object is 'sim_1'
INFO: [USF-XSim-2] XSim::Compile design
INFO: [USF-XSim-61] Executing 'COMPILE and ANALYZE' step in 'C:/Hung/Viettel/Stage2/ML-KEM/ml_kem/ml_kem.sim/sim_1/behav/xsim'
"xvlog --incr --relax -prj tb_top_vlog.prj"
INFO: [USF-XSim-69] 'compile' step finished in '1' seconds
Command: launch_simulation -step elaborate -simset sim_1 -mode behavioral
INFO: [Vivado 12-12493] Simulation top is 'tb_top'
WARNING: [Vivado 12-13340] Unable to auto find GCC executables from simulator install path! (path not set)
WARNING: [Vivado 12-13277] Compiled library path does not exist: ''
INFO: [Vivado 12-5682] Launching behavioral simulation in 'C:/Hung/Viettel/Stage2/ML-KEM/ml_kem/ml_kem.sim/sim_1/behav/xsim'
INFO: [SIM-utils-51] Simulation object is 'sim_1'
INFO: [USF-XSim-3] XSim::Elaborate design
INFO: [USF-XSim-61] Executing 'ELABORATE' step in 'C:/Hung/Viettel/Stage2/ML-KEM/ml_kem/ml_kem.sim/sim_1/behav/xsim'
"xelab --incr --debug typical --relax --mt 2 -L xil_defaultlib -L unisims_ver -L unimacro_ver -L secureip --snapshot tb_top_behav xil_defaultlib.tb_top xil_defaultlib.glbl -log elaborate.log"
Vivado Simulator v2022.2.2
Copyright 1986-1999, 2001-2022 Xilinx, Inc. All Rights Reserved.
Running: C:/Xilinx/Vivado/2022.2/bin/unwrapped/win64.o/xelab.exe --incr --debug typical --relax --mt 2 -L xil_defaultlib -L unisims_ver -L unimacro_ver -L secureip --snapshot tb_top_behav xil_defaultlib.tb_top xil_defaultlib.glbl -log elaborate.log 
Using 2 slave threads.
Starting static elaboration
Pass Through NonSizing Optimizer
WARNING: [VRFC 10-3091] actual bit length 8 differs from formal bit length 1 for port 'valid' [C:/Hung/Viettel/Stage2/ML-KEM/NTT/top.v:330]
Completed static elaboration
INFO: [XSIM 43-4323] No Change in HDL. Linking previously generated obj files to create kernel
INFO: [USF-XSim-69] 'elaborate' step finished in '2' seconds
Time resolution is 1 ps
[5795000] DONE_STORE!
$finish called at time : 5875 ns : File "C:/Hung/Viettel/Stage2/ML-KEM/NTT/tb_top.v" Line 125
relaunch_sim
Command: launch_simulation -step compile -simset sim_1 -mode behavioral
INFO: [Vivado 12-12493] Simulation top is 'tb_top'
WARNING: [Vivado 12-13340] Unable to auto find GCC executables from simulator install path! (path not set)
WARNING: [Vivado 12-13277] Compiled library path does not exist: ''
INFO: [Vivado 12-5682] Launching behavioral simulation in 'C:/Hung/Viettel/Stage2/ML-KEM/ml_kem/ml_kem.sim/sim_1/behav/xsim'
INFO: [SIM-utils-51] Simulation object is 'sim_1'
INFO: [USF-XSim-2] XSim::Compile design
INFO: [USF-XSim-61] Executing 'COMPILE and ANALYZE' step in 'C:/Hung/Viettel/Stage2/ML-KEM/ml_kem/ml_kem.sim/sim_1/behav/xsim'
"xvlog --incr --relax -prj tb_top_vlog.prj"
INFO: [VRFC 10-2263] Analyzing Verilog file "C:/Hung/Viettel/Stage2/ML-KEM/NTT/AddressGenerator.v" into library xil_defaultlib
INFO: [VRFC 10-311] analyzing module AddressGenerator
INFO: [VRFC 10-2263] Analyzing Verilog file "C:/Hung/Viettel/Stage2/ML-KEM/NTT/BoothDecode.v" into library xil_defaultlib
INFO: [VRFC 10-311] analyzing module BoothDecode
INFO: [VRFC 10-2263] Analyzing Verilog file "C:/Hung/Viettel/Stage2/ML-KEM/NTT/MyBootRom.v" into library xil_defaultlib
INFO: [VRFC 10-311] analyzing module MyBootROM
INFO: [VRFC 10-2263] Analyzing Verilog file "C:/Hung/Viettel/Stage2/ML-KEM/NTT/barret.v" into library xil_defaultlib
INFO: [VRFC 10-311] analyzing module barret
INFO: [VRFC 10-2263] Analyzing Verilog file "C:/Hung/Viettel/Stage2/ML-KEM/NTT/bram.v" into library xil_defaultlib
INFO: [VRFC 10-311] analyzing module bram
INFO: [VRFC 10-2263] Analyzing Verilog file "C:/Hung/Viettel/Stage2/ML-KEM/NTT/bu_intt.v" into library xil_defaultlib
INFO: [VRFC 10-311] analyzing module bu_intt
INFO: [VRFC 10-2263] Analyzing Verilog file "C:/Hung/Viettel/Stage2/ML-KEM/NTT/bu_ntt.v" into library xil_defaultlib
INFO: [VRFC 10-311] analyzing module bu_ntt
INFO: [VRFC 10-2263] Analyzing Verilog file "C:/Hung/Viettel/Stage2/ML-KEM/NTT/mul.v" into library xil_defaultlib
INFO: [VRFC 10-311] analyzing module mul
INFO: [VRFC 10-2263] Analyzing Verilog file "C:/Hung/Viettel/Stage2/ML-KEM/NTT/normalize_output.v" into library xil_defaultlib
INFO: [VRFC 10-311] analyzing module normalize_output
INFO: [VRFC 10-2263] Analyzing Verilog file "C:/Hung/Viettel/Stage2/ML-KEM/NTT/top.v" into library xil_defaultlib
INFO: [VRFC 10-311] analyzing module top
INFO: [VRFC 10-2263] Analyzing Verilog file "C:/Hung/Viettel/Stage2/ML-KEM/NTT/tb_top.v" into library xil_defaultlib
INFO: [VRFC 10-311] analyzing module tb_top
INFO: [USF-XSim-69] 'compile' step finished in '2' seconds
Command: launch_simulation -step elaborate -simset sim_1 -mode behavioral
INFO: [Vivado 12-12493] Simulation top is 'tb_top'
WARNING: [Vivado 12-13340] Unable to auto find GCC executables from simulator install path! (path not set)
WARNING: [Vivado 12-13277] Compiled library path does not exist: ''
INFO: [Vivado 12-5682] Launching behavioral simulation in 'C:/Hung/Viettel/Stage2/ML-KEM/ml_kem/ml_kem.sim/sim_1/behav/xsim'
INFO: [SIM-utils-51] Simulation object is 'sim_1'
INFO: [USF-XSim-3] XSim::Elaborate design
INFO: [USF-XSim-61] Executing 'ELABORATE' step in 'C:/Hung/Viettel/Stage2/ML-KEM/ml_kem/ml_kem.sim/sim_1/behav/xsim'
"xelab --incr --debug typical --relax --mt 2 -L xil_defaultlib -L unisims_ver -L unimacro_ver -L secureip --snapshot tb_top_behav xil_defaultlib.tb_top xil_defaultlib.glbl -log elaborate.log"
Vivado Simulator v2022.2.2
Copyright 1986-1999, 2001-2022 Xilinx, Inc. All Rights Reserved.
Running: C:/Xilinx/Vivado/2022.2/bin/unwrapped/win64.o/xelab.exe --incr --debug typical --relax --mt 2 -L xil_defaultlib -L unisims_ver -L unimacro_ver -L secureip --snapshot tb_top_behav xil_defaultlib.tb_top xil_defaultlib.glbl -log elaborate.log 
Using 2 slave threads.
Starting static elaboration
Pass Through NonSizing Optimizer
WARNING: [VRFC 10-3091] actual bit length 8 differs from formal bit length 1 for port 'valid' [C:/Hung/Viettel/Stage2/ML-KEM/NTT/top.v:330]
Completed static elaboration
Starting simulation data flow analysis
Completed simulation data flow analysis
Time Resolution for simulation is 1ps
Compiling module xil_defaultlib.MyBootROM
Compiling module xil_defaultlib.bram_default
Compiling module xil_defaultlib.AddressGenerator
Compiling module xil_defaultlib.barret
Compiling module xil_defaultlib.BoothDecode
Compiling module xil_defaultlib.mul_default
Compiling module xil_defaultlib.bu_ntt
Compiling module xil_defaultlib.bu_intt
Compiling module xil_defaultlib.normalize_output
Compiling module xil_defaultlib.top
Compiling module xil_defaultlib.tb_top
Compiling module xil_defaultlib.glbl
Built simulation snapshot tb_top_behav
INFO: [USF-XSim-69] 'elaborate' step finished in '2' seconds
Time resolution is 1 ps
[5795000] DONE_STORE!
$finish called at time : 5875 ns : File "C:/Hung/Viettel/Stage2/ML-KEM/NTT/tb_top.v" Line 125
relaunch_sim: Time (s): cpu = 00:00:00 ; elapsed = 00:00:06 . Memory (MB): peak = 1805.332 ; gain = 0.000
save_wave_config {C:/Hung/Viettel/Stage2/ML-KEM/ml_kem/tb_top_func_impl.wcfg}
relaunch_sim
Command: launch_simulation -step compile -simset sim_1 -mode behavioral
INFO: [Vivado 12-12493] Simulation top is 'tb_top'
WARNING: [Vivado 12-13340] Unable to auto find GCC executables from simulator install path! (path not set)
WARNING: [Vivado 12-13277] Compiled library path does not exist: ''
INFO: [Vivado 12-5682] Launching behavioral simulation in 'C:/Hung/Viettel/Stage2/ML-KEM/ml_kem/ml_kem.sim/sim_1/behav/xsim'
INFO: [SIM-utils-51] Simulation object is 'sim_1'
INFO: [USF-XSim-2] XSim::Compile design
INFO: [USF-XSim-61] Executing 'COMPILE and ANALYZE' step in 'C:/Hung/Viettel/Stage2/ML-KEM/ml_kem/ml_kem.sim/sim_1/behav/xsim'
"xvlog --incr --relax -prj tb_top_vlog.prj"
INFO: [VRFC 10-2263] Analyzing Verilog file "C:/Hung/Viettel/Stage2/ML-KEM/NTT/AddressGenerator.v" into library xil_defaultlib
INFO: [VRFC 10-311] analyzing module AddressGenerator
INFO: [VRFC 10-2263] Analyzing Verilog file "C:/Hung/Viettel/Stage2/ML-KEM/NTT/BoothDecode.v" into library xil_defaultlib
INFO: [VRFC 10-311] analyzing module BoothDecode
INFO: [VRFC 10-2263] Analyzing Verilog file "C:/Hung/Viettel/Stage2/ML-KEM/NTT/MyBootRom.v" into library xil_defaultlib
INFO: [VRFC 10-311] analyzing module MyBootROM
INFO: [VRFC 10-2263] Analyzing Verilog file "C:/Hung/Viettel/Stage2/ML-KEM/NTT/barret.v" into library xil_defaultlib
INFO: [VRFC 10-311] analyzing module barret
INFO: [VRFC 10-2263] Analyzing Verilog file "C:/Hung/Viettel/Stage2/ML-KEM/NTT/bram.v" into library xil_defaultlib
INFO: [VRFC 10-311] analyzing module bram
INFO: [VRFC 10-2263] Analyzing Verilog file "C:/Hung/Viettel/Stage2/ML-KEM/NTT/bu_intt.v" into library xil_defaultlib
INFO: [VRFC 10-311] analyzing module bu_intt
INFO: [VRFC 10-2263] Analyzing Verilog file "C:/Hung/Viettel/Stage2/ML-KEM/NTT/bu_ntt.v" into library xil_defaultlib
INFO: [VRFC 10-311] analyzing module bu_ntt
INFO: [VRFC 10-2263] Analyzing Verilog file "C:/Hung/Viettel/Stage2/ML-KEM/NTT/mul.v" into library xil_defaultlib
INFO: [VRFC 10-311] analyzing module mul
INFO: [VRFC 10-2263] Analyzing Verilog file "C:/Hung/Viettel/Stage2/ML-KEM/NTT/normalize_output.v" into library xil_defaultlib
INFO: [VRFC 10-311] analyzing module normalize_output
INFO: [VRFC 10-2263] Analyzing Verilog file "C:/Hung/Viettel/Stage2/ML-KEM/NTT/top.v" into library xil_defaultlib
INFO: [VRFC 10-311] analyzing module top
INFO: [VRFC 10-2263] Analyzing Verilog file "C:/Hung/Viettel/Stage2/ML-KEM/NTT/tb_top.v" into library xil_defaultlib
INFO: [VRFC 10-311] analyzing module tb_top
INFO: [USF-XSim-69] 'compile' step finished in '1' seconds
Command: launch_simulation -step elaborate -simset sim_1 -mode behavioral
INFO: [Vivado 12-12493] Simulation top is 'tb_top'
WARNING: [Vivado 12-13340] Unable to auto find GCC executables from simulator install path! (path not set)
WARNING: [Vivado 12-13277] Compiled library path does not exist: ''
INFO: [Vivado 12-5682] Launching behavioral simulation in 'C:/Hung/Viettel/Stage2/ML-KEM/ml_kem/ml_kem.sim/sim_1/behav/xsim'
INFO: [SIM-utils-51] Simulation object is 'sim_1'
INFO: [USF-XSim-3] XSim::Elaborate design
INFO: [USF-XSim-61] Executing 'ELABORATE' step in 'C:/Hung/Viettel/Stage2/ML-KEM/ml_kem/ml_kem.sim/sim_1/behav/xsim'
"xelab --incr --debug typical --relax --mt 2 -L xil_defaultlib -L unisims_ver -L unimacro_ver -L secureip --snapshot tb_top_behav xil_defaultlib.tb_top xil_defaultlib.glbl -log elaborate.log"
Vivado Simulator v2022.2.2
Copyright 1986-1999, 2001-2022 Xilinx, Inc. All Rights Reserved.
Running: C:/Xilinx/Vivado/2022.2/bin/unwrapped/win64.o/xelab.exe --incr --debug typical --relax --mt 2 -L xil_defaultlib -L unisims_ver -L unimacro_ver -L secureip --snapshot tb_top_behav xil_defaultlib.tb_top xil_defaultlib.glbl -log elaborate.log 
Using 2 slave threads.
Starting static elaboration
Pass Through NonSizing Optimizer
WARNING: [VRFC 10-3091] actual bit length 8 differs from formal bit length 1 for port 'valid' [C:/Hung/Viettel/Stage2/ML-KEM/NTT/top.v:330]
Completed static elaboration
Starting simulation data flow analysis
Completed simulation data flow analysis
Time Resolution for simulation is 1ps
Compiling module xil_defaultlib.MyBootROM
Compiling module xil_defaultlib.bram_default
Compiling module xil_defaultlib.AddressGenerator
Compiling module xil_defaultlib.barret
Compiling module xil_defaultlib.BoothDecode
Compiling module xil_defaultlib.mul_default
Compiling module xil_defaultlib.bu_ntt
Compiling module xil_defaultlib.bu_intt
Compiling module xil_defaultlib.normalize_output
Compiling module xil_defaultlib.top
Compiling module xil_defaultlib.tb_top
Compiling module xil_defaultlib.glbl
Built simulation snapshot tb_top_behav
INFO: [USF-XSim-69] 'elaborate' step finished in '3' seconds
Time resolution is 1 ps
[5795000] DONE_STORE!
$finish called at time : 5875 ns : File "C:/Hung/Viettel/Stage2/ML-KEM/NTT/tb_top.v" Line 125
relaunch_sim: Time (s): cpu = 00:00:01 ; elapsed = 00:00:06 . Memory (MB): peak = 1805.332 ; gain = 0.000
current_wave_config {tb_top_func_impl.wcfg}
C:/Hung/Viettel/Stage2/ML-KEM/ml_kem/tb_top_func_impl.wcfg
add_wave {{/tb_top/dut/bu_intt0/regx[19]}} 
relaunch_sim
Command: launch_simulation -step compile -simset sim_1 -mode behavioral
INFO: [Vivado 12-12493] Simulation top is 'tb_top'
WARNING: [Vivado 12-13340] Unable to auto find GCC executables from simulator install path! (path not set)
WARNING: [Vivado 12-13277] Compiled library path does not exist: ''
INFO: [Vivado 12-5682] Launching behavioral simulation in 'C:/Hung/Viettel/Stage2/ML-KEM/ml_kem/ml_kem.sim/sim_1/behav/xsim'
INFO: [SIM-utils-51] Simulation object is 'sim_1'
INFO: [USF-XSim-2] XSim::Compile design
INFO: [USF-XSim-61] Executing 'COMPILE and ANALYZE' step in 'C:/Hung/Viettel/Stage2/ML-KEM/ml_kem/ml_kem.sim/sim_1/behav/xsim'
"xvlog --incr --relax -prj tb_top_vlog.prj"
INFO: [USF-XSim-69] 'compile' step finished in '1' seconds
Command: launch_simulation -step elaborate -simset sim_1 -mode behavioral
INFO: [Vivado 12-12493] Simulation top is 'tb_top'
WARNING: [Vivado 12-13340] Unable to auto find GCC executables from simulator install path! (path not set)
WARNING: [Vivado 12-13277] Compiled library path does not exist: ''
INFO: [Vivado 12-5682] Launching behavioral simulation in 'C:/Hung/Viettel/Stage2/ML-KEM/ml_kem/ml_kem.sim/sim_1/behav/xsim'
INFO: [SIM-utils-51] Simulation object is 'sim_1'
INFO: [USF-XSim-3] XSim::Elaborate design
INFO: [USF-XSim-61] Executing 'ELABORATE' step in 'C:/Hung/Viettel/Stage2/ML-KEM/ml_kem/ml_kem.sim/sim_1/behav/xsim'
"xelab --incr --debug typical --relax --mt 2 -L xil_defaultlib -L unisims_ver -L unimacro_ver -L secureip --snapshot tb_top_behav xil_defaultlib.tb_top xil_defaultlib.glbl -log elaborate.log"
Vivado Simulator v2022.2.2
Copyright 1986-1999, 2001-2022 Xilinx, Inc. All Rights Reserved.
Running: C:/Xilinx/Vivado/2022.2/bin/unwrapped/win64.o/xelab.exe --incr --debug typical --relax --mt 2 -L xil_defaultlib -L unisims_ver -L unimacro_ver -L secureip --snapshot tb_top_behav xil_defaultlib.tb_top xil_defaultlib.glbl -log elaborate.log 
Using 2 slave threads.
Starting static elaboration
Pass Through NonSizing Optimizer
WARNING: [VRFC 10-3091] actual bit length 8 differs from formal bit length 1 for port 'valid' [C:/Hung/Viettel/Stage2/ML-KEM/NTT/top.v:330]
Completed static elaboration
INFO: [XSIM 43-4323] No Change in HDL. Linking previously generated obj files to create kernel
INFO: [USF-XSim-69] 'elaborate' step finished in '2' seconds
Time resolution is 1 ps
[5795000] DONE_STORE!
$finish called at time : 5875 ns : File "C:/Hung/Viettel/Stage2/ML-KEM/NTT/tb_top.v" Line 125
save_wave_config {C:/Hung/Viettel/Stage2/ML-KEM/ml_kem/tb_top_func_impl.wcfg}
relaunch_sim
Command: launch_simulation -step compile -simset sim_1 -mode behavioral
INFO: [Vivado 12-12493] Simulation top is 'tb_top'
WARNING: [Vivado 12-13340] Unable to auto find GCC executables from simulator install path! (path not set)
WARNING: [Vivado 12-13277] Compiled library path does not exist: ''
INFO: [Vivado 12-5682] Launching behavioral simulation in 'C:/Hung/Viettel/Stage2/ML-KEM/ml_kem/ml_kem.sim/sim_1/behav/xsim'
INFO: [SIM-utils-51] Simulation object is 'sim_1'
INFO: [USF-XSim-2] XSim::Compile design
INFO: [USF-XSim-61] Executing 'COMPILE and ANALYZE' step in 'C:/Hung/Viettel/Stage2/ML-KEM/ml_kem/ml_kem.sim/sim_1/behav/xsim'
"xvlog --incr --relax -prj tb_top_vlog.prj"
INFO: [VRFC 10-2263] Analyzing Verilog file "C:/Hung/Viettel/Stage2/ML-KEM/NTT/AddressGenerator.v" into library xil_defaultlib
INFO: [VRFC 10-311] analyzing module AddressGenerator
INFO: [VRFC 10-2263] Analyzing Verilog file "C:/Hung/Viettel/Stage2/ML-KEM/NTT/BoothDecode.v" into library xil_defaultlib
INFO: [VRFC 10-311] analyzing module BoothDecode
INFO: [VRFC 10-2263] Analyzing Verilog file "C:/Hung/Viettel/Stage2/ML-KEM/NTT/MyBootRom.v" into library xil_defaultlib
INFO: [VRFC 10-311] analyzing module MyBootROM
INFO: [VRFC 10-2263] Analyzing Verilog file "C:/Hung/Viettel/Stage2/ML-KEM/NTT/barret.v" into library xil_defaultlib
INFO: [VRFC 10-311] analyzing module barret
INFO: [VRFC 10-2263] Analyzing Verilog file "C:/Hung/Viettel/Stage2/ML-KEM/NTT/bram.v" into library xil_defaultlib
INFO: [VRFC 10-311] analyzing module bram
INFO: [VRFC 10-2263] Analyzing Verilog file "C:/Hung/Viettel/Stage2/ML-KEM/NTT/bu_intt.v" into library xil_defaultlib
INFO: [VRFC 10-311] analyzing module bu_intt
INFO: [VRFC 10-2263] Analyzing Verilog file "C:/Hung/Viettel/Stage2/ML-KEM/NTT/bu_ntt.v" into library xil_defaultlib
INFO: [VRFC 10-311] analyzing module bu_ntt
INFO: [VRFC 10-2263] Analyzing Verilog file "C:/Hung/Viettel/Stage2/ML-KEM/NTT/mul.v" into library xil_defaultlib
INFO: [VRFC 10-311] analyzing module mul
INFO: [VRFC 10-2263] Analyzing Verilog file "C:/Hung/Viettel/Stage2/ML-KEM/NTT/normalize_output.v" into library xil_defaultlib
INFO: [VRFC 10-311] analyzing module normalize_output
INFO: [VRFC 10-2263] Analyzing Verilog file "C:/Hung/Viettel/Stage2/ML-KEM/NTT/top.v" into library xil_defaultlib
INFO: [VRFC 10-311] analyzing module top
INFO: [VRFC 10-2263] Analyzing Verilog file "C:/Hung/Viettel/Stage2/ML-KEM/NTT/tb_top.v" into library xil_defaultlib
INFO: [VRFC 10-311] analyzing module tb_top
INFO: [USF-XSim-69] 'compile' step finished in '1' seconds
Command: launch_simulation -step elaborate -simset sim_1 -mode behavioral
INFO: [Vivado 12-12493] Simulation top is 'tb_top'
WARNING: [Vivado 12-13340] Unable to auto find GCC executables from simulator install path! (path not set)
WARNING: [Vivado 12-13277] Compiled library path does not exist: ''
INFO: [Vivado 12-5682] Launching behavioral simulation in 'C:/Hung/Viettel/Stage2/ML-KEM/ml_kem/ml_kem.sim/sim_1/behav/xsim'
INFO: [SIM-utils-51] Simulation object is 'sim_1'
INFO: [USF-XSim-3] XSim::Elaborate design
INFO: [USF-XSim-61] Executing 'ELABORATE' step in 'C:/Hung/Viettel/Stage2/ML-KEM/ml_kem/ml_kem.sim/sim_1/behav/xsim'
"xelab --incr --debug typical --relax --mt 2 -L xil_defaultlib -L unisims_ver -L unimacro_ver -L secureip --snapshot tb_top_behav xil_defaultlib.tb_top xil_defaultlib.glbl -log elaborate.log"
Vivado Simulator v2022.2.2
Copyright 1986-1999, 2001-2022 Xilinx, Inc. All Rights Reserved.
Running: C:/Xilinx/Vivado/2022.2/bin/unwrapped/win64.o/xelab.exe --incr --debug typical --relax --mt 2 -L xil_defaultlib -L unisims_ver -L unimacro_ver -L secureip --snapshot tb_top_behav xil_defaultlib.tb_top xil_defaultlib.glbl -log elaborate.log 
Using 2 slave threads.
Starting static elaboration
Pass Through NonSizing Optimizer
WARNING: [VRFC 10-3091] actual bit length 8 differs from formal bit length 1 for port 'valid' [C:/Hung/Viettel/Stage2/ML-KEM/NTT/top.v:330]
Completed static elaboration
Starting simulation data flow analysis
Completed simulation data flow analysis
Time Resolution for simulation is 1ps
Compiling module xil_defaultlib.MyBootROM
Compiling module xil_defaultlib.bram_default
Compiling module xil_defaultlib.AddressGenerator
Compiling module xil_defaultlib.barret
Compiling module xil_defaultlib.BoothDecode
Compiling module xil_defaultlib.mul_default
Compiling module xil_defaultlib.bu_ntt
Compiling module xil_defaultlib.bu_intt
Compiling module xil_defaultlib.normalize_output
Compiling module xil_defaultlib.top
Compiling module xil_defaultlib.tb_top
Compiling module xil_defaultlib.glbl
Built simulation snapshot tb_top_behav
INFO: [USF-XSim-69] 'elaborate' step finished in '3' seconds
Time resolution is 1 ps
[5795000] DONE_STORE!
$finish called at time : 5875 ns : File "C:/Hung/Viettel/Stage2/ML-KEM/NTT/tb_top.v" Line 125
relaunch_sim: Time (s): cpu = 00:00:01 ; elapsed = 00:00:06 . Memory (MB): peak = 1805.332 ; gain = 0.000
save_wave_config {C:/Hung/Viettel/Stage2/ML-KEM/ml_kem/tb_top_func_impl.wcfg}
current_wave_config {tb_top_func_impl.wcfg}
C:/Hung/Viettel/Stage2/ML-KEM/ml_kem/tb_top_func_impl.wcfg
add_wave {{/tb_top/dut/bu_intt0/regx[20]}} 
save_wave_config {C:/Hung/Viettel/Stage2/ML-KEM/ml_kem/tb_top_func_impl.wcfg}
save_wave_config {C:/Hung/Viettel/Stage2/ML-KEM/ml_kem/tb_top_func_impl.wcfg}
relaunch_sim
Command: launch_simulation -step compile -simset sim_1 -mode behavioral
INFO: [Vivado 12-12493] Simulation top is 'tb_top'
WARNING: [Vivado 12-13340] Unable to auto find GCC executables from simulator install path! (path not set)
WARNING: [Vivado 12-13277] Compiled library path does not exist: ''
INFO: [Vivado 12-5682] Launching behavioral simulation in 'C:/Hung/Viettel/Stage2/ML-KEM/ml_kem/ml_kem.sim/sim_1/behav/xsim'
INFO: [SIM-utils-51] Simulation object is 'sim_1'
INFO: [USF-XSim-2] XSim::Compile design
INFO: [USF-XSim-61] Executing 'COMPILE and ANALYZE' step in 'C:/Hung/Viettel/Stage2/ML-KEM/ml_kem/ml_kem.sim/sim_1/behav/xsim'
"xvlog --incr --relax -prj tb_top_vlog.prj"
INFO: [VRFC 10-2263] Analyzing Verilog file "C:/Hung/Viettel/Stage2/ML-KEM/NTT/AddressGenerator.v" into library xil_defaultlib
INFO: [VRFC 10-311] analyzing module AddressGenerator
INFO: [VRFC 10-2263] Analyzing Verilog file "C:/Hung/Viettel/Stage2/ML-KEM/NTT/BoothDecode.v" into library xil_defaultlib
INFO: [VRFC 10-311] analyzing module BoothDecode
INFO: [VRFC 10-2263] Analyzing Verilog file "C:/Hung/Viettel/Stage2/ML-KEM/NTT/MyBootRom.v" into library xil_defaultlib
INFO: [VRFC 10-311] analyzing module MyBootROM
INFO: [VRFC 10-2263] Analyzing Verilog file "C:/Hung/Viettel/Stage2/ML-KEM/NTT/barret.v" into library xil_defaultlib
INFO: [VRFC 10-311] analyzing module barret
INFO: [VRFC 10-2263] Analyzing Verilog file "C:/Hung/Viettel/Stage2/ML-KEM/NTT/bram.v" into library xil_defaultlib
INFO: [VRFC 10-311] analyzing module bram
INFO: [VRFC 10-2263] Analyzing Verilog file "C:/Hung/Viettel/Stage2/ML-KEM/NTT/bu_intt.v" into library xil_defaultlib
INFO: [VRFC 10-311] analyzing module bu_intt
INFO: [VRFC 10-2263] Analyzing Verilog file "C:/Hung/Viettel/Stage2/ML-KEM/NTT/bu_ntt.v" into library xil_defaultlib
INFO: [VRFC 10-311] analyzing module bu_ntt
INFO: [VRFC 10-2263] Analyzing Verilog file "C:/Hung/Viettel/Stage2/ML-KEM/NTT/mul.v" into library xil_defaultlib
INFO: [VRFC 10-311] analyzing module mul
INFO: [VRFC 10-2263] Analyzing Verilog file "C:/Hung/Viettel/Stage2/ML-KEM/NTT/normalize_output.v" into library xil_defaultlib
INFO: [VRFC 10-311] analyzing module normalize_output
INFO: [VRFC 10-2263] Analyzing Verilog file "C:/Hung/Viettel/Stage2/ML-KEM/NTT/top.v" into library xil_defaultlib
INFO: [VRFC 10-311] analyzing module top
INFO: [VRFC 10-2263] Analyzing Verilog file "C:/Hung/Viettel/Stage2/ML-KEM/NTT/tb_top.v" into library xil_defaultlib
INFO: [VRFC 10-311] analyzing module tb_top
INFO: [USF-XSim-69] 'compile' step finished in '1' seconds
Command: launch_simulation -step elaborate -simset sim_1 -mode behavioral
INFO: [Vivado 12-12493] Simulation top is 'tb_top'
WARNING: [Vivado 12-13340] Unable to auto find GCC executables from simulator install path! (path not set)
WARNING: [Vivado 12-13277] Compiled library path does not exist: ''
INFO: [Vivado 12-5682] Launching behavioral simulation in 'C:/Hung/Viettel/Stage2/ML-KEM/ml_kem/ml_kem.sim/sim_1/behav/xsim'
INFO: [SIM-utils-51] Simulation object is 'sim_1'
INFO: [USF-XSim-3] XSim::Elaborate design
INFO: [USF-XSim-61] Executing 'ELABORATE' step in 'C:/Hung/Viettel/Stage2/ML-KEM/ml_kem/ml_kem.sim/sim_1/behav/xsim'
"xelab --incr --debug typical --relax --mt 2 -L xil_defaultlib -L unisims_ver -L unimacro_ver -L secureip --snapshot tb_top_behav xil_defaultlib.tb_top xil_defaultlib.glbl -log elaborate.log"
Vivado Simulator v2022.2.2
Copyright 1986-1999, 2001-2022 Xilinx, Inc. All Rights Reserved.
Running: C:/Xilinx/Vivado/2022.2/bin/unwrapped/win64.o/xelab.exe --incr --debug typical --relax --mt 2 -L xil_defaultlib -L unisims_ver -L unimacro_ver -L secureip --snapshot tb_top_behav xil_defaultlib.tb_top xil_defaultlib.glbl -log elaborate.log 
Using 2 slave threads.
Starting static elaboration
Pass Through NonSizing Optimizer
WARNING: [VRFC 10-3091] actual bit length 8 differs from formal bit length 1 for port 'valid' [C:/Hung/Viettel/Stage2/ML-KEM/NTT/top.v:330]
Completed static elaboration
Starting simulation data flow analysis
Completed simulation data flow analysis
Time Resolution for simulation is 1ps
Compiling module xil_defaultlib.MyBootROM
Compiling module xil_defaultlib.bram_default
Compiling module xil_defaultlib.AddressGenerator
Compiling module xil_defaultlib.barret
Compiling module xil_defaultlib.BoothDecode
Compiling module xil_defaultlib.mul_default
Compiling module xil_defaultlib.bu_ntt
Compiling module xil_defaultlib.bu_intt
Compiling module xil_defaultlib.normalize_output
Compiling module xil_defaultlib.top
Compiling module xil_defaultlib.tb_top
Compiling module xil_defaultlib.glbl
Built simulation snapshot tb_top_behav
INFO: [USF-XSim-69] 'elaborate' step finished in '2' seconds
Time resolution is 1 ps
[5795000] DONE_STORE!
$finish called at time : 5875 ns : File "C:/Hung/Viettel/Stage2/ML-KEM/NTT/tb_top.v" Line 125
relaunch_sim: Time (s): cpu = 00:00:01 ; elapsed = 00:00:06 . Memory (MB): peak = 1805.332 ; gain = 0.000
relaunch_sim
Command: launch_simulation -step compile -simset sim_1 -mode behavioral
INFO: [Vivado 12-12493] Simulation top is 'tb_top'
WARNING: [Vivado 12-13340] Unable to auto find GCC executables from simulator install path! (path not set)
WARNING: [Vivado 12-13277] Compiled library path does not exist: ''
INFO: [Vivado 12-5682] Launching behavioral simulation in 'C:/Hung/Viettel/Stage2/ML-KEM/ml_kem/ml_kem.sim/sim_1/behav/xsim'
INFO: [SIM-utils-51] Simulation object is 'sim_1'
INFO: [USF-XSim-2] XSim::Compile design
INFO: [USF-XSim-61] Executing 'COMPILE and ANALYZE' step in 'C:/Hung/Viettel/Stage2/ML-KEM/ml_kem/ml_kem.sim/sim_1/behav/xsim'
"xvlog --incr --relax -prj tb_top_vlog.prj"
INFO: [VRFC 10-2263] Analyzing Verilog file "C:/Hung/Viettel/Stage2/ML-KEM/NTT/AddressGenerator.v" into library xil_defaultlib
INFO: [VRFC 10-311] analyzing module AddressGenerator
INFO: [VRFC 10-2263] Analyzing Verilog file "C:/Hung/Viettel/Stage2/ML-KEM/NTT/BoothDecode.v" into library xil_defaultlib
INFO: [VRFC 10-311] analyzing module BoothDecode
INFO: [VRFC 10-2263] Analyzing Verilog file "C:/Hung/Viettel/Stage2/ML-KEM/NTT/MyBootRom.v" into library xil_defaultlib
INFO: [VRFC 10-311] analyzing module MyBootROM
INFO: [VRFC 10-2263] Analyzing Verilog file "C:/Hung/Viettel/Stage2/ML-KEM/NTT/barret.v" into library xil_defaultlib
INFO: [VRFC 10-311] analyzing module barret
INFO: [VRFC 10-2263] Analyzing Verilog file "C:/Hung/Viettel/Stage2/ML-KEM/NTT/bram.v" into library xil_defaultlib
INFO: [VRFC 10-311] analyzing module bram
INFO: [VRFC 10-2263] Analyzing Verilog file "C:/Hung/Viettel/Stage2/ML-KEM/NTT/bu_intt.v" into library xil_defaultlib
INFO: [VRFC 10-311] analyzing module bu_intt
INFO: [VRFC 10-2263] Analyzing Verilog file "C:/Hung/Viettel/Stage2/ML-KEM/NTT/bu_ntt.v" into library xil_defaultlib
INFO: [VRFC 10-311] analyzing module bu_ntt
INFO: [VRFC 10-2263] Analyzing Verilog file "C:/Hung/Viettel/Stage2/ML-KEM/NTT/mul.v" into library xil_defaultlib
INFO: [VRFC 10-311] analyzing module mul
INFO: [VRFC 10-2263] Analyzing Verilog file "C:/Hung/Viettel/Stage2/ML-KEM/NTT/normalize_output.v" into library xil_defaultlib
INFO: [VRFC 10-311] analyzing module normalize_output
INFO: [VRFC 10-2263] Analyzing Verilog file "C:/Hung/Viettel/Stage2/ML-KEM/NTT/top.v" into library xil_defaultlib
INFO: [VRFC 10-311] analyzing module top
INFO: [VRFC 10-2263] Analyzing Verilog file "C:/Hung/Viettel/Stage2/ML-KEM/NTT/tb_top.v" into library xil_defaultlib
INFO: [VRFC 10-311] analyzing module tb_top
INFO: [USF-XSim-69] 'compile' step finished in '1' seconds
Command: launch_simulation -step elaborate -simset sim_1 -mode behavioral
INFO: [Vivado 12-12493] Simulation top is 'tb_top'
WARNING: [Vivado 12-13340] Unable to auto find GCC executables from simulator install path! (path not set)
WARNING: [Vivado 12-13277] Compiled library path does not exist: ''
INFO: [Vivado 12-5682] Launching behavioral simulation in 'C:/Hung/Viettel/Stage2/ML-KEM/ml_kem/ml_kem.sim/sim_1/behav/xsim'
INFO: [SIM-utils-51] Simulation object is 'sim_1'
INFO: [USF-XSim-3] XSim::Elaborate design
INFO: [USF-XSim-61] Executing 'ELABORATE' step in 'C:/Hung/Viettel/Stage2/ML-KEM/ml_kem/ml_kem.sim/sim_1/behav/xsim'
"xelab --incr --debug typical --relax --mt 2 -L xil_defaultlib -L unisims_ver -L unimacro_ver -L secureip --snapshot tb_top_behav xil_defaultlib.tb_top xil_defaultlib.glbl -log elaborate.log"
Vivado Simulator v2022.2.2
Copyright 1986-1999, 2001-2022 Xilinx, Inc. All Rights Reserved.
Running: C:/Xilinx/Vivado/2022.2/bin/unwrapped/win64.o/xelab.exe --incr --debug typical --relax --mt 2 -L xil_defaultlib -L unisims_ver -L unimacro_ver -L secureip --snapshot tb_top_behav xil_defaultlib.tb_top xil_defaultlib.glbl -log elaborate.log 
Using 2 slave threads.
Starting static elaboration
Pass Through NonSizing Optimizer
WARNING: [VRFC 10-3091] actual bit length 8 differs from formal bit length 1 for port 'valid' [C:/Hung/Viettel/Stage2/ML-KEM/NTT/top.v:330]
Completed static elaboration
Starting simulation data flow analysis
Completed simulation data flow analysis
Time Resolution for simulation is 1ps
Compiling module xil_defaultlib.MyBootROM
Compiling module xil_defaultlib.bram_default
Compiling module xil_defaultlib.AddressGenerator
Compiling module xil_defaultlib.barret
Compiling module xil_defaultlib.BoothDecode
Compiling module xil_defaultlib.mul_default
Compiling module xil_defaultlib.bu_ntt
Compiling module xil_defaultlib.bu_intt
Compiling module xil_defaultlib.normalize_output
Compiling module xil_defaultlib.top
Compiling module xil_defaultlib.tb_top
Compiling module xil_defaultlib.glbl
Built simulation snapshot tb_top_behav
INFO: [USF-XSim-69] 'elaborate' step finished in '3' seconds
Time resolution is 1 ps
[5795000] DONE_STORE!
$finish called at time : 5875 ns : File "C:/Hung/Viettel/Stage2/ML-KEM/NTT/tb_top.v" Line 125
relaunch_sim: Time (s): cpu = 00:00:01 ; elapsed = 00:00:07 . Memory (MB): peak = 1805.332 ; gain = 0.000
relaunch_sim
Command: launch_simulation -step compile -simset sim_1 -mode behavioral
INFO: [Vivado 12-12493] Simulation top is 'tb_top'
WARNING: [Vivado 12-13340] Unable to auto find GCC executables from simulator install path! (path not set)
WARNING: [Vivado 12-13277] Compiled library path does not exist: ''
INFO: [Vivado 12-5682] Launching behavioral simulation in 'C:/Hung/Viettel/Stage2/ML-KEM/ml_kem/ml_kem.sim/sim_1/behav/xsim'
INFO: [SIM-utils-51] Simulation object is 'sim_1'
INFO: [USF-XSim-2] XSim::Compile design
INFO: [USF-XSim-61] Executing 'COMPILE and ANALYZE' step in 'C:/Hung/Viettel/Stage2/ML-KEM/ml_kem/ml_kem.sim/sim_1/behav/xsim'
"xvlog --incr --relax -prj tb_top_vlog.prj"
INFO: [VRFC 10-2263] Analyzing Verilog file "C:/Hung/Viettel/Stage2/ML-KEM/NTT/AddressGenerator.v" into library xil_defaultlib
INFO: [VRFC 10-311] analyzing module AddressGenerator
INFO: [VRFC 10-2263] Analyzing Verilog file "C:/Hung/Viettel/Stage2/ML-KEM/NTT/BoothDecode.v" into library xil_defaultlib
INFO: [VRFC 10-311] analyzing module BoothDecode
INFO: [VRFC 10-2263] Analyzing Verilog file "C:/Hung/Viettel/Stage2/ML-KEM/NTT/MyBootRom.v" into library xil_defaultlib
INFO: [VRFC 10-311] analyzing module MyBootROM
INFO: [VRFC 10-2263] Analyzing Verilog file "C:/Hung/Viettel/Stage2/ML-KEM/NTT/barret.v" into library xil_defaultlib
INFO: [VRFC 10-311] analyzing module barret
INFO: [VRFC 10-2263] Analyzing Verilog file "C:/Hung/Viettel/Stage2/ML-KEM/NTT/bram.v" into library xil_defaultlib
INFO: [VRFC 10-311] analyzing module bram
INFO: [VRFC 10-2263] Analyzing Verilog file "C:/Hung/Viettel/Stage2/ML-KEM/NTT/bu_intt.v" into library xil_defaultlib
INFO: [VRFC 10-311] analyzing module bu_intt
INFO: [VRFC 10-2263] Analyzing Verilog file "C:/Hung/Viettel/Stage2/ML-KEM/NTT/bu_ntt.v" into library xil_defaultlib
INFO: [VRFC 10-311] analyzing module bu_ntt
INFO: [VRFC 10-2263] Analyzing Verilog file "C:/Hung/Viettel/Stage2/ML-KEM/NTT/mul.v" into library xil_defaultlib
INFO: [VRFC 10-311] analyzing module mul
INFO: [VRFC 10-2263] Analyzing Verilog file "C:/Hung/Viettel/Stage2/ML-KEM/NTT/normalize_output.v" into library xil_defaultlib
INFO: [VRFC 10-311] analyzing module normalize_output
INFO: [VRFC 10-2263] Analyzing Verilog file "C:/Hung/Viettel/Stage2/ML-KEM/NTT/top.v" into library xil_defaultlib
INFO: [VRFC 10-311] analyzing module top
INFO: [VRFC 10-2263] Analyzing Verilog file "C:/Hung/Viettel/Stage2/ML-KEM/NTT/tb_top.v" into library xil_defaultlib
INFO: [VRFC 10-311] analyzing module tb_top
INFO: [USF-XSim-69] 'compile' step finished in '1' seconds
Command: launch_simulation -step elaborate -simset sim_1 -mode behavioral
INFO: [Vivado 12-12493] Simulation top is 'tb_top'
WARNING: [Vivado 12-13340] Unable to auto find GCC executables from simulator install path! (path not set)
WARNING: [Vivado 12-13277] Compiled library path does not exist: ''
INFO: [Vivado 12-5682] Launching behavioral simulation in 'C:/Hung/Viettel/Stage2/ML-KEM/ml_kem/ml_kem.sim/sim_1/behav/xsim'
INFO: [SIM-utils-51] Simulation object is 'sim_1'
INFO: [USF-XSim-3] XSim::Elaborate design
INFO: [USF-XSim-61] Executing 'ELABORATE' step in 'C:/Hung/Viettel/Stage2/ML-KEM/ml_kem/ml_kem.sim/sim_1/behav/xsim'
"xelab --incr --debug typical --relax --mt 2 -L xil_defaultlib -L unisims_ver -L unimacro_ver -L secureip --snapshot tb_top_behav xil_defaultlib.tb_top xil_defaultlib.glbl -log elaborate.log"
Vivado Simulator v2022.2.2
Copyright 1986-1999, 2001-2022 Xilinx, Inc. All Rights Reserved.
Running: C:/Xilinx/Vivado/2022.2/bin/unwrapped/win64.o/xelab.exe --incr --debug typical --relax --mt 2 -L xil_defaultlib -L unisims_ver -L unimacro_ver -L secureip --snapshot tb_top_behav xil_defaultlib.tb_top xil_defaultlib.glbl -log elaborate.log 
Using 2 slave threads.
Starting static elaboration
Pass Through NonSizing Optimizer
WARNING: [VRFC 10-3091] actual bit length 8 differs from formal bit length 1 for port 'valid' [C:/Hung/Viettel/Stage2/ML-KEM/NTT/top.v:330]
Completed static elaboration
Starting simulation data flow analysis
Completed simulation data flow analysis
Time Resolution for simulation is 1ps
Compiling module xil_defaultlib.MyBootROM
Compiling module xil_defaultlib.bram_default
Compiling module xil_defaultlib.AddressGenerator
Compiling module xil_defaultlib.barret
Compiling module xil_defaultlib.BoothDecode
Compiling module xil_defaultlib.mul_default
Compiling module xil_defaultlib.bu_ntt
Compiling module xil_defaultlib.bu_intt
Compiling module xil_defaultlib.normalize_output
Compiling module xil_defaultlib.top
Compiling module xil_defaultlib.tb_top
Compiling module xil_defaultlib.glbl
Built simulation snapshot tb_top_behav
INFO: [USF-XSim-69] 'elaborate' step finished in '3' seconds
Time resolution is 1 ps
[5795000] DONE_STORE!
$finish called at time : 5875 ns : File "C:/Hung/Viettel/Stage2/ML-KEM/NTT/tb_top.v" Line 125
relaunch_sim: Time (s): cpu = 00:00:01 ; elapsed = 00:00:07 . Memory (MB): peak = 1805.332 ; gain = 0.000
current_wave_config {tb_top_func_impl.wcfg}
C:/Hung/Viettel/Stage2/ML-KEM/ml_kem/tb_top_func_impl.wcfg
add_wave {{/tb_top/dut/bu_intt0/subb_tmp}} 
current_wave_config {tb_top_func_impl.wcfg}
C:/Hung/Viettel/Stage2/ML-KEM/ml_kem/tb_top_func_impl.wcfg
add_wave {{/tb_top/dut/bu_intt0/mul_out}} 
current_wave_config {tb_top_func_impl.wcfg}
C:/Hung/Viettel/Stage2/ML-KEM/ml_kem/tb_top_func_impl.wcfg
add_wave {{/tb_top/dut/bu_intt0/barrett_out1}} {{/tb_top/dut/bu_intt0/barrett_out2}} {{/tb_top/dut/bu_intt0/barrett_out3}} 
relaunch_sim
Command: launch_simulation -step compile -simset sim_1 -mode behavioral
INFO: [Vivado 12-12493] Simulation top is 'tb_top'
WARNING: [Vivado 12-13340] Unable to auto find GCC executables from simulator install path! (path not set)
WARNING: [Vivado 12-13277] Compiled library path does not exist: ''
INFO: [Vivado 12-5682] Launching behavioral simulation in 'C:/Hung/Viettel/Stage2/ML-KEM/ml_kem/ml_kem.sim/sim_1/behav/xsim'
INFO: [SIM-utils-51] Simulation object is 'sim_1'
INFO: [USF-XSim-2] XSim::Compile design
INFO: [USF-XSim-61] Executing 'COMPILE and ANALYZE' step in 'C:/Hung/Viettel/Stage2/ML-KEM/ml_kem/ml_kem.sim/sim_1/behav/xsim'
"xvlog --incr --relax -prj tb_top_vlog.prj"
INFO: [VRFC 10-2263] Analyzing Verilog file "C:/Hung/Viettel/Stage2/ML-KEM/NTT/AddressGenerator.v" into library xil_defaultlib
INFO: [VRFC 10-311] analyzing module AddressGenerator
INFO: [VRFC 10-2263] Analyzing Verilog file "C:/Hung/Viettel/Stage2/ML-KEM/NTT/BoothDecode.v" into library xil_defaultlib
INFO: [VRFC 10-311] analyzing module BoothDecode
INFO: [VRFC 10-2263] Analyzing Verilog file "C:/Hung/Viettel/Stage2/ML-KEM/NTT/MyBootRom.v" into library xil_defaultlib
INFO: [VRFC 10-311] analyzing module MyBootROM
INFO: [VRFC 10-2263] Analyzing Verilog file "C:/Hung/Viettel/Stage2/ML-KEM/NTT/barret.v" into library xil_defaultlib
INFO: [VRFC 10-311] analyzing module barret
INFO: [VRFC 10-2263] Analyzing Verilog file "C:/Hung/Viettel/Stage2/ML-KEM/NTT/bram.v" into library xil_defaultlib
INFO: [VRFC 10-311] analyzing module bram
INFO: [VRFC 10-2263] Analyzing Verilog file "C:/Hung/Viettel/Stage2/ML-KEM/NTT/bu_intt.v" into library xil_defaultlib
INFO: [VRFC 10-311] analyzing module bu_intt
INFO: [VRFC 10-2263] Analyzing Verilog file "C:/Hung/Viettel/Stage2/ML-KEM/NTT/bu_ntt.v" into library xil_defaultlib
INFO: [VRFC 10-311] analyzing module bu_ntt
INFO: [VRFC 10-2263] Analyzing Verilog file "C:/Hung/Viettel/Stage2/ML-KEM/NTT/mul.v" into library xil_defaultlib
INFO: [VRFC 10-311] analyzing module mul
INFO: [VRFC 10-2263] Analyzing Verilog file "C:/Hung/Viettel/Stage2/ML-KEM/NTT/normalize_output.v" into library xil_defaultlib
INFO: [VRFC 10-311] analyzing module normalize_output
INFO: [VRFC 10-2263] Analyzing Verilog file "C:/Hung/Viettel/Stage2/ML-KEM/NTT/top.v" into library xil_defaultlib
INFO: [VRFC 10-311] analyzing module top
INFO: [VRFC 10-2263] Analyzing Verilog file "C:/Hung/Viettel/Stage2/ML-KEM/NTT/tb_top.v" into library xil_defaultlib
INFO: [VRFC 10-311] analyzing module tb_top
INFO: [USF-XSim-69] 'compile' step finished in '2' seconds
Command: launch_simulation -step elaborate -simset sim_1 -mode behavioral
INFO: [Vivado 12-12493] Simulation top is 'tb_top'
WARNING: [Vivado 12-13340] Unable to auto find GCC executables from simulator install path! (path not set)
WARNING: [Vivado 12-13277] Compiled library path does not exist: ''
INFO: [Vivado 12-5682] Launching behavioral simulation in 'C:/Hung/Viettel/Stage2/ML-KEM/ml_kem/ml_kem.sim/sim_1/behav/xsim'
INFO: [SIM-utils-51] Simulation object is 'sim_1'
INFO: [USF-XSim-3] XSim::Elaborate design
INFO: [USF-XSim-61] Executing 'ELABORATE' step in 'C:/Hung/Viettel/Stage2/ML-KEM/ml_kem/ml_kem.sim/sim_1/behav/xsim'
"xelab --incr --debug typical --relax --mt 2 -L xil_defaultlib -L unisims_ver -L unimacro_ver -L secureip --snapshot tb_top_behav xil_defaultlib.tb_top xil_defaultlib.glbl -log elaborate.log"
Vivado Simulator v2022.2.2
Copyright 1986-1999, 2001-2022 Xilinx, Inc. All Rights Reserved.
Running: C:/Xilinx/Vivado/2022.2/bin/unwrapped/win64.o/xelab.exe --incr --debug typical --relax --mt 2 -L xil_defaultlib -L unisims_ver -L unimacro_ver -L secureip --snapshot tb_top_behav xil_defaultlib.tb_top xil_defaultlib.glbl -log elaborate.log 
Using 2 slave threads.
Starting static elaboration
Pass Through NonSizing Optimizer
WARNING: [VRFC 10-3091] actual bit length 8 differs from formal bit length 1 for port 'valid' [C:/Hung/Viettel/Stage2/ML-KEM/NTT/top.v:330]
Completed static elaboration
Starting simulation data flow analysis
Completed simulation data flow analysis
Time Resolution for simulation is 1ps
Compiling module xil_defaultlib.MyBootROM
Compiling module xil_defaultlib.bram_default
Compiling module xil_defaultlib.AddressGenerator
Compiling module xil_defaultlib.barret
Compiling module xil_defaultlib.BoothDecode
Compiling module xil_defaultlib.mul_default
Compiling module xil_defaultlib.bu_ntt
Compiling module xil_defaultlib.bu_intt
Compiling module xil_defaultlib.normalize_output
Compiling module xil_defaultlib.top
Compiling module xil_defaultlib.tb_top
Compiling module xil_defaultlib.glbl
Built simulation snapshot tb_top_behav
INFO: [USF-XSim-69] 'elaborate' step finished in '2' seconds
Time resolution is 1 ps
[5795000] DONE_STORE!
$finish called at time : 5875 ns : File "C:/Hung/Viettel/Stage2/ML-KEM/NTT/tb_top.v" Line 125
relaunch_sim: Time (s): cpu = 00:00:00 ; elapsed = 00:00:06 . Memory (MB): peak = 1805.332 ; gain = 0.000
save_wave_config {C:/Hung/Viettel/Stage2/ML-KEM/ml_kem/tb_top_func_impl.wcfg}
current_wave_config {tb_top_func_impl.wcfg}
C:/Hung/Viettel/Stage2/ML-KEM/ml_kem/tb_top_func_impl.wcfg
add_wave {{/tb_top/dut/bu_intt0/regx[19]}} 
relaunch_sim
Command: launch_simulation -step compile -simset sim_1 -mode behavioral
INFO: [Vivado 12-12493] Simulation top is 'tb_top'
WARNING: [Vivado 12-13340] Unable to auto find GCC executables from simulator install path! (path not set)
WARNING: [Vivado 12-13277] Compiled library path does not exist: ''
INFO: [Vivado 12-5682] Launching behavioral simulation in 'C:/Hung/Viettel/Stage2/ML-KEM/ml_kem/ml_kem.sim/sim_1/behav/xsim'
INFO: [SIM-utils-51] Simulation object is 'sim_1'
INFO: [USF-XSim-2] XSim::Compile design
INFO: [USF-XSim-61] Executing 'COMPILE and ANALYZE' step in 'C:/Hung/Viettel/Stage2/ML-KEM/ml_kem/ml_kem.sim/sim_1/behav/xsim'
"xvlog --incr --relax -prj tb_top_vlog.prj"
INFO: [USF-XSim-69] 'compile' step finished in '2' seconds
Command: launch_simulation -step elaborate -simset sim_1 -mode behavioral
INFO: [Vivado 12-12493] Simulation top is 'tb_top'
WARNING: [Vivado 12-13340] Unable to auto find GCC executables from simulator install path! (path not set)
WARNING: [Vivado 12-13277] Compiled library path does not exist: ''
INFO: [Vivado 12-5682] Launching behavioral simulation in 'C:/Hung/Viettel/Stage2/ML-KEM/ml_kem/ml_kem.sim/sim_1/behav/xsim'
INFO: [SIM-utils-51] Simulation object is 'sim_1'
INFO: [USF-XSim-3] XSim::Elaborate design
INFO: [USF-XSim-61] Executing 'ELABORATE' step in 'C:/Hung/Viettel/Stage2/ML-KEM/ml_kem/ml_kem.sim/sim_1/behav/xsim'
"xelab --incr --debug typical --relax --mt 2 -L xil_defaultlib -L unisims_ver -L unimacro_ver -L secureip --snapshot tb_top_behav xil_defaultlib.tb_top xil_defaultlib.glbl -log elaborate.log"
Vivado Simulator v2022.2.2
Copyright 1986-1999, 2001-2022 Xilinx, Inc. All Rights Reserved.
Running: C:/Xilinx/Vivado/2022.2/bin/unwrapped/win64.o/xelab.exe --incr --debug typical --relax --mt 2 -L xil_defaultlib -L unisims_ver -L unimacro_ver -L secureip --snapshot tb_top_behav xil_defaultlib.tb_top xil_defaultlib.glbl -log elaborate.log 
Using 2 slave threads.
Starting static elaboration
Pass Through NonSizing Optimizer
WARNING: [VRFC 10-3091] actual bit length 8 differs from formal bit length 1 for port 'valid' [C:/Hung/Viettel/Stage2/ML-KEM/NTT/top.v:330]
Completed static elaboration
INFO: [XSIM 43-4323] No Change in HDL. Linking previously generated obj files to create kernel
INFO: [USF-XSim-69] 'elaborate' step finished in '1' seconds
Time resolution is 1 ps
[5795000] DONE_STORE!
$finish called at time : 5875 ns : File "C:/Hung/Viettel/Stage2/ML-KEM/NTT/tb_top.v" Line 125
relaunch_sim: Time (s): cpu = 00:00:01 ; elapsed = 00:00:05 . Memory (MB): peak = 2125.180 ; gain = 0.000
save_wave_config {C:/Hung/Viettel/Stage2/ML-KEM/ml_kem/tb_top_func_impl.wcfg}
current_wave_config {tb_top_func_impl.wcfg}
C:/Hung/Viettel/Stage2/ML-KEM/ml_kem/tb_top_func_impl.wcfg
add_wave {{/tb_top/dut/bu_intt0/mul_inst/A}} {{/tb_top/dut/bu_intt0/mul_inst/B}} {{/tb_top/dut/bu_intt0/mul_inst/R}} 
relaunch_sim
Command: launch_simulation -step compile -simset sim_1 -mode behavioral
INFO: [Vivado 12-12493] Simulation top is 'tb_top'
WARNING: [Vivado 12-13340] Unable to auto find GCC executables from simulator install path! (path not set)
WARNING: [Vivado 12-13277] Compiled library path does not exist: ''
INFO: [Vivado 12-5682] Launching behavioral simulation in 'C:/Hung/Viettel/Stage2/ML-KEM/ml_kem/ml_kem.sim/sim_1/behav/xsim'
INFO: [SIM-utils-51] Simulation object is 'sim_1'
INFO: [USF-XSim-2] XSim::Compile design
INFO: [USF-XSim-61] Executing 'COMPILE and ANALYZE' step in 'C:/Hung/Viettel/Stage2/ML-KEM/ml_kem/ml_kem.sim/sim_1/behav/xsim'
"xvlog --incr --relax -prj tb_top_vlog.prj"
INFO: [USF-XSim-69] 'compile' step finished in '1' seconds
Command: launch_simulation -step elaborate -simset sim_1 -mode behavioral
INFO: [Vivado 12-12493] Simulation top is 'tb_top'
WARNING: [Vivado 12-13340] Unable to auto find GCC executables from simulator install path! (path not set)
WARNING: [Vivado 12-13277] Compiled library path does not exist: ''
INFO: [Vivado 12-5682] Launching behavioral simulation in 'C:/Hung/Viettel/Stage2/ML-KEM/ml_kem/ml_kem.sim/sim_1/behav/xsim'
INFO: [SIM-utils-51] Simulation object is 'sim_1'
INFO: [USF-XSim-3] XSim::Elaborate design
INFO: [USF-XSim-61] Executing 'ELABORATE' step in 'C:/Hung/Viettel/Stage2/ML-KEM/ml_kem/ml_kem.sim/sim_1/behav/xsim'
"xelab --incr --debug typical --relax --mt 2 -L xil_defaultlib -L unisims_ver -L unimacro_ver -L secureip --snapshot tb_top_behav xil_defaultlib.tb_top xil_defaultlib.glbl -log elaborate.log"
Vivado Simulator v2022.2.2
Copyright 1986-1999, 2001-2022 Xilinx, Inc. All Rights Reserved.
Running: C:/Xilinx/Vivado/2022.2/bin/unwrapped/win64.o/xelab.exe --incr --debug typical --relax --mt 2 -L xil_defaultlib -L unisims_ver -L unimacro_ver -L secureip --snapshot tb_top_behav xil_defaultlib.tb_top xil_defaultlib.glbl -log elaborate.log 
Using 2 slave threads.
Starting static elaboration
Pass Through NonSizing Optimizer
WARNING: [VRFC 10-3091] actual bit length 8 differs from formal bit length 1 for port 'valid' [C:/Hung/Viettel/Stage2/ML-KEM/NTT/top.v:330]
Completed static elaboration
INFO: [XSIM 43-4323] No Change in HDL. Linking previously generated obj files to create kernel
INFO: [USF-XSim-69] 'elaborate' step finished in '2' seconds
Time resolution is 1 ps
[5795000] DONE_STORE!
$finish called at time : 5875 ns : File "C:/Hung/Viettel/Stage2/ML-KEM/NTT/tb_top.v" Line 125
save_wave_config {C:/Hung/Viettel/Stage2/ML-KEM/ml_kem/tb_top_func_impl.wcfg}
relaunch_sim
Command: launch_simulation -step compile -simset sim_1 -mode behavioral
INFO: [Vivado 12-12493] Simulation top is 'tb_top'
WARNING: [Vivado 12-13340] Unable to auto find GCC executables from simulator install path! (path not set)
WARNING: [Vivado 12-13277] Compiled library path does not exist: ''
INFO: [Vivado 12-5682] Launching behavioral simulation in 'C:/Hung/Viettel/Stage2/ML-KEM/ml_kem/ml_kem.sim/sim_1/behav/xsim'
INFO: [SIM-utils-51] Simulation object is 'sim_1'
INFO: [USF-XSim-2] XSim::Compile design
INFO: [USF-XSim-61] Executing 'COMPILE and ANALYZE' step in 'C:/Hung/Viettel/Stage2/ML-KEM/ml_kem/ml_kem.sim/sim_1/behav/xsim'
"xvlog --incr --relax -prj tb_top_vlog.prj"
INFO: [VRFC 10-2263] Analyzing Verilog file "C:/Hung/Viettel/Stage2/ML-KEM/NTT/AddressGenerator.v" into library xil_defaultlib
INFO: [VRFC 10-311] analyzing module AddressGenerator
INFO: [VRFC 10-2263] Analyzing Verilog file "C:/Hung/Viettel/Stage2/ML-KEM/NTT/BoothDecode.v" into library xil_defaultlib
INFO: [VRFC 10-311] analyzing module BoothDecode
INFO: [VRFC 10-2263] Analyzing Verilog file "C:/Hung/Viettel/Stage2/ML-KEM/NTT/MyBootRom.v" into library xil_defaultlib
INFO: [VRFC 10-311] analyzing module MyBootROM
INFO: [VRFC 10-2263] Analyzing Verilog file "C:/Hung/Viettel/Stage2/ML-KEM/NTT/barret.v" into library xil_defaultlib
INFO: [VRFC 10-311] analyzing module barret
INFO: [VRFC 10-2263] Analyzing Verilog file "C:/Hung/Viettel/Stage2/ML-KEM/NTT/bram.v" into library xil_defaultlib
INFO: [VRFC 10-311] analyzing module bram
INFO: [VRFC 10-2263] Analyzing Verilog file "C:/Hung/Viettel/Stage2/ML-KEM/NTT/bu_intt.v" into library xil_defaultlib
INFO: [VRFC 10-311] analyzing module bu_intt
INFO: [VRFC 10-2263] Analyzing Verilog file "C:/Hung/Viettel/Stage2/ML-KEM/NTT/bu_ntt.v" into library xil_defaultlib
INFO: [VRFC 10-311] analyzing module bu_ntt
INFO: [VRFC 10-2263] Analyzing Verilog file "C:/Hung/Viettel/Stage2/ML-KEM/NTT/mul.v" into library xil_defaultlib
INFO: [VRFC 10-311] analyzing module mul
INFO: [VRFC 10-2263] Analyzing Verilog file "C:/Hung/Viettel/Stage2/ML-KEM/NTT/normalize_output.v" into library xil_defaultlib
INFO: [VRFC 10-311] analyzing module normalize_output
INFO: [VRFC 10-2263] Analyzing Verilog file "C:/Hung/Viettel/Stage2/ML-KEM/NTT/top.v" into library xil_defaultlib
INFO: [VRFC 10-311] analyzing module top
INFO: [VRFC 10-2263] Analyzing Verilog file "C:/Hung/Viettel/Stage2/ML-KEM/NTT/tb_top.v" into library xil_defaultlib
INFO: [VRFC 10-311] analyzing module tb_top
INFO: [USF-XSim-69] 'compile' step finished in '1' seconds
Command: launch_simulation -step elaborate -simset sim_1 -mode behavioral
INFO: [Vivado 12-12493] Simulation top is 'tb_top'
WARNING: [Vivado 12-13340] Unable to auto find GCC executables from simulator install path! (path not set)
WARNING: [Vivado 12-13277] Compiled library path does not exist: ''
INFO: [Vivado 12-5682] Launching behavioral simulation in 'C:/Hung/Viettel/Stage2/ML-KEM/ml_kem/ml_kem.sim/sim_1/behav/xsim'
INFO: [SIM-utils-51] Simulation object is 'sim_1'
INFO: [USF-XSim-3] XSim::Elaborate design
INFO: [USF-XSim-61] Executing 'ELABORATE' step in 'C:/Hung/Viettel/Stage2/ML-KEM/ml_kem/ml_kem.sim/sim_1/behav/xsim'
"xelab --incr --debug typical --relax --mt 2 -L xil_defaultlib -L unisims_ver -L unimacro_ver -L secureip --snapshot tb_top_behav xil_defaultlib.tb_top xil_defaultlib.glbl -log elaborate.log"
Vivado Simulator v2022.2.2
Copyright 1986-1999, 2001-2022 Xilinx, Inc. All Rights Reserved.
Running: C:/Xilinx/Vivado/2022.2/bin/unwrapped/win64.o/xelab.exe --incr --debug typical --relax --mt 2 -L xil_defaultlib -L unisims_ver -L unimacro_ver -L secureip --snapshot tb_top_behav xil_defaultlib.tb_top xil_defaultlib.glbl -log elaborate.log 
Using 2 slave threads.
Starting static elaboration
Pass Through NonSizing Optimizer
WARNING: [VRFC 10-3091] actual bit length 8 differs from formal bit length 1 for port 'valid' [C:/Hung/Viettel/Stage2/ML-KEM/NTT/top.v:330]
Completed static elaboration
Starting simulation data flow analysis
Completed simulation data flow analysis
Time Resolution for simulation is 1ps
Compiling module xil_defaultlib.MyBootROM
Compiling module xil_defaultlib.bram_default
Compiling module xil_defaultlib.AddressGenerator
Compiling module xil_defaultlib.barret
Compiling module xil_defaultlib.BoothDecode
Compiling module xil_defaultlib.mul_default
Compiling module xil_defaultlib.bu_ntt
Compiling module xil_defaultlib.bu_intt
Compiling module xil_defaultlib.normalize_output
Compiling module xil_defaultlib.top
Compiling module xil_defaultlib.tb_top
Compiling module xil_defaultlib.glbl
Built simulation snapshot tb_top_behav
INFO: [USF-XSim-69] 'elaborate' step finished in '3' seconds
Time resolution is 1 ps
[5795000] DONE_STORE!
$finish called at time : 5875 ns : File "C:/Hung/Viettel/Stage2/ML-KEM/NTT/tb_top.v" Line 125
relaunch_sim: Time (s): cpu = 00:00:01 ; elapsed = 00:00:06 . Memory (MB): peak = 2164.465 ; gain = 0.000
save_wave_config {C:/Hung/Viettel/Stage2/ML-KEM/ml_kem/tb_top_func_impl.wcfg}
relaunch_sim
Command: launch_simulation -step compile -simset sim_1 -mode behavioral
INFO: [Vivado 12-12493] Simulation top is 'tb_top'
WARNING: [Vivado 12-13340] Unable to auto find GCC executables from simulator install path! (path not set)
WARNING: [Vivado 12-13277] Compiled library path does not exist: ''
INFO: [Vivado 12-5682] Launching behavioral simulation in 'C:/Hung/Viettel/Stage2/ML-KEM/ml_kem/ml_kem.sim/sim_1/behav/xsim'
INFO: [SIM-utils-51] Simulation object is 'sim_1'
INFO: [USF-XSim-2] XSim::Compile design
INFO: [USF-XSim-61] Executing 'COMPILE and ANALYZE' step in 'C:/Hung/Viettel/Stage2/ML-KEM/ml_kem/ml_kem.sim/sim_1/behav/xsim'
"xvlog --incr --relax -prj tb_top_vlog.prj"
INFO: [VRFC 10-2263] Analyzing Verilog file "C:/Hung/Viettel/Stage2/ML-KEM/NTT/AddressGenerator.v" into library xil_defaultlib
INFO: [VRFC 10-311] analyzing module AddressGenerator
INFO: [VRFC 10-2263] Analyzing Verilog file "C:/Hung/Viettel/Stage2/ML-KEM/NTT/BoothDecode.v" into library xil_defaultlib
INFO: [VRFC 10-311] analyzing module BoothDecode
INFO: [VRFC 10-2263] Analyzing Verilog file "C:/Hung/Viettel/Stage2/ML-KEM/NTT/MyBootRom.v" into library xil_defaultlib
INFO: [VRFC 10-311] analyzing module MyBootROM
INFO: [VRFC 10-2263] Analyzing Verilog file "C:/Hung/Viettel/Stage2/ML-KEM/NTT/barret.v" into library xil_defaultlib
INFO: [VRFC 10-311] analyzing module barret
INFO: [VRFC 10-2263] Analyzing Verilog file "C:/Hung/Viettel/Stage2/ML-KEM/NTT/bram.v" into library xil_defaultlib
INFO: [VRFC 10-311] analyzing module bram
INFO: [VRFC 10-2263] Analyzing Verilog file "C:/Hung/Viettel/Stage2/ML-KEM/NTT/bu_intt.v" into library xil_defaultlib
INFO: [VRFC 10-311] analyzing module bu_intt
INFO: [VRFC 10-2263] Analyzing Verilog file "C:/Hung/Viettel/Stage2/ML-KEM/NTT/bu_ntt.v" into library xil_defaultlib
INFO: [VRFC 10-311] analyzing module bu_ntt
INFO: [VRFC 10-2263] Analyzing Verilog file "C:/Hung/Viettel/Stage2/ML-KEM/NTT/mul.v" into library xil_defaultlib
INFO: [VRFC 10-311] analyzing module mul
INFO: [VRFC 10-2263] Analyzing Verilog file "C:/Hung/Viettel/Stage2/ML-KEM/NTT/normalize_output.v" into library xil_defaultlib
INFO: [VRFC 10-311] analyzing module normalize_output
INFO: [VRFC 10-2263] Analyzing Verilog file "C:/Hung/Viettel/Stage2/ML-KEM/NTT/top.v" into library xil_defaultlib
INFO: [VRFC 10-311] analyzing module top
INFO: [VRFC 10-2263] Analyzing Verilog file "C:/Hung/Viettel/Stage2/ML-KEM/NTT/tb_top.v" into library xil_defaultlib
INFO: [VRFC 10-311] analyzing module tb_top
INFO: [USF-XSim-69] 'compile' step finished in '1' seconds
Command: launch_simulation -step elaborate -simset sim_1 -mode behavioral
INFO: [Vivado 12-12493] Simulation top is 'tb_top'
WARNING: [Vivado 12-13340] Unable to auto find GCC executables from simulator install path! (path not set)
WARNING: [Vivado 12-13277] Compiled library path does not exist: ''
INFO: [Vivado 12-5682] Launching behavioral simulation in 'C:/Hung/Viettel/Stage2/ML-KEM/ml_kem/ml_kem.sim/sim_1/behav/xsim'
INFO: [SIM-utils-51] Simulation object is 'sim_1'
INFO: [USF-XSim-3] XSim::Elaborate design
INFO: [USF-XSim-61] Executing 'ELABORATE' step in 'C:/Hung/Viettel/Stage2/ML-KEM/ml_kem/ml_kem.sim/sim_1/behav/xsim'
"xelab --incr --debug typical --relax --mt 2 -L xil_defaultlib -L unisims_ver -L unimacro_ver -L secureip --snapshot tb_top_behav xil_defaultlib.tb_top xil_defaultlib.glbl -log elaborate.log"
Vivado Simulator v2022.2.2
Copyright 1986-1999, 2001-2022 Xilinx, Inc. All Rights Reserved.
Running: C:/Xilinx/Vivado/2022.2/bin/unwrapped/win64.o/xelab.exe --incr --debug typical --relax --mt 2 -L xil_defaultlib -L unisims_ver -L unimacro_ver -L secureip --snapshot tb_top_behav xil_defaultlib.tb_top xil_defaultlib.glbl -log elaborate.log 
Using 2 slave threads.
Starting static elaboration
Pass Through NonSizing Optimizer
WARNING: [VRFC 10-3091] actual bit length 8 differs from formal bit length 1 for port 'valid' [C:/Hung/Viettel/Stage2/ML-KEM/NTT/top.v:330]
Completed static elaboration
Starting simulation data flow analysis
Completed simulation data flow analysis
Time Resolution for simulation is 1ps
Compiling module xil_defaultlib.MyBootROM
Compiling module xil_defaultlib.bram_default
Compiling module xil_defaultlib.AddressGenerator
Compiling module xil_defaultlib.barret
Compiling module xil_defaultlib.BoothDecode
Compiling module xil_defaultlib.mul_default
Compiling module xil_defaultlib.bu_ntt
Compiling module xil_defaultlib.bu_intt
Compiling module xil_defaultlib.normalize_output
Compiling module xil_defaultlib.top
Compiling module xil_defaultlib.tb_top
Compiling module xil_defaultlib.glbl
Built simulation snapshot tb_top_behav
INFO: [USF-XSim-69] 'elaborate' step finished in '3' seconds
Time resolution is 1 ps
[5795000] DONE_STORE!
$finish called at time : 5875 ns : File "C:/Hung/Viettel/Stage2/ML-KEM/NTT/tb_top.v" Line 125
relaunch_sim: Time (s): cpu = 00:00:01 ; elapsed = 00:00:07 . Memory (MB): peak = 2164.465 ; gain = 0.000
current_wave_config {tb_top_func_impl.wcfg}
C:/Hung/Viettel/Stage2/ML-KEM/ml_kem/tb_top_func_impl.wcfg
add_wave {{/tb_top/dut/counter}} 
relaunch_sim
