#-----------------------------------------------------------
# Vivado v2022.2.2 (64-bit)
# SW Build 3788238 on Tue Feb 21 20:00:34 MST 2023
# IP Build 3783773 on Tue Feb 21 23:41:56 MST 2023
# Start of session at: Fri Aug 29 08:32:31 2025
# Process ID: 15132
# Current directory: C:/Hung/Viettel/Stage2/ML-KEM/ml_kem
# Command line: vivado.exe -gui_launcher_event rodinguilauncherevent8800 C:\Hung\Viettel\Stage2\ML-KEM\ml_kem\ml_kem.xpr
# Log file: C:/Hung/Viettel/Stage2/ML-KEM/ml_kem/vivado.log
# Journal file: C:/Hung/Viettel/Stage2/ML-KEM/ml_kem\vivado.jou
# Running On: DESKTOP-DA5EM0P, OS: Windows, CPU Frequency: 2304 MHz, CPU Physical cores: 8, Host memory: 16948 MB
#-----------------------------------------------------------
start_gui
open_project C:/Hung/Viettel/Stage2/ML-KEM/ml_kem/ml_kem.xpr
Scanning sources...
Finished scanning sources
WARNING: [Board 49-26] cannot add Board Part xilinx.com:vck190:part0:2.2 available at C:/Xilinx/Vivado/2022.2/data/xhub/boards/XilinxBoardStore/boards/Xilinx/vck190/production/2.2/board.xml as part xcvc1902-vsva2197-2mp-e-s specified in board_part file is either invalid or not available
WARNING: [Board 49-26] cannot add Board Part xilinx.com:vck190:part0:3.0 available at C:/Xilinx/Vivado/2022.2/data/xhub/boards/XilinxBoardStore/boards/Xilinx/vck190/production/3.0/board.xml as part xcvc1902-vsva2197-2mp-e-s specified in board_part file is either invalid or not available
WARNING: [Board 49-26] cannot add Board Part xilinx.com:vck190:part0:3.1 available at C:/Xilinx/Vivado/2022.2/data/xhub/boards/XilinxBoardStore/boards/Xilinx/vck190/production/3.1/board.xml as part xcvc1902-vsva2197-2mp-e-s specified in board_part file is either invalid or not available
WARNING: [Board 49-26] cannot add Board Part xilinx.com:vck190_newl:part0:1.0 available at C:/Xilinx/Vivado/2022.2/data/xhub/boards/XilinxBoardStore/boards/Xilinx/vck190_newl/production/1.0/board.xml as part xcvc1902-vsva2197-2mp-e-s specified in board_part file is either invalid or not available
WARNING: [Board 49-26] cannot add Board Part xilinx.com:vek280_es:part0:1.0 available at C:/Xilinx/Vivado/2022.2/data/xhub/boards/XilinxBoardStore/boards/Xilinx/vek280/es/rev_a/1.0/board.xml as part xcve2802-vsvh1760-2lp-e-s-es1 specified in board_part file is either invalid or not available
WARNING: [Board 49-26] cannot add Board Part xilinx.com:vek280_es_revb:part0:1.0 available at C:/Xilinx/Vivado/2022.2/data/xhub/boards/XilinxBoardStore/boards/Xilinx/vek280/es/rev_b/1.0/board.xml as part xcve2802-vsvh1760-2mp-e-s-es1 specified in board_part file is either invalid or not available
WARNING: [Board 49-26] cannot add Board Part xilinx.com:vhk158_es:part0:1.0 available at C:/Xilinx/Vivado/2022.2/data/xhub/boards/XilinxBoardStore/boards/Xilinx/vhk158/es/1.0/board.xml as part xcvh1582-vsva3697-2mp-e-s-es1 specified in board_part file is either invalid or not available
WARNING: [Board 49-26] cannot add Board Part xilinx.com:vmk180:part0:2.2 available at C:/Xilinx/Vivado/2022.2/data/xhub/boards/XilinxBoardStore/boards/Xilinx/vmk180/production/2.2/board.xml as part xcvm1802-vsva2197-2mp-e-s specified in board_part file is either invalid or not available
WARNING: [Board 49-26] cannot add Board Part xilinx.com:vmk180:part0:3.0 available at C:/Xilinx/Vivado/2022.2/data/xhub/boards/XilinxBoardStore/boards/Xilinx/vmk180/production/3.0/board.xml as part xcvm1802-vsva2197-2mp-e-s specified in board_part file is either invalid or not available
WARNING: [Board 49-26] cannot add Board Part xilinx.com:vmk180:part0:3.1 available at C:/Xilinx/Vivado/2022.2/data/xhub/boards/XilinxBoardStore/boards/Xilinx/vmk180/production/3.1/board.xml as part xcvm1802-vsva2197-2mp-e-s specified in board_part file is either invalid or not available
WARNING: [Board 49-26] cannot add Board Part xilinx.com:vmk180_newl:part0:1.0 available at C:/Xilinx/Vivado/2022.2/data/xhub/boards/XilinxBoardStore/boards/Xilinx/vmk180_newl/production/1.0/board.xml as part xcvm1802-vsva2197-2mp-e-s specified in board_part file is either invalid or not available
WARNING: [Board 49-26] cannot add Board Part xilinx.com:vpk120:part0:1.0 available at C:/Xilinx/Vivado/2022.2/data/xhub/boards/XilinxBoardStore/boards/Xilinx/vpk120/production/1.0/board.xml as part xcvp1202-vsva2785-2mp-e-s specified in board_part file is either invalid or not available
WARNING: [Board 49-26] cannot add Board Part xilinx.com:vpk120_es:part0:1.2 available at C:/Xilinx/Vivado/2022.2/data/xhub/boards/XilinxBoardStore/boards/Xilinx/vpk120/es/1.2/board.xml as part xcvp1202-vsva2785-2mp-e-s-es1 specified in board_part file is either invalid or not available
WARNING: [Board 49-26] cannot add Board Part xilinx.com:vpk120_es_revb:part0:1.0 available at C:/Xilinx/Vivado/2022.2/data/xhub/boards/XilinxBoardStore/boards/Xilinx/vpk120_revb/es/1.0/board.xml as part xcvp1202-vsva2785-2mp-e-s-es1 specified in board_part file is either invalid or not available
WARNING: [Board 49-26] cannot add Board Part xilinx.com:vpk180_es:part0:1.0 available at C:/Xilinx/Vivado/2022.2/data/xhub/boards/XilinxBoardStore/boards/Xilinx/vpk180/es/1.0/board.xml as part xcvp1802-lsvc4072-2mp-e-s-es1 specified in board_part file is either invalid or not available
WARNING: [Board 49-26] cannot add Board Part xilinx.com:zcu208ld:part0:2.0 available at C:/Xilinx/Vivado/2022.2/data/xhub/boards/XilinxBoardStore/boards/Xilinx/zcu208ld/production/2.0/board.xml as part xczu58dr-fsvg1517-2-i specified in board_part file is either invalid or not available
WARNING: [Board 49-26] cannot add Board Part xilinx.com:zcu216ld:part0:2.0 available at C:/Xilinx/Vivado/2022.2/data/xhub/boards/XilinxBoardStore/boards/Xilinx/zcu216ld/production/2.0/board.xml as part xczu59dr-ffvf1760-2-i specified in board_part file is either invalid or not available
WARNING: [Board 49-26] cannot add Board Part xilinx.com:zcu670:part0:2.0 available at C:/Xilinx/Vivado/2022.2/data/xhub/boards/XilinxBoardStore/boards/Xilinx/zcu670/2.0/board.xml as part xczu67dr-fsve1156-2-i specified in board_part file is either invalid or not available
WARNING: [Board 49-26] cannot add Board Part xilinx.com:zcu670ld:part0:1.0 available at C:/Xilinx/Vivado/2022.2/data/xhub/boards/XilinxBoardStore/boards/Xilinx/zcu670ld/1.0/board.xml as part xczu57dr-fsve1156-2-i specified in board_part file is either invalid or not available
INFO: [IP_Flow 19-234] Refreshing IP repositories
INFO: [IP_Flow 19-1704] No user IP repositories specified
INFO: [IP_Flow 19-2313] Loaded Vivado IP repository 'C:/Xilinx/Vivado/2022.2/data/ip'.
open_project: Time (s): cpu = 00:00:27 ; elapsed = 00:00:15 . Memory (MB): peak = 1176.602 ; gain = 372.781
update_compile_order -fileset sources_1
set_property STEPS.SYNTH_DESIGN.ARGS.FLATTEN_HIERARCHY rebuilt [get_runs synth_1]
reset_run synth_1
launch_runs impl_1 -jobs 16
[Fri Aug 29 08:35:35 2025] Launched synth_1...
Run output will be captured here: C:/Hung/Viettel/Stage2/ML-KEM/ml_kem/ml_kem.runs/synth_1/runme.log
[Fri Aug 29 08:35:35 2025] Launched impl_1...
Run output will be captured here: C:/Hung/Viettel/Stage2/ML-KEM/ml_kem/ml_kem.runs/impl_1/runme.log
open_run impl_1
INFO: [Device 21-403] Loading part xczu9eg-ffvb1156-2-e
Netlist sorting complete. Time (s): cpu = 00:00:00 ; elapsed = 00:00:00.035 . Memory (MB): peak = 2188.418 ; gain = 0.000
INFO: [Netlist 29-17] Analyzing 363 Unisim elements for replacement
INFO: [Netlist 29-28] Unisim Transformation completed in 0 CPU seconds
INFO: [Project 1-479] Netlist was created with Vivado 2022.2.2
INFO: [Project 1-570] Preparing netlist for logic optimization
INFO: [Timing 38-478] Restoring timing data from binary archive.
INFO: [Timing 38-479] Binary timing data restore complete.
INFO: [Project 1-856] Restoring constraints from binary archive.
INFO: [Project 1-853] Binary constraint restore complete.
Reading XDEF placement.
Reading placer database...
Reading XDEF routing.
Read XDEF Files: Time (s): cpu = 00:00:00 ; elapsed = 00:00:00.385 . Memory (MB): peak = 2605.055 ; gain = 25.074
Restored from archive | CPU: 0.000000 secs | Memory: 0.000000 MB |
Finished XDEF File Restore: Time (s): cpu = 00:00:00 ; elapsed = 00:00:00.392 . Memory (MB): peak = 2605.055 ; gain = 25.074
Netlist sorting complete. Time (s): cpu = 00:00:00 ; elapsed = 00:00:00.001 . Memory (MB): peak = 3060.480 ; gain = 0.000
INFO: [Project 1-111] Unisim Transformation Summary:
  A total of 38 instances were transformed.
  IBUF => IBUF (IBUFCTRL, INBUF): 38 instances

open_run: Time (s): cpu = 00:00:38 ; elapsed = 00:00:30 . Memory (MB): peak = 3326.219 ; gain = 2041.129
launch_simulation -mode post-implementation -type functional
Command: launch_simulation  -mode post-implementation -type functional
INFO: [Vivado 12-12493] Simulation top is 'tb_top'
WARNING: [Vivado 12-13340] Unable to auto find GCC executables from simulator install path! (path not set)
WARNING: [Vivado 12-13277] Compiled library path does not exist: ''
INFO: [Vivado 12-5698] Checking validity of IPs in the design for the 'XSim' simulator...
INFO: [Vivado 12-5682] Launching post-implementation functional simulation in 'C:/Hung/Viettel/Stage2/ML-KEM/ml_kem/ml_kem.sim/sim_1/impl/func/xsim'
INFO: [Vivado 12-13660] Precompiled IP simulation library mode is enabled (default). The design IP libraries will be referenced from the compiled library path. Please note that if the precompiled version of the library is not found from the path or the IP is in locked state, then the library source files for these IPs will be compiled locally as part of the compile order.
INFO: [Vivado 12-4795] Using compiled simulation libraries for IPs
INFO: [SIM-utils-51] Simulation object is 'sim_1'
INFO: [SIM-utils-72] Using boost library from 'C:/Xilinx/Vivado/2022.2/tps/boost_1_72_0'
INFO: [SIM-utils-31] Writing simulation netlist file for design 'impl_1'...
INFO: [SIM-utils-32] write_verilog -mode funcsim -nolib -force -file "C:/Hung/Viettel/Stage2/ML-KEM/ml_kem/ml_kem.sim/sim_1/impl/func/xsim/tb_top_func_impl.v"
INFO: [SIM-utils-36] Netlist generated:C:/Hung/Viettel/Stage2/ML-KEM/ml_kem/ml_kem.sim/sim_1/impl/func/xsim/tb_top_func_impl.v
INFO: [USF-XSim-7] Finding pre-compiled libraries...
INFO: [USF-XSim-11] File 'C:/Xilinx/Vivado/2022.2/data/xsim/xsim.ini' copied to run dir:'C:/Hung/Viettel/Stage2/ML-KEM/ml_kem/ml_kem.sim/sim_1/impl/func/xsim'
INFO: [SIM-utils-54] Inspecting design source files for 'tb_top' in fileset 'sim_1'...
INFO: [USF-XSim-2] XSim::Compile design
INFO: [USF-XSim-61] Executing 'COMPILE and ANALYZE' step in 'C:/Hung/Viettel/Stage2/ML-KEM/ml_kem/ml_kem.sim/sim_1/impl/func/xsim'
"xvlog --incr --relax -prj tb_top_vlog.prj"
INFO: [VRFC 10-2263] Analyzing Verilog file "C:/Hung/Viettel/Stage2/ML-KEM/ml_kem/ml_kem.sim/sim_1/impl/func/xsim/tb_top_func_impl.v" into library xil_defaultlib
INFO: [VRFC 10-311] analyzing module AddressGenerator
INFO: [VRFC 10-311] analyzing module BoothDecode
INFO: [VRFC 10-311] analyzing module BoothDecode_14
INFO: [VRFC 10-311] analyzing module BoothDecode_15
INFO: [VRFC 10-311] analyzing module BoothDecode_16
INFO: [VRFC 10-311] analyzing module BoothDecode_17
INFO: [VRFC 10-311] analyzing module BoothDecode_18
INFO: [VRFC 10-311] analyzing module BoothDecode_19
INFO: [VRFC 10-311] analyzing module BoothDecode_20
INFO: [VRFC 10-311] analyzing module BoothDecode_21
INFO: [VRFC 10-311] analyzing module BoothDecode_4
INFO: [VRFC 10-311] analyzing module BoothDecode_5
INFO: [VRFC 10-311] analyzing module BoothDecode_6
INFO: [VRFC 10-311] analyzing module BoothDecode_7
INFO: [VRFC 10-311] analyzing module BoothDecode_8
INFO: [VRFC 10-311] analyzing module BoothDecode_9
INFO: [VRFC 10-311] analyzing module MyBootROM
INFO: [VRFC 10-311] analyzing module barret
INFO: [VRFC 10-311] analyzing module barret_0
INFO: [VRFC 10-311] analyzing module barret_1
INFO: [VRFC 10-311] analyzing module barret_10
INFO: [VRFC 10-311] analyzing module barret_11
INFO: [VRFC 10-311] analyzing module barret_12
INFO: [VRFC 10-311] analyzing module barret_2
INFO: [VRFC 10-311] analyzing module barret_3
INFO: [VRFC 10-311] analyzing module blk_mem_gen_0
INFO: [VRFC 10-311] analyzing module bu_intt
INFO: [VRFC 10-311] analyzing module bu_ntt
INFO: [VRFC 10-311] analyzing module mul
INFO: [VRFC 10-311] analyzing module mul_13
INFO: [VRFC 10-311] analyzing module normalize_output
INFO: [VRFC 10-311] analyzing module top
INFO: [VRFC 10-311] analyzing module blk_mem_gen_generic_cstr
INFO: [VRFC 10-311] analyzing module blk_mem_gen_prim_width
INFO: [VRFC 10-311] analyzing module blk_mem_gen_prim_wrapper
INFO: [VRFC 10-311] analyzing module blk_mem_gen_top
INFO: [VRFC 10-311] analyzing module blk_mem_gen_v8_4_5
INFO: [VRFC 10-311] analyzing module blk_mem_gen_v8_4_5_synth
INFO: [VRFC 10-311] analyzing module glbl
INFO: [VRFC 10-2263] Analyzing Verilog file "C:/Hung/Viettel/Stage2/ML-KEM/NTT/tb_top.v" into library xil_defaultlib
INFO: [VRFC 10-311] analyzing module tb_top
INFO: [USF-XSim-69] 'compile' step finished in '2' seconds
INFO: [USF-XSim-3] XSim::Elaborate design
INFO: [USF-XSim-61] Executing 'ELABORATE' step in 'C:/Hung/Viettel/Stage2/ML-KEM/ml_kem/ml_kem.sim/sim_1/impl/func/xsim'
"xelab --incr --debug typical --relax --mt 2 -L xil_defaultlib -L unisims_ver -L secureip --snapshot tb_top_func_impl xil_defaultlib.tb_top xil_defaultlib.glbl -log elaborate.log"
Vivado Simulator v2022.2.2
Copyright 1986-1999, 2001-2022 Xilinx, Inc. All Rights Reserved.
Running: C:/Xilinx/Vivado/2022.2/bin/unwrapped/win64.o/xelab.exe --incr --debug typical --relax --mt 2 -L xil_defaultlib -L unisims_ver -L secureip --snapshot tb_top_func_impl xil_defaultlib.tb_top xil_defaultlib.glbl -log elaborate.log 
Using 2 slave threads.
Starting static elaboration
Pass Through NonSizing Optimizer
Completed static elaboration
Starting simulation data flow analysis
Completed simulation data flow analysis
Time Resolution for simulation is 1ps
Compiling module unisims_ver.LUT4
Compiling module unisims_ver.LUT6
Compiling module unisims_ver.x_lut2_mux4
Compiling module unisims_ver.LUT2
Compiling module unisims_ver.FDCE_default
Compiling module unisims_ver.LUT5
Compiling module unisims_ver.CARRY8
Compiling module unisims_ver.x_lut3_mux8
Compiling module unisims_ver.LUT3
Compiling module unisims_ver.x_lut1_mux2
Compiling module unisims_ver.LUT1
Compiling module xil_defaultlib.AddressGenerator
Compiling module unisims_ver.FDPE(IS_PRE_INVERTED=1'b1)
Compiling module unisims_ver.OBUF
Compiling module unisims_ver.RAMB18E2(CLOCK_DOMAINS="COMMON",...
Compiling module xil_defaultlib.blk_mem_gen_0
Compiling module xil_defaultlib.barret_10
Compiling module xil_defaultlib.barret_11
Compiling module xil_defaultlib.barret_12
Compiling module xil_defaultlib.BoothDecode_14
Compiling module xil_defaultlib.BoothDecode_15
Compiling module xil_defaultlib.BoothDecode_16
Compiling module xil_defaultlib.BoothDecode_17
Compiling module xil_defaultlib.BoothDecode_18
Compiling module xil_defaultlib.BoothDecode_19
Compiling module xil_defaultlib.BoothDecode_20
Compiling module xil_defaultlib.BoothDecode_21
Compiling module unisims_ver.FDRE_default
Compiling module unisims_ver.SRL16E_default
Compiling module xil_defaultlib.mul_13
Compiling module xil_defaultlib.bu_intt
Compiling module xil_defaultlib.barret_1
Compiling module xil_defaultlib.barret_2
Compiling module xil_defaultlib.barret_3
Compiling module xil_defaultlib.BoothDecode
Compiling module xil_defaultlib.BoothDecode_4
Compiling module xil_defaultlib.BoothDecode_5
Compiling module xil_defaultlib.BoothDecode_6
Compiling module xil_defaultlib.BoothDecode_7
Compiling module xil_defaultlib.BoothDecode_8
Compiling module xil_defaultlib.BoothDecode_9
Compiling module xil_defaultlib.mul
Compiling module xil_defaultlib.bu_ntt
Compiling module unisims_ver.BUFGCE(CE_TYPE="ASYNC",SIM_DEVIC...
Compiling module unisims_ver.IBUF
Compiling module unisims_ver.SRLC32E_default
Compiling module xil_defaultlib.barret
Compiling module xil_defaultlib.barret_0
Compiling module xil_defaultlib.normalize_output
Compiling module unisims_ver.MUXF7
Compiling module xil_defaultlib.MyBootROM
Compiling module xil_defaultlib.top
Compiling module xil_defaultlib.tb_top
Compiling module xil_defaultlib.glbl
Built simulation snapshot tb_top_func_impl
run_program: Time (s): cpu = 00:00:02 ; elapsed = 00:00:20 . Memory (MB): peak = 4329.129 ; gain = 0.000
INFO: [USF-XSim-69] 'elaborate' step finished in '20' seconds
INFO: [USF-XSim-4] XSim::Simulate design
INFO: [USF-XSim-61] Executing 'SIMULATE' step in 'C:/Hung/Viettel/Stage2/ML-KEM/ml_kem/ml_kem.sim/sim_1/impl/func/xsim'
INFO: [USF-XSim-98] *** Running xsim
   with args "tb_top_func_impl -key {Post-Implementation:sim_1:Functional:tb_top} -tclbatch {tb_top.tcl} -view {C:/Hung/Viettel/Stage2/ML-KEM/ml_kem/tb_top_func_impl.wcfg} -log {simulate.log}"
INFO: [USF-XSim-8] Loading simulator feature
Time resolution is 1 ps
open_wave_config C:/Hung/Viettel/Stage2/ML-KEM/ml_kem/tb_top_func_impl.wcfg
source tb_top.tcl
# set curr_wave [current_wave_config]
# if { [string length $curr_wave] == 0 } {
#   if { [llength [get_objects]] > 0} {
#     add_wave /
#     set_property needs_save false [current_wave_config]
#   } else {
#      send_msg_id Add_Wave-1 WARNING "No top level signals found. Simulator will start without a wave window. If you want to open a wave window go to 'File->New Waveform Configuration' or type 'create_wave_config' in the TCL console."
#   }
# }
# run 1000000ns
[10183000] DONE_STORE!
$finish called at time : 10262600 ps : File "C:/Hung/Viettel/Stage2/ML-KEM/NTT/tb_top.v" Line 115
run: Time (s): cpu = 00:00:05 ; elapsed = 00:00:06 . Memory (MB): peak = 4329.129 ; gain = 0.000
xsim: Time (s): cpu = 00:00:08 ; elapsed = 00:00:08 . Memory (MB): peak = 4329.129 ; gain = 0.000
INFO: [USF-XSim-96] XSim completed. Design snapshot 'tb_top_func_impl' loaded.
INFO: [USF-XSim-97] XSim simulation ran for 1000000ns
launch_simulation: Time (s): cpu = 00:00:18 ; elapsed = 00:00:33 . Memory (MB): peak = 4329.129 ; gain = 222.379
launch_simulation -mode post-implementation -type timing
Command: launch_simulation  -mode post-implementation -type timing
INFO: [Vivado 12-12493] Simulation top is 'tb_top'
WARNING: [Vivado 12-13340] Unable to auto find GCC executables from simulator install path! (path not set)
WARNING: [Vivado 12-13277] Compiled library path does not exist: ''
INFO: [Vivado 12-5698] Checking validity of IPs in the design for the 'XSim' simulator...
INFO: [Vivado 12-5682] Launching post-implementation timing simulation in 'C:/Hung/Viettel/Stage2/ML-KEM/ml_kem/ml_kem.sim/sim_1/impl/timing/xsim'
INFO: [Vivado 12-13660] Precompiled IP simulation library mode is enabled (default). The design IP libraries will be referenced from the compiled library path. Please note that if the precompiled version of the library is not found from the path or the IP is in locked state, then the library source files for these IPs will be compiled locally as part of the compile order.
INFO: [Vivado 12-4795] Using compiled simulation libraries for IPs
INFO: [SIM-utils-51] Simulation object is 'sim_1'
INFO: [SIM-utils-72] Using boost library from 'C:/Xilinx/Vivado/2022.2/tps/boost_1_72_0'
INFO: [SIM-utils-31] Writing simulation netlist file for design 'impl_1'...
INFO: [SIM-utils-32] write_verilog -mode timesim -nolib -sdf_anno true -force -file "C:/Hung/Viettel/Stage2/ML-KEM/ml_kem/ml_kem.sim/sim_1/impl/timing/xsim/tb_top_time_impl.v"
INFO: [SIM-utils-34] Writing SDF file...
INFO: [SIM-utils-35] write_sdf -mode timesim -process_corner slow -force -file "C:/Hung/Viettel/Stage2/ML-KEM/ml_kem/ml_kem.sim/sim_1/impl/timing/xsim/tb_top_time_impl.sdf"
INFO: [SIM-utils-36] Netlist generated:C:/Hung/Viettel/Stage2/ML-KEM/ml_kem/ml_kem.sim/sim_1/impl/timing/xsim/tb_top_time_impl.v
INFO: [SIM-utils-37] SDF generated:C:/Hung/Viettel/Stage2/ML-KEM/ml_kem/ml_kem.sim/sim_1/impl/timing/xsim/tb_top_time_impl.sdf
INFO: [USF-XSim-7] Finding pre-compiled libraries...
INFO: [USF-XSim-11] File 'C:/Xilinx/Vivado/2022.2/data/xsim/xsim.ini' copied to run dir:'C:/Hung/Viettel/Stage2/ML-KEM/ml_kem/ml_kem.sim/sim_1/impl/timing/xsim'
INFO: [SIM-utils-54] Inspecting design source files for 'tb_top' in fileset 'sim_1'...
INFO: [USF-XSim-2] XSim::Compile design
INFO: [USF-XSim-61] Executing 'COMPILE and ANALYZE' step in 'C:/Hung/Viettel/Stage2/ML-KEM/ml_kem/ml_kem.sim/sim_1/impl/timing/xsim'
"xvlog --incr --relax -prj tb_top_vlog.prj"
INFO: [VRFC 10-2263] Analyzing Verilog file "C:/Hung/Viettel/Stage2/ML-KEM/ml_kem/ml_kem.sim/sim_1/impl/timing/xsim/tb_top_time_impl.v" into library xil_defaultlib
INFO: [VRFC 10-311] analyzing module IBUF_UNIQ_BASE_
INFO: [VRFC 10-311] analyzing module IBUF_HD1
INFO: [VRFC 10-311] analyzing module IBUF_HD10
INFO: [VRFC 10-311] analyzing module IBUF_HD11
INFO: [VRFC 10-311] analyzing module IBUF_HD12
INFO: [VRFC 10-311] analyzing module IBUF_HD13
INFO: [VRFC 10-311] analyzing module IBUF_HD14
INFO: [VRFC 10-311] analyzing module IBUF_HD15
INFO: [VRFC 10-311] analyzing module IBUF_HD16
INFO: [VRFC 10-311] analyzing module IBUF_HD17
INFO: [VRFC 10-311] analyzing module IBUF_HD18
INFO: [VRFC 10-311] analyzing module IBUF_HD19
INFO: [VRFC 10-311] analyzing module IBUF_HD2
INFO: [VRFC 10-311] analyzing module IBUF_HD20
INFO: [VRFC 10-311] analyzing module IBUF_HD21
INFO: [VRFC 10-311] analyzing module IBUF_HD22
INFO: [VRFC 10-311] analyzing module IBUF_HD23
INFO: [VRFC 10-311] analyzing module IBUF_HD24
INFO: [VRFC 10-311] analyzing module IBUF_HD25
INFO: [VRFC 10-311] analyzing module IBUF_HD26
INFO: [VRFC 10-311] analyzing module IBUF_HD27
INFO: [VRFC 10-311] analyzing module IBUF_HD28
INFO: [VRFC 10-311] analyzing module IBUF_HD29
INFO: [VRFC 10-311] analyzing module IBUF_HD3
INFO: [VRFC 10-311] analyzing module IBUF_HD30
INFO: [VRFC 10-311] analyzing module IBUF_HD31
INFO: [VRFC 10-311] analyzing module IBUF_HD32
INFO: [VRFC 10-311] analyzing module IBUF_HD33
INFO: [VRFC 10-311] analyzing module IBUF_HD34
INFO: [VRFC 10-311] analyzing module IBUF_HD35
INFO: [VRFC 10-311] analyzing module IBUF_HD36
INFO: [VRFC 10-311] analyzing module IBUF_HD37
INFO: [VRFC 10-311] analyzing module IBUF_HD4
INFO: [VRFC 10-311] analyzing module IBUF_HD5
INFO: [VRFC 10-311] analyzing module IBUF_HD6
INFO: [VRFC 10-311] analyzing module IBUF_HD7
INFO: [VRFC 10-311] analyzing module IBUF_HD8
INFO: [VRFC 10-311] analyzing module IBUF_HD9
INFO: [VRFC 10-311] analyzing module AddressGenerator
INFO: [VRFC 10-311] analyzing module BoothDecode
INFO: [VRFC 10-311] analyzing module BoothDecode_14
INFO: [VRFC 10-311] analyzing module BoothDecode_15
INFO: [VRFC 10-311] analyzing module BoothDecode_16
INFO: [VRFC 10-311] analyzing module BoothDecode_17
INFO: [VRFC 10-311] analyzing module BoothDecode_18
INFO: [VRFC 10-311] analyzing module BoothDecode_19
INFO: [VRFC 10-311] analyzing module BoothDecode_20
INFO: [VRFC 10-311] analyzing module BoothDecode_21
INFO: [VRFC 10-311] analyzing module BoothDecode_4
INFO: [VRFC 10-311] analyzing module BoothDecode_5
INFO: [VRFC 10-311] analyzing module BoothDecode_6
INFO: [VRFC 10-311] analyzing module BoothDecode_7
INFO: [VRFC 10-311] analyzing module BoothDecode_8
INFO: [VRFC 10-311] analyzing module BoothDecode_9
INFO: [VRFC 10-311] analyzing module MyBootROM
INFO: [VRFC 10-311] analyzing module barret
INFO: [VRFC 10-311] analyzing module barret_0
INFO: [VRFC 10-311] analyzing module barret_1
INFO: [VRFC 10-311] analyzing module barret_10
INFO: [VRFC 10-311] analyzing module barret_11
INFO: [VRFC 10-311] analyzing module barret_12
INFO: [VRFC 10-311] analyzing module barret_2
INFO: [VRFC 10-311] analyzing module barret_3
INFO: [VRFC 10-311] analyzing module blk_mem_gen_0
INFO: [VRFC 10-311] analyzing module bu_intt
INFO: [VRFC 10-311] analyzing module bu_ntt
INFO: [VRFC 10-311] analyzing module mul
INFO: [VRFC 10-311] analyzing module mul_13
INFO: [VRFC 10-311] analyzing module normalize_output
INFO: [VRFC 10-311] analyzing module top
INFO: [VRFC 10-311] analyzing module blk_mem_gen_generic_cstr
INFO: [VRFC 10-311] analyzing module blk_mem_gen_prim_width
INFO: [VRFC 10-311] analyzing module blk_mem_gen_prim_wrapper
INFO: [VRFC 10-311] analyzing module blk_mem_gen_top
INFO: [VRFC 10-311] analyzing module blk_mem_gen_v8_4_5
INFO: [VRFC 10-311] analyzing module blk_mem_gen_v8_4_5_synth
INFO: [VRFC 10-311] analyzing module glbl
INFO: [VRFC 10-2263] Analyzing Verilog file "C:/Hung/Viettel/Stage2/ML-KEM/NTT/tb_top.v" into library xil_defaultlib
INFO: [VRFC 10-311] analyzing module tb_top
INFO: [USF-XSim-69] 'compile' step finished in '3' seconds
INFO: [USF-XSim-3] XSim::Elaborate design
INFO: [USF-XSim-61] Executing 'ELABORATE' step in 'C:/Hung/Viettel/Stage2/ML-KEM/ml_kem/ml_kem.sim/sim_1/impl/timing/xsim'
"xelab --incr --debug typical --relax --mt 2 --maxdelay -L xil_defaultlib -L simprims_ver -L secureip --snapshot tb_top_time_impl -transport_int_delays -pulse_r 0 -pulse_int_r 0 -pulse_e 0 -pulse_int_e 0 xil_defaultlib.tb_top xil_defaultlib.glbl -log elaborate.log"
Vivado Simulator v2022.2.2
Copyright 1986-1999, 2001-2022 Xilinx, Inc. All Rights Reserved.
Running: C:/Xilinx/Vivado/2022.2/bin/unwrapped/win64.o/xelab.exe --incr --debug typical --relax --mt 2 --maxdelay -L xil_defaultlib -L simprims_ver -L secureip --snapshot tb_top_time_impl -transport_int_delays -pulse_r 0 -pulse_int_r 0 -pulse_e 0 -pulse_int_e 0 xil_defaultlib.tb_top xil_defaultlib.glbl -log elaborate.log 
Using 2 slave threads.
Starting static elaboration
Pass Through NonSizing Optimizer
Completed static elaboration
Starting simulation data flow analysis
Completed simulation data flow analysis
INFO: [XSIM 43-3451] SDF backannotation process started with SDF file "tb_top_time_impl.sdf", for root module "tb_top/dut".
INFO: [XSIM 43-3452] SDF backannotation was successful for SDF file "tb_top_time_impl.sdf", for root module "tb_top/dut".
Time Resolution for simulation is 1ps
Compiling module simprims_ver.LUT4
Compiling module simprims_ver.LUT6
Compiling module simprims_ver.x_lut2_mux4
Compiling module simprims_ver.LUT2
Compiling module simprims_ver.FDCE_default
Compiling module simprims_ver.LUT5
Compiling module simprims_ver.CARRY8
Compiling module simprims_ver.x_lut3_mux8
Compiling module simprims_ver.LUT3
Compiling module simprims_ver.x_lut1_mux2
Compiling module simprims_ver.LUT1
Compiling module xil_defaultlib.AddressGenerator
Compiling module simprims_ver.FDPE(IS_PRE_INVERTED=1'b1)
Compiling module simprims_ver.OBUF
Compiling module simprims_ver.RAMB18E2(CLOCK_DOMAINS="COMMON",...
Compiling module xil_defaultlib.blk_mem_gen_0
Compiling module xil_defaultlib.barret_10
Compiling module xil_defaultlib.barret_11
Compiling module xil_defaultlib.barret_12
Compiling module xil_defaultlib.BoothDecode_14
Compiling module xil_defaultlib.BoothDecode_15
Compiling module xil_defaultlib.BoothDecode_16
Compiling module xil_defaultlib.BoothDecode_17
Compiling module xil_defaultlib.BoothDecode_18
Compiling module xil_defaultlib.BoothDecode_19
Compiling module xil_defaultlib.BoothDecode_20
Compiling module xil_defaultlib.BoothDecode_21
Compiling module simprims_ver.FDRE_default
Compiling module simprims_ver.SRL16E_default
Compiling module xil_defaultlib.mul_13
Compiling module xil_defaultlib.bu_intt
Compiling module xil_defaultlib.barret_1
Compiling module xil_defaultlib.barret_2
Compiling module xil_defaultlib.barret_3
Compiling module xil_defaultlib.BoothDecode
Compiling module xil_defaultlib.BoothDecode_4
Compiling module xil_defaultlib.BoothDecode_5
Compiling module xil_defaultlib.BoothDecode_6
Compiling module xil_defaultlib.BoothDecode_7
Compiling module xil_defaultlib.BoothDecode_8
Compiling module xil_defaultlib.BoothDecode_9
Compiling module xil_defaultlib.mul
Compiling module xil_defaultlib.bu_ntt
Compiling module simprims_ver.BUFGCE(CE_TYPE="ASYNC",SIM_DEVIC...
Compiling module simprims_ver.IBUFCTRL_default
Compiling module simprims_ver.INBUF_default
Compiling module xil_defaultlib.IBUF_UNIQ_BASE_
Compiling module simprims_ver.SRLC32E_default
Compiling module xil_defaultlib.IBUF_HD1
Compiling module xil_defaultlib.IBUF_HD2
Compiling module xil_defaultlib.IBUF_HD3
Compiling module xil_defaultlib.IBUF_HD4
Compiling module xil_defaultlib.IBUF_HD5
Compiling module xil_defaultlib.IBUF_HD6
Compiling module xil_defaultlib.IBUF_HD7
Compiling module xil_defaultlib.IBUF_HD8
Compiling module xil_defaultlib.IBUF_HD9
Compiling module xil_defaultlib.IBUF_HD10
Compiling module xil_defaultlib.IBUF_HD11
Compiling module xil_defaultlib.IBUF_HD12
Compiling module xil_defaultlib.IBUF_HD13
Compiling module xil_defaultlib.IBUF_HD14
Compiling module xil_defaultlib.IBUF_HD15
Compiling module xil_defaultlib.IBUF_HD16
Compiling module xil_defaultlib.IBUF_HD17
Compiling module xil_defaultlib.IBUF_HD18
Compiling module xil_defaultlib.IBUF_HD19
Compiling module xil_defaultlib.IBUF_HD20
Compiling module xil_defaultlib.IBUF_HD21
Compiling module xil_defaultlib.IBUF_HD22
Compiling module xil_defaultlib.IBUF_HD23
Compiling module xil_defaultlib.IBUF_HD24
Compiling module xil_defaultlib.IBUF_HD25
Compiling module xil_defaultlib.IBUF_HD26
Compiling module xil_defaultlib.IBUF_HD27
Compiling module xil_defaultlib.IBUF_HD28
Compiling module xil_defaultlib.IBUF_HD29
Compiling module xil_defaultlib.IBUF_HD30
Compiling module xil_defaultlib.IBUF_HD31
Compiling module xil_defaultlib.IBUF_HD32
Compiling module xil_defaultlib.IBUF_HD33
Compiling module xil_defaultlib.IBUF_HD34
Compiling module xil_defaultlib.barret
Compiling module xil_defaultlib.barret_0
Compiling module xil_defaultlib.normalize_output
Compiling module simprims_ver.MUXF7
Compiling module xil_defaultlib.MyBootROM
Compiling module xil_defaultlib.IBUF_HD35
Compiling module xil_defaultlib.IBUF_HD36
Compiling module xil_defaultlib.IBUF_HD37
Compiling module xil_defaultlib.top
Compiling module xil_defaultlib.tb_top
Compiling module xil_defaultlib.glbl
Built simulation snapshot tb_top_time_impl
run_program: Time (s): cpu = 00:00:06 ; elapsed = 00:01:38 . Memory (MB): peak = 4364.297 ; gain = 8.086
INFO: [USF-XSim-69] 'elaborate' step finished in '98' seconds
INFO: [USF-XSim-4] XSim::Simulate design
INFO: [USF-XSim-61] Executing 'SIMULATE' step in 'C:/Hung/Viettel/Stage2/ML-KEM/ml_kem/ml_kem.sim/sim_1/impl/timing/xsim'
INFO: [USF-XSim-98] *** Running xsim
   with args "tb_top_time_impl -key {Post-Implementation:sim_1:Timing:tb_top} -tclbatch {tb_top.tcl} -view {C:/Hung/Viettel/Stage2/ML-KEM/ml_kem/tb_top_func_impl.wcfg} -log {simulate.log}"
INFO: [USF-XSim-8] Loading simulator feature
Time resolution is 1 ps
open_wave_config C:/Hung/Viettel/Stage2/ML-KEM/ml_kem/tb_top_func_impl.wcfg
source tb_top.tcl
# set curr_wave [current_wave_config]
# if { [string length $curr_wave] == 0 } {
#   if { [llength [get_objects]] > 0} {
#     add_wave /
#     set_property needs_save false [current_wave_config]
#   } else {
#      send_msg_id Add_Wave-1 WARNING "No top level signals found. Simulator will start without a wave window. If you want to open a wave window go to 'File->New Waveform Configuration' or type 'create_wave_config' in the TCL console."
#   }
# }
# run 1000000ns
[10184000] DONE_STORE!
$finish called at time : 10264246 ps : File "C:/Hung/Viettel/Stage2/ML-KEM/NTT/tb_top.v" Line 115
run: Time (s): cpu = 00:00:48 ; elapsed = 00:02:31 . Memory (MB): peak = 4373.934 ; gain = 9.637
xsim: Time (s): cpu = 00:00:49 ; elapsed = 00:02:33 . Memory (MB): peak = 4373.934 ; gain = 9.637
INFO: [USF-XSim-96] XSim completed. Design snapshot 'tb_top_time_impl' loaded.
INFO: [USF-XSim-97] XSim simulation ran for 1000000ns
launch_simulation: Time (s): cpu = 00:01:13 ; elapsed = 00:04:17 . Memory (MB): peak = 4373.934 ; gain = 44.805
save_wave_config {C:/Hung/Viettel/Stage2/ML-KEM/ml_kem/tb_top_func_impl.wcfg}
save_wave_config {C:/Hung/Viettel/Stage2/ML-KEM/ml_kem/tb_top_func_impl.wcfg}
close_sim
INFO: xsimkernel Simulation Memory Usage: 219916 KB (Peak: 219916 KB), Simulation CPU Usage: 150499 ms
INFO: [Simtcl 6-16] Simulation closed
close_sim
INFO: [Simtcl 6-16] Simulation closed
launch_simulation -mode post-implementation -type functional
Command: launch_simulation  -mode post-implementation -type functional
INFO: [Vivado 12-12493] Simulation top is 'tb_top'
WARNING: [Vivado 12-13340] Unable to auto find GCC executables from simulator install path! (path not set)
WARNING: [Vivado 12-13277] Compiled library path does not exist: ''
INFO: [Vivado 12-5698] Checking validity of IPs in the design for the 'XSim' simulator...
INFO: [Vivado 12-5682] Launching post-implementation functional simulation in 'C:/Hung/Viettel/Stage2/ML-KEM/ml_kem/ml_kem.sim/sim_1/impl/func/xsim'
INFO: [Vivado 12-13660] Precompiled IP simulation library mode is enabled (default). The design IP libraries will be referenced from the compiled library path. Please note that if the precompiled version of the library is not found from the path or the IP is in locked state, then the library source files for these IPs will be compiled locally as part of the compile order.
INFO: [Vivado 12-4795] Using compiled simulation libraries for IPs
INFO: [SIM-utils-51] Simulation object is 'sim_1'
INFO: [SIM-utils-72] Using boost library from 'C:/Xilinx/Vivado/2022.2/tps/boost_1_72_0'
INFO: [SIM-utils-31] Writing simulation netlist file for design 'impl_1'...
INFO: [SIM-utils-32] write_verilog -mode funcsim -nolib -force -file "C:/Hung/Viettel/Stage2/ML-KEM/ml_kem/ml_kem.sim/sim_1/impl/func/xsim/tb_top_func_impl.v"
INFO: [SIM-utils-36] Netlist generated:C:/Hung/Viettel/Stage2/ML-KEM/ml_kem/ml_kem.sim/sim_1/impl/func/xsim/tb_top_func_impl.v
INFO: [USF-XSim-7] Finding pre-compiled libraries...
INFO: [USF-XSim-11] File 'C:/Xilinx/Vivado/2022.2/data/xsim/xsim.ini' copied to run dir:'C:/Hung/Viettel/Stage2/ML-KEM/ml_kem/ml_kem.sim/sim_1/impl/func/xsim'
INFO: [SIM-utils-54] Inspecting design source files for 'tb_top' in fileset 'sim_1'...
INFO: [USF-XSim-2] XSim::Compile design
INFO: [USF-XSim-61] Executing 'COMPILE and ANALYZE' step in 'C:/Hung/Viettel/Stage2/ML-KEM/ml_kem/ml_kem.sim/sim_1/impl/func/xsim'
"xvlog --incr --relax -prj tb_top_vlog.prj"
INFO: [VRFC 10-2263] Analyzing Verilog file "C:/Hung/Viettel/Stage2/ML-KEM/ml_kem/ml_kem.sim/sim_1/impl/func/xsim/tb_top_func_impl.v" into library xil_defaultlib
INFO: [VRFC 10-311] analyzing module AddressGenerator
INFO: [VRFC 10-311] analyzing module BoothDecode
INFO: [VRFC 10-311] analyzing module BoothDecode_14
INFO: [VRFC 10-311] analyzing module BoothDecode_15
INFO: [VRFC 10-311] analyzing module BoothDecode_16
INFO: [VRFC 10-311] analyzing module BoothDecode_17
INFO: [VRFC 10-311] analyzing module BoothDecode_18
INFO: [VRFC 10-311] analyzing module BoothDecode_19
INFO: [VRFC 10-311] analyzing module BoothDecode_20
INFO: [VRFC 10-311] analyzing module BoothDecode_21
INFO: [VRFC 10-311] analyzing module BoothDecode_4
INFO: [VRFC 10-311] analyzing module BoothDecode_5
INFO: [VRFC 10-311] analyzing module BoothDecode_6
INFO: [VRFC 10-311] analyzing module BoothDecode_7
INFO: [VRFC 10-311] analyzing module BoothDecode_8
INFO: [VRFC 10-311] analyzing module BoothDecode_9
INFO: [VRFC 10-311] analyzing module MyBootROM
INFO: [VRFC 10-311] analyzing module barret
INFO: [VRFC 10-311] analyzing module barret_0
INFO: [VRFC 10-311] analyzing module barret_1
INFO: [VRFC 10-311] analyzing module barret_10
INFO: [VRFC 10-311] analyzing module barret_11
INFO: [VRFC 10-311] analyzing module barret_12
INFO: [VRFC 10-311] analyzing module barret_2
INFO: [VRFC 10-311] analyzing module barret_3
INFO: [VRFC 10-311] analyzing module blk_mem_gen_0
INFO: [VRFC 10-311] analyzing module bu_intt
INFO: [VRFC 10-311] analyzing module bu_ntt
INFO: [VRFC 10-311] analyzing module mul
INFO: [VRFC 10-311] analyzing module mul_13
INFO: [VRFC 10-311] analyzing module normalize_output
INFO: [VRFC 10-311] analyzing module top
INFO: [VRFC 10-311] analyzing module blk_mem_gen_generic_cstr
INFO: [VRFC 10-311] analyzing module blk_mem_gen_prim_width
INFO: [VRFC 10-311] analyzing module blk_mem_gen_prim_wrapper
INFO: [VRFC 10-311] analyzing module blk_mem_gen_top
INFO: [VRFC 10-311] analyzing module blk_mem_gen_v8_4_5
INFO: [VRFC 10-311] analyzing module blk_mem_gen_v8_4_5_synth
INFO: [VRFC 10-311] analyzing module glbl
INFO: [VRFC 10-2263] Analyzing Verilog file "C:/Hung/Viettel/Stage2/ML-KEM/NTT/tb_top.v" into library xil_defaultlib
INFO: [VRFC 10-311] analyzing module tb_top
INFO: [USF-XSim-69] 'compile' step finished in '2' seconds
INFO: [USF-XSim-3] XSim::Elaborate design
INFO: [USF-XSim-61] Executing 'ELABORATE' step in 'C:/Hung/Viettel/Stage2/ML-KEM/ml_kem/ml_kem.sim/sim_1/impl/func/xsim'
"xelab --incr --debug typical --relax --mt 2 -L xil_defaultlib -L unisims_ver -L secureip --snapshot tb_top_func_impl xil_defaultlib.tb_top xil_defaultlib.glbl -log elaborate.log"
Vivado Simulator v2022.2.2
Copyright 1986-1999, 2001-2022 Xilinx, Inc. All Rights Reserved.
Running: C:/Xilinx/Vivado/2022.2/bin/unwrapped/win64.o/xelab.exe --incr --debug typical --relax --mt 2 -L xil_defaultlib -L unisims_ver -L secureip --snapshot tb_top_func_impl xil_defaultlib.tb_top xil_defaultlib.glbl -log elaborate.log 
Using 2 slave threads.
Starting static elaboration
Pass Through NonSizing Optimizer
Completed static elaboration
Starting simulation data flow analysis
Completed simulation data flow analysis
Time Resolution for simulation is 1ps
Compiling module unisims_ver.LUT4
Compiling module unisims_ver.LUT6
Compiling module unisims_ver.x_lut2_mux4
Compiling module unisims_ver.LUT2
Compiling module unisims_ver.FDCE_default
Compiling module unisims_ver.LUT5
Compiling module unisims_ver.CARRY8
Compiling module unisims_ver.x_lut3_mux8
Compiling module unisims_ver.LUT3
Compiling module unisims_ver.x_lut1_mux2
Compiling module unisims_ver.LUT1
Compiling module xil_defaultlib.AddressGenerator
Compiling module unisims_ver.FDPE(IS_PRE_INVERTED=1'b1)
Compiling module unisims_ver.OBUF
Compiling module unisims_ver.RAMB18E2(CLOCK_DOMAINS="COMMON",...
Compiling module xil_defaultlib.blk_mem_gen_0
Compiling module xil_defaultlib.barret_10
Compiling module xil_defaultlib.barret_11
Compiling module xil_defaultlib.barret_12
Compiling module xil_defaultlib.BoothDecode_14
Compiling module xil_defaultlib.BoothDecode_15
Compiling module xil_defaultlib.BoothDecode_16
Compiling module xil_defaultlib.BoothDecode_17
Compiling module xil_defaultlib.BoothDecode_18
Compiling module xil_defaultlib.BoothDecode_19
Compiling module xil_defaultlib.BoothDecode_20
Compiling module xil_defaultlib.BoothDecode_21
Compiling module unisims_ver.FDRE_default
Compiling module unisims_ver.SRL16E_default
Compiling module xil_defaultlib.mul_13
Compiling module xil_defaultlib.bu_intt
Compiling module xil_defaultlib.barret_1
Compiling module xil_defaultlib.barret_2
Compiling module xil_defaultlib.barret_3
Compiling module xil_defaultlib.BoothDecode
Compiling module xil_defaultlib.BoothDecode_4
Compiling module xil_defaultlib.BoothDecode_5
Compiling module xil_defaultlib.BoothDecode_6
Compiling module xil_defaultlib.BoothDecode_7
Compiling module xil_defaultlib.BoothDecode_8
Compiling module xil_defaultlib.BoothDecode_9
Compiling module xil_defaultlib.mul
Compiling module xil_defaultlib.bu_ntt
Compiling module unisims_ver.BUFGCE(CE_TYPE="ASYNC",SIM_DEVIC...
Compiling module unisims_ver.IBUF
Compiling module unisims_ver.SRLC32E_default
Compiling module xil_defaultlib.barret
Compiling module xil_defaultlib.barret_0
Compiling module xil_defaultlib.normalize_output
Compiling module unisims_ver.MUXF7
Compiling module xil_defaultlib.MyBootROM
Compiling module xil_defaultlib.top
Compiling module xil_defaultlib.tb_top
Compiling module xil_defaultlib.glbl
Built simulation snapshot tb_top_func_impl
run_program: Time (s): cpu = 00:00:00 ; elapsed = 00:00:17 . Memory (MB): peak = 4379.469 ; gain = 0.000
INFO: [USF-XSim-69] 'elaborate' step finished in '16' seconds
INFO: [USF-XSim-4] XSim::Simulate design
INFO: [USF-XSim-61] Executing 'SIMULATE' step in 'C:/Hung/Viettel/Stage2/ML-KEM/ml_kem/ml_kem.sim/sim_1/impl/func/xsim'
INFO: [USF-XSim-98] *** Running xsim
   with args "tb_top_func_impl -key {Post-Implementation:sim_1:Functional:tb_top} -tclbatch {tb_top.tcl} -view {C:/Hung/Viettel/Stage2/ML-KEM/ml_kem/tb_top_func_impl.wcfg} -log {simulate.log}"
INFO: [USF-XSim-8] Loading simulator feature
Time resolution is 1 ps
open_wave_config C:/Hung/Viettel/Stage2/ML-KEM/ml_kem/tb_top_func_impl.wcfg
source tb_top.tcl
# set curr_wave [current_wave_config]
# if { [string length $curr_wave] == 0 } {
#   if { [llength [get_objects]] > 0} {
#     add_wave /
#     set_property needs_save false [current_wave_config]
#   } else {
#      send_msg_id Add_Wave-1 WARNING "No top level signals found. Simulator will start without a wave window. If you want to open a wave window go to 'File->New Waveform Configuration' or type 'create_wave_config' in the TCL console."
#   }
# }
# run 1000000ns
[10183000] DONE_STORE!
$finish called at time : 10262600 ps : File "C:/Hung/Viettel/Stage2/ML-KEM/NTT/tb_top.v" Line 115
run: Time (s): cpu = 00:00:02 ; elapsed = 00:00:06 . Memory (MB): peak = 4379.469 ; gain = 0.000
xsim: Time (s): cpu = 00:00:03 ; elapsed = 00:00:08 . Memory (MB): peak = 4379.469 ; gain = 0.000
INFO: [USF-XSim-96] XSim completed. Design snapshot 'tb_top_func_impl' loaded.
INFO: [USF-XSim-97] XSim simulation ran for 1000000ns
launch_simulation: Time (s): cpu = 00:00:05 ; elapsed = 00:00:27 . Memory (MB): peak = 4379.469 ; gain = 0.000
current_wave_config {tb_top_func_impl.wcfg}
tb_top_func_impl.wcfg
add_wave {{/tb_top/dut/addr0}} {{/tb_top/dut/addr1}} {{/tb_top/dut/addr_in1}} {{/tb_top/dut/addr_in2}} {{/tb_top/dut/barret1}} {{/tb_top/dut/barret2}} {{/tb_top/dut/barret3}} {{/tb_top/dut/bin0}} {{/tb_top/dut/bin1}} {{/tb_top/dut/bout0}} {{/tb_top/dut/bout1}} {{/tb_top/dut/check_counter}} {{/tb_top/dut/check_mul}} {{/tb_top/dut/check_toggle}} {{/tb_top/dut/check_write}} {{/tb_top/dut/done_compute}} {{/tb_top/dut/o_j}} {{/tb_top/dut/o_l}} {{/tb_top/dut/o_next_state}} {{/tb_top/dut/o_phase}} {{/tb_top/dut/o_start_gen_addr}} {{/tb_top/dut/o_zetas}} {{/tb_top/dut/oaddr0}} {{/tb_top/dut/oaddr1}} {{/tb_top/dut/ostate}} {{/tb_top/dut/out0}} {{/tb_top/dut/out1}} {{/tb_top/dut/out_j}} {{/tb_top/dut/out_jl}} {{/tb_top/dut/output_valid}} {{/tb_top/dut/ozeta}} 
relaunch_sim
Command: launch_simulation -step compile -simset sim_1 -mode post-implementation -type functional
INFO: [Vivado 12-12493] Simulation top is 'tb_top'
WARNING: [Vivado 12-13340] Unable to auto find GCC executables from simulator install path! (path not set)
WARNING: [Vivado 12-13277] Compiled library path does not exist: ''
INFO: [Vivado 12-5698] Checking validity of IPs in the design for the 'XSim' simulator...
INFO: [Vivado 12-5682] Launching post-implementation functional simulation in 'C:/Hung/Viettel/Stage2/ML-KEM/ml_kem/ml_kem.sim/sim_1/impl/func/xsim'
INFO: [Vivado 12-13660] Precompiled IP simulation library mode is enabled (default). The design IP libraries will be referenced from the compiled library path. Please note that if the precompiled version of the library is not found from the path or the IP is in locked state, then the library source files for these IPs will be compiled locally as part of the compile order.
INFO: [Vivado 12-4795] Using compiled simulation libraries for IPs
INFO: [SIM-utils-51] Simulation object is 'sim_1'
INFO: [SIM-utils-72] Using boost library from 'C:/Xilinx/Vivado/2022.2/tps/boost_1_72_0'
INFO: [SIM-utils-31] Writing simulation netlist file for design 'impl_1'...
INFO: [SIM-utils-32] write_verilog -mode funcsim -nolib -force -file "C:/Hung/Viettel/Stage2/ML-KEM/ml_kem/ml_kem.sim/sim_1/impl/func/xsim/tb_top_func_impl.v"
INFO: [SIM-utils-36] Netlist generated:C:/Hung/Viettel/Stage2/ML-KEM/ml_kem/ml_kem.sim/sim_1/impl/func/xsim/tb_top_func_impl.v
INFO: [USF-XSim-7] Finding pre-compiled libraries...
INFO: [USF-XSim-11] File 'C:/Xilinx/Vivado/2022.2/data/xsim/xsim.ini' copied to run dir:'C:/Hung/Viettel/Stage2/ML-KEM/ml_kem/ml_kem.sim/sim_1/impl/func/xsim'
INFO: [SIM-utils-54] Inspecting design source files for 'tb_top' in fileset 'sim_1'...
INFO: [USF-XSim-2] XSim::Compile design
INFO: [USF-XSim-61] Executing 'COMPILE and ANALYZE' step in 'C:/Hung/Viettel/Stage2/ML-KEM/ml_kem/ml_kem.sim/sim_1/impl/func/xsim'
"xvlog --incr --relax -prj tb_top_vlog.prj"
INFO: [VRFC 10-2263] Analyzing Verilog file "C:/Hung/Viettel/Stage2/ML-KEM/ml_kem/ml_kem.sim/sim_1/impl/func/xsim/tb_top_func_impl.v" into library xil_defaultlib
INFO: [VRFC 10-311] analyzing module AddressGenerator
INFO: [VRFC 10-311] analyzing module BoothDecode
INFO: [VRFC 10-311] analyzing module BoothDecode_14
INFO: [VRFC 10-311] analyzing module BoothDecode_15
INFO: [VRFC 10-311] analyzing module BoothDecode_16
INFO: [VRFC 10-311] analyzing module BoothDecode_17
INFO: [VRFC 10-311] analyzing module BoothDecode_18
INFO: [VRFC 10-311] analyzing module BoothDecode_19
INFO: [VRFC 10-311] analyzing module BoothDecode_20
INFO: [VRFC 10-311] analyzing module BoothDecode_21
INFO: [VRFC 10-311] analyzing module BoothDecode_4
INFO: [VRFC 10-311] analyzing module BoothDecode_5
INFO: [VRFC 10-311] analyzing module BoothDecode_6
INFO: [VRFC 10-311] analyzing module BoothDecode_7
INFO: [VRFC 10-311] analyzing module BoothDecode_8
INFO: [VRFC 10-311] analyzing module BoothDecode_9
INFO: [VRFC 10-311] analyzing module MyBootROM
INFO: [VRFC 10-311] analyzing module barret
INFO: [VRFC 10-311] analyzing module barret_0
INFO: [VRFC 10-311] analyzing module barret_1
INFO: [VRFC 10-311] analyzing module barret_10
INFO: [VRFC 10-311] analyzing module barret_11
INFO: [VRFC 10-311] analyzing module barret_12
INFO: [VRFC 10-311] analyzing module barret_2
INFO: [VRFC 10-311] analyzing module barret_3
INFO: [VRFC 10-311] analyzing module blk_mem_gen_0
INFO: [VRFC 10-311] analyzing module bu_intt
INFO: [VRFC 10-311] analyzing module bu_ntt
INFO: [VRFC 10-311] analyzing module mul
INFO: [VRFC 10-311] analyzing module mul_13
INFO: [VRFC 10-311] analyzing module normalize_output
INFO: [VRFC 10-311] analyzing module top
INFO: [VRFC 10-311] analyzing module blk_mem_gen_generic_cstr
INFO: [VRFC 10-311] analyzing module blk_mem_gen_prim_width
INFO: [VRFC 10-311] analyzing module blk_mem_gen_prim_wrapper
INFO: [VRFC 10-311] analyzing module blk_mem_gen_top
INFO: [VRFC 10-311] analyzing module blk_mem_gen_v8_4_5
INFO: [VRFC 10-311] analyzing module blk_mem_gen_v8_4_5_synth
INFO: [VRFC 10-311] analyzing module glbl
INFO: [VRFC 10-2263] Analyzing Verilog file "C:/Hung/Viettel/Stage2/ML-KEM/NTT/tb_top.v" into library xil_defaultlib
INFO: [VRFC 10-311] analyzing module tb_top
INFO: [USF-XSim-69] 'compile' step finished in '2' seconds
Command: launch_simulation -step elaborate -simset sim_1 -mode post-implementation -type functional
INFO: [Vivado 12-12493] Simulation top is 'tb_top'
WARNING: [Vivado 12-13340] Unable to auto find GCC executables from simulator install path! (path not set)
WARNING: [Vivado 12-13277] Compiled library path does not exist: ''
INFO: [Vivado 12-5698] Checking validity of IPs in the design for the 'XSim' simulator...
INFO: [Vivado 12-5682] Launching post-implementation functional simulation in 'C:/Hung/Viettel/Stage2/ML-KEM/ml_kem/ml_kem.sim/sim_1/impl/func/xsim'
INFO: [Vivado 12-13660] Precompiled IP simulation library mode is enabled (default). The design IP libraries will be referenced from the compiled library path. Please note that if the precompiled version of the library is not found from the path or the IP is in locked state, then the library source files for these IPs will be compiled locally as part of the compile order.
INFO: [Vivado 12-4795] Using compiled simulation libraries for IPs
INFO: [SIM-utils-51] Simulation object is 'sim_1'
INFO: [USF-XSim-3] XSim::Elaborate design
INFO: [USF-XSim-61] Executing 'ELABORATE' step in 'C:/Hung/Viettel/Stage2/ML-KEM/ml_kem/ml_kem.sim/sim_1/impl/func/xsim'
"xelab --incr --debug typical --relax --mt 2 -L xil_defaultlib -L unisims_ver -L secureip --snapshot tb_top_func_impl xil_defaultlib.tb_top xil_defaultlib.glbl -log elaborate.log"
Vivado Simulator v2022.2.2
Copyright 1986-1999, 2001-2022 Xilinx, Inc. All Rights Reserved.
Running: C:/Xilinx/Vivado/2022.2/bin/unwrapped/win64.o/xelab.exe --incr --debug typical --relax --mt 2 -L xil_defaultlib -L unisims_ver -L secureip --snapshot tb_top_func_impl xil_defaultlib.tb_top xil_defaultlib.glbl -log elaborate.log 
Using 2 slave threads.
Starting static elaboration
Pass Through NonSizing Optimizer
Completed static elaboration
Starting simulation data flow analysis
Completed simulation data flow analysis
Time Resolution for simulation is 1ps
Compiling module unisims_ver.LUT4
Compiling module unisims_ver.LUT6
Compiling module unisims_ver.x_lut2_mux4
Compiling module unisims_ver.LUT2
Compiling module unisims_ver.FDCE_default
Compiling module unisims_ver.LUT5
Compiling module unisims_ver.CARRY8
Compiling module unisims_ver.x_lut3_mux8
Compiling module unisims_ver.LUT3
Compiling module unisims_ver.x_lut1_mux2
Compiling module unisims_ver.LUT1
Compiling module xil_defaultlib.AddressGenerator
Compiling module unisims_ver.FDPE(IS_PRE_INVERTED=1'b1)
Compiling module unisims_ver.OBUF
Compiling module unisims_ver.RAMB18E2(CLOCK_DOMAINS="COMMON",...
Compiling module xil_defaultlib.blk_mem_gen_0
Compiling module xil_defaultlib.barret_10
Compiling module xil_defaultlib.barret_11
Compiling module xil_defaultlib.barret_12
Compiling module xil_defaultlib.BoothDecode_14
Compiling module xil_defaultlib.BoothDecode_15
Compiling module xil_defaultlib.BoothDecode_16
Compiling module xil_defaultlib.BoothDecode_17
Compiling module xil_defaultlib.BoothDecode_18
Compiling module xil_defaultlib.BoothDecode_19
Compiling module xil_defaultlib.BoothDecode_20
Compiling module xil_defaultlib.BoothDecode_21
Compiling module unisims_ver.FDRE_default
Compiling module unisims_ver.SRL16E_default
Compiling module xil_defaultlib.mul_13
Compiling module xil_defaultlib.bu_intt
Compiling module xil_defaultlib.barret_1
Compiling module xil_defaultlib.barret_2
Compiling module xil_defaultlib.barret_3
Compiling module xil_defaultlib.BoothDecode
Compiling module xil_defaultlib.BoothDecode_4
Compiling module xil_defaultlib.BoothDecode_5
Compiling module xil_defaultlib.BoothDecode_6
Compiling module xil_defaultlib.BoothDecode_7
Compiling module xil_defaultlib.BoothDecode_8
Compiling module xil_defaultlib.BoothDecode_9
Compiling module xil_defaultlib.mul
Compiling module xil_defaultlib.bu_ntt
Compiling module unisims_ver.BUFGCE(CE_TYPE="ASYNC",SIM_DEVIC...
Compiling module unisims_ver.IBUF
Compiling module unisims_ver.SRLC32E_default
Compiling module xil_defaultlib.barret
Compiling module xil_defaultlib.barret_0
Compiling module xil_defaultlib.normalize_output
Compiling module unisims_ver.MUXF7
Compiling module xil_defaultlib.MyBootROM
Compiling module xil_defaultlib.top
Compiling module xil_defaultlib.tb_top
Compiling module xil_defaultlib.glbl
Built simulation snapshot tb_top_func_impl
run_program: Time (s): cpu = 00:00:00 ; elapsed = 00:00:16 . Memory (MB): peak = 4379.469 ; gain = 0.000
INFO: [USF-XSim-69] 'elaborate' step finished in '16' seconds
launch_simulation: Time (s): cpu = 00:00:00 ; elapsed = 00:00:16 . Memory (MB): peak = 4379.469 ; gain = 0.000
Time resolution is 1 ps
[10183000] DONE_STORE!
$finish called at time : 10262600 ps : File "C:/Hung/Viettel/Stage2/ML-KEM/NTT/tb_top.v" Line 115
relaunch_xsim_kernel: Time (s): cpu = 00:00:02 ; elapsed = 00:00:06 . Memory (MB): peak = 4379.469 ; gain = 0.000
relaunch_sim: Time (s): cpu = 00:00:03 ; elapsed = 00:00:25 . Memory (MB): peak = 4379.469 ; gain = 0.000
save_wave_config {C:/Hung/Viettel/Stage2/ML-KEM/ml_kem/tb_top_func_impl.wcfg}
save_wave_config {C:/Hung/Viettel/Stage2/ML-KEM/ml_kem/tb_top_func_impl.wcfg}
save_wave_config {C:/Hung/Viettel/Stage2/ML-KEM/ml_kem/tb_top_func_impl.wcfg}
save_wave_config {C:/Hung/Viettel/Stage2/ML-KEM/ml_kem/tb_top_func_impl.wcfg}
save_wave_config {C:/Hung/Viettel/Stage2/ML-KEM/ml_kem/tb_top_func_impl.wcfg}
save_wave_config {C:/Hung/Viettel/Stage2/ML-KEM/ml_kem/tb_top_func_impl.wcfg}
save_wave_config {C:/Hung/Viettel/Stage2/ML-KEM/ml_kem/tb_top_func_impl.wcfg}
save_wave_config {C:/Hung/Viettel/Stage2/ML-KEM/ml_kem/tb_top_func_impl.wcfg}
launch_simulation -mode post-implementation -type timing
Command: launch_simulation  -mode post-implementation -type timing
INFO: [Vivado 12-12493] Simulation top is 'tb_top'
WARNING: [Vivado 12-13340] Unable to auto find GCC executables from simulator install path! (path not set)
WARNING: [Vivado 12-13277] Compiled library path does not exist: ''
INFO: [Vivado 12-5698] Checking validity of IPs in the design for the 'XSim' simulator...
INFO: [Vivado 12-5682] Launching post-implementation timing simulation in 'C:/Hung/Viettel/Stage2/ML-KEM/ml_kem/ml_kem.sim/sim_1/impl/timing/xsim'
INFO: [Vivado 12-13660] Precompiled IP simulation library mode is enabled (default). The design IP libraries will be referenced from the compiled library path. Please note that if the precompiled version of the library is not found from the path or the IP is in locked state, then the library source files for these IPs will be compiled locally as part of the compile order.
INFO: [Vivado 12-4795] Using compiled simulation libraries for IPs
INFO: [SIM-utils-51] Simulation object is 'sim_1'
INFO: [SIM-utils-72] Using boost library from 'C:/Xilinx/Vivado/2022.2/tps/boost_1_72_0'
INFO: [SIM-utils-31] Writing simulation netlist file for design 'impl_1'...
INFO: [SIM-utils-32] write_verilog -mode timesim -nolib -sdf_anno true -force -file "C:/Hung/Viettel/Stage2/ML-KEM/ml_kem/ml_kem.sim/sim_1/impl/timing/xsim/tb_top_time_impl.v"
INFO: [SIM-utils-34] Writing SDF file...
INFO: [SIM-utils-35] write_sdf -mode timesim -process_corner slow -force -file "C:/Hung/Viettel/Stage2/ML-KEM/ml_kem/ml_kem.sim/sim_1/impl/timing/xsim/tb_top_time_impl.sdf"
INFO: [SIM-utils-36] Netlist generated:C:/Hung/Viettel/Stage2/ML-KEM/ml_kem/ml_kem.sim/sim_1/impl/timing/xsim/tb_top_time_impl.v
INFO: [SIM-utils-37] SDF generated:C:/Hung/Viettel/Stage2/ML-KEM/ml_kem/ml_kem.sim/sim_1/impl/timing/xsim/tb_top_time_impl.sdf
INFO: [USF-XSim-7] Finding pre-compiled libraries...
INFO: [USF-XSim-11] File 'C:/Xilinx/Vivado/2022.2/data/xsim/xsim.ini' copied to run dir:'C:/Hung/Viettel/Stage2/ML-KEM/ml_kem/ml_kem.sim/sim_1/impl/timing/xsim'
INFO: [SIM-utils-54] Inspecting design source files for 'tb_top' in fileset 'sim_1'...
INFO: [USF-XSim-2] XSim::Compile design
INFO: [USF-XSim-61] Executing 'COMPILE and ANALYZE' step in 'C:/Hung/Viettel/Stage2/ML-KEM/ml_kem/ml_kem.sim/sim_1/impl/timing/xsim'
"xvlog --incr --relax -prj tb_top_vlog.prj"
INFO: [VRFC 10-2263] Analyzing Verilog file "C:/Hung/Viettel/Stage2/ML-KEM/ml_kem/ml_kem.sim/sim_1/impl/timing/xsim/tb_top_time_impl.v" into library xil_defaultlib
INFO: [VRFC 10-311] analyzing module IBUF_UNIQ_BASE_
INFO: [VRFC 10-311] analyzing module IBUF_HD1
INFO: [VRFC 10-311] analyzing module IBUF_HD10
INFO: [VRFC 10-311] analyzing module IBUF_HD11
INFO: [VRFC 10-311] analyzing module IBUF_HD12
INFO: [VRFC 10-311] analyzing module IBUF_HD13
INFO: [VRFC 10-311] analyzing module IBUF_HD14
INFO: [VRFC 10-311] analyzing module IBUF_HD15
INFO: [VRFC 10-311] analyzing module IBUF_HD16
INFO: [VRFC 10-311] analyzing module IBUF_HD17
INFO: [VRFC 10-311] analyzing module IBUF_HD18
INFO: [VRFC 10-311] analyzing module IBUF_HD19
INFO: [VRFC 10-311] analyzing module IBUF_HD2
INFO: [VRFC 10-311] analyzing module IBUF_HD20
INFO: [VRFC 10-311] analyzing module IBUF_HD21
INFO: [VRFC 10-311] analyzing module IBUF_HD22
INFO: [VRFC 10-311] analyzing module IBUF_HD23
INFO: [VRFC 10-311] analyzing module IBUF_HD24
INFO: [VRFC 10-311] analyzing module IBUF_HD25
INFO: [VRFC 10-311] analyzing module IBUF_HD26
INFO: [VRFC 10-311] analyzing module IBUF_HD27
INFO: [VRFC 10-311] analyzing module IBUF_HD28
INFO: [VRFC 10-311] analyzing module IBUF_HD29
INFO: [VRFC 10-311] analyzing module IBUF_HD3
INFO: [VRFC 10-311] analyzing module IBUF_HD30
INFO: [VRFC 10-311] analyzing module IBUF_HD31
INFO: [VRFC 10-311] analyzing module IBUF_HD32
INFO: [VRFC 10-311] analyzing module IBUF_HD33
INFO: [VRFC 10-311] analyzing module IBUF_HD34
INFO: [VRFC 10-311] analyzing module IBUF_HD35
INFO: [VRFC 10-311] analyzing module IBUF_HD36
INFO: [VRFC 10-311] analyzing module IBUF_HD37
INFO: [VRFC 10-311] analyzing module IBUF_HD4
INFO: [VRFC 10-311] analyzing module IBUF_HD5
INFO: [VRFC 10-311] analyzing module IBUF_HD6
INFO: [VRFC 10-311] analyzing module IBUF_HD7
INFO: [VRFC 10-311] analyzing module IBUF_HD8
INFO: [VRFC 10-311] analyzing module IBUF_HD9
INFO: [VRFC 10-311] analyzing module AddressGenerator
INFO: [VRFC 10-311] analyzing module BoothDecode
INFO: [VRFC 10-311] analyzing module BoothDecode_14
INFO: [VRFC 10-311] analyzing module BoothDecode_15
INFO: [VRFC 10-311] analyzing module BoothDecode_16
INFO: [VRFC 10-311] analyzing module BoothDecode_17
INFO: [VRFC 10-311] analyzing module BoothDecode_18
INFO: [VRFC 10-311] analyzing module BoothDecode_19
INFO: [VRFC 10-311] analyzing module BoothDecode_20
INFO: [VRFC 10-311] analyzing module BoothDecode_21
INFO: [VRFC 10-311] analyzing module BoothDecode_4
INFO: [VRFC 10-311] analyzing module BoothDecode_5
INFO: [VRFC 10-311] analyzing module BoothDecode_6
INFO: [VRFC 10-311] analyzing module BoothDecode_7
INFO: [VRFC 10-311] analyzing module BoothDecode_8
INFO: [VRFC 10-311] analyzing module BoothDecode_9
INFO: [VRFC 10-311] analyzing module MyBootROM
INFO: [VRFC 10-311] analyzing module barret
INFO: [VRFC 10-311] analyzing module barret_0
INFO: [VRFC 10-311] analyzing module barret_1
INFO: [VRFC 10-311] analyzing module barret_10
INFO: [VRFC 10-311] analyzing module barret_11
INFO: [VRFC 10-311] analyzing module barret_12
INFO: [VRFC 10-311] analyzing module barret_2
INFO: [VRFC 10-311] analyzing module barret_3
INFO: [VRFC 10-311] analyzing module blk_mem_gen_0
INFO: [VRFC 10-311] analyzing module bu_intt
INFO: [VRFC 10-311] analyzing module bu_ntt
INFO: [VRFC 10-311] analyzing module mul
INFO: [VRFC 10-311] analyzing module mul_13
INFO: [VRFC 10-311] analyzing module normalize_output
INFO: [VRFC 10-311] analyzing module top
INFO: [VRFC 10-311] analyzing module blk_mem_gen_generic_cstr
INFO: [VRFC 10-311] analyzing module blk_mem_gen_prim_width
INFO: [VRFC 10-311] analyzing module blk_mem_gen_prim_wrapper
INFO: [VRFC 10-311] analyzing module blk_mem_gen_top
INFO: [VRFC 10-311] analyzing module blk_mem_gen_v8_4_5
INFO: [VRFC 10-311] analyzing module blk_mem_gen_v8_4_5_synth
INFO: [VRFC 10-311] analyzing module glbl
INFO: [VRFC 10-2263] Analyzing Verilog file "C:/Hung/Viettel/Stage2/ML-KEM/NTT/tb_top.v" into library xil_defaultlib
INFO: [VRFC 10-311] analyzing module tb_top
INFO: [USF-XSim-69] 'compile' step finished in '3' seconds
INFO: [USF-XSim-3] XSim::Elaborate design
INFO: [USF-XSim-61] Executing 'ELABORATE' step in 'C:/Hung/Viettel/Stage2/ML-KEM/ml_kem/ml_kem.sim/sim_1/impl/timing/xsim'
"xelab --incr --debug typical --relax --mt 2 --maxdelay -L xil_defaultlib -L simprims_ver -L secureip --snapshot tb_top_time_impl -transport_int_delays -pulse_r 0 -pulse_int_r 0 -pulse_e 0 -pulse_int_e 0 xil_defaultlib.tb_top xil_defaultlib.glbl -log elaborate.log"
Vivado Simulator v2022.2.2
Copyright 1986-1999, 2001-2022 Xilinx, Inc. All Rights Reserved.
Running: C:/Xilinx/Vivado/2022.2/bin/unwrapped/win64.o/xelab.exe --incr --debug typical --relax --mt 2 --maxdelay -L xil_defaultlib -L simprims_ver -L secureip --snapshot tb_top_time_impl -transport_int_delays -pulse_r 0 -pulse_int_r 0 -pulse_e 0 -pulse_int_e 0 xil_defaultlib.tb_top xil_defaultlib.glbl -log elaborate.log 
Using 2 slave threads.
Starting static elaboration
Pass Through NonSizing Optimizer
Completed static elaboration
Starting simulation data flow analysis
Completed simulation data flow analysis
INFO: [XSIM 43-3451] SDF backannotation process started with SDF file "tb_top_time_impl.sdf", for root module "tb_top/dut".
INFO: [XSIM 43-3452] SDF backannotation was successful for SDF file "tb_top_time_impl.sdf", for root module "tb_top/dut".
Time Resolution for simulation is 1ps
Compiling module simprims_ver.LUT4
Compiling module simprims_ver.LUT6
Compiling module simprims_ver.x_lut2_mux4
Compiling module simprims_ver.LUT2
Compiling module simprims_ver.FDCE_default
Compiling module simprims_ver.LUT5
Compiling module simprims_ver.CARRY8
Compiling module simprims_ver.x_lut3_mux8
Compiling module simprims_ver.LUT3
Compiling module simprims_ver.x_lut1_mux2
Compiling module simprims_ver.LUT1
Compiling module xil_defaultlib.AddressGenerator
Compiling module simprims_ver.FDPE(IS_PRE_INVERTED=1'b1)
Compiling module simprims_ver.OBUF
Compiling module simprims_ver.RAMB18E2(CLOCK_DOMAINS="COMMON",...
Compiling module xil_defaultlib.blk_mem_gen_0
Compiling module xil_defaultlib.barret_10
Compiling module xil_defaultlib.barret_11
Compiling module xil_defaultlib.barret_12
Compiling module xil_defaultlib.BoothDecode_14
Compiling module xil_defaultlib.BoothDecode_15
Compiling module xil_defaultlib.BoothDecode_16
Compiling module xil_defaultlib.BoothDecode_17
Compiling module xil_defaultlib.BoothDecode_18
Compiling module xil_defaultlib.BoothDecode_19
Compiling module xil_defaultlib.BoothDecode_20
Compiling module xil_defaultlib.BoothDecode_21
Compiling module simprims_ver.FDRE_default
Compiling module simprims_ver.SRL16E_default
Compiling module xil_defaultlib.mul_13
Compiling module xil_defaultlib.bu_intt
Compiling module xil_defaultlib.barret_1
Compiling module xil_defaultlib.barret_2
Compiling module xil_defaultlib.barret_3
Compiling module xil_defaultlib.BoothDecode
Compiling module xil_defaultlib.BoothDecode_4
Compiling module xil_defaultlib.BoothDecode_5
Compiling module xil_defaultlib.BoothDecode_6
Compiling module xil_defaultlib.BoothDecode_7
Compiling module xil_defaultlib.BoothDecode_8
Compiling module xil_defaultlib.BoothDecode_9
Compiling module xil_defaultlib.mul
Compiling module xil_defaultlib.bu_ntt
Compiling module simprims_ver.BUFGCE(CE_TYPE="ASYNC",SIM_DEVIC...
Compiling module simprims_ver.IBUFCTRL_default
Compiling module simprims_ver.INBUF_default
Compiling module xil_defaultlib.IBUF_UNIQ_BASE_
Compiling module simprims_ver.SRLC32E_default
Compiling module xil_defaultlib.IBUF_HD1
Compiling module xil_defaultlib.IBUF_HD2
Compiling module xil_defaultlib.IBUF_HD3
Compiling module xil_defaultlib.IBUF_HD4
Compiling module xil_defaultlib.IBUF_HD5
Compiling module xil_defaultlib.IBUF_HD6
Compiling module xil_defaultlib.IBUF_HD7
Compiling module xil_defaultlib.IBUF_HD8
Compiling module xil_defaultlib.IBUF_HD9
Compiling module xil_defaultlib.IBUF_HD10
Compiling module xil_defaultlib.IBUF_HD11
Compiling module xil_defaultlib.IBUF_HD12
Compiling module xil_defaultlib.IBUF_HD13
Compiling module xil_defaultlib.IBUF_HD14
Compiling module xil_defaultlib.IBUF_HD15
Compiling module xil_defaultlib.IBUF_HD16
Compiling module xil_defaultlib.IBUF_HD17
Compiling module xil_defaultlib.IBUF_HD18
Compiling module xil_defaultlib.IBUF_HD19
Compiling module xil_defaultlib.IBUF_HD20
Compiling module xil_defaultlib.IBUF_HD21
Compiling module xil_defaultlib.IBUF_HD22
Compiling module xil_defaultlib.IBUF_HD23
Compiling module xil_defaultlib.IBUF_HD24
Compiling module xil_defaultlib.IBUF_HD25
Compiling module xil_defaultlib.IBUF_HD26
Compiling module xil_defaultlib.IBUF_HD27
Compiling module xil_defaultlib.IBUF_HD28
Compiling module xil_defaultlib.IBUF_HD29
Compiling module xil_defaultlib.IBUF_HD30
Compiling module xil_defaultlib.IBUF_HD31
Compiling module xil_defaultlib.IBUF_HD32
Compiling module xil_defaultlib.IBUF_HD33
Compiling module xil_defaultlib.IBUF_HD34
Compiling module xil_defaultlib.barret
Compiling module xil_defaultlib.barret_0
Compiling module xil_defaultlib.normalize_output
Compiling module simprims_ver.MUXF7
Compiling module xil_defaultlib.MyBootROM
Compiling module xil_defaultlib.IBUF_HD35
Compiling module xil_defaultlib.IBUF_HD36
Compiling module xil_defaultlib.IBUF_HD37
Compiling module xil_defaultlib.top
Compiling module xil_defaultlib.tb_top
Compiling module xil_defaultlib.glbl
Built simulation snapshot tb_top_time_impl
run_program: Time (s): cpu = 00:00:04 ; elapsed = 00:01:36 . Memory (MB): peak = 4380.945 ; gain = 0.438
INFO: [USF-XSim-69] 'elaborate' step finished in '96' seconds
INFO: [USF-XSim-4] XSim::Simulate design
INFO: [USF-XSim-61] Executing 'SIMULATE' step in 'C:/Hung/Viettel/Stage2/ML-KEM/ml_kem/ml_kem.sim/sim_1/impl/timing/xsim'
INFO: [USF-XSim-98] *** Running xsim
   with args "tb_top_time_impl -key {Post-Implementation:sim_1:Timing:tb_top} -tclbatch {tb_top.tcl} -view {C:/Hung/Viettel/Stage2/ML-KEM/ml_kem/tb_top_func_impl.wcfg} -log {simulate.log}"
INFO: [USF-XSim-8] Loading simulator feature
Time resolution is 1 ps
open_wave_config C:/Hung/Viettel/Stage2/ML-KEM/ml_kem/tb_top_func_impl.wcfg
source tb_top.tcl
# set curr_wave [current_wave_config]
# if { [string length $curr_wave] == 0 } {
#   if { [llength [get_objects]] > 0} {
#     add_wave /
#     set_property needs_save false [current_wave_config]
#   } else {
#      send_msg_id Add_Wave-1 WARNING "No top level signals found. Simulator will start without a wave window. If you want to open a wave window go to 'File->New Waveform Configuration' or type 'create_wave_config' in the TCL console."
#   }
# }
# run 1000000ns
[10184000] DONE_STORE!
$finish called at time : 10264246 ps : File "C:/Hung/Viettel/Stage2/ML-KEM/NTT/tb_top.v" Line 115
run: Time (s): cpu = 00:00:48 ; elapsed = 00:02:33 . Memory (MB): peak = 4390.082 ; gain = 9.137
xsim: Time (s): cpu = 00:00:48 ; elapsed = 00:02:34 . Memory (MB): peak = 4390.082 ; gain = 9.137
INFO: [USF-XSim-96] XSim completed. Design snapshot 'tb_top_time_impl' loaded.
INFO: [USF-XSim-97] XSim simulation ran for 1000000ns
launch_simulation: Time (s): cpu = 00:01:09 ; elapsed = 00:04:16 . Memory (MB): peak = 4390.082 ; gain = 9.574
close_sim
INFO: xsimkernel Simulation Memory Usage: 220308 KB (Peak: 220308 KB), Simulation CPU Usage: 151874 ms
INFO: [Simtcl 6-16] Simulation closed
current_wave_config {tb_top_func_impl.wcfg}
C:/Hung/Viettel/Stage2/ML-KEM/ml_kem/tb_top_func_impl.wcfg
add_wave {{/tb_top/clk}} {{/tb_top/rst_n}} {{/tb_top/start}} {{/tb_top/is_ntt}} {{/tb_top/valid_input}} 
save_wave_config {C:/Hung/Viettel/Stage2/ML-KEM/ml_kem/tb_top_func_impl.wcfg}
relaunch_sim
Command: launch_simulation -step compile -simset sim_1 -mode post-implementation -type functional
INFO: [Vivado 12-12493] Simulation top is 'tb_top'
WARNING: [Vivado 12-13340] Unable to auto find GCC executables from simulator install path! (path not set)
WARNING: [Vivado 12-13277] Compiled library path does not exist: ''
INFO: [Vivado 12-5698] Checking validity of IPs in the design for the 'XSim' simulator...
INFO: [Vivado 12-5682] Launching post-implementation functional simulation in 'C:/Hung/Viettel/Stage2/ML-KEM/ml_kem/ml_kem.sim/sim_1/impl/func/xsim'
INFO: [Vivado 12-13660] Precompiled IP simulation library mode is enabled (default). The design IP libraries will be referenced from the compiled library path. Please note that if the precompiled version of the library is not found from the path or the IP is in locked state, then the library source files for these IPs will be compiled locally as part of the compile order.
INFO: [Vivado 12-4795] Using compiled simulation libraries for IPs
INFO: [SIM-utils-51] Simulation object is 'sim_1'
INFO: [USF-XSim-2] XSim::Compile design
INFO: [USF-XSim-61] Executing 'COMPILE and ANALYZE' step in 'C:/Hung/Viettel/Stage2/ML-KEM/ml_kem/ml_kem.sim/sim_1/impl/func/xsim'
"xvlog --incr --relax -prj tb_top_vlog.prj"
ERROR: [XSIM 43-4316] Can not find file: tb_top_time_impl.v
INFO: [USF-XSim-69] 'compile' step finished in '2' seconds
INFO: [USF-XSim-99] Step results log file:'C:/Hung/Viettel/Stage2/ML-KEM/ml_kem/ml_kem.sim/sim_1/impl/func/xsim/xvlog.log'
ERROR: [USF-XSim-62] 'compile' step failed with error(s). Please check the Tcl console output or 'C:/Hung/Viettel/Stage2/ML-KEM/ml_kem/ml_kem.sim/sim_1/impl/func/xsim/xvlog.log' file for more information.
ERROR: [Vivado 12-4473] Detected error while running simulation. Please correct the issue and retry this operation.
ERROR: [Common 17-39] 'launch_simulation' failed due to earlier errors.
ERROR: [Common 17-69] Command failed: ERROR: [Common 17-39] 'launch_simulation' failed due to earlier errors.

save_wave_config {C:/Hung/Viettel/Stage2/ML-KEM/ml_kem/tb_top_func_impl.wcfg}
close_sim
INFO: [Simtcl 6-16] Simulation closed
launch_simulation -mode post-implementation -type functional
Command: launch_simulation  -mode post-implementation -type functional
INFO: [Vivado 12-12493] Simulation top is 'tb_top'
WARNING: [Vivado 12-13340] Unable to auto find GCC executables from simulator install path! (path not set)
WARNING: [Vivado 12-13277] Compiled library path does not exist: ''
INFO: [Vivado 12-5698] Checking validity of IPs in the design for the 'XSim' simulator...
INFO: [Vivado 12-5682] Launching post-implementation functional simulation in 'C:/Hung/Viettel/Stage2/ML-KEM/ml_kem/ml_kem.sim/sim_1/impl/func/xsim'
INFO: [Vivado 12-13660] Precompiled IP simulation library mode is enabled (default). The design IP libraries will be referenced from the compiled library path. Please note that if the precompiled version of the library is not found from the path or the IP is in locked state, then the library source files for these IPs will be compiled locally as part of the compile order.
INFO: [Vivado 12-4795] Using compiled simulation libraries for IPs
INFO: [SIM-utils-51] Simulation object is 'sim_1'
INFO: [SIM-utils-72] Using boost library from 'C:/Xilinx/Vivado/2022.2/tps/boost_1_72_0'
INFO: [SIM-utils-31] Writing simulation netlist file for design 'impl_1'...
INFO: [SIM-utils-32] write_verilog -mode funcsim -nolib -force -file "C:/Hung/Viettel/Stage2/ML-KEM/ml_kem/ml_kem.sim/sim_1/impl/func/xsim/tb_top_func_impl.v"
INFO: [SIM-utils-36] Netlist generated:C:/Hung/Viettel/Stage2/ML-KEM/ml_kem/ml_kem.sim/sim_1/impl/func/xsim/tb_top_func_impl.v
INFO: [USF-XSim-7] Finding pre-compiled libraries...
INFO: [USF-XSim-11] File 'C:/Xilinx/Vivado/2022.2/data/xsim/xsim.ini' copied to run dir:'C:/Hung/Viettel/Stage2/ML-KEM/ml_kem/ml_kem.sim/sim_1/impl/func/xsim'
INFO: [SIM-utils-54] Inspecting design source files for 'tb_top' in fileset 'sim_1'...
INFO: [USF-XSim-2] XSim::Compile design
INFO: [USF-XSim-61] Executing 'COMPILE and ANALYZE' step in 'C:/Hung/Viettel/Stage2/ML-KEM/ml_kem/ml_kem.sim/sim_1/impl/func/xsim'
"xvlog --incr --relax -prj tb_top_vlog.prj"
INFO: [VRFC 10-2263] Analyzing Verilog file "C:/Hung/Viettel/Stage2/ML-KEM/ml_kem/ml_kem.sim/sim_1/impl/func/xsim/tb_top_func_impl.v" into library xil_defaultlib
INFO: [VRFC 10-311] analyzing module AddressGenerator
INFO: [VRFC 10-311] analyzing module BoothDecode
INFO: [VRFC 10-311] analyzing module BoothDecode_14
INFO: [VRFC 10-311] analyzing module BoothDecode_15
INFO: [VRFC 10-311] analyzing module BoothDecode_16
INFO: [VRFC 10-311] analyzing module BoothDecode_17
INFO: [VRFC 10-311] analyzing module BoothDecode_18
INFO: [VRFC 10-311] analyzing module BoothDecode_19
INFO: [VRFC 10-311] analyzing module BoothDecode_20
INFO: [VRFC 10-311] analyzing module BoothDecode_21
INFO: [VRFC 10-311] analyzing module BoothDecode_4
INFO: [VRFC 10-311] analyzing module BoothDecode_5
INFO: [VRFC 10-311] analyzing module BoothDecode_6
INFO: [VRFC 10-311] analyzing module BoothDecode_7
INFO: [VRFC 10-311] analyzing module BoothDecode_8
INFO: [VRFC 10-311] analyzing module BoothDecode_9
INFO: [VRFC 10-311] analyzing module MyBootROM
INFO: [VRFC 10-311] analyzing module barret
INFO: [VRFC 10-311] analyzing module barret_0
INFO: [VRFC 10-311] analyzing module barret_1
INFO: [VRFC 10-311] analyzing module barret_10
INFO: [VRFC 10-311] analyzing module barret_11
INFO: [VRFC 10-311] analyzing module barret_12
INFO: [VRFC 10-311] analyzing module barret_2
INFO: [VRFC 10-311] analyzing module barret_3
INFO: [VRFC 10-311] analyzing module blk_mem_gen_0
INFO: [VRFC 10-311] analyzing module bu_intt
INFO: [VRFC 10-311] analyzing module bu_ntt
INFO: [VRFC 10-311] analyzing module mul
INFO: [VRFC 10-311] analyzing module mul_13
INFO: [VRFC 10-311] analyzing module normalize_output
INFO: [VRFC 10-311] analyzing module top
INFO: [VRFC 10-311] analyzing module blk_mem_gen_generic_cstr
INFO: [VRFC 10-311] analyzing module blk_mem_gen_prim_width
INFO: [VRFC 10-311] analyzing module blk_mem_gen_prim_wrapper
INFO: [VRFC 10-311] analyzing module blk_mem_gen_top
INFO: [VRFC 10-311] analyzing module blk_mem_gen_v8_4_5
INFO: [VRFC 10-311] analyzing module blk_mem_gen_v8_4_5_synth
INFO: [VRFC 10-311] analyzing module glbl
INFO: [VRFC 10-2263] Analyzing Verilog file "C:/Hung/Viettel/Stage2/ML-KEM/NTT/tb_top.v" into library xil_defaultlib
INFO: [VRFC 10-311] analyzing module tb_top
INFO: [USF-XSim-69] 'compile' step finished in '2' seconds
INFO: [USF-XSim-3] XSim::Elaborate design
INFO: [USF-XSim-61] Executing 'ELABORATE' step in 'C:/Hung/Viettel/Stage2/ML-KEM/ml_kem/ml_kem.sim/sim_1/impl/func/xsim'
"xelab --incr --debug typical --relax --mt 2 -L xil_defaultlib -L unisims_ver -L secureip --snapshot tb_top_func_impl xil_defaultlib.tb_top xil_defaultlib.glbl -log elaborate.log"
Vivado Simulator v2022.2.2
Copyright 1986-1999, 2001-2022 Xilinx, Inc. All Rights Reserved.
Running: C:/Xilinx/Vivado/2022.2/bin/unwrapped/win64.o/xelab.exe --incr --debug typical --relax --mt 2 -L xil_defaultlib -L unisims_ver -L secureip --snapshot tb_top_func_impl xil_defaultlib.tb_top xil_defaultlib.glbl -log elaborate.log 
Using 2 slave threads.
Starting static elaboration
Pass Through NonSizing Optimizer
Completed static elaboration
Starting simulation data flow analysis
Completed simulation data flow analysis
Time Resolution for simulation is 1ps
Compiling module unisims_ver.LUT4
Compiling module unisims_ver.LUT6
Compiling module unisims_ver.x_lut2_mux4
Compiling module unisims_ver.LUT2
Compiling module unisims_ver.FDCE_default
Compiling module unisims_ver.LUT5
Compiling module unisims_ver.CARRY8
Compiling module unisims_ver.x_lut3_mux8
Compiling module unisims_ver.LUT3
Compiling module unisims_ver.x_lut1_mux2
Compiling module unisims_ver.LUT1
Compiling module xil_defaultlib.AddressGenerator
Compiling module unisims_ver.FDPE(IS_PRE_INVERTED=1'b1)
Compiling module unisims_ver.OBUF
Compiling module unisims_ver.RAMB18E2(CLOCK_DOMAINS="COMMON",...
Compiling module xil_defaultlib.blk_mem_gen_0
Compiling module xil_defaultlib.barret_10
Compiling module xil_defaultlib.barret_11
Compiling module xil_defaultlib.barret_12
Compiling module xil_defaultlib.BoothDecode_14
Compiling module xil_defaultlib.BoothDecode_15
Compiling module xil_defaultlib.BoothDecode_16
Compiling module xil_defaultlib.BoothDecode_17
Compiling module xil_defaultlib.BoothDecode_18
Compiling module xil_defaultlib.BoothDecode_19
Compiling module xil_defaultlib.BoothDecode_20
Compiling module xil_defaultlib.BoothDecode_21
Compiling module unisims_ver.FDRE_default
Compiling module unisims_ver.SRL16E_default
Compiling module xil_defaultlib.mul_13
Compiling module xil_defaultlib.bu_intt
Compiling module xil_defaultlib.barret_1
Compiling module xil_defaultlib.barret_2
Compiling module xil_defaultlib.barret_3
Compiling module xil_defaultlib.BoothDecode
Compiling module xil_defaultlib.BoothDecode_4
Compiling module xil_defaultlib.BoothDecode_5
Compiling module xil_defaultlib.BoothDecode_6
Compiling module xil_defaultlib.BoothDecode_7
Compiling module xil_defaultlib.BoothDecode_8
Compiling module xil_defaultlib.BoothDecode_9
Compiling module xil_defaultlib.mul
Compiling module xil_defaultlib.bu_ntt
Compiling module unisims_ver.BUFGCE(CE_TYPE="ASYNC",SIM_DEVIC...
Compiling module unisims_ver.IBUF
Compiling module unisims_ver.SRLC32E_default
Compiling module xil_defaultlib.barret
Compiling module xil_defaultlib.barret_0
Compiling module xil_defaultlib.normalize_output
Compiling module unisims_ver.MUXF7
Compiling module xil_defaultlib.MyBootROM
Compiling module xil_defaultlib.top
Compiling module xil_defaultlib.tb_top
Compiling module xil_defaultlib.glbl
Built simulation snapshot tb_top_func_impl
run_program: Time (s): cpu = 00:00:01 ; elapsed = 00:00:17 . Memory (MB): peak = 4390.227 ; gain = 0.000
INFO: [USF-XSim-69] 'elaborate' step finished in '17' seconds
INFO: [USF-XSim-4] XSim::Simulate design
INFO: [USF-XSim-61] Executing 'SIMULATE' step in 'C:/Hung/Viettel/Stage2/ML-KEM/ml_kem/ml_kem.sim/sim_1/impl/func/xsim'
INFO: [USF-XSim-98] *** Running xsim
   with args "tb_top_func_impl -key {Post-Implementation:sim_1:Functional:tb_top} -tclbatch {tb_top.tcl} -view {C:/Hung/Viettel/Stage2/ML-KEM/ml_kem/tb_top_func_impl.wcfg} -log {simulate.log}"
INFO: [USF-XSim-8] Loading simulator feature
Time resolution is 1 ps
open_wave_config C:/Hung/Viettel/Stage2/ML-KEM/ml_kem/tb_top_func_impl.wcfg
source tb_top.tcl
# set curr_wave [current_wave_config]
# if { [string length $curr_wave] == 0 } {
#   if { [llength [get_objects]] > 0} {
#     add_wave /
#     set_property needs_save false [current_wave_config]
#   } else {
#      send_msg_id Add_Wave-1 WARNING "No top level signals found. Simulator will start without a wave window. If you want to open a wave window go to 'File->New Waveform Configuration' or type 'create_wave_config' in the TCL console."
#   }
# }
# run 1000000ns
[10183000] DONE_STORE!
$finish called at time : 10262600 ps : File "C:/Hung/Viettel/Stage2/ML-KEM/NTT/tb_top.v" Line 115
xsim: Time (s): cpu = 00:00:03 ; elapsed = 00:00:07 . Memory (MB): peak = 4390.227 ; gain = 0.000
INFO: [USF-XSim-96] XSim completed. Design snapshot 'tb_top_func_impl' loaded.
INFO: [USF-XSim-97] XSim simulation ran for 1000000ns
launch_simulation: Time (s): cpu = 00:00:04 ; elapsed = 00:00:26 . Memory (MB): peak = 4390.227 ; gain = 0.000
save_wave_config {C:/Hung/Viettel/Stage2/ML-KEM/ml_kem/tb_top_func_impl.wcfg}
save_wave_config {C:/Hung/Viettel/Stage2/ML-KEM/ml_kem/tb_top_func_impl.wcfg}
save_wave_config {C:/Hung/Viettel/Stage2/ML-KEM/ml_kem/tb_top_func_impl.wcfg}
launch_simulation -mode post-implementation -type timing
Command: launch_simulation  -mode post-implementation -type timing
INFO: [Vivado 12-12493] Simulation top is 'tb_top'
WARNING: [Vivado 12-13340] Unable to auto find GCC executables from simulator install path! (path not set)
WARNING: [Vivado 12-13277] Compiled library path does not exist: ''
INFO: [Vivado 12-5698] Checking validity of IPs in the design for the 'XSim' simulator...
INFO: [Vivado 12-5682] Launching post-implementation timing simulation in 'C:/Hung/Viettel/Stage2/ML-KEM/ml_kem/ml_kem.sim/sim_1/impl/timing/xsim'
INFO: [Vivado 12-13660] Precompiled IP simulation library mode is enabled (default). The design IP libraries will be referenced from the compiled library path. Please note that if the precompiled version of the library is not found from the path or the IP is in locked state, then the library source files for these IPs will be compiled locally as part of the compile order.
INFO: [Vivado 12-4795] Using compiled simulation libraries for IPs
INFO: [SIM-utils-51] Simulation object is 'sim_1'
INFO: [SIM-utils-72] Using boost library from 'C:/Xilinx/Vivado/2022.2/tps/boost_1_72_0'
INFO: [SIM-utils-31] Writing simulation netlist file for design 'impl_1'...
INFO: [SIM-utils-32] write_verilog -mode timesim -nolib -sdf_anno true -force -file "C:/Hung/Viettel/Stage2/ML-KEM/ml_kem/ml_kem.sim/sim_1/impl/timing/xsim/tb_top_time_impl.v"
INFO: [SIM-utils-34] Writing SDF file...
INFO: [SIM-utils-35] write_sdf -mode timesim -process_corner slow -force -file "C:/Hung/Viettel/Stage2/ML-KEM/ml_kem/ml_kem.sim/sim_1/impl/timing/xsim/tb_top_time_impl.sdf"
INFO: [SIM-utils-36] Netlist generated:C:/Hung/Viettel/Stage2/ML-KEM/ml_kem/ml_kem.sim/sim_1/impl/timing/xsim/tb_top_time_impl.v
INFO: [SIM-utils-37] SDF generated:C:/Hung/Viettel/Stage2/ML-KEM/ml_kem/ml_kem.sim/sim_1/impl/timing/xsim/tb_top_time_impl.sdf
INFO: [USF-XSim-7] Finding pre-compiled libraries...
INFO: [USF-XSim-11] File 'C:/Xilinx/Vivado/2022.2/data/xsim/xsim.ini' copied to run dir:'C:/Hung/Viettel/Stage2/ML-KEM/ml_kem/ml_kem.sim/sim_1/impl/timing/xsim'
INFO: [SIM-utils-54] Inspecting design source files for 'tb_top' in fileset 'sim_1'...
INFO: [USF-XSim-2] XSim::Compile design
INFO: [USF-XSim-61] Executing 'COMPILE and ANALYZE' step in 'C:/Hung/Viettel/Stage2/ML-KEM/ml_kem/ml_kem.sim/sim_1/impl/timing/xsim'
"xvlog --incr --relax -prj tb_top_vlog.prj"
INFO: [VRFC 10-2263] Analyzing Verilog file "C:/Hung/Viettel/Stage2/ML-KEM/ml_kem/ml_kem.sim/sim_1/impl/timing/xsim/tb_top_time_impl.v" into library xil_defaultlib
INFO: [VRFC 10-311] analyzing module IBUF_UNIQ_BASE_
INFO: [VRFC 10-311] analyzing module IBUF_HD1
INFO: [VRFC 10-311] analyzing module IBUF_HD10
INFO: [VRFC 10-311] analyzing module IBUF_HD11
INFO: [VRFC 10-311] analyzing module IBUF_HD12
INFO: [VRFC 10-311] analyzing module IBUF_HD13
INFO: [VRFC 10-311] analyzing module IBUF_HD14
INFO: [VRFC 10-311] analyzing module IBUF_HD15
INFO: [VRFC 10-311] analyzing module IBUF_HD16
INFO: [VRFC 10-311] analyzing module IBUF_HD17
INFO: [VRFC 10-311] analyzing module IBUF_HD18
INFO: [VRFC 10-311] analyzing module IBUF_HD19
INFO: [VRFC 10-311] analyzing module IBUF_HD2
INFO: [VRFC 10-311] analyzing module IBUF_HD20
INFO: [VRFC 10-311] analyzing module IBUF_HD21
INFO: [VRFC 10-311] analyzing module IBUF_HD22
INFO: [VRFC 10-311] analyzing module IBUF_HD23
INFO: [VRFC 10-311] analyzing module IBUF_HD24
INFO: [VRFC 10-311] analyzing module IBUF_HD25
INFO: [VRFC 10-311] analyzing module IBUF_HD26
INFO: [VRFC 10-311] analyzing module IBUF_HD27
INFO: [VRFC 10-311] analyzing module IBUF_HD28
INFO: [VRFC 10-311] analyzing module IBUF_HD29
INFO: [VRFC 10-311] analyzing module IBUF_HD3
INFO: [VRFC 10-311] analyzing module IBUF_HD30
INFO: [VRFC 10-311] analyzing module IBUF_HD31
INFO: [VRFC 10-311] analyzing module IBUF_HD32
INFO: [VRFC 10-311] analyzing module IBUF_HD33
INFO: [VRFC 10-311] analyzing module IBUF_HD34
INFO: [VRFC 10-311] analyzing module IBUF_HD35
INFO: [VRFC 10-311] analyzing module IBUF_HD36
INFO: [VRFC 10-311] analyzing module IBUF_HD37
INFO: [VRFC 10-311] analyzing module IBUF_HD4
INFO: [VRFC 10-311] analyzing module IBUF_HD5
INFO: [VRFC 10-311] analyzing module IBUF_HD6
INFO: [VRFC 10-311] analyzing module IBUF_HD7
INFO: [VRFC 10-311] analyzing module IBUF_HD8
INFO: [VRFC 10-311] analyzing module IBUF_HD9
INFO: [VRFC 10-311] analyzing module AddressGenerator
INFO: [VRFC 10-311] analyzing module BoothDecode
INFO: [VRFC 10-311] analyzing module BoothDecode_14
INFO: [VRFC 10-311] analyzing module BoothDecode_15
INFO: [VRFC 10-311] analyzing module BoothDecode_16
INFO: [VRFC 10-311] analyzing module BoothDecode_17
INFO: [VRFC 10-311] analyzing module BoothDecode_18
INFO: [VRFC 10-311] analyzing module BoothDecode_19
INFO: [VRFC 10-311] analyzing module BoothDecode_20
INFO: [VRFC 10-311] analyzing module BoothDecode_21
INFO: [VRFC 10-311] analyzing module BoothDecode_4
INFO: [VRFC 10-311] analyzing module BoothDecode_5
INFO: [VRFC 10-311] analyzing module BoothDecode_6
INFO: [VRFC 10-311] analyzing module BoothDecode_7
INFO: [VRFC 10-311] analyzing module BoothDecode_8
INFO: [VRFC 10-311] analyzing module BoothDecode_9
INFO: [VRFC 10-311] analyzing module MyBootROM
INFO: [VRFC 10-311] analyzing module barret
INFO: [VRFC 10-311] analyzing module barret_0
INFO: [VRFC 10-311] analyzing module barret_1
INFO: [VRFC 10-311] analyzing module barret_10
INFO: [VRFC 10-311] analyzing module barret_11
INFO: [VRFC 10-311] analyzing module barret_12
INFO: [VRFC 10-311] analyzing module barret_2
INFO: [VRFC 10-311] analyzing module barret_3
INFO: [VRFC 10-311] analyzing module blk_mem_gen_0
INFO: [VRFC 10-311] analyzing module bu_intt
INFO: [VRFC 10-311] analyzing module bu_ntt
INFO: [VRFC 10-311] analyzing module mul
INFO: [VRFC 10-311] analyzing module mul_13
INFO: [VRFC 10-311] analyzing module normalize_output
INFO: [VRFC 10-311] analyzing module top
INFO: [VRFC 10-311] analyzing module blk_mem_gen_generic_cstr
INFO: [VRFC 10-311] analyzing module blk_mem_gen_prim_width
INFO: [VRFC 10-311] analyzing module blk_mem_gen_prim_wrapper
INFO: [VRFC 10-311] analyzing module blk_mem_gen_top
INFO: [VRFC 10-311] analyzing module blk_mem_gen_v8_4_5
INFO: [VRFC 10-311] analyzing module blk_mem_gen_v8_4_5_synth
INFO: [VRFC 10-311] analyzing module glbl
INFO: [VRFC 10-2263] Analyzing Verilog file "C:/Hung/Viettel/Stage2/ML-KEM/NTT/tb_top.v" into library xil_defaultlib
INFO: [VRFC 10-311] analyzing module tb_top
INFO: [USF-XSim-69] 'compile' step finished in '3' seconds
INFO: [USF-XSim-3] XSim::Elaborate design
INFO: [USF-XSim-61] Executing 'ELABORATE' step in 'C:/Hung/Viettel/Stage2/ML-KEM/ml_kem/ml_kem.sim/sim_1/impl/timing/xsim'
"xelab --incr --debug typical --relax --mt 2 --maxdelay -L xil_defaultlib -L simprims_ver -L secureip --snapshot tb_top_time_impl -transport_int_delays -pulse_r 0 -pulse_int_r 0 -pulse_e 0 -pulse_int_e 0 xil_defaultlib.tb_top xil_defaultlib.glbl -log elaborate.log"
Vivado Simulator v2022.2.2
Copyright 1986-1999, 2001-2022 Xilinx, Inc. All Rights Reserved.
Running: C:/Xilinx/Vivado/2022.2/bin/unwrapped/win64.o/xelab.exe --incr --debug typical --relax --mt 2 --maxdelay -L xil_defaultlib -L simprims_ver -L secureip --snapshot tb_top_time_impl -transport_int_delays -pulse_r 0 -pulse_int_r 0 -pulse_e 0 -pulse_int_e 0 xil_defaultlib.tb_top xil_defaultlib.glbl -log elaborate.log 
Using 2 slave threads.
Starting static elaboration
Pass Through NonSizing Optimizer
Completed static elaboration
Starting simulation data flow analysis
Completed simulation data flow analysis
INFO: [XSIM 43-3451] SDF backannotation process started with SDF file "tb_top_time_impl.sdf", for root module "tb_top/dut".
INFO: [XSIM 43-3452] SDF backannotation was successful for SDF file "tb_top_time_impl.sdf", for root module "tb_top/dut".
Time Resolution for simulation is 1ps
Compiling module simprims_ver.LUT4
Compiling module simprims_ver.LUT6
Compiling module simprims_ver.x_lut2_mux4
Compiling module simprims_ver.LUT2
Compiling module simprims_ver.FDCE_default
Compiling module simprims_ver.LUT5
Compiling module simprims_ver.CARRY8
Compiling module simprims_ver.x_lut3_mux8
Compiling module simprims_ver.LUT3
Compiling module simprims_ver.x_lut1_mux2
Compiling module simprims_ver.LUT1
Compiling module xil_defaultlib.AddressGenerator
Compiling module simprims_ver.FDPE(IS_PRE_INVERTED=1'b1)
Compiling module simprims_ver.OBUF
Compiling module simprims_ver.RAMB18E2(CLOCK_DOMAINS="COMMON",...
Compiling module xil_defaultlib.blk_mem_gen_0
Compiling module xil_defaultlib.barret_10
Compiling module xil_defaultlib.barret_11
Compiling module xil_defaultlib.barret_12
Compiling module xil_defaultlib.BoothDecode_14
Compiling module xil_defaultlib.BoothDecode_15
Compiling module xil_defaultlib.BoothDecode_16
Compiling module xil_defaultlib.BoothDecode_17
Compiling module xil_defaultlib.BoothDecode_18
Compiling module xil_defaultlib.BoothDecode_19
Compiling module xil_defaultlib.BoothDecode_20
Compiling module xil_defaultlib.BoothDecode_21
Compiling module simprims_ver.FDRE_default
Compiling module simprims_ver.SRL16E_default
Compiling module xil_defaultlib.mul_13
Compiling module xil_defaultlib.bu_intt
Compiling module xil_defaultlib.barret_1
Compiling module xil_defaultlib.barret_2
Compiling module xil_defaultlib.barret_3
Compiling module xil_defaultlib.BoothDecode
Compiling module xil_defaultlib.BoothDecode_4
Compiling module xil_defaultlib.BoothDecode_5
Compiling module xil_defaultlib.BoothDecode_6
Compiling module xil_defaultlib.BoothDecode_7
Compiling module xil_defaultlib.BoothDecode_8
Compiling module xil_defaultlib.BoothDecode_9
Compiling module xil_defaultlib.mul
Compiling module xil_defaultlib.bu_ntt
Compiling module simprims_ver.BUFGCE(CE_TYPE="ASYNC",SIM_DEVIC...
Compiling module simprims_ver.IBUFCTRL_default
Compiling module simprims_ver.INBUF_default
Compiling module xil_defaultlib.IBUF_UNIQ_BASE_
Compiling module simprims_ver.SRLC32E_default
Compiling module xil_defaultlib.IBUF_HD1
Compiling module xil_defaultlib.IBUF_HD2
Compiling module xil_defaultlib.IBUF_HD3
Compiling module xil_defaultlib.IBUF_HD4
Compiling module xil_defaultlib.IBUF_HD5
Compiling module xil_defaultlib.IBUF_HD6
Compiling module xil_defaultlib.IBUF_HD7
Compiling module xil_defaultlib.IBUF_HD8
Compiling module xil_defaultlib.IBUF_HD9
Compiling module xil_defaultlib.IBUF_HD10
Compiling module xil_defaultlib.IBUF_HD11
Compiling module xil_defaultlib.IBUF_HD12
Compiling module xil_defaultlib.IBUF_HD13
Compiling module xil_defaultlib.IBUF_HD14
Compiling module xil_defaultlib.IBUF_HD15
Compiling module xil_defaultlib.IBUF_HD16
Compiling module xil_defaultlib.IBUF_HD17
Compiling module xil_defaultlib.IBUF_HD18
Compiling module xil_defaultlib.IBUF_HD19
Compiling module xil_defaultlib.IBUF_HD20
Compiling module xil_defaultlib.IBUF_HD21
Compiling module xil_defaultlib.IBUF_HD22
Compiling module xil_defaultlib.IBUF_HD23
Compiling module xil_defaultlib.IBUF_HD24
Compiling module xil_defaultlib.IBUF_HD25
Compiling module xil_defaultlib.IBUF_HD26
Compiling module xil_defaultlib.IBUF_HD27
Compiling module xil_defaultlib.IBUF_HD28
Compiling module xil_defaultlib.IBUF_HD29
Compiling module xil_defaultlib.IBUF_HD30
Compiling module xil_defaultlib.IBUF_HD31
Compiling module xil_defaultlib.IBUF_HD32
Compiling module xil_defaultlib.IBUF_HD33
Compiling module xil_defaultlib.IBUF_HD34
Compiling module xil_defaultlib.barret
Compiling module xil_defaultlib.barret_0
Compiling module xil_defaultlib.normalize_output
Compiling module simprims_ver.MUXF7
Compiling module xil_defaultlib.MyBootROM
Compiling module xil_defaultlib.IBUF_HD35
Compiling module xil_defaultlib.IBUF_HD36
Compiling module xil_defaultlib.IBUF_HD37
Compiling module xil_defaultlib.top
Compiling module xil_defaultlib.tb_top
Compiling module xil_defaultlib.glbl
Built simulation snapshot tb_top_time_impl
run_program: Time (s): cpu = 00:00:02 ; elapsed = 00:01:35 . Memory (MB): peak = 4390.227 ; gain = 0.000
INFO: [USF-XSim-69] 'elaborate' step finished in '95' seconds
INFO: [USF-XSim-4] XSim::Simulate design
INFO: [USF-XSim-61] Executing 'SIMULATE' step in 'C:/Hung/Viettel/Stage2/ML-KEM/ml_kem/ml_kem.sim/sim_1/impl/timing/xsim'
INFO: [USF-XSim-98] *** Running xsim
   with args "tb_top_time_impl -key {Post-Implementation:sim_1:Timing:tb_top} -tclbatch {tb_top.tcl} -view {C:/Hung/Viettel/Stage2/ML-KEM/ml_kem/tb_top_func_impl.wcfg} -log {simulate.log}"
INFO: [USF-XSim-8] Loading simulator feature
Time resolution is 1 ps
open_wave_config C:/Hung/Viettel/Stage2/ML-KEM/ml_kem/tb_top_func_impl.wcfg
source tb_top.tcl
# set curr_wave [current_wave_config]
# if { [string length $curr_wave] == 0 } {
#   if { [llength [get_objects]] > 0} {
#     add_wave /
#     set_property needs_save false [current_wave_config]
#   } else {
#      send_msg_id Add_Wave-1 WARNING "No top level signals found. Simulator will start without a wave window. If you want to open a wave window go to 'File->New Waveform Configuration' or type 'create_wave_config' in the TCL console."
#   }
# }
# run 1000000ns
[10184000] DONE_STORE!
$finish called at time : 10264246 ps : File "C:/Hung/Viettel/Stage2/ML-KEM/NTT/tb_top.v" Line 115
run: Time (s): cpu = 00:00:07 ; elapsed = 00:02:32 . Memory (MB): peak = 4395.105 ; gain = 4.879
xsim: Time (s): cpu = 00:00:07 ; elapsed = 00:02:33 . Memory (MB): peak = 4395.105 ; gain = 4.879
INFO: [USF-XSim-96] XSim completed. Design snapshot 'tb_top_time_impl' loaded.
INFO: [USF-XSim-97] XSim simulation ran for 1000000ns
launch_simulation: Time (s): cpu = 00:00:26 ; elapsed = 00:04:14 . Memory (MB): peak = 4395.105 ; gain = 4.879
current_wave_config {tb_top_func_impl.wcfg}
tb_top_func_impl.wcfg
add_wave {{/tb_top/dut/bram_inst/ena}} {{/tb_top/dut/bram_inst/clkb}} {{/tb_top/dut/bram_inst/enb}} {{/tb_top/dut/bram_inst/web}} {{/tb_top/dut/bram_inst/addra}} {{/tb_top/dut/bram_inst/addrb}} {{/tb_top/dut/bram_inst/clka}} {{/tb_top/dut/bram_inst/dina}} {{/tb_top/dut/bram_inst/dinb}} {{/tb_top/dut/bram_inst/douta}} {{/tb_top/dut/bram_inst/doutb}} {{/tb_top/dut/bram_inst/wea}} 
save_wave_config {C:/Hung/Viettel/Stage2/ML-KEM/ml_kem/tb_top_func_impl.wcfg}
relaunch_sim
INFO: xsimkernel Simulation Memory Usage: 220460 KB (Peak: 220460 KB), Simulation CPU Usage: 150983 ms
Command: launch_simulation -step compile -simset sim_1 -mode post-implementation -type timing
INFO: [Vivado 12-12493] Simulation top is 'tb_top'
WARNING: [Vivado 12-13340] Unable to auto find GCC executables from simulator install path! (path not set)
WARNING: [Vivado 12-13277] Compiled library path does not exist: ''
INFO: [Vivado 12-5698] Checking validity of IPs in the design for the 'XSim' simulator...
INFO: [Vivado 12-5682] Launching post-implementation timing simulation in 'C:/Hung/Viettel/Stage2/ML-KEM/ml_kem/ml_kem.sim/sim_1/impl/timing/xsim'
INFO: [Vivado 12-13660] Precompiled IP simulation library mode is enabled (default). The design IP libraries will be referenced from the compiled library path. Please note that if the precompiled version of the library is not found from the path or the IP is in locked state, then the library source files for these IPs will be compiled locally as part of the compile order.
INFO: [Vivado 12-4795] Using compiled simulation libraries for IPs
INFO: [SIM-utils-51] Simulation object is 'sim_1'
INFO: [USF-XSim-2] XSim::Compile design
INFO: [USF-XSim-61] Executing 'COMPILE and ANALYZE' step in 'C:/Hung/Viettel/Stage2/ML-KEM/ml_kem/ml_kem.sim/sim_1/impl/timing/xsim'
"xvlog --incr --relax -prj tb_top_vlog.prj"
INFO: [USF-XSim-69] 'compile' step finished in '1' seconds
Command: launch_simulation -step elaborate -simset sim_1 -mode post-implementation -type timing
INFO: [Vivado 12-12493] Simulation top is 'tb_top'
WARNING: [Vivado 12-13340] Unable to auto find GCC executables from simulator install path! (path not set)
WARNING: [Vivado 12-13277] Compiled library path does not exist: ''
INFO: [Vivado 12-5698] Checking validity of IPs in the design for the 'XSim' simulator...
INFO: [Vivado 12-5682] Launching post-implementation timing simulation in 'C:/Hung/Viettel/Stage2/ML-KEM/ml_kem/ml_kem.sim/sim_1/impl/timing/xsim'
INFO: [Vivado 12-13660] Precompiled IP simulation library mode is enabled (default). The design IP libraries will be referenced from the compiled library path. Please note that if the precompiled version of the library is not found from the path or the IP is in locked state, then the library source files for these IPs will be compiled locally as part of the compile order.
INFO: [Vivado 12-4795] Using compiled simulation libraries for IPs
INFO: [SIM-utils-51] Simulation object is 'sim_1'
INFO: [USF-XSim-3] XSim::Elaborate design
INFO: [USF-XSim-61] Executing 'ELABORATE' step in 'C:/Hung/Viettel/Stage2/ML-KEM/ml_kem/ml_kem.sim/sim_1/impl/timing/xsim'
"xelab --incr --debug typical --relax --mt 2 --maxdelay -L xil_defaultlib -L simprims_ver -L secureip --snapshot tb_top_time_impl -transport_int_delays -pulse_r 0 -pulse_int_r 0 -pulse_e 0 -pulse_int_e 0 xil_defaultlib.tb_top xil_defaultlib.glbl -log elaborate.log"
Vivado Simulator v2022.2.2
Copyright 1986-1999, 2001-2022 Xilinx, Inc. All Rights Reserved.
Running: C:/Xilinx/Vivado/2022.2/bin/unwrapped/win64.o/xelab.exe --incr --debug typical --relax --mt 2 --maxdelay -L xil_defaultlib -L simprims_ver -L secureip --snapshot tb_top_time_impl -transport_int_delays -pulse_r 0 -pulse_int_r 0 -pulse_e 0 -pulse_int_e 0 xil_defaultlib.tb_top xil_defaultlib.glbl -log elaborate.log 
Using 2 slave threads.
Starting static elaboration
Pass Through NonSizing Optimizer
Completed static elaboration
INFO: [XSIM 43-4323] No Change in HDL. Linking previously generated obj files to create kernel
INFO: [USF-XSim-69] 'elaborate' step finished in '3' seconds
Time resolution is 1 ps
[10184000] DONE_STORE!
$finish called at time : 10264246 ps : File "C:/Hung/Viettel/Stage2/ML-KEM/NTT/tb_top.v" Line 115
run: Time (s): cpu = 00:00:52 ; elapsed = 00:02:33 . Memory (MB): peak = 4395.715 ; gain = 0.207
relaunch_xsim_kernel: Time (s): cpu = 00:00:52 ; elapsed = 00:02:34 . Memory (MB): peak = 4395.715 ; gain = 0.207
relaunch_sim: Time (s): cpu = 00:00:54 ; elapsed = 00:02:40 . Memory (MB): peak = 4395.715 ; gain = 0.207
save_wave_config {C:/Hung/Viettel/Stage2/ML-KEM/ml_kem/tb_top_func_impl.wcfg}
save_wave_config {C:/Hung/Viettel/Stage2/ML-KEM/ml_kem/tb_top_func_impl.wcfg}
close_sim
INFO: xsimkernel Simulation Memory Usage: 221912 KB (Peak: 221912 KB), Simulation CPU Usage: 152077 ms
INFO: [Simtcl 6-16] Simulation closed
close_sim
INFO: [Simtcl 6-16] Simulation closed
WARNING: [IP_Flow 19-4067] Ignoring invalid widget type specified checkbox.Providing a default widget
WARNING: [IP_Flow 19-4067] Ignoring invalid widget type specified checkbox.Providing a default widget
WARNING: [IP_Flow 19-4067] Ignoring invalid widget type specified checkbox.Providing a default widget
WARNING: [IP_Flow 19-4067] Ignoring invalid widget type specified checkbox.Providing a default widget
set_property -dict [list \
  CONFIG.Enable_A {Always_Enabled} \
  CONFIG.Enable_B {Always_Enabled} \
] [get_ips blk_mem_gen_0]
generate_target all [get_files  C:/Hung/Viettel/Stage2/ML-KEM/ml_kem/ml_kem.srcs/sources_1/ip/blk_mem_gen_0/blk_mem_gen_0.xci]
INFO: [IP_Flow 19-1686] Generating 'Instantiation Template' target for IP 'blk_mem_gen_0'...
INFO: [IP_Flow 19-1686] Generating 'Synthesis' target for IP 'blk_mem_gen_0'...
INFO: [IP_Flow 19-1686] Generating 'Simulation' target for IP 'blk_mem_gen_0'...
INFO: [IP_Flow 19-1686] Generating 'Miscellaneous' target for IP 'blk_mem_gen_0'...
INFO: [IP_Flow 19-1686] Generating 'Change Log' target for IP 'blk_mem_gen_0'...
export_ip_user_files -of_objects [get_files C:/Hung/Viettel/Stage2/ML-KEM/ml_kem/ml_kem.srcs/sources_1/ip/blk_mem_gen_0/blk_mem_gen_0.xci] -no_script -sync -force -quiet
export_simulation -of_objects [get_files C:/Hung/Viettel/Stage2/ML-KEM/ml_kem/ml_kem.srcs/sources_1/ip/blk_mem_gen_0/blk_mem_gen_0.xci] -directory C:/Hung/Viettel/Stage2/ML-KEM/ml_kem/ml_kem.ip_user_files/sim_scripts -ip_user_files_dir C:/Hung/Viettel/Stage2/ML-KEM/ml_kem/ml_kem.ip_user_files -ipstatic_source_dir C:/Hung/Viettel/Stage2/ML-KEM/ml_kem/ml_kem.ip_user_files/ipstatic -lib_map_path [list {modelsim=C:/Hung/Viettel/Stage2/ML-KEM/ml_kem/ml_kem.cache/compile_simlib/modelsim} {questa=C:/Hung/Viettel/Stage2/ML-KEM/ml_kem/ml_kem.cache/compile_simlib/questa} {riviera=C:/Hung/Viettel/Stage2/ML-KEM/ml_kem/ml_kem.cache/compile_simlib/riviera} {activehdl=C:/Hung/Viettel/Stage2/ML-KEM/ml_kem/ml_kem.cache/compile_simlib/activehdl}] -use_ip_compiled_libs -force -quiet
reset_run synth_1
launch_runs impl_1 -jobs 16
[Fri Aug 29 09:26:43 2025] Launched synth_1...
Run output will be captured here: C:/Hung/Viettel/Stage2/ML-KEM/ml_kem/ml_kem.runs/synth_1/runme.log
[Fri Aug 29 09:26:43 2025] Launched impl_1...
Run output will be captured here: C:/Hung/Viettel/Stage2/ML-KEM/ml_kem/ml_kem.runs/impl_1/runme.log
WARNING: [IP_Flow 19-4067] Ignoring invalid widget type specified checkbox.Providing a default widget
WARNING: [IP_Flow 19-4067] Ignoring invalid widget type specified checkbox.Providing a default widget
WARNING: [IP_Flow 19-4067] Ignoring invalid widget type specified checkbox.Providing a default widget
WARNING: [IP_Flow 19-4067] Ignoring invalid widget type specified checkbox.Providing a default widget
close_design
launch_simulation -mode post-implementation -type functional
Command: launch_simulation  -mode post-implementation -type functional
INFO: [Vivado 12-12493] Simulation top is 'tb_top'
WARNING: [Vivado 12-13340] Unable to auto find GCC executables from simulator install path! (path not set)
WARNING: [Vivado 12-13277] Compiled library path does not exist: ''
INFO: [Vivado 12-5698] Checking validity of IPs in the design for the 'XSim' simulator...
INFO: [Vivado 12-5682] Launching post-implementation functional simulation in 'C:/Hung/Viettel/Stage2/ML-KEM/ml_kem/ml_kem.sim/sim_1/impl/func/xsim'
INFO: [Vivado 12-13660] Precompiled IP simulation library mode is enabled (default). The design IP libraries will be referenced from the compiled library path. Please note that if the precompiled version of the library is not found from the path or the IP is in locked state, then the library source files for these IPs will be compiled locally as part of the compile order.
INFO: [Vivado 12-4795] Using compiled simulation libraries for IPs
INFO: [SIM-utils-51] Simulation object is 'sim_1'
INFO: [SIM-utils-72] Using boost library from 'C:/Xilinx/Vivado/2022.2/tps/boost_1_72_0'
Netlist sorting complete. Time (s): cpu = 00:00:00 ; elapsed = 00:00:00.032 . Memory (MB): peak = 4396.414 ; gain = 0.000
INFO: [Netlist 29-17] Analyzing 363 Unisim elements for replacement
INFO: [Netlist 29-28] Unisim Transformation completed in 0 CPU seconds
INFO: [Project 1-479] Netlist was created with Vivado 2022.2.2
INFO: [Project 1-570] Preparing netlist for logic optimization
INFO: [Timing 38-478] Restoring timing data from binary archive.
INFO: [Timing 38-479] Binary timing data restore complete.
INFO: [Project 1-856] Restoring constraints from binary archive.
INFO: [Project 1-853] Binary constraint restore complete.
Reading XDEF placement.
Reading placer database...
Reading XDEF routing.
Read XDEF Files: Time (s): cpu = 00:00:00 ; elapsed = 00:00:00.435 . Memory (MB): peak = 4396.414 ; gain = 0.000
Restored from archive | CPU: 0.000000 secs | Memory: 0.000000 MB |
Finished XDEF File Restore: Time (s): cpu = 00:00:00 ; elapsed = 00:00:00.439 . Memory (MB): peak = 4396.414 ; gain = 0.000
Netlist sorting complete. Time (s): cpu = 00:00:00 ; elapsed = 00:00:00.001 . Memory (MB): peak = 4396.414 ; gain = 0.000
INFO: [Project 1-111] Unisim Transformation Summary:
  A total of 38 instances were transformed.
  IBUF => IBUF (IBUFCTRL, INBUF): 38 instances

open_run: Time (s): cpu = 00:00:09 ; elapsed = 00:00:07 . Memory (MB): peak = 4396.414 ; gain = 0.000
INFO: [SIM-utils-31] Writing simulation netlist file for design 'impl_1'...
INFO: [SIM-utils-32] write_verilog -mode funcsim -nolib -force -file "C:/Hung/Viettel/Stage2/ML-KEM/ml_kem/ml_kem.sim/sim_1/impl/func/xsim/tb_top_func_impl.v"
INFO: [SIM-utils-36] Netlist generated:C:/Hung/Viettel/Stage2/ML-KEM/ml_kem/ml_kem.sim/sim_1/impl/func/xsim/tb_top_func_impl.v
INFO: [USF-XSim-7] Finding pre-compiled libraries...
INFO: [USF-XSim-11] File 'C:/Xilinx/Vivado/2022.2/data/xsim/xsim.ini' copied to run dir:'C:/Hung/Viettel/Stage2/ML-KEM/ml_kem/ml_kem.sim/sim_1/impl/func/xsim'
INFO: [SIM-utils-54] Inspecting design source files for 'tb_top' in fileset 'sim_1'...
INFO: [USF-XSim-2] XSim::Compile design
INFO: [USF-XSim-61] Executing 'COMPILE and ANALYZE' step in 'C:/Hung/Viettel/Stage2/ML-KEM/ml_kem/ml_kem.sim/sim_1/impl/func/xsim'
"xvlog --incr --relax -prj tb_top_vlog.prj"
INFO: [VRFC 10-2263] Analyzing Verilog file "C:/Hung/Viettel/Stage2/ML-KEM/ml_kem/ml_kem.sim/sim_1/impl/func/xsim/tb_top_func_impl.v" into library xil_defaultlib
INFO: [VRFC 10-311] analyzing module AddressGenerator
INFO: [VRFC 10-311] analyzing module BoothDecode
INFO: [VRFC 10-311] analyzing module BoothDecode_14
INFO: [VRFC 10-311] analyzing module BoothDecode_15
INFO: [VRFC 10-311] analyzing module BoothDecode_16
INFO: [VRFC 10-311] analyzing module BoothDecode_17
INFO: [VRFC 10-311] analyzing module BoothDecode_18
INFO: [VRFC 10-311] analyzing module BoothDecode_19
INFO: [VRFC 10-311] analyzing module BoothDecode_20
INFO: [VRFC 10-311] analyzing module BoothDecode_21
INFO: [VRFC 10-311] analyzing module BoothDecode_4
INFO: [VRFC 10-311] analyzing module BoothDecode_5
INFO: [VRFC 10-311] analyzing module BoothDecode_6
INFO: [VRFC 10-311] analyzing module BoothDecode_7
INFO: [VRFC 10-311] analyzing module BoothDecode_8
INFO: [VRFC 10-311] analyzing module BoothDecode_9
INFO: [VRFC 10-311] analyzing module MyBootROM
INFO: [VRFC 10-311] analyzing module barret
INFO: [VRFC 10-311] analyzing module barret_0
INFO: [VRFC 10-311] analyzing module barret_1
INFO: [VRFC 10-311] analyzing module barret_10
INFO: [VRFC 10-311] analyzing module barret_11
INFO: [VRFC 10-311] analyzing module barret_12
INFO: [VRFC 10-311] analyzing module barret_2
INFO: [VRFC 10-311] analyzing module barret_3
INFO: [VRFC 10-311] analyzing module blk_mem_gen_0
INFO: [VRFC 10-311] analyzing module bu_intt
INFO: [VRFC 10-311] analyzing module bu_ntt
INFO: [VRFC 10-311] analyzing module mul
INFO: [VRFC 10-311] analyzing module mul_13
INFO: [VRFC 10-311] analyzing module normalize_output
INFO: [VRFC 10-311] analyzing module top
INFO: [VRFC 10-311] analyzing module blk_mem_gen_generic_cstr
INFO: [VRFC 10-311] analyzing module blk_mem_gen_prim_width
INFO: [VRFC 10-311] analyzing module blk_mem_gen_prim_wrapper
INFO: [VRFC 10-311] analyzing module blk_mem_gen_top
INFO: [VRFC 10-311] analyzing module blk_mem_gen_v8_4_5
INFO: [VRFC 10-311] analyzing module blk_mem_gen_v8_4_5_synth
INFO: [VRFC 10-311] analyzing module glbl
INFO: [VRFC 10-2263] Analyzing Verilog file "C:/Hung/Viettel/Stage2/ML-KEM/NTT/tb_top.v" into library xil_defaultlib
INFO: [VRFC 10-311] analyzing module tb_top
INFO: [USF-XSim-69] 'compile' step finished in '3' seconds
INFO: [USF-XSim-3] XSim::Elaborate design
INFO: [USF-XSim-61] Executing 'ELABORATE' step in 'C:/Hung/Viettel/Stage2/ML-KEM/ml_kem/ml_kem.sim/sim_1/impl/func/xsim'
"xelab --incr --debug typical --relax --mt 2 -L xil_defaultlib -L unisims_ver -L secureip --snapshot tb_top_func_impl xil_defaultlib.tb_top xil_defaultlib.glbl -log elaborate.log"
Vivado Simulator v2022.2.2
Copyright 1986-1999, 2001-2022 Xilinx, Inc. All Rights Reserved.
Running: C:/Xilinx/Vivado/2022.2/bin/unwrapped/win64.o/xelab.exe --incr --debug typical --relax --mt 2 -L xil_defaultlib -L unisims_ver -L secureip --snapshot tb_top_func_impl xil_defaultlib.tb_top xil_defaultlib.glbl -log elaborate.log 
Using 2 slave threads.
Starting static elaboration
Pass Through NonSizing Optimizer
Completed static elaboration
Starting simulation data flow analysis
Completed simulation data flow analysis
Time Resolution for simulation is 1ps
Compiling module unisims_ver.LUT4
Compiling module unisims_ver.LUT6
Compiling module unisims_ver.x_lut2_mux4
Compiling module unisims_ver.LUT2
Compiling module unisims_ver.FDCE_default
Compiling module unisims_ver.LUT5
Compiling module unisims_ver.CARRY8
Compiling module unisims_ver.x_lut3_mux8
Compiling module unisims_ver.LUT3
Compiling module unisims_ver.x_lut1_mux2
Compiling module unisims_ver.LUT1
Compiling module xil_defaultlib.AddressGenerator
Compiling module unisims_ver.FDPE(IS_PRE_INVERTED=1'b1)
Compiling module unisims_ver.OBUF
Compiling module unisims_ver.RAMB18E2(CLOCK_DOMAINS="COMMON",...
Compiling module xil_defaultlib.blk_mem_gen_0
Compiling module xil_defaultlib.barret_10
Compiling module xil_defaultlib.barret_11
Compiling module xil_defaultlib.barret_12
Compiling module xil_defaultlib.BoothDecode_14
Compiling module xil_defaultlib.BoothDecode_15
Compiling module xil_defaultlib.BoothDecode_16
Compiling module xil_defaultlib.BoothDecode_17
Compiling module xil_defaultlib.BoothDecode_18
Compiling module xil_defaultlib.BoothDecode_19
Compiling module xil_defaultlib.BoothDecode_20
Compiling module xil_defaultlib.BoothDecode_21
Compiling module unisims_ver.FDRE_default
Compiling module unisims_ver.SRL16E_default
Compiling module xil_defaultlib.mul_13
Compiling module xil_defaultlib.bu_intt
Compiling module xil_defaultlib.barret_1
Compiling module xil_defaultlib.barret_2
Compiling module xil_defaultlib.barret_3
Compiling module xil_defaultlib.BoothDecode
Compiling module xil_defaultlib.BoothDecode_4
Compiling module xil_defaultlib.BoothDecode_5
Compiling module xil_defaultlib.BoothDecode_6
Compiling module xil_defaultlib.BoothDecode_7
Compiling module xil_defaultlib.BoothDecode_8
Compiling module xil_defaultlib.BoothDecode_9
Compiling module xil_defaultlib.mul
Compiling module xil_defaultlib.bu_ntt
Compiling module unisims_ver.BUFGCE(CE_TYPE="ASYNC",SIM_DEVIC...
Compiling module unisims_ver.IBUF
Compiling module unisims_ver.SRLC32E_default
Compiling module xil_defaultlib.barret
Compiling module xil_defaultlib.barret_0
Compiling module xil_defaultlib.normalize_output
Compiling module unisims_ver.MUXF7
Compiling module xil_defaultlib.MyBootROM
Compiling module xil_defaultlib.top
Compiling module xil_defaultlib.tb_top
Compiling module xil_defaultlib.glbl
Built simulation snapshot tb_top_func_impl
run_program: Time (s): cpu = 00:00:01 ; elapsed = 00:00:18 . Memory (MB): peak = 4396.414 ; gain = 0.000
INFO: [USF-XSim-69] 'elaborate' step finished in '18' seconds
INFO: [USF-XSim-4] XSim::Simulate design
INFO: [USF-XSim-61] Executing 'SIMULATE' step in 'C:/Hung/Viettel/Stage2/ML-KEM/ml_kem/ml_kem.sim/sim_1/impl/func/xsim'
INFO: [USF-XSim-98] *** Running xsim
   with args "tb_top_func_impl -key {Post-Implementation:sim_1:Functional:tb_top} -tclbatch {tb_top.tcl} -view {C:/Hung/Viettel/Stage2/ML-KEM/ml_kem/tb_top_func_impl.wcfg} -log {simulate.log}"
INFO: [USF-XSim-8] Loading simulator feature
Time resolution is 1 ps
open_wave_config C:/Hung/Viettel/Stage2/ML-KEM/ml_kem/tb_top_func_impl.wcfg
source tb_top.tcl
# set curr_wave [current_wave_config]
# if { [string length $curr_wave] == 0 } {
#   if { [llength [get_objects]] > 0} {
#     add_wave /
#     set_property needs_save false [current_wave_config]
#   } else {
#      send_msg_id Add_Wave-1 WARNING "No top level signals found. Simulator will start without a wave window. If you want to open a wave window go to 'File->New Waveform Configuration' or type 'create_wave_config' in the TCL console."
#   }
# }
# run 1000000ns
[10183000] DONE_STORE!
$finish called at time : 10262600 ps : File "C:/Hung/Viettel/Stage2/ML-KEM/NTT/tb_top.v" Line 115
run: Time (s): cpu = 00:00:04 ; elapsed = 00:00:05 . Memory (MB): peak = 4396.414 ; gain = 0.000
xsim: Time (s): cpu = 00:00:06 ; elapsed = 00:00:07 . Memory (MB): peak = 4396.414 ; gain = 0.000
INFO: [USF-XSim-96] XSim completed. Design snapshot 'tb_top_func_impl' loaded.
INFO: [USF-XSim-97] XSim simulation ran for 1000000ns
launch_simulation: Time (s): cpu = 00:00:19 ; elapsed = 00:00:36 . Memory (MB): peak = 4396.414 ; gain = 0.000
launch_simulation -mode post-implementation -type timing
Command: launch_simulation  -mode post-implementation -type timing
INFO: [Vivado 12-12493] Simulation top is 'tb_top'
WARNING: [Vivado 12-13340] Unable to auto find GCC executables from simulator install path! (path not set)
WARNING: [Vivado 12-13277] Compiled library path does not exist: ''
INFO: [Vivado 12-5698] Checking validity of IPs in the design for the 'XSim' simulator...
INFO: [Vivado 12-5682] Launching post-implementation timing simulation in 'C:/Hung/Viettel/Stage2/ML-KEM/ml_kem/ml_kem.sim/sim_1/impl/timing/xsim'
INFO: [Vivado 12-13660] Precompiled IP simulation library mode is enabled (default). The design IP libraries will be referenced from the compiled library path. Please note that if the precompiled version of the library is not found from the path or the IP is in locked state, then the library source files for these IPs will be compiled locally as part of the compile order.
INFO: [Vivado 12-4795] Using compiled simulation libraries for IPs
INFO: [SIM-utils-51] Simulation object is 'sim_1'
INFO: [SIM-utils-72] Using boost library from 'C:/Xilinx/Vivado/2022.2/tps/boost_1_72_0'
INFO: [SIM-utils-31] Writing simulation netlist file for design 'impl_1'...
INFO: [SIM-utils-32] write_verilog -mode timesim -nolib -sdf_anno true -force -file "C:/Hung/Viettel/Stage2/ML-KEM/ml_kem/ml_kem.sim/sim_1/impl/timing/xsim/tb_top_time_impl.v"
INFO: [SIM-utils-34] Writing SDF file...
INFO: [SIM-utils-35] write_sdf -mode timesim -process_corner slow -force -file "C:/Hung/Viettel/Stage2/ML-KEM/ml_kem/ml_kem.sim/sim_1/impl/timing/xsim/tb_top_time_impl.sdf"
INFO: [SIM-utils-36] Netlist generated:C:/Hung/Viettel/Stage2/ML-KEM/ml_kem/ml_kem.sim/sim_1/impl/timing/xsim/tb_top_time_impl.v
INFO: [SIM-utils-37] SDF generated:C:/Hung/Viettel/Stage2/ML-KEM/ml_kem/ml_kem.sim/sim_1/impl/timing/xsim/tb_top_time_impl.sdf
INFO: [USF-XSim-7] Finding pre-compiled libraries...
INFO: [USF-XSim-11] File 'C:/Xilinx/Vivado/2022.2/data/xsim/xsim.ini' copied to run dir:'C:/Hung/Viettel/Stage2/ML-KEM/ml_kem/ml_kem.sim/sim_1/impl/timing/xsim'
INFO: [SIM-utils-54] Inspecting design source files for 'tb_top' in fileset 'sim_1'...
INFO: [USF-XSim-2] XSim::Compile design
INFO: [USF-XSim-61] Executing 'COMPILE and ANALYZE' step in 'C:/Hung/Viettel/Stage2/ML-KEM/ml_kem/ml_kem.sim/sim_1/impl/timing/xsim'
"xvlog --incr --relax -prj tb_top_vlog.prj"
INFO: [VRFC 10-2263] Analyzing Verilog file "C:/Hung/Viettel/Stage2/ML-KEM/ml_kem/ml_kem.sim/sim_1/impl/timing/xsim/tb_top_time_impl.v" into library xil_defaultlib
INFO: [VRFC 10-311] analyzing module IBUF_UNIQ_BASE_
INFO: [VRFC 10-311] analyzing module IBUF_HD38
INFO: [VRFC 10-311] analyzing module IBUF_HD39
INFO: [VRFC 10-311] analyzing module IBUF_HD40
INFO: [VRFC 10-311] analyzing module IBUF_HD41
INFO: [VRFC 10-311] analyzing module IBUF_HD42
INFO: [VRFC 10-311] analyzing module IBUF_HD43
INFO: [VRFC 10-311] analyzing module IBUF_HD44
INFO: [VRFC 10-311] analyzing module IBUF_HD45
INFO: [VRFC 10-311] analyzing module IBUF_HD46
INFO: [VRFC 10-311] analyzing module IBUF_HD47
INFO: [VRFC 10-311] analyzing module IBUF_HD48
INFO: [VRFC 10-311] analyzing module IBUF_HD49
INFO: [VRFC 10-311] analyzing module IBUF_HD50
INFO: [VRFC 10-311] analyzing module IBUF_HD51
INFO: [VRFC 10-311] analyzing module IBUF_HD52
INFO: [VRFC 10-311] analyzing module IBUF_HD53
INFO: [VRFC 10-311] analyzing module IBUF_HD54
INFO: [VRFC 10-311] analyzing module IBUF_HD55
INFO: [VRFC 10-311] analyzing module IBUF_HD56
INFO: [VRFC 10-311] analyzing module IBUF_HD57
INFO: [VRFC 10-311] analyzing module IBUF_HD58
INFO: [VRFC 10-311] analyzing module IBUF_HD59
INFO: [VRFC 10-311] analyzing module IBUF_HD60
INFO: [VRFC 10-311] analyzing module IBUF_HD61
INFO: [VRFC 10-311] analyzing module IBUF_HD62
INFO: [VRFC 10-311] analyzing module IBUF_HD63
INFO: [VRFC 10-311] analyzing module IBUF_HD64
INFO: [VRFC 10-311] analyzing module IBUF_HD65
INFO: [VRFC 10-311] analyzing module IBUF_HD66
INFO: [VRFC 10-311] analyzing module IBUF_HD67
INFO: [VRFC 10-311] analyzing module IBUF_HD68
INFO: [VRFC 10-311] analyzing module IBUF_HD69
INFO: [VRFC 10-311] analyzing module IBUF_HD70
INFO: [VRFC 10-311] analyzing module IBUF_HD71
INFO: [VRFC 10-311] analyzing module IBUF_HD72
INFO: [VRFC 10-311] analyzing module IBUF_HD73
INFO: [VRFC 10-311] analyzing module IBUF_HD74
INFO: [VRFC 10-311] analyzing module AddressGenerator
INFO: [VRFC 10-311] analyzing module BoothDecode
INFO: [VRFC 10-311] analyzing module BoothDecode_14
INFO: [VRFC 10-311] analyzing module BoothDecode_15
INFO: [VRFC 10-311] analyzing module BoothDecode_16
INFO: [VRFC 10-311] analyzing module BoothDecode_17
INFO: [VRFC 10-311] analyzing module BoothDecode_18
INFO: [VRFC 10-311] analyzing module BoothDecode_19
INFO: [VRFC 10-311] analyzing module BoothDecode_20
INFO: [VRFC 10-311] analyzing module BoothDecode_21
INFO: [VRFC 10-311] analyzing module BoothDecode_4
INFO: [VRFC 10-311] analyzing module BoothDecode_5
INFO: [VRFC 10-311] analyzing module BoothDecode_6
INFO: [VRFC 10-311] analyzing module BoothDecode_7
INFO: [VRFC 10-311] analyzing module BoothDecode_8
INFO: [VRFC 10-311] analyzing module BoothDecode_9
INFO: [VRFC 10-311] analyzing module MyBootROM
INFO: [VRFC 10-311] analyzing module barret
INFO: [VRFC 10-311] analyzing module barret_0
INFO: [VRFC 10-311] analyzing module barret_1
INFO: [VRFC 10-311] analyzing module barret_10
INFO: [VRFC 10-311] analyzing module barret_11
INFO: [VRFC 10-311] analyzing module barret_12
INFO: [VRFC 10-311] analyzing module barret_2
INFO: [VRFC 10-311] analyzing module barret_3
INFO: [VRFC 10-311] analyzing module blk_mem_gen_0
INFO: [VRFC 10-311] analyzing module bu_intt
INFO: [VRFC 10-311] analyzing module bu_ntt
INFO: [VRFC 10-311] analyzing module mul
INFO: [VRFC 10-311] analyzing module mul_13
INFO: [VRFC 10-311] analyzing module normalize_output
INFO: [VRFC 10-311] analyzing module top
INFO: [VRFC 10-311] analyzing module blk_mem_gen_generic_cstr
INFO: [VRFC 10-311] analyzing module blk_mem_gen_prim_width
INFO: [VRFC 10-311] analyzing module blk_mem_gen_prim_wrapper
INFO: [VRFC 10-311] analyzing module blk_mem_gen_top
INFO: [VRFC 10-311] analyzing module blk_mem_gen_v8_4_5
INFO: [VRFC 10-311] analyzing module blk_mem_gen_v8_4_5_synth
INFO: [VRFC 10-311] analyzing module glbl
INFO: [VRFC 10-2263] Analyzing Verilog file "C:/Hung/Viettel/Stage2/ML-KEM/NTT/tb_top.v" into library xil_defaultlib
INFO: [VRFC 10-311] analyzing module tb_top
INFO: [USF-XSim-69] 'compile' step finished in '3' seconds
INFO: [USF-XSim-3] XSim::Elaborate design
INFO: [USF-XSim-61] Executing 'ELABORATE' step in 'C:/Hung/Viettel/Stage2/ML-KEM/ml_kem/ml_kem.sim/sim_1/impl/timing/xsim'
"xelab --incr --debug typical --relax --mt 2 --maxdelay -L xil_defaultlib -L simprims_ver -L secureip --snapshot tb_top_time_impl -transport_int_delays -pulse_r 0 -pulse_int_r 0 -pulse_e 0 -pulse_int_e 0 xil_defaultlib.tb_top xil_defaultlib.glbl -log elaborate.log"
Vivado Simulator v2022.2.2
Copyright 1986-1999, 2001-2022 Xilinx, Inc. All Rights Reserved.
Running: C:/Xilinx/Vivado/2022.2/bin/unwrapped/win64.o/xelab.exe --incr --debug typical --relax --mt 2 --maxdelay -L xil_defaultlib -L simprims_ver -L secureip --snapshot tb_top_time_impl -transport_int_delays -pulse_r 0 -pulse_int_r 0 -pulse_e 0 -pulse_int_e 0 xil_defaultlib.tb_top xil_defaultlib.glbl -log elaborate.log 
Using 2 slave threads.
Starting static elaboration
Pass Through NonSizing Optimizer
Completed static elaboration
Starting simulation data flow analysis
Completed simulation data flow analysis
INFO: [XSIM 43-3451] SDF backannotation process started with SDF file "tb_top_time_impl.sdf", for root module "tb_top/dut".
INFO: [XSIM 43-3452] SDF backannotation was successful for SDF file "tb_top_time_impl.sdf", for root module "tb_top/dut".
Time Resolution for simulation is 1ps
Compiling module simprims_ver.LUT4
Compiling module simprims_ver.LUT6
Compiling module simprims_ver.x_lut2_mux4
Compiling module simprims_ver.LUT2
Compiling module simprims_ver.FDCE_default
Compiling module simprims_ver.LUT5
Compiling module simprims_ver.CARRY8
Compiling module simprims_ver.x_lut3_mux8
Compiling module simprims_ver.LUT3
Compiling module simprims_ver.x_lut1_mux2
Compiling module simprims_ver.LUT1
Compiling module xil_defaultlib.AddressGenerator
Compiling module simprims_ver.FDPE(IS_PRE_INVERTED=1'b1)
Compiling module simprims_ver.OBUF
Compiling module simprims_ver.RAMB18E2(CLOCK_DOMAINS="COMMON",...
Compiling module xil_defaultlib.blk_mem_gen_0
Compiling module xil_defaultlib.barret_10
Compiling module xil_defaultlib.barret_11
Compiling module xil_defaultlib.barret_12
Compiling module xil_defaultlib.BoothDecode_14
Compiling module xil_defaultlib.BoothDecode_15
Compiling module xil_defaultlib.BoothDecode_16
Compiling module xil_defaultlib.BoothDecode_17
Compiling module xil_defaultlib.BoothDecode_18
Compiling module xil_defaultlib.BoothDecode_19
Compiling module xil_defaultlib.BoothDecode_20
Compiling module xil_defaultlib.BoothDecode_21
Compiling module simprims_ver.FDRE_default
Compiling module simprims_ver.SRL16E_default
Compiling module xil_defaultlib.mul_13
Compiling module xil_defaultlib.bu_intt
Compiling module xil_defaultlib.barret_1
Compiling module xil_defaultlib.barret_2
Compiling module xil_defaultlib.barret_3
Compiling module xil_defaultlib.BoothDecode
Compiling module xil_defaultlib.BoothDecode_4
Compiling module xil_defaultlib.BoothDecode_5
Compiling module xil_defaultlib.BoothDecode_6
Compiling module xil_defaultlib.BoothDecode_7
Compiling module xil_defaultlib.BoothDecode_8
Compiling module xil_defaultlib.BoothDecode_9
Compiling module xil_defaultlib.mul
Compiling module xil_defaultlib.bu_ntt
Compiling module simprims_ver.BUFGCE(CE_TYPE="ASYNC",SIM_DEVIC...
Compiling module simprims_ver.IBUFCTRL_default
Compiling module simprims_ver.INBUF_default
Compiling module xil_defaultlib.IBUF_UNIQ_BASE_
Compiling module simprims_ver.SRLC32E_default
Compiling module xil_defaultlib.IBUF_HD38
Compiling module xil_defaultlib.IBUF_HD39
Compiling module xil_defaultlib.IBUF_HD40
Compiling module xil_defaultlib.IBUF_HD41
Compiling module xil_defaultlib.IBUF_HD42
Compiling module xil_defaultlib.IBUF_HD43
Compiling module xil_defaultlib.IBUF_HD44
Compiling module xil_defaultlib.IBUF_HD45
Compiling module xil_defaultlib.IBUF_HD46
Compiling module xil_defaultlib.IBUF_HD47
Compiling module xil_defaultlib.IBUF_HD48
Compiling module xil_defaultlib.IBUF_HD49
Compiling module xil_defaultlib.IBUF_HD50
Compiling module xil_defaultlib.IBUF_HD51
Compiling module xil_defaultlib.IBUF_HD52
Compiling module xil_defaultlib.IBUF_HD53
Compiling module xil_defaultlib.IBUF_HD54
Compiling module xil_defaultlib.IBUF_HD55
Compiling module xil_defaultlib.IBUF_HD56
Compiling module xil_defaultlib.IBUF_HD57
Compiling module xil_defaultlib.IBUF_HD58
Compiling module xil_defaultlib.IBUF_HD59
Compiling module xil_defaultlib.IBUF_HD60
Compiling module xil_defaultlib.IBUF_HD61
Compiling module xil_defaultlib.IBUF_HD62
Compiling module xil_defaultlib.IBUF_HD63
Compiling module xil_defaultlib.IBUF_HD64
Compiling module xil_defaultlib.IBUF_HD65
Compiling module xil_defaultlib.IBUF_HD66
Compiling module xil_defaultlib.IBUF_HD67
Compiling module xil_defaultlib.IBUF_HD68
Compiling module xil_defaultlib.IBUF_HD69
Compiling module xil_defaultlib.IBUF_HD70
Compiling module xil_defaultlib.IBUF_HD71
Compiling module xil_defaultlib.barret
Compiling module xil_defaultlib.barret_0
Compiling module xil_defaultlib.normalize_output
Compiling module simprims_ver.MUXF7
Compiling module xil_defaultlib.MyBootROM
Compiling module xil_defaultlib.IBUF_HD72
Compiling module xil_defaultlib.IBUF_HD73
Compiling module xil_defaultlib.IBUF_HD74
Compiling module xil_defaultlib.top
Compiling module xil_defaultlib.tb_top
Compiling module xil_defaultlib.glbl
Built simulation snapshot tb_top_time_impl
run_program: Time (s): cpu = 00:00:03 ; elapsed = 00:01:36 . Memory (MB): peak = 4844.648 ; gain = 448.234
INFO: [USF-XSim-69] 'elaborate' step finished in '95' seconds
INFO: [USF-XSim-4] XSim::Simulate design
INFO: [USF-XSim-61] Executing 'SIMULATE' step in 'C:/Hung/Viettel/Stage2/ML-KEM/ml_kem/ml_kem.sim/sim_1/impl/timing/xsim'
INFO: [USF-XSim-98] *** Running xsim
   with args "tb_top_time_impl -key {Post-Implementation:sim_1:Timing:tb_top} -tclbatch {tb_top.tcl} -view {C:/Hung/Viettel/Stage2/ML-KEM/ml_kem/tb_top_func_impl.wcfg} -log {simulate.log}"
INFO: [USF-XSim-8] Loading simulator feature
Time resolution is 1 ps
open_wave_config C:/Hung/Viettel/Stage2/ML-KEM/ml_kem/tb_top_func_impl.wcfg
source tb_top.tcl
# set curr_wave [current_wave_config]
# if { [string length $curr_wave] == 0 } {
#   if { [llength [get_objects]] > 0} {
#     add_wave /
#     set_property needs_save false [current_wave_config]
#   } else {
#      send_msg_id Add_Wave-1 WARNING "No top level signals found. Simulator will start without a wave window. If you want to open a wave window go to 'File->New Waveform Configuration' or type 'create_wave_config' in the TCL console."
#   }
# }
# run 1000000ns
[10184000] DONE_STORE!
$finish called at time : 10264246 ps : File "C:/Hung/Viettel/Stage2/ML-KEM/NTT/tb_top.v" Line 115
run: Time (s): cpu = 00:00:59 ; elapsed = 00:02:34 . Memory (MB): peak = 4892.035 ; gain = 36.879
xsim: Time (s): cpu = 00:00:59 ; elapsed = 00:02:35 . Memory (MB): peak = 4892.035 ; gain = 47.387
INFO: [USF-XSim-96] XSim completed. Design snapshot 'tb_top_time_impl' loaded.
INFO: [USF-XSim-97] XSim simulation ran for 1000000ns
launch_simulation: Time (s): cpu = 00:01:18 ; elapsed = 00:04:16 . Memory (MB): peak = 4892.035 ; gain = 495.621
current_wave_config {tb_top_func_impl.wcfg}
tb_top_func_impl.wcfg
add_wave {{/tb_top/dut/bram_inst/clkb}} {{/tb_top/dut/bram_inst/web}} {{/tb_top/dut/bram_inst/addra}} {{/tb_top/dut/bram_inst/addrb}} {{/tb_top/dut/bram_inst/clka}} {{/tb_top/dut/bram_inst/dina}} {{/tb_top/dut/bram_inst/dinb}} {{/tb_top/dut/bram_inst/douta}} {{/tb_top/dut/bram_inst/doutb}} {{/tb_top/dut/bram_inst/wea}} 
save_wave_config {C:/Hung/Viettel/Stage2/ML-KEM/ml_kem/tb_top_func_impl.wcfg}
relaunch_sim
INFO: xsimkernel Simulation Memory Usage: 221780 KB (Peak: 221780 KB), Simulation CPU Usage: 152515 ms
Command: launch_simulation -step compile -simset sim_1 -mode post-implementation -type timing
INFO: [Vivado 12-12493] Simulation top is 'tb_top'
WARNING: [Vivado 12-13340] Unable to auto find GCC executables from simulator install path! (path not set)
WARNING: [Vivado 12-13277] Compiled library path does not exist: ''
INFO: [Vivado 12-5698] Checking validity of IPs in the design for the 'XSim' simulator...
INFO: [Vivado 12-5682] Launching post-implementation timing simulation in 'C:/Hung/Viettel/Stage2/ML-KEM/ml_kem/ml_kem.sim/sim_1/impl/timing/xsim'
INFO: [Vivado 12-13660] Precompiled IP simulation library mode is enabled (default). The design IP libraries will be referenced from the compiled library path. Please note that if the precompiled version of the library is not found from the path or the IP is in locked state, then the library source files for these IPs will be compiled locally as part of the compile order.
INFO: [Vivado 12-4795] Using compiled simulation libraries for IPs
INFO: [SIM-utils-51] Simulation object is 'sim_1'
INFO: [USF-XSim-2] XSim::Compile design
INFO: [USF-XSim-61] Executing 'COMPILE and ANALYZE' step in 'C:/Hung/Viettel/Stage2/ML-KEM/ml_kem/ml_kem.sim/sim_1/impl/timing/xsim'
"xvlog --incr --relax -prj tb_top_vlog.prj"
INFO: [USF-XSim-69] 'compile' step finished in '1' seconds
Command: launch_simulation -step elaborate -simset sim_1 -mode post-implementation -type timing
INFO: [Vivado 12-12493] Simulation top is 'tb_top'
WARNING: [Vivado 12-13340] Unable to auto find GCC executables from simulator install path! (path not set)
WARNING: [Vivado 12-13277] Compiled library path does not exist: ''
INFO: [Vivado 12-5698] Checking validity of IPs in the design for the 'XSim' simulator...
INFO: [Vivado 12-5682] Launching post-implementation timing simulation in 'C:/Hung/Viettel/Stage2/ML-KEM/ml_kem/ml_kem.sim/sim_1/impl/timing/xsim'
INFO: [Vivado 12-13660] Precompiled IP simulation library mode is enabled (default). The design IP libraries will be referenced from the compiled library path. Please note that if the precompiled version of the library is not found from the path or the IP is in locked state, then the library source files for these IPs will be compiled locally as part of the compile order.
INFO: [Vivado 12-4795] Using compiled simulation libraries for IPs
INFO: [SIM-utils-51] Simulation object is 'sim_1'
INFO: [USF-XSim-3] XSim::Elaborate design
INFO: [USF-XSim-61] Executing 'ELABORATE' step in 'C:/Hung/Viettel/Stage2/ML-KEM/ml_kem/ml_kem.sim/sim_1/impl/timing/xsim'
"xelab --incr --debug typical --relax --mt 2 --maxdelay -L xil_defaultlib -L simprims_ver -L secureip --snapshot tb_top_time_impl -transport_int_delays -pulse_r 0 -pulse_int_r 0 -pulse_e 0 -pulse_int_e 0 xil_defaultlib.tb_top xil_defaultlib.glbl -log elaborate.log"
Vivado Simulator v2022.2.2
Copyright 1986-1999, 2001-2022 Xilinx, Inc. All Rights Reserved.
Running: C:/Xilinx/Vivado/2022.2/bin/unwrapped/win64.o/xelab.exe --incr --debug typical --relax --mt 2 --maxdelay -L xil_defaultlib -L simprims_ver -L secureip --snapshot tb_top_time_impl -transport_int_delays -pulse_r 0 -pulse_int_r 0 -pulse_e 0 -pulse_int_e 0 xil_defaultlib.tb_top xil_defaultlib.glbl -log elaborate.log 
Using 2 slave threads.
Starting static elaboration
Pass Through NonSizing Optimizer
Completed static elaboration
INFO: [XSIM 43-4323] No Change in HDL. Linking previously generated obj files to create kernel
INFO: [USF-XSim-69] 'elaborate' step finished in '3' seconds
Time resolution is 1 ps
[10184000] DONE_STORE!
$finish called at time : 10264246 ps : File "C:/Hung/Viettel/Stage2/ML-KEM/NTT/tb_top.v" Line 115
run: Time (s): cpu = 00:00:54 ; elapsed = 00:02:35 . Memory (MB): peak = 4892.035 ; gain = 0.000
relaunch_xsim_kernel: Time (s): cpu = 00:00:55 ; elapsed = 00:02:36 . Memory (MB): peak = 4892.035 ; gain = 0.000
relaunch_sim: Time (s): cpu = 00:00:56 ; elapsed = 00:02:42 . Memory (MB): peak = 4892.035 ; gain = 0.000
close_sim
INFO: xsimkernel Simulation Memory Usage: 221812 KB (Peak: 221812 KB), Simulation CPU Usage: 154000 ms
INFO: [Simtcl 6-16] Simulation closed
close_sim
INFO: [Simtcl 6-16] Simulation closed
WARNING: [filemgmt 56-199] Attempt to get parsing info during refresh. "On-the-fly" syntax checking information may be incorrect. [C:\Hung\Viettel\Stage2\ML-KEM\NTT\top.v:]
WARNING: [filemgmt 56-199] Attempt to get parsing info during refresh. "On-the-fly" syntax checking information may be incorrect. [C:\Hung\Viettel\Stage2\ML-KEM\NTT\tb_top.v:]
ERROR: [Common 17-180] Spawn failed: No error
set_property STEPS.SYNTH_DESIGN.ARGS.FLATTEN_HIERARCHY full [get_runs synth_1]
reset_run synth_1
launch_runs impl_1 -jobs 16
[Fri Aug 29 10:05:06 2025] Launched synth_1...
Run output will be captured here: C:/Hung/Viettel/Stage2/ML-KEM/ml_kem/ml_kem.runs/synth_1/runme.log
[Fri Aug 29 10:05:06 2025] Launched impl_1...
Run output will be captured here: C:/Hung/Viettel/Stage2/ML-KEM/ml_kem/ml_kem.runs/impl_1/runme.log
close_design
launch_simulation -mode post-implementation -type functional
Command: launch_simulation  -mode post-implementation -type functional
INFO: [Vivado 12-12493] Simulation top is 'tb_top'
WARNING: [Vivado 12-13340] Unable to auto find GCC executables from simulator install path! (path not set)
WARNING: [Vivado 12-13277] Compiled library path does not exist: ''
INFO: [Vivado 12-5698] Checking validity of IPs in the design for the 'XSim' simulator...
INFO: [Vivado 12-5682] Launching post-implementation functional simulation in 'C:/Hung/Viettel/Stage2/ML-KEM/ml_kem/ml_kem.sim/sim_1/impl/func/xsim'
INFO: [Vivado 12-13660] Precompiled IP simulation library mode is enabled (default). The design IP libraries will be referenced from the compiled library path. Please note that if the precompiled version of the library is not found from the path or the IP is in locked state, then the library source files for these IPs will be compiled locally as part of the compile order.
INFO: [Vivado 12-4795] Using compiled simulation libraries for IPs
INFO: [SIM-utils-51] Simulation object is 'sim_1'
INFO: [SIM-utils-72] Using boost library from 'C:/Xilinx/Vivado/2022.2/tps/boost_1_72_0'
Netlist sorting complete. Time (s): cpu = 00:00:00 ; elapsed = 00:00:00.021 . Memory (MB): peak = 4892.035 ; gain = 0.000
INFO: [Netlist 29-17] Analyzing 363 Unisim elements for replacement
INFO: [Netlist 29-28] Unisim Transformation completed in 0 CPU seconds
WARNING: [Netlist 29-101] Netlist 'top' is not ideal for floorplanning, since the cellview 'top' contains a large number of primitives.  Please consider enabling hierarchy in synthesis if you want to do floorplanning.
INFO: [Project 1-479] Netlist was created with Vivado 2022.2.2
INFO: [Project 1-570] Preparing netlist for logic optimization
INFO: [Timing 38-478] Restoring timing data from binary archive.
INFO: [Timing 38-479] Binary timing data restore complete.
INFO: [Project 1-856] Restoring constraints from binary archive.
INFO: [Project 1-853] Binary constraint restore complete.
Reading XDEF placement.
Reading placer database...
Reading XDEF routing.
Read XDEF Files: Time (s): cpu = 00:00:01 ; elapsed = 00:00:00.359 . Memory (MB): peak = 4892.035 ; gain = 0.000
Restored from archive | CPU: 1.000000 secs | Memory: 0.000000 MB |
Finished XDEF File Restore: Time (s): cpu = 00:00:01 ; elapsed = 00:00:00.365 . Memory (MB): peak = 4892.035 ; gain = 0.000
Netlist sorting complete. Time (s): cpu = 00:00:00 ; elapsed = 00:00:00.001 . Memory (MB): peak = 4892.035 ; gain = 0.000
INFO: [Project 1-111] Unisim Transformation Summary:
  A total of 38 instances were transformed.
  IBUF => IBUF (IBUFCTRL, INBUF): 38 instances

open_run: Time (s): cpu = 00:00:10 ; elapsed = 00:00:07 . Memory (MB): peak = 4892.035 ; gain = 0.000
INFO: [SIM-utils-31] Writing simulation netlist file for design 'impl_1'...
INFO: [SIM-utils-32] write_verilog -mode funcsim -nolib -force -file "C:/Hung/Viettel/Stage2/ML-KEM/ml_kem/ml_kem.sim/sim_1/impl/func/xsim/tb_top_func_impl.v"
INFO: [SIM-utils-36] Netlist generated:C:/Hung/Viettel/Stage2/ML-KEM/ml_kem/ml_kem.sim/sim_1/impl/func/xsim/tb_top_func_impl.v
INFO: [USF-XSim-7] Finding pre-compiled libraries...
INFO: [USF-XSim-11] File 'C:/Xilinx/Vivado/2022.2/data/xsim/xsim.ini' copied to run dir:'C:/Hung/Viettel/Stage2/ML-KEM/ml_kem/ml_kem.sim/sim_1/impl/func/xsim'
INFO: [SIM-utils-54] Inspecting design source files for 'tb_top' in fileset 'sim_1'...
INFO: [USF-XSim-2] XSim::Compile design
INFO: [USF-XSim-61] Executing 'COMPILE and ANALYZE' step in 'C:/Hung/Viettel/Stage2/ML-KEM/ml_kem/ml_kem.sim/sim_1/impl/func/xsim'
"xvlog --incr --relax -prj tb_top_vlog.prj"
INFO: [VRFC 10-2263] Analyzing Verilog file "C:/Hung/Viettel/Stage2/ML-KEM/ml_kem/ml_kem.sim/sim_1/impl/func/xsim/tb_top_func_impl.v" into library xil_defaultlib
INFO: [VRFC 10-311] analyzing module blk_mem_gen_0
INFO: [VRFC 10-311] analyzing module top
INFO: [VRFC 10-311] analyzing module blk_mem_gen_v8_4_5
INFO: [VRFC 10-311] analyzing module glbl
INFO: [VRFC 10-2263] Analyzing Verilog file "C:/Hung/Viettel/Stage2/ML-KEM/NTT/tb_top.v" into library xil_defaultlib
INFO: [VRFC 10-311] analyzing module tb_top
INFO: [USF-XSim-69] 'compile' step finished in '2' seconds
INFO: [USF-XSim-3] XSim::Elaborate design
INFO: [USF-XSim-61] Executing 'ELABORATE' step in 'C:/Hung/Viettel/Stage2/ML-KEM/ml_kem/ml_kem.sim/sim_1/impl/func/xsim'
"xelab --incr --debug typical --relax --mt 2 -L xil_defaultlib -L unisims_ver -L secureip --snapshot tb_top_func_impl xil_defaultlib.tb_top xil_defaultlib.glbl -log elaborate.log"
Vivado Simulator v2022.2.2
Copyright 1986-1999, 2001-2022 Xilinx, Inc. All Rights Reserved.
Running: C:/Xilinx/Vivado/2022.2/bin/unwrapped/win64.o/xelab.exe --incr --debug typical --relax --mt 2 -L xil_defaultlib -L unisims_ver -L secureip --snapshot tb_top_func_impl xil_defaultlib.tb_top xil_defaultlib.glbl -log elaborate.log 
Using 2 slave threads.
Starting static elaboration
Pass Through NonSizing Optimizer
Completed static elaboration
Starting simulation data flow analysis
Completed simulation data flow analysis
Time Resolution for simulation is 1ps
Compiling module unisims_ver.FDCE_default
Compiling module unisims_ver.x_lut2_mux4
Compiling module unisims_ver.LUT2
Compiling module unisims_ver.CARRY8
Compiling module unisims_ver.x_lut3_mux8
Compiling module unisims_ver.LUT3
Compiling module unisims_ver.x_lut1_mux2
Compiling module unisims_ver.LUT1
Compiling module unisims_ver.LUT6
Compiling module unisims_ver.LUT5
Compiling module unisims_ver.LUT4
Compiling module unisims_ver.FDPE(IS_PRE_INVERTED=1'b1)
Compiling module unisims_ver.OBUF
Compiling module unisims_ver.RAMB18E2(CLOCK_DOMAINS="COMMON",...
Compiling module xil_defaultlib.blk_mem_gen_0
Compiling module unisims_ver.FDRE_default
Compiling module unisims_ver.SRL16E_default
Compiling module unisims_ver.BUFGCE(CE_TYPE="ASYNC",SIM_DEVIC...
Compiling module unisims_ver.IBUF
Compiling module unisims_ver.SRLC32E_default
Compiling module unisims_ver.MUXF7
Compiling module xil_defaultlib.top
Compiling module xil_defaultlib.tb_top
Compiling module xil_defaultlib.glbl
Built simulation snapshot tb_top_func_impl
run_program: Time (s): cpu = 00:00:01 ; elapsed = 00:00:17 . Memory (MB): peak = 4892.035 ; gain = 0.000
INFO: [USF-XSim-69] 'elaborate' step finished in '17' seconds
INFO: [USF-XSim-4] XSim::Simulate design
INFO: [USF-XSim-61] Executing 'SIMULATE' step in 'C:/Hung/Viettel/Stage2/ML-KEM/ml_kem/ml_kem.sim/sim_1/impl/func/xsim'
INFO: [USF-XSim-98] *** Running xsim
   with args "tb_top_func_impl -key {Post-Implementation:sim_1:Functional:tb_top} -tclbatch {tb_top.tcl} -view {C:/Hung/Viettel/Stage2/ML-KEM/ml_kem/tb_top_func_impl.wcfg} -log {simulate.log}"
INFO: [USF-XSim-8] Loading simulator feature
Time resolution is 1 ps
open_wave_config C:/Hung/Viettel/Stage2/ML-KEM/ml_kem/tb_top_func_impl.wcfg
source tb_top.tcl
# set curr_wave [current_wave_config]
# if { [string length $curr_wave] == 0 } {
#   if { [llength [get_objects]] > 0} {
#     add_wave /
#     set_property needs_save false [current_wave_config]
#   } else {
#      send_msg_id Add_Wave-1 WARNING "No top level signals found. Simulator will start without a wave window. If you want to open a wave window go to 'File->New Waveform Configuration' or type 'create_wave_config' in the TCL console."
#   }
# }
# run 1000000ns
[10183000] DONE_STORE!
$finish called at time : 10262600 ps : File "C:/Hung/Viettel/Stage2/ML-KEM/NTT/tb_top.v" Line 115
xsim: Time (s): cpu = 00:00:04 ; elapsed = 00:00:06 . Memory (MB): peak = 4892.035 ; gain = 0.000
INFO: [USF-XSim-96] XSim completed. Design snapshot 'tb_top_func_impl' loaded.
INFO: [USF-XSim-97] XSim simulation ran for 1000000ns
launch_simulation: Time (s): cpu = 00:00:17 ; elapsed = 00:00:32 . Memory (MB): peak = 4892.035 ; gain = 0.000
save_wave_config {C:/Hung/Viettel/Stage2/ML-KEM/ml_kem/tb_top_func_impl.wcfg}
launch_simulation -mode post-implementation -type timing
Command: launch_simulation  -mode post-implementation -type timing
INFO: [Vivado 12-12493] Simulation top is 'tb_top'
WARNING: [Vivado 12-13340] Unable to auto find GCC executables from simulator install path! (path not set)
WARNING: [Vivado 12-13277] Compiled library path does not exist: ''
INFO: [Vivado 12-5698] Checking validity of IPs in the design for the 'XSim' simulator...
INFO: [Vivado 12-5682] Launching post-implementation timing simulation in 'C:/Hung/Viettel/Stage2/ML-KEM/ml_kem/ml_kem.sim/sim_1/impl/timing/xsim'
INFO: [Vivado 12-13660] Precompiled IP simulation library mode is enabled (default). The design IP libraries will be referenced from the compiled library path. Please note that if the precompiled version of the library is not found from the path or the IP is in locked state, then the library source files for these IPs will be compiled locally as part of the compile order.
INFO: [Vivado 12-4795] Using compiled simulation libraries for IPs
INFO: [SIM-utils-51] Simulation object is 'sim_1'
INFO: [SIM-utils-72] Using boost library from 'C:/Xilinx/Vivado/2022.2/tps/boost_1_72_0'
INFO: [SIM-utils-31] Writing simulation netlist file for design 'impl_1'...
INFO: [SIM-utils-32] write_verilog -mode timesim -nolib -sdf_anno true -force -file "C:/Hung/Viettel/Stage2/ML-KEM/ml_kem/ml_kem.sim/sim_1/impl/timing/xsim/tb_top_time_impl.v"
INFO: [SIM-utils-34] Writing SDF file...
INFO: [SIM-utils-35] write_sdf -mode timesim -process_corner slow -force -file "C:/Hung/Viettel/Stage2/ML-KEM/ml_kem/ml_kem.sim/sim_1/impl/timing/xsim/tb_top_time_impl.sdf"
INFO: [SIM-utils-36] Netlist generated:C:/Hung/Viettel/Stage2/ML-KEM/ml_kem/ml_kem.sim/sim_1/impl/timing/xsim/tb_top_time_impl.v
INFO: [SIM-utils-37] SDF generated:C:/Hung/Viettel/Stage2/ML-KEM/ml_kem/ml_kem.sim/sim_1/impl/timing/xsim/tb_top_time_impl.sdf
INFO: [USF-XSim-7] Finding pre-compiled libraries...
INFO: [USF-XSim-11] File 'C:/Xilinx/Vivado/2022.2/data/xsim/xsim.ini' copied to run dir:'C:/Hung/Viettel/Stage2/ML-KEM/ml_kem/ml_kem.sim/sim_1/impl/timing/xsim'
INFO: [SIM-utils-54] Inspecting design source files for 'tb_top' in fileset 'sim_1'...
INFO: [USF-XSim-2] XSim::Compile design
INFO: [USF-XSim-61] Executing 'COMPILE and ANALYZE' step in 'C:/Hung/Viettel/Stage2/ML-KEM/ml_kem/ml_kem.sim/sim_1/impl/timing/xsim'
"xvlog --incr --relax -prj tb_top_vlog.prj"
INFO: [VRFC 10-2263] Analyzing Verilog file "C:/Hung/Viettel/Stage2/ML-KEM/ml_kem/ml_kem.sim/sim_1/impl/timing/xsim/tb_top_time_impl.v" into library xil_defaultlib
INFO: [VRFC 10-311] analyzing module IBUF_UNIQ_BASE_
INFO: [VRFC 10-311] analyzing module IBUF_HD100
INFO: [VRFC 10-311] analyzing module IBUF_HD101
INFO: [VRFC 10-311] analyzing module IBUF_HD102
INFO: [VRFC 10-311] analyzing module IBUF_HD103
INFO: [VRFC 10-311] analyzing module IBUF_HD104
INFO: [VRFC 10-311] analyzing module IBUF_HD105
INFO: [VRFC 10-311] analyzing module IBUF_HD106
INFO: [VRFC 10-311] analyzing module IBUF_HD107
INFO: [VRFC 10-311] analyzing module IBUF_HD108
INFO: [VRFC 10-311] analyzing module IBUF_HD109
INFO: [VRFC 10-311] analyzing module IBUF_HD110
INFO: [VRFC 10-311] analyzing module IBUF_HD111
INFO: [VRFC 10-311] analyzing module IBUF_HD75
INFO: [VRFC 10-311] analyzing module IBUF_HD76
INFO: [VRFC 10-311] analyzing module IBUF_HD77
INFO: [VRFC 10-311] analyzing module IBUF_HD78
INFO: [VRFC 10-311] analyzing module IBUF_HD79
INFO: [VRFC 10-311] analyzing module IBUF_HD80
INFO: [VRFC 10-311] analyzing module IBUF_HD81
INFO: [VRFC 10-311] analyzing module IBUF_HD82
INFO: [VRFC 10-311] analyzing module IBUF_HD83
INFO: [VRFC 10-311] analyzing module IBUF_HD84
INFO: [VRFC 10-311] analyzing module IBUF_HD85
INFO: [VRFC 10-311] analyzing module IBUF_HD86
INFO: [VRFC 10-311] analyzing module IBUF_HD87
INFO: [VRFC 10-311] analyzing module IBUF_HD88
INFO: [VRFC 10-311] analyzing module IBUF_HD89
INFO: [VRFC 10-311] analyzing module IBUF_HD90
INFO: [VRFC 10-311] analyzing module IBUF_HD91
INFO: [VRFC 10-311] analyzing module IBUF_HD92
INFO: [VRFC 10-311] analyzing module IBUF_HD93
INFO: [VRFC 10-311] analyzing module IBUF_HD94
INFO: [VRFC 10-311] analyzing module IBUF_HD95
INFO: [VRFC 10-311] analyzing module IBUF_HD96
INFO: [VRFC 10-311] analyzing module IBUF_HD97
INFO: [VRFC 10-311] analyzing module IBUF_HD98
INFO: [VRFC 10-311] analyzing module IBUF_HD99
INFO: [VRFC 10-311] analyzing module blk_mem_gen_0
INFO: [VRFC 10-311] analyzing module top
INFO: [VRFC 10-311] analyzing module blk_mem_gen_v8_4_5
INFO: [VRFC 10-311] analyzing module glbl
INFO: [VRFC 10-2263] Analyzing Verilog file "C:/Hung/Viettel/Stage2/ML-KEM/NTT/tb_top.v" into library xil_defaultlib
INFO: [VRFC 10-311] analyzing module tb_top
INFO: [USF-XSim-69] 'compile' step finished in '2' seconds
INFO: [USF-XSim-3] XSim::Elaborate design
INFO: [USF-XSim-61] Executing 'ELABORATE' step in 'C:/Hung/Viettel/Stage2/ML-KEM/ml_kem/ml_kem.sim/sim_1/impl/timing/xsim'
"xelab --incr --debug typical --relax --mt 2 --maxdelay -L xil_defaultlib -L simprims_ver -L secureip --snapshot tb_top_time_impl -transport_int_delays -pulse_r 0 -pulse_int_r 0 -pulse_e 0 -pulse_int_e 0 xil_defaultlib.tb_top xil_defaultlib.glbl -log elaborate.log"
Vivado Simulator v2022.2.2
Copyright 1986-1999, 2001-2022 Xilinx, Inc. All Rights Reserved.
Running: C:/Xilinx/Vivado/2022.2/bin/unwrapped/win64.o/xelab.exe --incr --debug typical --relax --mt 2 --maxdelay -L xil_defaultlib -L simprims_ver -L secureip --snapshot tb_top_time_impl -transport_int_delays -pulse_r 0 -pulse_int_r 0 -pulse_e 0 -pulse_int_e 0 xil_defaultlib.tb_top xil_defaultlib.glbl -log elaborate.log 
Using 2 slave threads.
Starting static elaboration
Pass Through NonSizing Optimizer
Completed static elaboration
Starting simulation data flow analysis
Completed simulation data flow analysis
INFO: [XSIM 43-3451] SDF backannotation process started with SDF file "tb_top_time_impl.sdf", for root module "tb_top/dut".
INFO: [XSIM 43-3452] SDF backannotation was successful for SDF file "tb_top_time_impl.sdf", for root module "tb_top/dut".
Time Resolution for simulation is 1ps
Compiling module simprims_ver.FDCE_default
Compiling module simprims_ver.x_lut2_mux4
Compiling module simprims_ver.LUT2
Compiling module simprims_ver.CARRY8
Compiling module simprims_ver.x_lut3_mux8
Compiling module simprims_ver.LUT3
Compiling module simprims_ver.x_lut1_mux2
Compiling module simprims_ver.LUT1
Compiling module simprims_ver.LUT6
Compiling module simprims_ver.LUT5
Compiling module simprims_ver.LUT4
Compiling module simprims_ver.FDPE(IS_PRE_INVERTED=1'b1)
Compiling module simprims_ver.OBUF
Compiling module simprims_ver.RAMB18E2(CLOCK_DOMAINS="COMMON",...
Compiling module xil_defaultlib.blk_mem_gen_0
Compiling module simprims_ver.FDRE_default
Compiling module simprims_ver.SRL16E_default
Compiling module simprims_ver.BUFGCE(CE_TYPE="ASYNC",SIM_DEVIC...
Compiling module simprims_ver.IBUFCTRL_default
Compiling module simprims_ver.INBUF_default
Compiling module xil_defaultlib.IBUF_UNIQ_BASE_
Compiling module simprims_ver.SRLC32E_default
Compiling module xil_defaultlib.IBUF_HD75
Compiling module xil_defaultlib.IBUF_HD76
Compiling module xil_defaultlib.IBUF_HD77
Compiling module xil_defaultlib.IBUF_HD78
Compiling module xil_defaultlib.IBUF_HD79
Compiling module xil_defaultlib.IBUF_HD80
Compiling module xil_defaultlib.IBUF_HD81
Compiling module xil_defaultlib.IBUF_HD82
Compiling module xil_defaultlib.IBUF_HD83
Compiling module xil_defaultlib.IBUF_HD84
Compiling module xil_defaultlib.IBUF_HD85
Compiling module xil_defaultlib.IBUF_HD86
Compiling module xil_defaultlib.IBUF_HD87
Compiling module xil_defaultlib.IBUF_HD88
Compiling module xil_defaultlib.IBUF_HD89
Compiling module xil_defaultlib.IBUF_HD90
Compiling module xil_defaultlib.IBUF_HD91
Compiling module xil_defaultlib.IBUF_HD92
Compiling module xil_defaultlib.IBUF_HD93
Compiling module xil_defaultlib.IBUF_HD94
Compiling module xil_defaultlib.IBUF_HD95
Compiling module xil_defaultlib.IBUF_HD96
Compiling module xil_defaultlib.IBUF_HD97
Compiling module xil_defaultlib.IBUF_HD98
Compiling module xil_defaultlib.IBUF_HD99
Compiling module xil_defaultlib.IBUF_HD100
Compiling module xil_defaultlib.IBUF_HD101
Compiling module xil_defaultlib.IBUF_HD102
Compiling module xil_defaultlib.IBUF_HD103
Compiling module xil_defaultlib.IBUF_HD104
Compiling module xil_defaultlib.IBUF_HD105
Compiling module xil_defaultlib.IBUF_HD106
Compiling module xil_defaultlib.IBUF_HD107
Compiling module xil_defaultlib.IBUF_HD108
Compiling module simprims_ver.MUXF7
Compiling module xil_defaultlib.IBUF_HD109
Compiling module xil_defaultlib.IBUF_HD110
Compiling module xil_defaultlib.IBUF_HD111
Compiling module xil_defaultlib.top
Compiling module xil_defaultlib.tb_top
Compiling module xil_defaultlib.glbl
Built simulation snapshot tb_top_time_impl
run_program: Time (s): cpu = 00:00:01 ; elapsed = 00:00:57 . Memory (MB): peak = 4892.035 ; gain = 0.000
INFO: [USF-XSim-69] 'elaborate' step finished in '57' seconds
INFO: [USF-XSim-4] XSim::Simulate design
INFO: [USF-XSim-61] Executing 'SIMULATE' step in 'C:/Hung/Viettel/Stage2/ML-KEM/ml_kem/ml_kem.sim/sim_1/impl/timing/xsim'
INFO: [USF-XSim-98] *** Running xsim
   with args "tb_top_time_impl -key {Post-Implementation:sim_1:Timing:tb_top} -tclbatch {tb_top.tcl} -view {C:/Hung/Viettel/Stage2/ML-KEM/ml_kem/tb_top_func_impl.wcfg} -log {simulate.log}"
INFO: [USF-XSim-8] Loading simulator feature
Time resolution is 1 ps
open_wave_config C:/Hung/Viettel/Stage2/ML-KEM/ml_kem/tb_top_func_impl.wcfg
source tb_top.tcl
# set curr_wave [current_wave_config]
# if { [string length $curr_wave] == 0 } {
#   if { [llength [get_objects]] > 0} {
#     add_wave /
#     set_property needs_save false [current_wave_config]
#   } else {
#      send_msg_id Add_Wave-1 WARNING "No top level signals found. Simulator will start without a wave window. If you want to open a wave window go to 'File->New Waveform Configuration' or type 'create_wave_config' in the TCL console."
#   }
# }
# run 1000000ns
WARNING: "C:/Xilinx/Vivado/2022.2/data/verilog/src/unisims/FDCE.v" Line 170: Timing violation in scope /tb_top/dut/baddr_b_reg[3]/TChk170_18107 at time 1184675 ps $setuphold (posedge C,posedge D,(0:0:0),(0:0:0),notifier,in_clk_enable_p,in_clk_enable_p,C_dly,D_dly) 
WARNING: "C:/Xilinx/Vivado/2022.2/data/verilog/src/unisims/FDCE.v" Line 168: Timing violation in scope /tb_top/dut/baddr_b_reg[3]/TChk168_18105 at time 1264675 ps $setuphold (posedge C,negedge D,(0:0:0),(0:0:0),notifier,in_clk_enable_p,in_clk_enable_p,C_dly,D_dly) 
WARNING: "C:/Xilinx/Vivado/2022.2/data/verilog/src/unisims/FDCE.v" Line 170: Timing violation in scope /tb_top/dut/baddr_b_reg[3]/TChk170_18107 at time 1344675 ps $setuphold (posedge C,posedge D,(0:0:0),(0:0:0),notifier,in_clk_enable_p,in_clk_enable_p,C_dly,D_dly) 
WARNING: "C:/Xilinx/Vivado/2022.2/data/verilog/src/unisims/FDCE.v" Line 168: Timing violation in scope /tb_top/dut/baddr_b_reg[3]/TChk168_18105 at time 1424675 ps $setuphold (posedge C,negedge D,(0:0:0),(0:0:0),notifier,in_clk_enable_p,in_clk_enable_p,C_dly,D_dly) 
WARNING: "C:/Xilinx/Vivado/2022.2/data/verilog/src/unisims/FDCE.v" Line 170: Timing violation in scope /tb_top/dut/baddr_b_reg[3]/TChk170_18107 at time 1504675 ps $setuphold (posedge C,posedge D,(0:0:0),(0:0:0),notifier,in_clk_enable_p,in_clk_enable_p,C_dly,D_dly) 
WARNING: "C:/Xilinx/Vivado/2022.2/data/verilog/src/unisims/FDCE.v" Line 168: Timing violation in scope /tb_top/dut/baddr_b_reg[3]/TChk168_18105 at time 1584675 ps $setuphold (posedge C,negedge D,(0:0:0),(0:0:0),notifier,in_clk_enable_p,in_clk_enable_p,C_dly,D_dly) 
WARNING: "C:/Xilinx/Vivado/2022.2/data/verilog/src/unisims/FDCE.v" Line 170: Timing violation in scope /tb_top/dut/baddr_b_reg[3]/TChk170_18107 at time 1664675 ps $setuphold (posedge C,posedge D,(0:0:0),(0:0:0),notifier,in_clk_enable_p,in_clk_enable_p,C_dly,D_dly) 
WARNING: "C:/Xilinx/Vivado/2022.2/data/verilog/src/unisims/FDCE.v" Line 170: Timing violation in scope /tb_top/dut/baddr_b_reg[6]_lopt_replica/TChk170_18107 at time 1744657 ps $setuphold (posedge C,posedge D,(0:0:0),(0:0:0),notifier,in_clk_enable_p,in_clk_enable_p,C_dly,D_dly) 
WARNING: "C:/Xilinx/Vivado/2022.2/data/verilog/src/unisims/FDCE.v" Line 168: Timing violation in scope /tb_top/dut/baddr_b_reg[3]/TChk168_18105 at time 1744675 ps $setuphold (posedge C,negedge D,(0:0:0),(0:0:0),notifier,in_clk_enable_p,in_clk_enable_p,C_dly,D_dly) 
WARNING: "C:/Xilinx/Vivado/2022.2/data/verilog/src/unisims/FDCE.v" Line 170: Timing violation in scope /tb_top/dut/baddr_b_reg[3]/TChk170_18107 at time 1824675 ps $setuphold (posedge C,posedge D,(0:0:0),(0:0:0),notifier,in_clk_enable_p,in_clk_enable_p,C_dly,D_dly) 
WARNING: "C:/Xilinx/Vivado/2022.2/data/verilog/src/unisims/FDCE.v" Line 168: Timing violation in scope /tb_top/dut/baddr_b_reg[3]/TChk168_18105 at time 1904675 ps $setuphold (posedge C,negedge D,(0:0:0),(0:0:0),notifier,in_clk_enable_p,in_clk_enable_p,C_dly,D_dly) 
WARNING: "C:/Xilinx/Vivado/2022.2/data/verilog/src/unisims/FDCE.v" Line 170: Timing violation in scope /tb_top/dut/baddr_b_reg[3]/TChk170_18107 at time 1984675 ps $setuphold (posedge C,posedge D,(0:0:0),(0:0:0),notifier,in_clk_enable_p,in_clk_enable_p,C_dly,D_dly) 
WARNING: "C:/Xilinx/Vivado/2022.2/data/verilog/src/unisims/FDCE.v" Line 168: Timing violation in scope /tb_top/dut/baddr_b_reg[3]/TChk168_18105 at time 2064675 ps $setuphold (posedge C,negedge D,(0:0:0),(0:0:0),notifier,in_clk_enable_p,in_clk_enable_p,C_dly,D_dly) 
WARNING: "C:/Xilinx/Vivado/2022.2/data/verilog/src/unisims/FDCE.v" Line 170: Timing violation in scope /tb_top/dut/baddr_b_reg[3]/TChk170_18107 at time 2144675 ps $setuphold (posedge C,posedge D,(0:0:0),(0:0:0),notifier,in_clk_enable_p,in_clk_enable_p,C_dly,D_dly) 
WARNING: "C:/Xilinx/Vivado/2022.2/data/verilog/src/unisims/FDCE.v" Line 168: Timing violation in scope /tb_top/dut/baddr_b_reg[3]/TChk168_18105 at time 2224675 ps $setuphold (posedge C,negedge D,(0:0:0),(0:0:0),notifier,in_clk_enable_p,in_clk_enable_p,C_dly,D_dly) 
WARNING: "C:/Xilinx/Vivado/2022.2/data/verilog/src/unisims/FDCE.v" Line 170: Timing violation in scope /tb_top/dut/baddr_b_reg[3]/TChk170_18107 at time 2304675 ps $setuphold (posedge C,posedge D,(0:0:0),(0:0:0),notifier,in_clk_enable_p,in_clk_enable_p,C_dly,D_dly) 
WARNING: "C:/Xilinx/Vivado/2022.2/data/verilog/src/unisims/FDCE.v" Line 168: Timing violation in scope /tb_top/dut/baddr_b_reg[7]_lopt_replica/TChk168_18105 at time 2384646 ps $setuphold (posedge C,negedge D,(0:0:0),(0:0:0),notifier,in_clk_enable_p,in_clk_enable_p,C_dly,D_dly) 
WARNING: "C:/Xilinx/Vivado/2022.2/data/verilog/src/unisims/FDCE.v" Line 170: Timing violation in scope /tb_top/dut/baddr_b_reg[6]_lopt_replica/TChk170_18107 at time 2384657 ps $setuphold (posedge C,posedge D,(0:0:0),(0:0:0),notifier,in_clk_enable_p,in_clk_enable_p,C_dly,D_dly) 
WARNING: "C:/Xilinx/Vivado/2022.2/data/verilog/src/unisims/FDCE.v" Line 170: Timing violation in scope /tb_top/dut/baddr_b_reg[7]_lopt_replica/TChk170_18107 at time 2384666 ps $setuphold (posedge C,posedge D,(0:0:0),(0:0:0),notifier,in_clk_enable_p,in_clk_enable_p,C_dly,D_dly) 
WARNING: "C:/Xilinx/Vivado/2022.2/data/verilog/src/unisims/FDCE.v" Line 168: Timing violation in scope /tb_top/dut/baddr_b_reg[3]/TChk168_18105 at time 2384675 ps $setuphold (posedge C,negedge D,(0:0:0),(0:0:0),notifier,in_clk_enable_p,in_clk_enable_p,C_dly,D_dly) 
WARNING: "C:/Xilinx/Vivado/2022.2/data/verilog/src/unisims/FDCE.v" Line 170: Timing violation in scope /tb_top/dut/baddr_b_reg[3]/TChk170_18107 at time 2464675 ps $setuphold (posedge C,posedge D,(0:0:0),(0:0:0),notifier,in_clk_enable_p,in_clk_enable_p,C_dly,D_dly) 
WARNING: "C:/Xilinx/Vivado/2022.2/data/verilog/src/unisims/FDCE.v" Line 168: Timing violation in scope /tb_top/dut/baddr_b_reg[3]/TChk168_18105 at time 2544675 ps $setuphold (posedge C,negedge D,(0:0:0),(0:0:0),notifier,in_clk_enable_p,in_clk_enable_p,C_dly,D_dly) 
WARNING: "C:/Xilinx/Vivado/2022.2/data/verilog/src/unisims/FDCE.v" Line 170: Timing violation in scope /tb_top/dut/baddr_b_reg[3]/TChk170_18107 at time 2624675 ps $setuphold (posedge C,posedge D,(0:0:0),(0:0:0),notifier,in_clk_enable_p,in_clk_enable_p,C_dly,D_dly) 
WARNING: "C:/Xilinx/Vivado/2022.2/data/verilog/src/unisims/FDCE.v" Line 168: Timing violation in scope /tb_top/dut/baddr_b_reg[3]/TChk168_18105 at time 2704675 ps $setuphold (posedge C,negedge D,(0:0:0),(0:0:0),notifier,in_clk_enable_p,in_clk_enable_p,C_dly,D_dly) 
WARNING: "C:/Xilinx/Vivado/2022.2/data/verilog/src/unisims/FDCE.v" Line 170: Timing violation in scope /tb_top/dut/baddr_b_reg[3]/TChk170_18107 at time 2784675 ps $setuphold (posedge C,posedge D,(0:0:0),(0:0:0),notifier,in_clk_enable_p,in_clk_enable_p,C_dly,D_dly) 
WARNING: "C:/Xilinx/Vivado/2022.2/data/verilog/src/unisims/FDCE.v" Line 168: Timing violation in scope /tb_top/dut/baddr_b_reg[3]/TChk168_18105 at time 2864675 ps $setuphold (posedge C,negedge D,(0:0:0),(0:0:0),notifier,in_clk_enable_p,in_clk_enable_p,C_dly,D_dly) 
WARNING: "C:/Xilinx/Vivado/2022.2/data/verilog/src/unisims/FDCE.v" Line 170: Timing violation in scope /tb_top/dut/baddr_b_reg[3]/TChk170_18107 at time 2944675 ps $setuphold (posedge C,posedge D,(0:0:0),(0:0:0),notifier,in_clk_enable_p,in_clk_enable_p,C_dly,D_dly) 
WARNING: "C:/Xilinx/Vivado/2022.2/data/verilog/src/unisims/FDCE.v" Line 168: Timing violation in scope /tb_top/dut/baddr_b_reg[3]/TChk168_18105 at time 3024675 ps $setuphold (posedge C,negedge D,(0:0:0),(0:0:0),notifier,in_clk_enable_p,in_clk_enable_p,C_dly,D_dly) 
WARNING: "C:/Xilinx/Vivado/2022.2/data/verilog/src/unisims/FDCE.v" Line 170: Timing violation in scope /tb_top/dut/baddr_b_reg[3]/TChk170_18107 at time 3104675 ps $setuphold (posedge C,posedge D,(0:0:0),(0:0:0),notifier,in_clk_enable_p,in_clk_enable_p,C_dly,D_dly) 
WARNING: "C:/Xilinx/Vivado/2022.2/data/verilog/src/unisims/FDCE.v" Line 168: Timing violation in scope /tb_top/dut/baddr_b_reg[3]/TChk168_18105 at time 3184675 ps $setuphold (posedge C,negedge D,(0:0:0),(0:0:0),notifier,in_clk_enable_p,in_clk_enable_p,C_dly,D_dly) 
WARNING: "C:/Xilinx/Vivado/2022.2/data/verilog/src/unisims/FDCE.v" Line 170: Timing violation in scope /tb_top/dut/baddr_b_reg[3]/TChk170_18107 at time 3264675 ps $setuphold (posedge C,posedge D,(0:0:0),(0:0:0),notifier,in_clk_enable_p,in_clk_enable_p,C_dly,D_dly) 
WARNING: "C:/Xilinx/Vivado/2022.2/data/verilog/src/unisims/FDCE.v" Line 168: Timing violation in scope /tb_top/dut/baddr_b_reg[3]/TChk168_18105 at time 3344675 ps $setuphold (posedge C,negedge D,(0:0:0),(0:0:0),notifier,in_clk_enable_p,in_clk_enable_p,C_dly,D_dly) 
WARNING: "C:/Xilinx/Vivado/2022.2/data/verilog/src/unisims/FDCE.v" Line 170: Timing violation in scope /tb_top/dut/baddr_b_reg[3]/TChk170_18107 at time 3424675 ps $setuphold (posedge C,posedge D,(0:0:0),(0:0:0),notifier,in_clk_enable_p,in_clk_enable_p,C_dly,D_dly) 
WARNING: "C:/Xilinx/Vivado/2022.2/data/verilog/src/unisims/FDCE.v" Line 168: Timing violation in scope /tb_top/dut/baddr_b_reg[3]/TChk168_18105 at time 3504675 ps $setuphold (posedge C,negedge D,(0:0:0),(0:0:0),notifier,in_clk_enable_p,in_clk_enable_p,C_dly,D_dly) 
WARNING: "C:/Xilinx/Vivado/2022.2/data/verilog/src/unisims/FDCE.v" Line 170: Timing violation in scope /tb_top/dut/baddr_b_reg[3]/TChk170_18107 at time 3584675 ps $setuphold (posedge C,posedge D,(0:0:0),(0:0:0),notifier,in_clk_enable_p,in_clk_enable_p,C_dly,D_dly) 
WARNING: "C:/Xilinx/Vivado/2022.2/data/verilog/src/unisims/FDCE.v" Line 170: Timing violation in scope /tb_top/dut/baddr_b_reg[7]_lopt_replica/TChk170_18107 at time 3664646 ps $setuphold (posedge C,posedge D,(0:0:0),(0:0:0),notifier,in_clk_enable_p,in_clk_enable_p,C_dly,D_dly) 
WARNING: "C:/Xilinx/Vivado/2022.2/data/verilog/src/unisims/FDCE.v" Line 168: Timing violation in scope /tb_top/dut/baddr_b_reg[3]/TChk168_18105 at time 3664675 ps $setuphold (posedge C,negedge D,(0:0:0),(0:0:0),notifier,in_clk_enable_p,in_clk_enable_p,C_dly,D_dly) 
WARNING: "C:/Xilinx/Vivado/2022.2/data/verilog/src/unisims/FDCE.v" Line 170: Timing violation in scope /tb_top/dut/baddr_b_reg[3]/TChk170_18107 at time 3744675 ps $setuphold (posedge C,posedge D,(0:0:0),(0:0:0),notifier,in_clk_enable_p,in_clk_enable_p,C_dly,D_dly) 
WARNING: "C:/Xilinx/Vivado/2022.2/data/verilog/src/unisims/FDCE.v" Line 168: Timing violation in scope /tb_top/dut/baddr_b_reg[3]/TChk168_18105 at time 3824675 ps $setuphold (posedge C,negedge D,(0:0:0),(0:0:0),notifier,in_clk_enable_p,in_clk_enable_p,C_dly,D_dly) 
WARNING: "C:/Xilinx/Vivado/2022.2/data/verilog/src/unisims/FDCE.v" Line 170: Timing violation in scope /tb_top/dut/baddr_b_reg[3]/TChk170_18107 at time 3904675 ps $setuphold (posedge C,posedge D,(0:0:0),(0:0:0),notifier,in_clk_enable_p,in_clk_enable_p,C_dly,D_dly) 
WARNING: "C:/Xilinx/Vivado/2022.2/data/verilog/src/unisims/FDCE.v" Line 170: Timing violation in scope /tb_top/dut/baddr_b_reg[6]_lopt_replica/TChk170_18107 at time 3984657 ps $setuphold (posedge C,posedge D,(0:0:0),(0:0:0),notifier,in_clk_enable_p,in_clk_enable_p,C_dly,D_dly) 
WARNING: "C:/Xilinx/Vivado/2022.2/data/verilog/src/unisims/FDCE.v" Line 168: Timing violation in scope /tb_top/dut/baddr_b_reg[3]/TChk168_18105 at time 3984675 ps $setuphold (posedge C,negedge D,(0:0:0),(0:0:0),notifier,in_clk_enable_p,in_clk_enable_p,C_dly,D_dly) 
WARNING: "C:/Xilinx/Vivado/2022.2/data/verilog/src/unisims/FDCE.v" Line 170: Timing violation in scope /tb_top/dut/baddr_b_reg[3]/TChk170_18107 at time 4064675 ps $setuphold (posedge C,posedge D,(0:0:0),(0:0:0),notifier,in_clk_enable_p,in_clk_enable_p,C_dly,D_dly) 
WARNING: "C:/Xilinx/Vivado/2022.2/data/verilog/src/unisims/FDCE.v" Line 168: Timing violation in scope /tb_top/dut/baddr_b_reg[3]/TChk168_18105 at time 4144675 ps $setuphold (posedge C,negedge D,(0:0:0),(0:0:0),notifier,in_clk_enable_p,in_clk_enable_p,C_dly,D_dly) 
WARNING: "C:/Xilinx/Vivado/2022.2/data/verilog/src/unisims/FDCE.v" Line 170: Timing violation in scope /tb_top/dut/baddr_b_reg[3]/TChk170_18107 at time 4224675 ps $setuphold (posedge C,posedge D,(0:0:0),(0:0:0),notifier,in_clk_enable_p,in_clk_enable_p,C_dly,D_dly) 
WARNING: "C:/Xilinx/Vivado/2022.2/data/verilog/src/unisims/FDCE.v" Line 168: Timing violation in scope /tb_top/dut/baddr_b_reg[6]_lopt_replica/TChk168_18105 at time 4304657 ps $setuphold (posedge C,negedge D,(0:0:0),(0:0:0),notifier,in_clk_enable_p,in_clk_enable_p,C_dly,D_dly) 
WARNING: "C:/Xilinx/Vivado/2022.2/data/verilog/src/unisims/FDCE.v" Line 168: Timing violation in scope /tb_top/dut/baddr_b_reg[3]/TChk168_18105 at time 4304675 ps $setuphold (posedge C,negedge D,(0:0:0),(0:0:0),notifier,in_clk_enable_p,in_clk_enable_p,C_dly,D_dly) 
WARNING: "C:/Xilinx/Vivado/2022.2/data/verilog/src/unisims/FDCE.v" Line 170: Timing violation in scope /tb_top/dut/baddr_b_reg[3]/TChk170_18107 at time 4384675 ps $setuphold (posedge C,posedge D,(0:0:0),(0:0:0),notifier,in_clk_enable_p,in_clk_enable_p,C_dly,D_dly) 
WARNING: "C:/Xilinx/Vivado/2022.2/data/verilog/src/unisims/FDCE.v" Line 168: Timing violation in scope /tb_top/dut/baddr_b_reg[3]/TChk168_18105 at time 4464675 ps $setuphold (posedge C,negedge D,(0:0:0),(0:0:0),notifier,in_clk_enable_p,in_clk_enable_p,C_dly,D_dly) 
WARNING: "C:/Xilinx/Vivado/2022.2/data/verilog/src/unisims/FDCE.v" Line 170: Timing violation in scope /tb_top/dut/baddr_b_reg[3]/TChk170_18107 at time 4544675 ps $setuphold (posedge C,posedge D,(0:0:0),(0:0:0),notifier,in_clk_enable_p,in_clk_enable_p,C_dly,D_dly) 
WARNING: "C:/Xilinx/Vivado/2022.2/data/verilog/src/unisims/FDCE.v" Line 170: Timing violation in scope /tb_top/dut/baddr_b_reg[6]_lopt_replica/TChk170_18107 at time 4624657 ps $setuphold (posedge C,posedge D,(0:0:0),(0:0:0),notifier,in_clk_enable_p,in_clk_enable_p,C_dly,D_dly) 
WARNING: "C:/Xilinx/Vivado/2022.2/data/verilog/src/unisims/FDCE.v" Line 168: Timing violation in scope /tb_top/dut/baddr_b_reg[3]/TChk168_18105 at time 4624675 ps $setuphold (posedge C,negedge D,(0:0:0),(0:0:0),notifier,in_clk_enable_p,in_clk_enable_p,C_dly,D_dly) 
WARNING: "C:/Xilinx/Vivado/2022.2/data/verilog/src/unisims/FDCE.v" Line 170: Timing violation in scope /tb_top/dut/baddr_b_reg[3]/TChk170_18107 at time 4704675 ps $setuphold (posedge C,posedge D,(0:0:0),(0:0:0),notifier,in_clk_enable_p,in_clk_enable_p,C_dly,D_dly) 
WARNING: "C:/Xilinx/Vivado/2022.2/data/verilog/src/unisims/FDCE.v" Line 168: Timing violation in scope /tb_top/dut/baddr_b_reg[3]/TChk168_18105 at time 4784675 ps $setuphold (posedge C,negedge D,(0:0:0),(0:0:0),notifier,in_clk_enable_p,in_clk_enable_p,C_dly,D_dly) 
WARNING: "C:/Xilinx/Vivado/2022.2/data/verilog/src/unisims/FDCE.v" Line 170: Timing violation in scope /tb_top/dut/baddr_b_reg[3]/TChk170_18107 at time 4864675 ps $setuphold (posedge C,posedge D,(0:0:0),(0:0:0),notifier,in_clk_enable_p,in_clk_enable_p,C_dly,D_dly) 
WARNING: "C:/Xilinx/Vivado/2022.2/data/verilog/src/unisims/FDCE.v" Line 168: Timing violation in scope /tb_top/dut/baddr_b_reg[6]_lopt_replica/TChk168_18105 at time 4944657 ps $setuphold (posedge C,negedge D,(0:0:0),(0:0:0),notifier,in_clk_enable_p,in_clk_enable_p,C_dly,D_dly) 
WARNING: "C:/Xilinx/Vivado/2022.2/data/verilog/src/unisims/FDCE.v" Line 168: Timing violation in scope /tb_top/dut/baddr_b_reg[3]/TChk168_18105 at time 4944675 ps $setuphold (posedge C,negedge D,(0:0:0),(0:0:0),notifier,in_clk_enable_p,in_clk_enable_p,C_dly,D_dly) 
WARNING: "C:/Xilinx/Vivado/2022.2/data/verilog/src/unisims/FDCE.v" Line 170: Timing violation in scope /tb_top/dut/baddr_b_reg[3]/TChk170_18107 at time 5024675 ps $setuphold (posedge C,posedge D,(0:0:0),(0:0:0),notifier,in_clk_enable_p,in_clk_enable_p,C_dly,D_dly) 
WARNING: "C:/Xilinx/Vivado/2022.2/data/verilog/src/unisims/FDCE.v" Line 168: Timing violation in scope /tb_top/dut/baddr_b_reg[3]/TChk168_18105 at time 5104675 ps $setuphold (posedge C,negedge D,(0:0:0),(0:0:0),notifier,in_clk_enable_p,in_clk_enable_p,C_dly,D_dly) 
WARNING: "C:/Xilinx/Vivado/2022.2/data/verilog/src/unisims/FDCE.v" Line 170: Timing violation in scope /tb_top/dut/baddr_b_reg[3]/TChk170_18107 at time 5184675 ps $setuphold (posedge C,posedge D,(0:0:0),(0:0:0),notifier,in_clk_enable_p,in_clk_enable_p,C_dly,D_dly) 
WARNING: "C:/Xilinx/Vivado/2022.2/data/verilog/src/unisims/FDCE.v" Line 170: Timing violation in scope /tb_top/dut/baddr_b_reg[6]_lopt_replica/TChk170_18107 at time 5264657 ps $setuphold (posedge C,posedge D,(0:0:0),(0:0:0),notifier,in_clk_enable_p,in_clk_enable_p,C_dly,D_dly) 
WARNING: "C:/Xilinx/Vivado/2022.2/data/verilog/src/unisims/FDCE.v" Line 168: Timing violation in scope /tb_top/dut/baddr_b_reg[3]/TChk168_18105 at time 5264675 ps $setuphold (posedge C,negedge D,(0:0:0),(0:0:0),notifier,in_clk_enable_p,in_clk_enable_p,C_dly,D_dly) 
WARNING: "C:/Xilinx/Vivado/2022.2/data/verilog/src/unisims/FDCE.v" Line 170: Timing violation in scope /tb_top/dut/baddr_b_reg[3]/TChk170_18107 at time 5344675 ps $setuphold (posedge C,posedge D,(0:0:0),(0:0:0),notifier,in_clk_enable_p,in_clk_enable_p,C_dly,D_dly) 
WARNING: "C:/Xilinx/Vivado/2022.2/data/verilog/src/unisims/FDCE.v" Line 168: Timing violation in scope /tb_top/dut/baddr_b_reg[3]/TChk168_18105 at time 5424675 ps $setuphold (posedge C,negedge D,(0:0:0),(0:0:0),notifier,in_clk_enable_p,in_clk_enable_p,C_dly,D_dly) 
WARNING: "C:/Xilinx/Vivado/2022.2/data/verilog/src/unisims/FDCE.v" Line 170: Timing violation in scope /tb_top/dut/baddr_b_reg[3]/TChk170_18107 at time 5504675 ps $setuphold (posedge C,posedge D,(0:0:0),(0:0:0),notifier,in_clk_enable_p,in_clk_enable_p,C_dly,D_dly) 
WARNING: "C:/Xilinx/Vivado/2022.2/data/verilog/src/unisims/FDCE.v" Line 168: Timing violation in scope /tb_top/dut/baddr_b_reg[6]_lopt_replica/TChk168_18105 at time 5584657 ps $setuphold (posedge C,negedge D,(0:0:0),(0:0:0),notifier,in_clk_enable_p,in_clk_enable_p,C_dly,D_dly) 
WARNING: "C:/Xilinx/Vivado/2022.2/data/verilog/src/unisims/FDCE.v" Line 168: Timing violation in scope /tb_top/dut/baddr_b_reg[3]/TChk168_18105 at time 5584675 ps $setuphold (posedge C,negedge D,(0:0:0),(0:0:0),notifier,in_clk_enable_p,in_clk_enable_p,C_dly,D_dly) 
WARNING: "C:/Xilinx/Vivado/2022.2/data/verilog/src/unisims/FDCE.v" Line 170: Timing violation in scope /tb_top/dut/baddr_b_reg[3]/TChk170_18107 at time 5664675 ps $setuphold (posedge C,posedge D,(0:0:0),(0:0:0),notifier,in_clk_enable_p,in_clk_enable_p,C_dly,D_dly) 
WARNING: "C:/Xilinx/Vivado/2022.2/data/verilog/src/unisims/FDCE.v" Line 168: Timing violation in scope /tb_top/dut/baddr_b_reg[3]/TChk168_18105 at time 5744675 ps $setuphold (posedge C,negedge D,(0:0:0),(0:0:0),notifier,in_clk_enable_p,in_clk_enable_p,C_dly,D_dly) 
WARNING: "C:/Xilinx/Vivado/2022.2/data/verilog/src/unisims/FDCE.v" Line 170: Timing violation in scope /tb_top/dut/baddr_b_reg[3]/TChk170_18107 at time 5824675 ps $setuphold (posedge C,posedge D,(0:0:0),(0:0:0),notifier,in_clk_enable_p,in_clk_enable_p,C_dly,D_dly) 
WARNING: "C:/Xilinx/Vivado/2022.2/data/verilog/src/unisims/FDCE.v" Line 170: Timing violation in scope /tb_top/dut/baddr_b_reg[6]_lopt_replica/TChk170_18107 at time 5904657 ps $setuphold (posedge C,posedge D,(0:0:0),(0:0:0),notifier,in_clk_enable_p,in_clk_enable_p,C_dly,D_dly) 
WARNING: "C:/Xilinx/Vivado/2022.2/data/verilog/src/unisims/FDCE.v" Line 168: Timing violation in scope /tb_top/dut/baddr_b_reg[3]/TChk168_18105 at time 5904675 ps $setuphold (posedge C,negedge D,(0:0:0),(0:0:0),notifier,in_clk_enable_p,in_clk_enable_p,C_dly,D_dly) 
WARNING: "C:/Xilinx/Vivado/2022.2/data/verilog/src/unisims/FDCE.v" Line 170: Timing violation in scope /tb_top/dut/baddr_b_reg[3]/TChk170_18107 at time 5984675 ps $setuphold (posedge C,posedge D,(0:0:0),(0:0:0),notifier,in_clk_enable_p,in_clk_enable_p,C_dly,D_dly) 
WARNING: "C:/Xilinx/Vivado/2022.2/data/verilog/src/unisims/FDCE.v" Line 168: Timing violation in scope /tb_top/dut/baddr_b_reg[3]/TChk168_18105 at time 6064675 ps $setuphold (posedge C,negedge D,(0:0:0),(0:0:0),notifier,in_clk_enable_p,in_clk_enable_p,C_dly,D_dly) 
WARNING: "C:/Xilinx/Vivado/2022.2/data/verilog/src/unisims/FDCE.v" Line 170: Timing violation in scope /tb_top/dut/baddr_b_reg[3]/TChk170_18107 at time 6144675 ps $setuphold (posedge C,posedge D,(0:0:0),(0:0:0),notifier,in_clk_enable_p,in_clk_enable_p,C_dly,D_dly) 
WARNING: "C:/Xilinx/Vivado/2022.2/data/verilog/src/unisims/FDCE.v" Line 168: Timing violation in scope /tb_top/dut/baddr_b_reg[6]_lopt_replica/TChk168_18105 at time 6224657 ps $setuphold (posedge C,negedge D,(0:0:0),(0:0:0),notifier,in_clk_enable_p,in_clk_enable_p,C_dly,D_dly) 
WARNING: "C:/Xilinx/Vivado/2022.2/data/verilog/src/unisims/FDCE.v" Line 170: Timing violation in scope /tb_top/dut/baddr_b_reg[3]/TChk170_18107 at time 6224675 ps $setuphold (posedge C,posedge D,(0:0:0),(0:0:0),notifier,in_clk_enable_p,in_clk_enable_p,C_dly,D_dly) 
WARNING: "C:/Xilinx/Vivado/2022.2/data/verilog/src/unisims/FDCE.v" Line 170: Timing violation in scope /tb_top/dut/baddr_b_reg[6]_lopt_replica/TChk170_18107 at time 6544657 ps $setuphold (posedge C,posedge D,(0:0:0),(0:0:0),notifier,in_clk_enable_p,in_clk_enable_p,C_dly,D_dly) 
WARNING: "C:/Xilinx/Vivado/2022.2/data/verilog/src/unisims/FDCE.v" Line 168: Timing violation in scope /tb_top/dut/baddr_b_reg[6]_lopt_replica/TChk168_18105 at time 6864657 ps $setuphold (posedge C,negedge D,(0:0:0),(0:0:0),notifier,in_clk_enable_p,in_clk_enable_p,C_dly,D_dly) 
WARNING: "C:/Xilinx/Vivado/2022.2/data/verilog/src/unisims/FDCE.v" Line 170: Timing violation in scope /tb_top/dut/baddr_b_reg[6]_lopt_replica/TChk170_18107 at time 7184657 ps $setuphold (posedge C,posedge D,(0:0:0),(0:0:0),notifier,in_clk_enable_p,in_clk_enable_p,C_dly,D_dly) 
WARNING: "C:/Xilinx/Vivado/2022.2/data/verilog/src/unisims/FDCE.v" Line 168: Timing violation in scope /tb_top/dut/baddr_b_reg[6]_lopt_replica/TChk168_18105 at time 7504657 ps $setuphold (posedge C,negedge D,(0:0:0),(0:0:0),notifier,in_clk_enable_p,in_clk_enable_p,C_dly,D_dly) 
WARNING: "C:/Xilinx/Vivado/2022.2/data/verilog/src/unisims/FDCE.v" Line 170: Timing violation in scope /tb_top/dut/baddr_b_reg[3]/TChk170_18107 at time 7544675 ps $setuphold (posedge C,posedge D,(0:0:0),(0:0:0),notifier,in_clk_enable_p,in_clk_enable_p,C_dly,D_dly) 
WARNING: "C:/Xilinx/Vivado/2022.2/data/verilog/src/unisims/FDCE.v" Line 168: Timing violation in scope /tb_top/dut/baddr_b_reg[3]/TChk168_18105 at time 7584675 ps $setuphold (posedge C,negedge D,(0:0:0),(0:0:0),notifier,in_clk_enable_p,in_clk_enable_p,C_dly,D_dly) 
WARNING: "C:/Xilinx/Vivado/2022.2/data/verilog/src/unisims/FDCE.v" Line 170: Timing violation in scope /tb_top/dut/baddr_b_reg[3]/TChk170_18107 at time 7624675 ps $setuphold (posedge C,posedge D,(0:0:0),(0:0:0),notifier,in_clk_enable_p,in_clk_enable_p,C_dly,D_dly) 
WARNING: "C:/Xilinx/Vivado/2022.2/data/verilog/src/unisims/FDCE.v" Line 168: Timing violation in scope /tb_top/dut/baddr_b_reg[3]/TChk168_18105 at time 7664675 ps $setuphold (posedge C,negedge D,(0:0:0),(0:0:0),notifier,in_clk_enable_p,in_clk_enable_p,C_dly,D_dly) 
WARNING: "C:/Xilinx/Vivado/2022.2/data/verilog/src/unisims/FDCE.v" Line 170: Timing violation in scope /tb_top/dut/baddr_b_reg[3]/TChk170_18107 at time 7704675 ps $setuphold (posedge C,posedge D,(0:0:0),(0:0:0),notifier,in_clk_enable_p,in_clk_enable_p,C_dly,D_dly) 
WARNING: "C:/Xilinx/Vivado/2022.2/data/verilog/src/unisims/FDCE.v" Line 168: Timing violation in scope /tb_top/dut/baddr_b_reg[3]/TChk168_18105 at time 7744675 ps $setuphold (posedge C,negedge D,(0:0:0),(0:0:0),notifier,in_clk_enable_p,in_clk_enable_p,C_dly,D_dly) 
WARNING: "C:/Xilinx/Vivado/2022.2/data/verilog/src/unisims/FDCE.v" Line 170: Timing violation in scope /tb_top/dut/baddr_b_reg[3]/TChk170_18107 at time 7784675 ps $setuphold (posedge C,posedge D,(0:0:0),(0:0:0),notifier,in_clk_enable_p,in_clk_enable_p,C_dly,D_dly) 
WARNING: "C:/Xilinx/Vivado/2022.2/data/verilog/src/unisims/FDCE.v" Line 170: Timing violation in scope /tb_top/dut/baddr_b_reg[6]_lopt_replica/TChk170_18107 at time 7824657 ps $setuphold (posedge C,posedge D,(0:0:0),(0:0:0),notifier,in_clk_enable_p,in_clk_enable_p,C_dly,D_dly) 
WARNING: "C:/Xilinx/Vivado/2022.2/data/verilog/src/unisims/FDCE.v" Line 168: Timing violation in scope /tb_top/dut/baddr_b_reg[3]/TChk168_18105 at time 7824675 ps $setuphold (posedge C,negedge D,(0:0:0),(0:0:0),notifier,in_clk_enable_p,in_clk_enable_p,C_dly,D_dly) 
WARNING: "C:/Xilinx/Vivado/2022.2/data/verilog/src/unisims/FDCE.v" Line 170: Timing violation in scope /tb_top/dut/baddr_b_reg[3]/TChk170_18107 at time 7864675 ps $setuphold (posedge C,posedge D,(0:0:0),(0:0:0),notifier,in_clk_enable_p,in_clk_enable_p,C_dly,D_dly) 
WARNING: "C:/Xilinx/Vivado/2022.2/data/verilog/src/unisims/FDCE.v" Line 168: Timing violation in scope /tb_top/dut/baddr_b_reg[3]/TChk168_18105 at time 7904675 ps $setuphold (posedge C,negedge D,(0:0:0),(0:0:0),notifier,in_clk_enable_p,in_clk_enable_p,C_dly,D_dly) 
WARNING: "C:/Xilinx/Vivado/2022.2/data/verilog/src/unisims/FDCE.v" Line 170: Timing violation in scope /tb_top/dut/baddr_b_reg[3]/TChk170_18107 at time 7944675 ps $setuphold (posedge C,posedge D,(0:0:0),(0:0:0),notifier,in_clk_enable_p,in_clk_enable_p,C_dly,D_dly) 
WARNING: "C:/Xilinx/Vivado/2022.2/data/verilog/src/unisims/FDCE.v" Line 168: Timing violation in scope /tb_top/dut/baddr_b_reg[3]/TChk168_18105 at time 7984675 ps $setuphold (posedge C,negedge D,(0:0:0),(0:0:0),notifier,in_clk_enable_p,in_clk_enable_p,C_dly,D_dly) 
WARNING: "C:/Xilinx/Vivado/2022.2/data/verilog/src/unisims/FDCE.v" Line 170: Timing violation in scope /tb_top/dut/baddr_b_reg[3]/TChk170_18107 at time 8024675 ps $setuphold (posedge C,posedge D,(0:0:0),(0:0:0),notifier,in_clk_enable_p,in_clk_enable_p,C_dly,D_dly) 
WARNING: "C:/Xilinx/Vivado/2022.2/data/verilog/src/unisims/FDCE.v" Line 168: Timing violation in scope /tb_top/dut/baddr_b_reg[3]/TChk168_18105 at time 8064675 ps $setuphold (posedge C,negedge D,(0:0:0),(0:0:0),notifier,in_clk_enable_p,in_clk_enable_p,C_dly,D_dly) 
WARNING: "C:/Xilinx/Vivado/2022.2/data/verilog/src/unisims/FDCE.v" Line 170: Timing violation in scope /tb_top/dut/baddr_b_reg[3]/TChk170_18107 at time 8104675 ps $setuphold (posedge C,posedge D,(0:0:0),(0:0:0),notifier,in_clk_enable_p,in_clk_enable_p,C_dly,D_dly) 
WARNING: "C:/Xilinx/Vivado/2022.2/data/verilog/src/unisims/FDCE.v" Line 168: Timing violation in scope /tb_top/dut/baddr_b_reg[6]_lopt_replica/TChk168_18105 at time 8144657 ps $setuphold (posedge C,negedge D,(0:0:0),(0:0:0),notifier,in_clk_enable_p,in_clk_enable_p,C_dly,D_dly) 
WARNING: "C:/Xilinx/Vivado/2022.2/data/verilog/src/unisims/FDCE.v" Line 168: Timing violation in scope /tb_top/dut/baddr_b_reg[3]/TChk168_18105 at time 8144675 ps $setuphold (posedge C,negedge D,(0:0:0),(0:0:0),notifier,in_clk_enable_p,in_clk_enable_p,C_dly,D_dly) 
WARNING: "C:/Xilinx/Vivado/2022.2/data/verilog/src/unisims/FDCE.v" Line 170: Timing violation in scope /tb_top/dut/baddr_b_reg[3]/TChk170_18107 at time 8184675 ps $setuphold (posedge C,posedge D,(0:0:0),(0:0:0),notifier,in_clk_enable_p,in_clk_enable_p,C_dly,D_dly) 
WARNING: "C:/Xilinx/Vivado/2022.2/data/verilog/src/unisims/FDCE.v" Line 168: Timing violation in scope /tb_top/dut/baddr_b_reg[3]/TChk168_18105 at time 8224675 ps $setuphold (posedge C,negedge D,(0:0:0),(0:0:0),notifier,in_clk_enable_p,in_clk_enable_p,C_dly,D_dly) 
WARNING: "C:/Xilinx/Vivado/2022.2/data/verilog/src/unisims/FDCE.v" Line 170: Timing violation in scope /tb_top/dut/baddr_b_reg[3]/TChk170_18107 at time 8264675 ps $setuphold (posedge C,posedge D,(0:0:0),(0:0:0),notifier,in_clk_enable_p,in_clk_enable_p,C_dly,D_dly) 
WARNING: "C:/Xilinx/Vivado/2022.2/data/verilog/src/unisims/FDCE.v" Line 168: Timing violation in scope /tb_top/dut/baddr_b_reg[3]/TChk168_18105 at time 8304675 ps $setuphold (posedge C,negedge D,(0:0:0),(0:0:0),notifier,in_clk_enable_p,in_clk_enable_p,C_dly,D_dly) 
WARNING: "C:/Xilinx/Vivado/2022.2/data/verilog/src/unisims/FDCE.v" Line 170: Timing violation in scope /tb_top/dut/baddr_b_reg[3]/TChk170_18107 at time 8344675 ps $setuphold (posedge C,posedge D,(0:0:0),(0:0:0),notifier,in_clk_enable_p,in_clk_enable_p,C_dly,D_dly) 
WARNING: "C:/Xilinx/Vivado/2022.2/data/verilog/src/unisims/FDCE.v" Line 168: Timing violation in scope /tb_top/dut/baddr_b_reg[3]/TChk168_18105 at time 8384675 ps $setuphold (posedge C,negedge D,(0:0:0),(0:0:0),notifier,in_clk_enable_p,in_clk_enable_p,C_dly,D_dly) 
WARNING: "C:/Xilinx/Vivado/2022.2/data/verilog/src/unisims/FDCE.v" Line 170: Timing violation in scope /tb_top/dut/baddr_b_reg[3]/TChk170_18107 at time 8424675 ps $setuphold (posedge C,posedge D,(0:0:0),(0:0:0),notifier,in_clk_enable_p,in_clk_enable_p,C_dly,D_dly) 
WARNING: "C:/Xilinx/Vivado/2022.2/data/verilog/src/unisims/FDCE.v" Line 170: Timing violation in scope /tb_top/dut/baddr_b_reg[6]_lopt_replica/TChk170_18107 at time 8464657 ps $setuphold (posedge C,posedge D,(0:0:0),(0:0:0),notifier,in_clk_enable_p,in_clk_enable_p,C_dly,D_dly) 
WARNING: "C:/Xilinx/Vivado/2022.2/data/verilog/src/unisims/FDCE.v" Line 168: Timing violation in scope /tb_top/dut/baddr_b_reg[3]/TChk168_18105 at time 8464675 ps $setuphold (posedge C,negedge D,(0:0:0),(0:0:0),notifier,in_clk_enable_p,in_clk_enable_p,C_dly,D_dly) 
WARNING: "C:/Xilinx/Vivado/2022.2/data/verilog/src/unisims/FDCE.v" Line 170: Timing violation in scope /tb_top/dut/baddr_b_reg[3]/TChk170_18107 at time 8504675 ps $setuphold (posedge C,posedge D,(0:0:0),(0:0:0),notifier,in_clk_enable_p,in_clk_enable_p,C_dly,D_dly) 
WARNING: "C:/Xilinx/Vivado/2022.2/data/verilog/src/unisims/FDCE.v" Line 168: Timing violation in scope /tb_top/dut/baddr_b_reg[3]/TChk168_18105 at time 8544675 ps $setuphold (posedge C,negedge D,(0:0:0),(0:0:0),notifier,in_clk_enable_p,in_clk_enable_p,C_dly,D_dly) 
WARNING: "C:/Xilinx/Vivado/2022.2/data/verilog/src/unisims/FDCE.v" Line 170: Timing violation in scope /tb_top/dut/baddr_b_reg[3]/TChk170_18107 at time 8584675 ps $setuphold (posedge C,posedge D,(0:0:0),(0:0:0),notifier,in_clk_enable_p,in_clk_enable_p,C_dly,D_dly) 
WARNING: "C:/Xilinx/Vivado/2022.2/data/verilog/src/unisims/FDCE.v" Line 168: Timing violation in scope /tb_top/dut/baddr_b_reg[3]/TChk168_18105 at time 8624675 ps $setuphold (posedge C,negedge D,(0:0:0),(0:0:0),notifier,in_clk_enable_p,in_clk_enable_p,C_dly,D_dly) 
WARNING: "C:/Xilinx/Vivado/2022.2/data/verilog/src/unisims/FDCE.v" Line 170: Timing violation in scope /tb_top/dut/baddr_b_reg[3]/TChk170_18107 at time 8664675 ps $setuphold (posedge C,posedge D,(0:0:0),(0:0:0),notifier,in_clk_enable_p,in_clk_enable_p,C_dly,D_dly) 
WARNING: "C:/Xilinx/Vivado/2022.2/data/verilog/src/unisims/FDCE.v" Line 168: Timing violation in scope /tb_top/dut/baddr_b_reg[3]/TChk168_18105 at time 8704675 ps $setuphold (posedge C,negedge D,(0:0:0),(0:0:0),notifier,in_clk_enable_p,in_clk_enable_p,C_dly,D_dly) 
WARNING: "C:/Xilinx/Vivado/2022.2/data/verilog/src/unisims/FDCE.v" Line 170: Timing violation in scope /tb_top/dut/baddr_b_reg[3]/TChk170_18107 at time 8744675 ps $setuphold (posedge C,posedge D,(0:0:0),(0:0:0),notifier,in_clk_enable_p,in_clk_enable_p,C_dly,D_dly) 
WARNING: "C:/Xilinx/Vivado/2022.2/data/verilog/src/unisims/FDCE.v" Line 168: Timing violation in scope /tb_top/dut/baddr_b_reg[6]_lopt_replica/TChk168_18105 at time 8784657 ps $setuphold (posedge C,negedge D,(0:0:0),(0:0:0),notifier,in_clk_enable_p,in_clk_enable_p,C_dly,D_dly) 
WARNING: "C:/Xilinx/Vivado/2022.2/data/verilog/src/unisims/FDCE.v" Line 168: Timing violation in scope /tb_top/dut/baddr_b_reg[3]/TChk168_18105 at time 8784675 ps $setuphold (posedge C,negedge D,(0:0:0),(0:0:0),notifier,in_clk_enable_p,in_clk_enable_p,C_dly,D_dly) 
WARNING: "C:/Xilinx/Vivado/2022.2/data/verilog/src/unisims/FDCE.v" Line 170: Timing violation in scope /tb_top/dut/baddr_b_reg[3]/TChk170_18107 at time 8824675 ps $setuphold (posedge C,posedge D,(0:0:0),(0:0:0),notifier,in_clk_enable_p,in_clk_enable_p,C_dly,D_dly) 
WARNING: "C:/Xilinx/Vivado/2022.2/data/verilog/src/unisims/FDCE.v" Line 168: Timing violation in scope /tb_top/dut/baddr_b_reg[3]/TChk168_18105 at time 8864675 ps $setuphold (posedge C,negedge D,(0:0:0),(0:0:0),notifier,in_clk_enable_p,in_clk_enable_p,C_dly,D_dly) 
WARNING: "C:/Xilinx/Vivado/2022.2/data/verilog/src/unisims/FDCE.v" Line 170: Timing violation in scope /tb_top/dut/baddr_b_reg[3]/TChk170_18107 at time 8904675 ps $setuphold (posedge C,posedge D,(0:0:0),(0:0:0),notifier,in_clk_enable_p,in_clk_enable_p,C_dly,D_dly) 
WARNING: "C:/Xilinx/Vivado/2022.2/data/verilog/src/unisims/FDCE.v" Line 168: Timing violation in scope /tb_top/dut/baddr_b_reg[3]/TChk168_18105 at time 8944675 ps $setuphold (posedge C,negedge D,(0:0:0),(0:0:0),notifier,in_clk_enable_p,in_clk_enable_p,C_dly,D_dly) 
WARNING: "C:/Xilinx/Vivado/2022.2/data/verilog/src/unisims/FDCE.v" Line 170: Timing violation in scope /tb_top/dut/baddr_b_reg[3]/TChk170_18107 at time 8984675 ps $setuphold (posedge C,posedge D,(0:0:0),(0:0:0),notifier,in_clk_enable_p,in_clk_enable_p,C_dly,D_dly) 
WARNING: "C:/Xilinx/Vivado/2022.2/data/verilog/src/unisims/FDCE.v" Line 168: Timing violation in scope /tb_top/dut/baddr_b_reg[3]/TChk168_18105 at time 9024675 ps $setuphold (posedge C,negedge D,(0:0:0),(0:0:0),notifier,in_clk_enable_p,in_clk_enable_p,C_dly,D_dly) 
WARNING: "C:/Xilinx/Vivado/2022.2/data/verilog/src/unisims/FDCE.v" Line 170: Timing violation in scope /tb_top/dut/baddr_b_reg[3]/TChk170_18107 at time 9064675 ps $setuphold (posedge C,posedge D,(0:0:0),(0:0:0),notifier,in_clk_enable_p,in_clk_enable_p,C_dly,D_dly) 
WARNING: "C:/Xilinx/Vivado/2022.2/data/verilog/src/unisims/FDCE.v" Line 170: Timing violation in scope /tb_top/dut/baddr_b_reg[6]_lopt_replica/TChk170_18107 at time 9104657 ps $setuphold (posedge C,posedge D,(0:0:0),(0:0:0),notifier,in_clk_enable_p,in_clk_enable_p,C_dly,D_dly) 
WARNING: "C:/Xilinx/Vivado/2022.2/data/verilog/src/unisims/FDCE.v" Line 168: Timing violation in scope /tb_top/dut/baddr_b_reg[3]/TChk168_18105 at time 9104675 ps $setuphold (posedge C,negedge D,(0:0:0),(0:0:0),notifier,in_clk_enable_p,in_clk_enable_p,C_dly,D_dly) 
WARNING: "C:/Xilinx/Vivado/2022.2/data/verilog/src/unisims/FDCE.v" Line 170: Timing violation in scope /tb_top/dut/baddr_b_reg[3]/TChk170_18107 at time 9144675 ps $setuphold (posedge C,posedge D,(0:0:0),(0:0:0),notifier,in_clk_enable_p,in_clk_enable_p,C_dly,D_dly) 
WARNING: "C:/Xilinx/Vivado/2022.2/data/verilog/src/unisims/FDCE.v" Line 168: Timing violation in scope /tb_top/dut/baddr_b_reg[3]/TChk168_18105 at time 9184675 ps $setuphold (posedge C,negedge D,(0:0:0),(0:0:0),notifier,in_clk_enable_p,in_clk_enable_p,C_dly,D_dly) 
WARNING: "C:/Xilinx/Vivado/2022.2/data/verilog/src/unisims/FDCE.v" Line 170: Timing violation in scope /tb_top/dut/baddr_b_reg[3]/TChk170_18107 at time 9224675 ps $setuphold (posedge C,posedge D,(0:0:0),(0:0:0),notifier,in_clk_enable_p,in_clk_enable_p,C_dly,D_dly) 
WARNING: "C:/Xilinx/Vivado/2022.2/data/verilog/src/unisims/FDCE.v" Line 168: Timing violation in scope /tb_top/dut/baddr_b_reg[3]/TChk168_18105 at time 9264675 ps $setuphold (posedge C,negedge D,(0:0:0),(0:0:0),notifier,in_clk_enable_p,in_clk_enable_p,C_dly,D_dly) 
WARNING: "C:/Xilinx/Vivado/2022.2/data/verilog/src/unisims/FDCE.v" Line 170: Timing violation in scope /tb_top/dut/baddr_b_reg[3]/TChk170_18107 at time 9304675 ps $setuphold (posedge C,posedge D,(0:0:0),(0:0:0),notifier,in_clk_enable_p,in_clk_enable_p,C_dly,D_dly) 
WARNING: "C:/Xilinx/Vivado/2022.2/data/verilog/src/unisims/FDCE.v" Line 168: Timing violation in scope /tb_top/dut/baddr_b_reg[3]/TChk168_18105 at time 9344675 ps $setuphold (posedge C,negedge D,(0:0:0),(0:0:0),notifier,in_clk_enable_p,in_clk_enable_p,C_dly,D_dly) 
WARNING: "C:/Xilinx/Vivado/2022.2/data/verilog/src/unisims/FDCE.v" Line 170: Timing violation in scope /tb_top/dut/baddr_b_reg[3]/TChk170_18107 at time 9384675 ps $setuphold (posedge C,posedge D,(0:0:0),(0:0:0),notifier,in_clk_enable_p,in_clk_enable_p,C_dly,D_dly) 
WARNING: "C:/Xilinx/Vivado/2022.2/data/verilog/src/unisims/FDCE.v" Line 168: Timing violation in scope /tb_top/dut/baddr_b_reg[6]_lopt_replica/TChk168_18105 at time 9424657 ps $setuphold (posedge C,negedge D,(0:0:0),(0:0:0),notifier,in_clk_enable_p,in_clk_enable_p,C_dly,D_dly) 
WARNING: "C:/Xilinx/Vivado/2022.2/data/verilog/src/unisims/FDCE.v" Line 168: Timing violation in scope /tb_top/dut/baddr_b_reg[3]/TChk168_18105 at time 9424675 ps $setuphold (posedge C,negedge D,(0:0:0),(0:0:0),notifier,in_clk_enable_p,in_clk_enable_p,C_dly,D_dly) 
WARNING: "C:/Xilinx/Vivado/2022.2/data/verilog/src/unisims/FDCE.v" Line 170: Timing violation in scope /tb_top/dut/baddr_b_reg[3]/TChk170_18107 at time 9464675 ps $setuphold (posedge C,posedge D,(0:0:0),(0:0:0),notifier,in_clk_enable_p,in_clk_enable_p,C_dly,D_dly) 
WARNING: "C:/Xilinx/Vivado/2022.2/data/verilog/src/unisims/FDCE.v" Line 168: Timing violation in scope /tb_top/dut/baddr_b_reg[3]/TChk168_18105 at time 9504675 ps $setuphold (posedge C,negedge D,(0:0:0),(0:0:0),notifier,in_clk_enable_p,in_clk_enable_p,C_dly,D_dly) 
WARNING: "C:/Xilinx/Vivado/2022.2/data/verilog/src/unisims/FDCE.v" Line 170: Timing violation in scope /tb_top/dut/baddr_b_reg[3]/TChk170_18107 at time 9544675 ps $setuphold (posedge C,posedge D,(0:0:0),(0:0:0),notifier,in_clk_enable_p,in_clk_enable_p,C_dly,D_dly) 
WARNING: "C:/Xilinx/Vivado/2022.2/data/verilog/src/unisims/FDCE.v" Line 168: Timing violation in scope /tb_top/dut/baddr_b_reg[3]/TChk168_18105 at time 9584675 ps $setuphold (posedge C,negedge D,(0:0:0),(0:0:0),notifier,in_clk_enable_p,in_clk_enable_p,C_dly,D_dly) 
WARNING: "C:/Xilinx/Vivado/2022.2/data/verilog/src/unisims/FDCE.v" Line 170: Timing violation in scope /tb_top/dut/baddr_b_reg[3]/TChk170_18107 at time 9624675 ps $setuphold (posedge C,posedge D,(0:0:0),(0:0:0),notifier,in_clk_enable_p,in_clk_enable_p,C_dly,D_dly) 
WARNING: "C:/Xilinx/Vivado/2022.2/data/verilog/src/unisims/FDCE.v" Line 168: Timing violation in scope /tb_top/dut/baddr_b_reg[3]/TChk168_18105 at time 9664675 ps $setuphold (posedge C,negedge D,(0:0:0),(0:0:0),notifier,in_clk_enable_p,in_clk_enable_p,C_dly,D_dly) 
WARNING: "C:/Xilinx/Vivado/2022.2/data/verilog/src/unisims/FDCE.v" Line 170: Timing violation in scope /tb_top/dut/baddr_b_reg[3]/TChk170_18107 at time 9704675 ps $setuphold (posedge C,posedge D,(0:0:0),(0:0:0),notifier,in_clk_enable_p,in_clk_enable_p,C_dly,D_dly) 
WARNING: "C:/Xilinx/Vivado/2022.2/data/verilog/src/unisims/FDCE.v" Line 170: Timing violation in scope /tb_top/dut/baddr_b_reg[6]_lopt_replica/TChk170_18107 at time 9744657 ps $setuphold (posedge C,posedge D,(0:0:0),(0:0:0),notifier,in_clk_enable_p,in_clk_enable_p,C_dly,D_dly) 
WARNING: "C:/Xilinx/Vivado/2022.2/data/verilog/src/unisims/FDCE.v" Line 168: Timing violation in scope /tb_top/dut/baddr_b_reg[3]/TChk168_18105 at time 9744675 ps $setuphold (posedge C,negedge D,(0:0:0),(0:0:0),notifier,in_clk_enable_p,in_clk_enable_p,C_dly,D_dly) 
WARNING: "C:/Xilinx/Vivado/2022.2/data/verilog/src/unisims/FDCE.v" Line 170: Timing violation in scope /tb_top/dut/baddr_b_reg[3]/TChk170_18107 at time 9784675 ps $setuphold (posedge C,posedge D,(0:0:0),(0:0:0),notifier,in_clk_enable_p,in_clk_enable_p,C_dly,D_dly) 
WARNING: "C:/Xilinx/Vivado/2022.2/data/verilog/src/unisims/FDCE.v" Line 168: Timing violation in scope /tb_top/dut/baddr_b_reg[3]/TChk168_18105 at time 9824675 ps $setuphold (posedge C,negedge D,(0:0:0),(0:0:0),notifier,in_clk_enable_p,in_clk_enable_p,C_dly,D_dly) 
WARNING: "C:/Xilinx/Vivado/2022.2/data/verilog/src/unisims/FDCE.v" Line 170: Timing violation in scope /tb_top/dut/baddr_b_reg[3]/TChk170_18107 at time 9864675 ps $setuphold (posedge C,posedge D,(0:0:0),(0:0:0),notifier,in_clk_enable_p,in_clk_enable_p,C_dly,D_dly) 
WARNING: "C:/Xilinx/Vivado/2022.2/data/verilog/src/unisims/FDCE.v" Line 168: Timing violation in scope /tb_top/dut/baddr_b_reg[3]/TChk168_18105 at time 9904675 ps $setuphold (posedge C,negedge D,(0:0:0),(0:0:0),notifier,in_clk_enable_p,in_clk_enable_p,C_dly,D_dly) 
WARNING: "C:/Xilinx/Vivado/2022.2/data/verilog/src/unisims/FDCE.v" Line 170: Timing violation in scope /tb_top/dut/baddr_b_reg[3]/TChk170_18107 at time 9944675 ps $setuphold (posedge C,posedge D,(0:0:0),(0:0:0),notifier,in_clk_enable_p,in_clk_enable_p,C_dly,D_dly) 
WARNING: "C:/Xilinx/Vivado/2022.2/data/verilog/src/unisims/FDCE.v" Line 168: Timing violation in scope /tb_top/dut/baddr_b_reg[3]/TChk168_18105 at time 9984675 ps $setuphold (posedge C,negedge D,(0:0:0),(0:0:0),notifier,in_clk_enable_p,in_clk_enable_p,C_dly,D_dly) 
WARNING: "C:/Xilinx/Vivado/2022.2/data/verilog/src/unisims/FDCE.v" Line 170: Timing violation in scope /tb_top/dut/baddr_b_reg[3]/TChk170_18107 at time 10024675 ps $setuphold (posedge C,posedge D,(0:0:0),(0:0:0),notifier,in_clk_enable_p,in_clk_enable_p,C_dly,D_dly) 
WARNING: "C:/Xilinx/Vivado/2022.2/data/verilog/src/unisims/FDCE.v" Line 168: Timing violation in scope /tb_top/dut/baddr_b_reg[6]_lopt_replica/TChk168_18105 at time 10064657 ps $setuphold (posedge C,negedge D,(0:0:0),(0:0:0),notifier,in_clk_enable_p,in_clk_enable_p,C_dly,D_dly) 
WARNING: "C:/Xilinx/Vivado/2022.2/data/verilog/src/unisims/FDCE.v" Line 168: Timing violation in scope /tb_top/dut/baddr_b_reg[3]/TChk168_18105 at time 10064675 ps $setuphold (posedge C,negedge D,(0:0:0),(0:0:0),notifier,in_clk_enable_p,in_clk_enable_p,C_dly,D_dly) 
[10189000] DONE_STORE!
WARNING: "C:/Xilinx/Vivado/2022.2/data/verilog/src/unisims/FDCE.v" Line 168: Timing violation in scope /tb_top/dut/baddr_b_reg[3]/TChk168_18105 at time 10239675 ps $setuphold (posedge C,negedge D,(0:0:0),(0:0:0),notifier,in_clk_enable_p,in_clk_enable_p,C_dly,D_dly) 
$finish called at time : 10268878 ps : File "C:/Hung/Viettel/Stage2/ML-KEM/NTT/tb_top.v" Line 115
run: Time (s): cpu = 00:00:57 ; elapsed = 00:02:14 . Memory (MB): peak = 4892.035 ; gain = 0.000
xsim: Time (s): cpu = 00:00:57 ; elapsed = 00:02:16 . Memory (MB): peak = 4892.035 ; gain = 0.000
INFO: [USF-XSim-96] XSim completed. Design snapshot 'tb_top_time_impl' loaded.
INFO: [USF-XSim-97] XSim simulation ran for 1000000ns
launch_simulation: Time (s): cpu = 00:01:16 ; elapsed = 00:03:17 . Memory (MB): peak = 4892.035 ; gain = 0.000
close_sim
INFO: xsimkernel Simulation Memory Usage: 202944 KB (Peak: 202944 KB), Simulation CPU Usage: 133358 ms
INFO: [Simtcl 6-16] Simulation closed
close_sim
INFO: [Simtcl 6-16] Simulation closed
reset_run impl_1
launch_runs impl_1 -jobs 16
[Fri Aug 29 10:17:48 2025] Launched impl_1...
Run output will be captured here: C:/Hung/Viettel/Stage2/ML-KEM/ml_kem/ml_kem.runs/impl_1/runme.log
close_design
launch_simulation -mode post-implementation -type functional
Command: launch_simulation  -mode post-implementation -type functional
INFO: [Vivado 12-12493] Simulation top is 'tb_top'
WARNING: [Vivado 12-13340] Unable to auto find GCC executables from simulator install path! (path not set)
WARNING: [Vivado 12-13277] Compiled library path does not exist: ''
INFO: [Vivado 12-5698] Checking validity of IPs in the design for the 'XSim' simulator...
INFO: [Vivado 12-5682] Launching post-implementation functional simulation in 'C:/Hung/Viettel/Stage2/ML-KEM/ml_kem/ml_kem.sim/sim_1/impl/func/xsim'
INFO: [Vivado 12-13660] Precompiled IP simulation library mode is enabled (default). The design IP libraries will be referenced from the compiled library path. Please note that if the precompiled version of the library is not found from the path or the IP is in locked state, then the library source files for these IPs will be compiled locally as part of the compile order.
INFO: [Vivado 12-4795] Using compiled simulation libraries for IPs
INFO: [SIM-utils-51] Simulation object is 'sim_1'
INFO: [SIM-utils-72] Using boost library from 'C:/Xilinx/Vivado/2022.2/tps/boost_1_72_0'
Netlist sorting complete. Time (s): cpu = 00:00:00 ; elapsed = 00:00:00.022 . Memory (MB): peak = 4892.035 ; gain = 0.000
INFO: [Netlist 29-17] Analyzing 363 Unisim elements for replacement
INFO: [Netlist 29-28] Unisim Transformation completed in 0 CPU seconds
WARNING: [Netlist 29-101] Netlist 'top' is not ideal for floorplanning, since the cellview 'top' contains a large number of primitives.  Please consider enabling hierarchy in synthesis if you want to do floorplanning.
INFO: [Project 1-479] Netlist was created with Vivado 2022.2.2
INFO: [Project 1-570] Preparing netlist for logic optimization
INFO: [Timing 38-478] Restoring timing data from binary archive.
INFO: [Timing 38-479] Binary timing data restore complete.
INFO: [Project 1-856] Restoring constraints from binary archive.
INFO: [Project 1-853] Binary constraint restore complete.
Reading XDEF placement.
Reading placer database...
Reading XDEF routing.
Read XDEF Files: Time (s): cpu = 00:00:00 ; elapsed = 00:00:00.308 . Memory (MB): peak = 4892.035 ; gain = 0.000
Restored from archive | CPU: 0.000000 secs | Memory: 0.000000 MB |
Finished XDEF File Restore: Time (s): cpu = 00:00:00 ; elapsed = 00:00:00.313 . Memory (MB): peak = 4892.035 ; gain = 0.000
Netlist sorting complete. Time (s): cpu = 00:00:00 ; elapsed = 00:00:00.001 . Memory (MB): peak = 4892.035 ; gain = 0.000
INFO: [Project 1-111] Unisim Transformation Summary:
  A total of 38 instances were transformed.
  IBUF => IBUF (IBUFCTRL, INBUF): 38 instances

open_run: Time (s): cpu = 00:00:09 ; elapsed = 00:00:06 . Memory (MB): peak = 4892.035 ; gain = 0.000
INFO: [SIM-utils-31] Writing simulation netlist file for design 'impl_1'...
INFO: [SIM-utils-32] write_verilog -mode funcsim -nolib -force -file "C:/Hung/Viettel/Stage2/ML-KEM/ml_kem/ml_kem.sim/sim_1/impl/func/xsim/tb_top_func_impl.v"
INFO: [SIM-utils-36] Netlist generated:C:/Hung/Viettel/Stage2/ML-KEM/ml_kem/ml_kem.sim/sim_1/impl/func/xsim/tb_top_func_impl.v
INFO: [USF-XSim-7] Finding pre-compiled libraries...
INFO: [USF-XSim-11] File 'C:/Xilinx/Vivado/2022.2/data/xsim/xsim.ini' copied to run dir:'C:/Hung/Viettel/Stage2/ML-KEM/ml_kem/ml_kem.sim/sim_1/impl/func/xsim'
INFO: [SIM-utils-54] Inspecting design source files for 'tb_top' in fileset 'sim_1'...
INFO: [USF-XSim-2] XSim::Compile design
INFO: [USF-XSim-61] Executing 'COMPILE and ANALYZE' step in 'C:/Hung/Viettel/Stage2/ML-KEM/ml_kem/ml_kem.sim/sim_1/impl/func/xsim'
"xvlog --incr --relax -prj tb_top_vlog.prj"
INFO: [VRFC 10-2263] Analyzing Verilog file "C:/Hung/Viettel/Stage2/ML-KEM/ml_kem/ml_kem.sim/sim_1/impl/func/xsim/tb_top_func_impl.v" into library xil_defaultlib
INFO: [VRFC 10-311] analyzing module blk_mem_gen_0
INFO: [VRFC 10-311] analyzing module top
INFO: [VRFC 10-311] analyzing module blk_mem_gen_v8_4_5
INFO: [VRFC 10-311] analyzing module glbl
INFO: [VRFC 10-2263] Analyzing Verilog file "C:/Hung/Viettel/Stage2/ML-KEM/NTT/tb_top.v" into library xil_defaultlib
INFO: [VRFC 10-311] analyzing module tb_top
INFO: [USF-XSim-69] 'compile' step finished in '2' seconds
INFO: [USF-XSim-3] XSim::Elaborate design
INFO: [USF-XSim-61] Executing 'ELABORATE' step in 'C:/Hung/Viettel/Stage2/ML-KEM/ml_kem/ml_kem.sim/sim_1/impl/func/xsim'
"xelab --incr --debug typical --relax --mt 2 -L xil_defaultlib -L unisims_ver -L secureip --snapshot tb_top_func_impl xil_defaultlib.tb_top xil_defaultlib.glbl -log elaborate.log"
Vivado Simulator v2022.2.2
Copyright 1986-1999, 2001-2022 Xilinx, Inc. All Rights Reserved.
Running: C:/Xilinx/Vivado/2022.2/bin/unwrapped/win64.o/xelab.exe --incr --debug typical --relax --mt 2 -L xil_defaultlib -L unisims_ver -L secureip --snapshot tb_top_func_impl xil_defaultlib.tb_top xil_defaultlib.glbl -log elaborate.log 
Using 2 slave threads.
Starting static elaboration
Pass Through NonSizing Optimizer
Completed static elaboration
Starting simulation data flow analysis
Completed simulation data flow analysis
Time Resolution for simulation is 1ps
Compiling module unisims_ver.FDCE_default
Compiling module unisims_ver.x_lut2_mux4
Compiling module unisims_ver.LUT2
Compiling module unisims_ver.CARRY8
Compiling module unisims_ver.x_lut3_mux8
Compiling module unisims_ver.LUT3
Compiling module unisims_ver.x_lut1_mux2
Compiling module unisims_ver.LUT1
Compiling module unisims_ver.LUT6
Compiling module unisims_ver.LUT5
Compiling module unisims_ver.LUT4
Compiling module unisims_ver.FDPE(IS_PRE_INVERTED=1'b1)
Compiling module unisims_ver.OBUF
Compiling module unisims_ver.RAMB18E2(CLOCK_DOMAINS="COMMON",...
Compiling module xil_defaultlib.blk_mem_gen_0
Compiling module unisims_ver.FDRE_default
Compiling module unisims_ver.SRL16E_default
Compiling module unisims_ver.BUFGCE(CE_TYPE="ASYNC",SIM_DEVIC...
Compiling module unisims_ver.IBUF
Compiling module unisims_ver.SRLC32E_default
Compiling module unisims_ver.MUXF7
Compiling module xil_defaultlib.top
Compiling module xil_defaultlib.tb_top
Compiling module xil_defaultlib.glbl
Built simulation snapshot tb_top_func_impl
run_program: Time (s): cpu = 00:00:01 ; elapsed = 00:00:17 . Memory (MB): peak = 4892.035 ; gain = 0.000
INFO: [USF-XSim-69] 'elaborate' step finished in '17' seconds
INFO: [USF-XSim-4] XSim::Simulate design
INFO: [USF-XSim-61] Executing 'SIMULATE' step in 'C:/Hung/Viettel/Stage2/ML-KEM/ml_kem/ml_kem.sim/sim_1/impl/func/xsim'
INFO: [USF-XSim-98] *** Running xsim
   with args "tb_top_func_impl -key {Post-Implementation:sim_1:Functional:tb_top} -tclbatch {tb_top.tcl} -view {C:/Hung/Viettel/Stage2/ML-KEM/ml_kem/tb_top_func_impl.wcfg} -log {simulate.log}"
INFO: [USF-XSim-8] Loading simulator feature
Time resolution is 1 ps
open_wave_config C:/Hung/Viettel/Stage2/ML-KEM/ml_kem/tb_top_func_impl.wcfg
source tb_top.tcl
# set curr_wave [current_wave_config]
# if { [string length $curr_wave] == 0 } {
#   if { [llength [get_objects]] > 0} {
#     add_wave /
#     set_property needs_save false [current_wave_config]
#   } else {
#      send_msg_id Add_Wave-1 WARNING "No top level signals found. Simulator will start without a wave window. If you want to open a wave window go to 'File->New Waveform Configuration' or type 'create_wave_config' in the TCL console."
#   }
# }
# run 1000000ns
[10183000] DONE_STORE!
$finish called at time : 10262600 ps : File "C:/Hung/Viettel/Stage2/ML-KEM/NTT/tb_top.v" Line 115
xsim: Time (s): cpu = 00:00:04 ; elapsed = 00:00:06 . Memory (MB): peak = 4892.035 ; gain = 0.000
INFO: [USF-XSim-96] XSim completed. Design snapshot 'tb_top_func_impl' loaded.
INFO: [USF-XSim-97] XSim simulation ran for 1000000ns
launch_simulation: Time (s): cpu = 00:00:17 ; elapsed = 00:00:32 . Memory (MB): peak = 4892.035 ; gain = 0.000
save_wave_config {C:/Hung/Viettel/Stage2/ML-KEM/ml_kem/tb_top_func_impl.wcfg}
save_wave_config {C:/Hung/Viettel/Stage2/ML-KEM/ml_kem/tb_top_func_impl.wcfg}
launch_simulation -mode post-implementation -type timing
Command: launch_simulation  -mode post-implementation -type timing
INFO: [Vivado 12-12493] Simulation top is 'tb_top'
WARNING: [Vivado 12-13340] Unable to auto find GCC executables from simulator install path! (path not set)
WARNING: [Vivado 12-13277] Compiled library path does not exist: ''
INFO: [Vivado 12-5698] Checking validity of IPs in the design for the 'XSim' simulator...
INFO: [Vivado 12-5682] Launching post-implementation timing simulation in 'C:/Hung/Viettel/Stage2/ML-KEM/ml_kem/ml_kem.sim/sim_1/impl/timing/xsim'
INFO: [Vivado 12-13660] Precompiled IP simulation library mode is enabled (default). The design IP libraries will be referenced from the compiled library path. Please note that if the precompiled version of the library is not found from the path or the IP is in locked state, then the library source files for these IPs will be compiled locally as part of the compile order.
INFO: [Vivado 12-4795] Using compiled simulation libraries for IPs
INFO: [SIM-utils-51] Simulation object is 'sim_1'
INFO: [SIM-utils-72] Using boost library from 'C:/Xilinx/Vivado/2022.2/tps/boost_1_72_0'
INFO: [SIM-utils-31] Writing simulation netlist file for design 'impl_1'...
INFO: [SIM-utils-32] write_verilog -mode timesim -nolib -sdf_anno true -force -file "C:/Hung/Viettel/Stage2/ML-KEM/ml_kem/ml_kem.sim/sim_1/impl/timing/xsim/tb_top_time_impl.v"
INFO: [SIM-utils-34] Writing SDF file...
INFO: [SIM-utils-35] write_sdf -mode timesim -process_corner slow -force -file "C:/Hung/Viettel/Stage2/ML-KEM/ml_kem/ml_kem.sim/sim_1/impl/timing/xsim/tb_top_time_impl.sdf"
INFO: [SIM-utils-36] Netlist generated:C:/Hung/Viettel/Stage2/ML-KEM/ml_kem/ml_kem.sim/sim_1/impl/timing/xsim/tb_top_time_impl.v
INFO: [SIM-utils-37] SDF generated:C:/Hung/Viettel/Stage2/ML-KEM/ml_kem/ml_kem.sim/sim_1/impl/timing/xsim/tb_top_time_impl.sdf
INFO: [USF-XSim-7] Finding pre-compiled libraries...
INFO: [USF-XSim-11] File 'C:/Xilinx/Vivado/2022.2/data/xsim/xsim.ini' copied to run dir:'C:/Hung/Viettel/Stage2/ML-KEM/ml_kem/ml_kem.sim/sim_1/impl/timing/xsim'
INFO: [SIM-utils-54] Inspecting design source files for 'tb_top' in fileset 'sim_1'...
INFO: [USF-XSim-2] XSim::Compile design
INFO: [USF-XSim-61] Executing 'COMPILE and ANALYZE' step in 'C:/Hung/Viettel/Stage2/ML-KEM/ml_kem/ml_kem.sim/sim_1/impl/timing/xsim'
"xvlog --incr --relax -prj tb_top_vlog.prj"
INFO: [VRFC 10-2263] Analyzing Verilog file "C:/Hung/Viettel/Stage2/ML-KEM/ml_kem/ml_kem.sim/sim_1/impl/timing/xsim/tb_top_time_impl.v" into library xil_defaultlib
INFO: [VRFC 10-311] analyzing module IBUF_UNIQ_BASE_
INFO: [VRFC 10-311] analyzing module IBUF_HD112
INFO: [VRFC 10-311] analyzing module IBUF_HD113
INFO: [VRFC 10-311] analyzing module IBUF_HD114
INFO: [VRFC 10-311] analyzing module IBUF_HD115
INFO: [VRFC 10-311] analyzing module IBUF_HD116
INFO: [VRFC 10-311] analyzing module IBUF_HD117
INFO: [VRFC 10-311] analyzing module IBUF_HD118
INFO: [VRFC 10-311] analyzing module IBUF_HD119
INFO: [VRFC 10-311] analyzing module IBUF_HD120
INFO: [VRFC 10-311] analyzing module IBUF_HD121
INFO: [VRFC 10-311] analyzing module IBUF_HD122
INFO: [VRFC 10-311] analyzing module IBUF_HD123
INFO: [VRFC 10-311] analyzing module IBUF_HD124
INFO: [VRFC 10-311] analyzing module IBUF_HD125
INFO: [VRFC 10-311] analyzing module IBUF_HD126
INFO: [VRFC 10-311] analyzing module IBUF_HD127
INFO: [VRFC 10-311] analyzing module IBUF_HD128
INFO: [VRFC 10-311] analyzing module IBUF_HD129
INFO: [VRFC 10-311] analyzing module IBUF_HD130
INFO: [VRFC 10-311] analyzing module IBUF_HD131
INFO: [VRFC 10-311] analyzing module IBUF_HD132
INFO: [VRFC 10-311] analyzing module IBUF_HD133
INFO: [VRFC 10-311] analyzing module IBUF_HD134
INFO: [VRFC 10-311] analyzing module IBUF_HD135
INFO: [VRFC 10-311] analyzing module IBUF_HD136
INFO: [VRFC 10-311] analyzing module IBUF_HD137
INFO: [VRFC 10-311] analyzing module IBUF_HD138
INFO: [VRFC 10-311] analyzing module IBUF_HD139
INFO: [VRFC 10-311] analyzing module IBUF_HD140
INFO: [VRFC 10-311] analyzing module IBUF_HD141
INFO: [VRFC 10-311] analyzing module IBUF_HD142
INFO: [VRFC 10-311] analyzing module IBUF_HD143
INFO: [VRFC 10-311] analyzing module IBUF_HD144
INFO: [VRFC 10-311] analyzing module IBUF_HD145
INFO: [VRFC 10-311] analyzing module IBUF_HD146
INFO: [VRFC 10-311] analyzing module IBUF_HD147
INFO: [VRFC 10-311] analyzing module IBUF_HD148
INFO: [VRFC 10-311] analyzing module blk_mem_gen_0
INFO: [VRFC 10-311] analyzing module top
INFO: [VRFC 10-311] analyzing module blk_mem_gen_v8_4_5
INFO: [VRFC 10-311] analyzing module glbl
INFO: [VRFC 10-2263] Analyzing Verilog file "C:/Hung/Viettel/Stage2/ML-KEM/NTT/tb_top.v" into library xil_defaultlib
INFO: [VRFC 10-311] analyzing module tb_top
INFO: [USF-XSim-69] 'compile' step finished in '2' seconds
INFO: [USF-XSim-3] XSim::Elaborate design
INFO: [USF-XSim-61] Executing 'ELABORATE' step in 'C:/Hung/Viettel/Stage2/ML-KEM/ml_kem/ml_kem.sim/sim_1/impl/timing/xsim'
"xelab --incr --debug typical --relax --mt 2 --maxdelay -L xil_defaultlib -L simprims_ver -L secureip --snapshot tb_top_time_impl -transport_int_delays -pulse_r 0 -pulse_int_r 0 -pulse_e 0 -pulse_int_e 0 xil_defaultlib.tb_top xil_defaultlib.glbl -log elaborate.log"
Vivado Simulator v2022.2.2
Copyright 1986-1999, 2001-2022 Xilinx, Inc. All Rights Reserved.
Running: C:/Xilinx/Vivado/2022.2/bin/unwrapped/win64.o/xelab.exe --incr --debug typical --relax --mt 2 --maxdelay -L xil_defaultlib -L simprims_ver -L secureip --snapshot tb_top_time_impl -transport_int_delays -pulse_r 0 -pulse_int_r 0 -pulse_e 0 -pulse_int_e 0 xil_defaultlib.tb_top xil_defaultlib.glbl -log elaborate.log 
Using 2 slave threads.
Starting static elaboration
Pass Through NonSizing Optimizer
Completed static elaboration
Starting simulation data flow analysis
Completed simulation data flow analysis
INFO: [XSIM 43-3451] SDF backannotation process started with SDF file "tb_top_time_impl.sdf", for root module "tb_top/dut".
INFO: [XSIM 43-3452] SDF backannotation was successful for SDF file "tb_top_time_impl.sdf", for root module "tb_top/dut".
Time Resolution for simulation is 1ps
Compiling module simprims_ver.FDCE_default
Compiling module simprims_ver.x_lut2_mux4
Compiling module simprims_ver.LUT2
Compiling module simprims_ver.CARRY8
Compiling module simprims_ver.x_lut3_mux8
Compiling module simprims_ver.LUT3
Compiling module simprims_ver.x_lut1_mux2
Compiling module simprims_ver.LUT1
Compiling module simprims_ver.LUT6
Compiling module simprims_ver.LUT5
Compiling module simprims_ver.LUT4
Compiling module simprims_ver.FDPE(IS_PRE_INVERTED=1'b1)
Compiling module simprims_ver.OBUF
Compiling module simprims_ver.RAMB18E2(CLOCK_DOMAINS="COMMON",...
Compiling module xil_defaultlib.blk_mem_gen_0
Compiling module simprims_ver.FDRE_default
Compiling module simprims_ver.SRL16E_default
Compiling module simprims_ver.BUFGCE(CE_TYPE="ASYNC",SIM_DEVIC...
Compiling module simprims_ver.IBUFCTRL_default
Compiling module simprims_ver.INBUF_default
Compiling module xil_defaultlib.IBUF_UNIQ_BASE_
Compiling module simprims_ver.SRLC32E_default
Compiling module xil_defaultlib.IBUF_HD112
Compiling module xil_defaultlib.IBUF_HD113
Compiling module xil_defaultlib.IBUF_HD114
Compiling module xil_defaultlib.IBUF_HD115
Compiling module xil_defaultlib.IBUF_HD116
Compiling module xil_defaultlib.IBUF_HD117
Compiling module xil_defaultlib.IBUF_HD118
Compiling module xil_defaultlib.IBUF_HD119
Compiling module xil_defaultlib.IBUF_HD120
Compiling module xil_defaultlib.IBUF_HD121
Compiling module xil_defaultlib.IBUF_HD122
Compiling module xil_defaultlib.IBUF_HD123
Compiling module xil_defaultlib.IBUF_HD124
Compiling module xil_defaultlib.IBUF_HD125
Compiling module xil_defaultlib.IBUF_HD126
Compiling module xil_defaultlib.IBUF_HD127
Compiling module xil_defaultlib.IBUF_HD128
Compiling module xil_defaultlib.IBUF_HD129
Compiling module xil_defaultlib.IBUF_HD130
Compiling module xil_defaultlib.IBUF_HD131
Compiling module xil_defaultlib.IBUF_HD132
Compiling module xil_defaultlib.IBUF_HD133
Compiling module xil_defaultlib.IBUF_HD134
Compiling module xil_defaultlib.IBUF_HD135
Compiling module xil_defaultlib.IBUF_HD136
Compiling module xil_defaultlib.IBUF_HD137
Compiling module xil_defaultlib.IBUF_HD138
Compiling module xil_defaultlib.IBUF_HD139
Compiling module xil_defaultlib.IBUF_HD140
Compiling module xil_defaultlib.IBUF_HD141
Compiling module xil_defaultlib.IBUF_HD142
Compiling module xil_defaultlib.IBUF_HD143
Compiling module xil_defaultlib.IBUF_HD144
Compiling module xil_defaultlib.IBUF_HD145
Compiling module simprims_ver.MUXF7
Compiling module xil_defaultlib.IBUF_HD146
Compiling module xil_defaultlib.IBUF_HD147
Compiling module xil_defaultlib.IBUF_HD148
Compiling module xil_defaultlib.top
Compiling module xil_defaultlib.tb_top
Compiling module xil_defaultlib.glbl
Built simulation snapshot tb_top_time_impl
run_program: Time (s): cpu = 00:00:05 ; elapsed = 00:00:58 . Memory (MB): peak = 4892.035 ; gain = 0.000
INFO: [USF-XSim-69] 'elaborate' step finished in '58' seconds
INFO: [USF-XSim-4] XSim::Simulate design
INFO: [USF-XSim-61] Executing 'SIMULATE' step in 'C:/Hung/Viettel/Stage2/ML-KEM/ml_kem/ml_kem.sim/sim_1/impl/timing/xsim'
INFO: [USF-XSim-98] *** Running xsim
   with args "tb_top_time_impl -key {Post-Implementation:sim_1:Timing:tb_top} -tclbatch {tb_top.tcl} -view {C:/Hung/Viettel/Stage2/ML-KEM/ml_kem/tb_top_func_impl.wcfg} -log {simulate.log}"
INFO: [USF-XSim-8] Loading simulator feature
Time resolution is 1 ps
open_wave_config C:/Hung/Viettel/Stage2/ML-KEM/ml_kem/tb_top_func_impl.wcfg
source tb_top.tcl
# set curr_wave [current_wave_config]
# if { [string length $curr_wave] == 0 } {
#   if { [llength [get_objects]] > 0} {
#     add_wave /
#     set_property needs_save false [current_wave_config]
#   } else {
#      send_msg_id Add_Wave-1 WARNING "No top level signals found. Simulator will start without a wave window. If you want to open a wave window go to 'File->New Waveform Configuration' or type 'create_wave_config' in the TCL console."
#   }
# }
# run 1000000ns
WARNING: "C:/Xilinx/Vivado/2022.2/data/verilog/src/unisims/FDCE.v" Line 170: Timing violation in scope /tb_top/dut/baddr_b_reg[3]/TChk170_18107 at time 1184675 ps $setuphold (posedge C,posedge D,(0:0:0),(0:0:0),notifier,in_clk_enable_p,in_clk_enable_p,C_dly,D_dly) 
WARNING: "C:/Xilinx/Vivado/2022.2/data/verilog/src/unisims/FDCE.v" Line 168: Timing violation in scope /tb_top/dut/baddr_b_reg[3]/TChk168_18105 at time 1264675 ps $setuphold (posedge C,negedge D,(0:0:0),(0:0:0),notifier,in_clk_enable_p,in_clk_enable_p,C_dly,D_dly) 
WARNING: "C:/Xilinx/Vivado/2022.2/data/verilog/src/unisims/FDCE.v" Line 170: Timing violation in scope /tb_top/dut/baddr_b_reg[3]/TChk170_18107 at time 1344675 ps $setuphold (posedge C,posedge D,(0:0:0),(0:0:0),notifier,in_clk_enable_p,in_clk_enable_p,C_dly,D_dly) 
WARNING: "C:/Xilinx/Vivado/2022.2/data/verilog/src/unisims/FDCE.v" Line 168: Timing violation in scope /tb_top/dut/baddr_b_reg[3]/TChk168_18105 at time 1424675 ps $setuphold (posedge C,negedge D,(0:0:0),(0:0:0),notifier,in_clk_enable_p,in_clk_enable_p,C_dly,D_dly) 
WARNING: "C:/Xilinx/Vivado/2022.2/data/verilog/src/unisims/FDCE.v" Line 170: Timing violation in scope /tb_top/dut/baddr_b_reg[3]/TChk170_18107 at time 1504675 ps $setuphold (posedge C,posedge D,(0:0:0),(0:0:0),notifier,in_clk_enable_p,in_clk_enable_p,C_dly,D_dly) 
WARNING: "C:/Xilinx/Vivado/2022.2/data/verilog/src/unisims/FDCE.v" Line 168: Timing violation in scope /tb_top/dut/baddr_b_reg[3]/TChk168_18105 at time 1584675 ps $setuphold (posedge C,negedge D,(0:0:0),(0:0:0),notifier,in_clk_enable_p,in_clk_enable_p,C_dly,D_dly) 
WARNING: "C:/Xilinx/Vivado/2022.2/data/verilog/src/unisims/FDCE.v" Line 170: Timing violation in scope /tb_top/dut/baddr_b_reg[3]/TChk170_18107 at time 1664675 ps $setuphold (posedge C,posedge D,(0:0:0),(0:0:0),notifier,in_clk_enable_p,in_clk_enable_p,C_dly,D_dly) 
WARNING: "C:/Xilinx/Vivado/2022.2/data/verilog/src/unisims/FDCE.v" Line 170: Timing violation in scope /tb_top/dut/baddr_b_reg[6]_lopt_replica/TChk170_18107 at time 1744657 ps $setuphold (posedge C,posedge D,(0:0:0),(0:0:0),notifier,in_clk_enable_p,in_clk_enable_p,C_dly,D_dly) 
WARNING: "C:/Xilinx/Vivado/2022.2/data/verilog/src/unisims/FDCE.v" Line 168: Timing violation in scope /tb_top/dut/baddr_b_reg[3]/TChk168_18105 at time 1744675 ps $setuphold (posedge C,negedge D,(0:0:0),(0:0:0),notifier,in_clk_enable_p,in_clk_enable_p,C_dly,D_dly) 
WARNING: "C:/Xilinx/Vivado/2022.2/data/verilog/src/unisims/FDCE.v" Line 170: Timing violation in scope /tb_top/dut/baddr_b_reg[3]/TChk170_18107 at time 1824675 ps $setuphold (posedge C,posedge D,(0:0:0),(0:0:0),notifier,in_clk_enable_p,in_clk_enable_p,C_dly,D_dly) 
WARNING: "C:/Xilinx/Vivado/2022.2/data/verilog/src/unisims/FDCE.v" Line 168: Timing violation in scope /tb_top/dut/baddr_b_reg[3]/TChk168_18105 at time 1904675 ps $setuphold (posedge C,negedge D,(0:0:0),(0:0:0),notifier,in_clk_enable_p,in_clk_enable_p,C_dly,D_dly) 
WARNING: "C:/Xilinx/Vivado/2022.2/data/verilog/src/unisims/FDCE.v" Line 170: Timing violation in scope /tb_top/dut/baddr_b_reg[3]/TChk170_18107 at time 1984675 ps $setuphold (posedge C,posedge D,(0:0:0),(0:0:0),notifier,in_clk_enable_p,in_clk_enable_p,C_dly,D_dly) 
WARNING: "C:/Xilinx/Vivado/2022.2/data/verilog/src/unisims/FDCE.v" Line 168: Timing violation in scope /tb_top/dut/baddr_b_reg[3]/TChk168_18105 at time 2064675 ps $setuphold (posedge C,negedge D,(0:0:0),(0:0:0),notifier,in_clk_enable_p,in_clk_enable_p,C_dly,D_dly) 
WARNING: "C:/Xilinx/Vivado/2022.2/data/verilog/src/unisims/FDCE.v" Line 170: Timing violation in scope /tb_top/dut/baddr_b_reg[3]/TChk170_18107 at time 2144675 ps $setuphold (posedge C,posedge D,(0:0:0),(0:0:0),notifier,in_clk_enable_p,in_clk_enable_p,C_dly,D_dly) 
WARNING: "C:/Xilinx/Vivado/2022.2/data/verilog/src/unisims/FDCE.v" Line 168: Timing violation in scope /tb_top/dut/baddr_b_reg[3]/TChk168_18105 at time 2224675 ps $setuphold (posedge C,negedge D,(0:0:0),(0:0:0),notifier,in_clk_enable_p,in_clk_enable_p,C_dly,D_dly) 
WARNING: "C:/Xilinx/Vivado/2022.2/data/verilog/src/unisims/FDCE.v" Line 170: Timing violation in scope /tb_top/dut/baddr_b_reg[3]/TChk170_18107 at time 2304675 ps $setuphold (posedge C,posedge D,(0:0:0),(0:0:0),notifier,in_clk_enable_p,in_clk_enable_p,C_dly,D_dly) 
WARNING: "C:/Xilinx/Vivado/2022.2/data/verilog/src/unisims/FDCE.v" Line 168: Timing violation in scope /tb_top/dut/baddr_b_reg[7]_lopt_replica/TChk168_18105 at time 2384646 ps $setuphold (posedge C,negedge D,(0:0:0),(0:0:0),notifier,in_clk_enable_p,in_clk_enable_p,C_dly,D_dly) 
WARNING: "C:/Xilinx/Vivado/2022.2/data/verilog/src/unisims/FDCE.v" Line 170: Timing violation in scope /tb_top/dut/baddr_b_reg[6]_lopt_replica/TChk170_18107 at time 2384657 ps $setuphold (posedge C,posedge D,(0:0:0),(0:0:0),notifier,in_clk_enable_p,in_clk_enable_p,C_dly,D_dly) 
WARNING: "C:/Xilinx/Vivado/2022.2/data/verilog/src/unisims/FDCE.v" Line 170: Timing violation in scope /tb_top/dut/baddr_b_reg[7]_lopt_replica/TChk170_18107 at time 2384666 ps $setuphold (posedge C,posedge D,(0:0:0),(0:0:0),notifier,in_clk_enable_p,in_clk_enable_p,C_dly,D_dly) 
WARNING: "C:/Xilinx/Vivado/2022.2/data/verilog/src/unisims/FDCE.v" Line 168: Timing violation in scope /tb_top/dut/baddr_b_reg[3]/TChk168_18105 at time 2384675 ps $setuphold (posedge C,negedge D,(0:0:0),(0:0:0),notifier,in_clk_enable_p,in_clk_enable_p,C_dly,D_dly) 
WARNING: "C:/Xilinx/Vivado/2022.2/data/verilog/src/unisims/FDCE.v" Line 170: Timing violation in scope /tb_top/dut/baddr_b_reg[3]/TChk170_18107 at time 2464675 ps $setuphold (posedge C,posedge D,(0:0:0),(0:0:0),notifier,in_clk_enable_p,in_clk_enable_p,C_dly,D_dly) 
WARNING: "C:/Xilinx/Vivado/2022.2/data/verilog/src/unisims/FDCE.v" Line 168: Timing violation in scope /tb_top/dut/baddr_b_reg[3]/TChk168_18105 at time 2544675 ps $setuphold (posedge C,negedge D,(0:0:0),(0:0:0),notifier,in_clk_enable_p,in_clk_enable_p,C_dly,D_dly) 
WARNING: "C:/Xilinx/Vivado/2022.2/data/verilog/src/unisims/FDCE.v" Line 170: Timing violation in scope /tb_top/dut/baddr_b_reg[3]/TChk170_18107 at time 2624675 ps $setuphold (posedge C,posedge D,(0:0:0),(0:0:0),notifier,in_clk_enable_p,in_clk_enable_p,C_dly,D_dly) 
WARNING: "C:/Xilinx/Vivado/2022.2/data/verilog/src/unisims/FDCE.v" Line 168: Timing violation in scope /tb_top/dut/baddr_b_reg[3]/TChk168_18105 at time 2704675 ps $setuphold (posedge C,negedge D,(0:0:0),(0:0:0),notifier,in_clk_enable_p,in_clk_enable_p,C_dly,D_dly) 
WARNING: "C:/Xilinx/Vivado/2022.2/data/verilog/src/unisims/FDCE.v" Line 170: Timing violation in scope /tb_top/dut/baddr_b_reg[3]/TChk170_18107 at time 2784675 ps $setuphold (posedge C,posedge D,(0:0:0),(0:0:0),notifier,in_clk_enable_p,in_clk_enable_p,C_dly,D_dly) 
WARNING: "C:/Xilinx/Vivado/2022.2/data/verilog/src/unisims/FDCE.v" Line 168: Timing violation in scope /tb_top/dut/baddr_b_reg[3]/TChk168_18105 at time 2864675 ps $setuphold (posedge C,negedge D,(0:0:0),(0:0:0),notifier,in_clk_enable_p,in_clk_enable_p,C_dly,D_dly) 
WARNING: "C:/Xilinx/Vivado/2022.2/data/verilog/src/unisims/FDCE.v" Line 170: Timing violation in scope /tb_top/dut/baddr_b_reg[3]/TChk170_18107 at time 2944675 ps $setuphold (posedge C,posedge D,(0:0:0),(0:0:0),notifier,in_clk_enable_p,in_clk_enable_p,C_dly,D_dly) 
WARNING: "C:/Xilinx/Vivado/2022.2/data/verilog/src/unisims/FDCE.v" Line 168: Timing violation in scope /tb_top/dut/baddr_b_reg[3]/TChk168_18105 at time 3024675 ps $setuphold (posedge C,negedge D,(0:0:0),(0:0:0),notifier,in_clk_enable_p,in_clk_enable_p,C_dly,D_dly) 
WARNING: "C:/Xilinx/Vivado/2022.2/data/verilog/src/unisims/FDCE.v" Line 170: Timing violation in scope /tb_top/dut/baddr_b_reg[3]/TChk170_18107 at time 3104675 ps $setuphold (posedge C,posedge D,(0:0:0),(0:0:0),notifier,in_clk_enable_p,in_clk_enable_p,C_dly,D_dly) 
WARNING: "C:/Xilinx/Vivado/2022.2/data/verilog/src/unisims/FDCE.v" Line 168: Timing violation in scope /tb_top/dut/baddr_b_reg[3]/TChk168_18105 at time 3184675 ps $setuphold (posedge C,negedge D,(0:0:0),(0:0:0),notifier,in_clk_enable_p,in_clk_enable_p,C_dly,D_dly) 
WARNING: "C:/Xilinx/Vivado/2022.2/data/verilog/src/unisims/FDCE.v" Line 170: Timing violation in scope /tb_top/dut/baddr_b_reg[3]/TChk170_18107 at time 3264675 ps $setuphold (posedge C,posedge D,(0:0:0),(0:0:0),notifier,in_clk_enable_p,in_clk_enable_p,C_dly,D_dly) 
WARNING: "C:/Xilinx/Vivado/2022.2/data/verilog/src/unisims/FDCE.v" Line 168: Timing violation in scope /tb_top/dut/baddr_b_reg[3]/TChk168_18105 at time 3344675 ps $setuphold (posedge C,negedge D,(0:0:0),(0:0:0),notifier,in_clk_enable_p,in_clk_enable_p,C_dly,D_dly) 
WARNING: "C:/Xilinx/Vivado/2022.2/data/verilog/src/unisims/FDCE.v" Line 170: Timing violation in scope /tb_top/dut/baddr_b_reg[3]/TChk170_18107 at time 3424675 ps $setuphold (posedge C,posedge D,(0:0:0),(0:0:0),notifier,in_clk_enable_p,in_clk_enable_p,C_dly,D_dly) 
WARNING: "C:/Xilinx/Vivado/2022.2/data/verilog/src/unisims/FDCE.v" Line 168: Timing violation in scope /tb_top/dut/baddr_b_reg[3]/TChk168_18105 at time 3504675 ps $setuphold (posedge C,negedge D,(0:0:0),(0:0:0),notifier,in_clk_enable_p,in_clk_enable_p,C_dly,D_dly) 
WARNING: "C:/Xilinx/Vivado/2022.2/data/verilog/src/unisims/FDCE.v" Line 170: Timing violation in scope /tb_top/dut/baddr_b_reg[3]/TChk170_18107 at time 3584675 ps $setuphold (posedge C,posedge D,(0:0:0),(0:0:0),notifier,in_clk_enable_p,in_clk_enable_p,C_dly,D_dly) 
WARNING: "C:/Xilinx/Vivado/2022.2/data/verilog/src/unisims/FDCE.v" Line 170: Timing violation in scope /tb_top/dut/baddr_b_reg[7]_lopt_replica/TChk170_18107 at time 3664646 ps $setuphold (posedge C,posedge D,(0:0:0),(0:0:0),notifier,in_clk_enable_p,in_clk_enable_p,C_dly,D_dly) 
WARNING: "C:/Xilinx/Vivado/2022.2/data/verilog/src/unisims/FDCE.v" Line 168: Timing violation in scope /tb_top/dut/baddr_b_reg[3]/TChk168_18105 at time 3664675 ps $setuphold (posedge C,negedge D,(0:0:0),(0:0:0),notifier,in_clk_enable_p,in_clk_enable_p,C_dly,D_dly) 
WARNING: "C:/Xilinx/Vivado/2022.2/data/verilog/src/unisims/FDCE.v" Line 170: Timing violation in scope /tb_top/dut/baddr_b_reg[3]/TChk170_18107 at time 3744675 ps $setuphold (posedge C,posedge D,(0:0:0),(0:0:0),notifier,in_clk_enable_p,in_clk_enable_p,C_dly,D_dly) 
WARNING: "C:/Xilinx/Vivado/2022.2/data/verilog/src/unisims/FDCE.v" Line 168: Timing violation in scope /tb_top/dut/baddr_b_reg[3]/TChk168_18105 at time 3824675 ps $setuphold (posedge C,negedge D,(0:0:0),(0:0:0),notifier,in_clk_enable_p,in_clk_enable_p,C_dly,D_dly) 
WARNING: "C:/Xilinx/Vivado/2022.2/data/verilog/src/unisims/FDCE.v" Line 170: Timing violation in scope /tb_top/dut/baddr_b_reg[3]/TChk170_18107 at time 3904675 ps $setuphold (posedge C,posedge D,(0:0:0),(0:0:0),notifier,in_clk_enable_p,in_clk_enable_p,C_dly,D_dly) 
WARNING: "C:/Xilinx/Vivado/2022.2/data/verilog/src/unisims/FDCE.v" Line 170: Timing violation in scope /tb_top/dut/baddr_b_reg[6]_lopt_replica/TChk170_18107 at time 3984657 ps $setuphold (posedge C,posedge D,(0:0:0),(0:0:0),notifier,in_clk_enable_p,in_clk_enable_p,C_dly,D_dly) 
WARNING: "C:/Xilinx/Vivado/2022.2/data/verilog/src/unisims/FDCE.v" Line 168: Timing violation in scope /tb_top/dut/baddr_b_reg[3]/TChk168_18105 at time 3984675 ps $setuphold (posedge C,negedge D,(0:0:0),(0:0:0),notifier,in_clk_enable_p,in_clk_enable_p,C_dly,D_dly) 
WARNING: "C:/Xilinx/Vivado/2022.2/data/verilog/src/unisims/FDCE.v" Line 170: Timing violation in scope /tb_top/dut/baddr_b_reg[3]/TChk170_18107 at time 4064675 ps $setuphold (posedge C,posedge D,(0:0:0),(0:0:0),notifier,in_clk_enable_p,in_clk_enable_p,C_dly,D_dly) 
WARNING: "C:/Xilinx/Vivado/2022.2/data/verilog/src/unisims/FDCE.v" Line 168: Timing violation in scope /tb_top/dut/baddr_b_reg[3]/TChk168_18105 at time 4144675 ps $setuphold (posedge C,negedge D,(0:0:0),(0:0:0),notifier,in_clk_enable_p,in_clk_enable_p,C_dly,D_dly) 
WARNING: "C:/Xilinx/Vivado/2022.2/data/verilog/src/unisims/FDCE.v" Line 170: Timing violation in scope /tb_top/dut/baddr_b_reg[3]/TChk170_18107 at time 4224675 ps $setuphold (posedge C,posedge D,(0:0:0),(0:0:0),notifier,in_clk_enable_p,in_clk_enable_p,C_dly,D_dly) 
WARNING: "C:/Xilinx/Vivado/2022.2/data/verilog/src/unisims/FDCE.v" Line 168: Timing violation in scope /tb_top/dut/baddr_b_reg[6]_lopt_replica/TChk168_18105 at time 4304657 ps $setuphold (posedge C,negedge D,(0:0:0),(0:0:0),notifier,in_clk_enable_p,in_clk_enable_p,C_dly,D_dly) 
WARNING: "C:/Xilinx/Vivado/2022.2/data/verilog/src/unisims/FDCE.v" Line 168: Timing violation in scope /tb_top/dut/baddr_b_reg[3]/TChk168_18105 at time 4304675 ps $setuphold (posedge C,negedge D,(0:0:0),(0:0:0),notifier,in_clk_enable_p,in_clk_enable_p,C_dly,D_dly) 
WARNING: "C:/Xilinx/Vivado/2022.2/data/verilog/src/unisims/FDCE.v" Line 170: Timing violation in scope /tb_top/dut/baddr_b_reg[3]/TChk170_18107 at time 4384675 ps $setuphold (posedge C,posedge D,(0:0:0),(0:0:0),notifier,in_clk_enable_p,in_clk_enable_p,C_dly,D_dly) 
WARNING: "C:/Xilinx/Vivado/2022.2/data/verilog/src/unisims/FDCE.v" Line 168: Timing violation in scope /tb_top/dut/baddr_b_reg[3]/TChk168_18105 at time 4464675 ps $setuphold (posedge C,negedge D,(0:0:0),(0:0:0),notifier,in_clk_enable_p,in_clk_enable_p,C_dly,D_dly) 
WARNING: "C:/Xilinx/Vivado/2022.2/data/verilog/src/unisims/FDCE.v" Line 170: Timing violation in scope /tb_top/dut/baddr_b_reg[3]/TChk170_18107 at time 4544675 ps $setuphold (posedge C,posedge D,(0:0:0),(0:0:0),notifier,in_clk_enable_p,in_clk_enable_p,C_dly,D_dly) 
WARNING: "C:/Xilinx/Vivado/2022.2/data/verilog/src/unisims/FDCE.v" Line 170: Timing violation in scope /tb_top/dut/baddr_b_reg[6]_lopt_replica/TChk170_18107 at time 4624657 ps $setuphold (posedge C,posedge D,(0:0:0),(0:0:0),notifier,in_clk_enable_p,in_clk_enable_p,C_dly,D_dly) 
WARNING: "C:/Xilinx/Vivado/2022.2/data/verilog/src/unisims/FDCE.v" Line 168: Timing violation in scope /tb_top/dut/baddr_b_reg[3]/TChk168_18105 at time 4624675 ps $setuphold (posedge C,negedge D,(0:0:0),(0:0:0),notifier,in_clk_enable_p,in_clk_enable_p,C_dly,D_dly) 
WARNING: "C:/Xilinx/Vivado/2022.2/data/verilog/src/unisims/FDCE.v" Line 170: Timing violation in scope /tb_top/dut/baddr_b_reg[3]/TChk170_18107 at time 4704675 ps $setuphold (posedge C,posedge D,(0:0:0),(0:0:0),notifier,in_clk_enable_p,in_clk_enable_p,C_dly,D_dly) 
WARNING: "C:/Xilinx/Vivado/2022.2/data/verilog/src/unisims/FDCE.v" Line 168: Timing violation in scope /tb_top/dut/baddr_b_reg[3]/TChk168_18105 at time 4784675 ps $setuphold (posedge C,negedge D,(0:0:0),(0:0:0),notifier,in_clk_enable_p,in_clk_enable_p,C_dly,D_dly) 
WARNING: "C:/Xilinx/Vivado/2022.2/data/verilog/src/unisims/FDCE.v" Line 170: Timing violation in scope /tb_top/dut/baddr_b_reg[3]/TChk170_18107 at time 4864675 ps $setuphold (posedge C,posedge D,(0:0:0),(0:0:0),notifier,in_clk_enable_p,in_clk_enable_p,C_dly,D_dly) 
WARNING: "C:/Xilinx/Vivado/2022.2/data/verilog/src/unisims/FDCE.v" Line 168: Timing violation in scope /tb_top/dut/baddr_b_reg[6]_lopt_replica/TChk168_18105 at time 4944657 ps $setuphold (posedge C,negedge D,(0:0:0),(0:0:0),notifier,in_clk_enable_p,in_clk_enable_p,C_dly,D_dly) 
WARNING: "C:/Xilinx/Vivado/2022.2/data/verilog/src/unisims/FDCE.v" Line 168: Timing violation in scope /tb_top/dut/baddr_b_reg[3]/TChk168_18105 at time 4944675 ps $setuphold (posedge C,negedge D,(0:0:0),(0:0:0),notifier,in_clk_enable_p,in_clk_enable_p,C_dly,D_dly) 
WARNING: "C:/Xilinx/Vivado/2022.2/data/verilog/src/unisims/FDCE.v" Line 170: Timing violation in scope /tb_top/dut/baddr_b_reg[3]/TChk170_18107 at time 5024675 ps $setuphold (posedge C,posedge D,(0:0:0),(0:0:0),notifier,in_clk_enable_p,in_clk_enable_p,C_dly,D_dly) 
WARNING: "C:/Xilinx/Vivado/2022.2/data/verilog/src/unisims/FDCE.v" Line 168: Timing violation in scope /tb_top/dut/baddr_b_reg[3]/TChk168_18105 at time 5104675 ps $setuphold (posedge C,negedge D,(0:0:0),(0:0:0),notifier,in_clk_enable_p,in_clk_enable_p,C_dly,D_dly) 
WARNING: "C:/Xilinx/Vivado/2022.2/data/verilog/src/unisims/FDCE.v" Line 170: Timing violation in scope /tb_top/dut/baddr_b_reg[3]/TChk170_18107 at time 5184675 ps $setuphold (posedge C,posedge D,(0:0:0),(0:0:0),notifier,in_clk_enable_p,in_clk_enable_p,C_dly,D_dly) 
WARNING: "C:/Xilinx/Vivado/2022.2/data/verilog/src/unisims/FDCE.v" Line 170: Timing violation in scope /tb_top/dut/baddr_b_reg[6]_lopt_replica/TChk170_18107 at time 5264657 ps $setuphold (posedge C,posedge D,(0:0:0),(0:0:0),notifier,in_clk_enable_p,in_clk_enable_p,C_dly,D_dly) 
WARNING: "C:/Xilinx/Vivado/2022.2/data/verilog/src/unisims/FDCE.v" Line 168: Timing violation in scope /tb_top/dut/baddr_b_reg[3]/TChk168_18105 at time 5264675 ps $setuphold (posedge C,negedge D,(0:0:0),(0:0:0),notifier,in_clk_enable_p,in_clk_enable_p,C_dly,D_dly) 
WARNING: "C:/Xilinx/Vivado/2022.2/data/verilog/src/unisims/FDCE.v" Line 170: Timing violation in scope /tb_top/dut/baddr_b_reg[3]/TChk170_18107 at time 5344675 ps $setuphold (posedge C,posedge D,(0:0:0),(0:0:0),notifier,in_clk_enable_p,in_clk_enable_p,C_dly,D_dly) 
WARNING: "C:/Xilinx/Vivado/2022.2/data/verilog/src/unisims/FDCE.v" Line 168: Timing violation in scope /tb_top/dut/baddr_b_reg[3]/TChk168_18105 at time 5424675 ps $setuphold (posedge C,negedge D,(0:0:0),(0:0:0),notifier,in_clk_enable_p,in_clk_enable_p,C_dly,D_dly) 
WARNING: "C:/Xilinx/Vivado/2022.2/data/verilog/src/unisims/FDCE.v" Line 170: Timing violation in scope /tb_top/dut/baddr_b_reg[3]/TChk170_18107 at time 5504675 ps $setuphold (posedge C,posedge D,(0:0:0),(0:0:0),notifier,in_clk_enable_p,in_clk_enable_p,C_dly,D_dly) 
WARNING: "C:/Xilinx/Vivado/2022.2/data/verilog/src/unisims/FDCE.v" Line 168: Timing violation in scope /tb_top/dut/baddr_b_reg[6]_lopt_replica/TChk168_18105 at time 5584657 ps $setuphold (posedge C,negedge D,(0:0:0),(0:0:0),notifier,in_clk_enable_p,in_clk_enable_p,C_dly,D_dly) 
WARNING: "C:/Xilinx/Vivado/2022.2/data/verilog/src/unisims/FDCE.v" Line 168: Timing violation in scope /tb_top/dut/baddr_b_reg[3]/TChk168_18105 at time 5584675 ps $setuphold (posedge C,negedge D,(0:0:0),(0:0:0),notifier,in_clk_enable_p,in_clk_enable_p,C_dly,D_dly) 
WARNING: "C:/Xilinx/Vivado/2022.2/data/verilog/src/unisims/FDCE.v" Line 170: Timing violation in scope /tb_top/dut/baddr_b_reg[3]/TChk170_18107 at time 5664675 ps $setuphold (posedge C,posedge D,(0:0:0),(0:0:0),notifier,in_clk_enable_p,in_clk_enable_p,C_dly,D_dly) 
WARNING: "C:/Xilinx/Vivado/2022.2/data/verilog/src/unisims/FDCE.v" Line 168: Timing violation in scope /tb_top/dut/baddr_b_reg[3]/TChk168_18105 at time 5744675 ps $setuphold (posedge C,negedge D,(0:0:0),(0:0:0),notifier,in_clk_enable_p,in_clk_enable_p,C_dly,D_dly) 
WARNING: "C:/Xilinx/Vivado/2022.2/data/verilog/src/unisims/FDCE.v" Line 170: Timing violation in scope /tb_top/dut/baddr_b_reg[3]/TChk170_18107 at time 5824675 ps $setuphold (posedge C,posedge D,(0:0:0),(0:0:0),notifier,in_clk_enable_p,in_clk_enable_p,C_dly,D_dly) 
WARNING: "C:/Xilinx/Vivado/2022.2/data/verilog/src/unisims/FDCE.v" Line 170: Timing violation in scope /tb_top/dut/baddr_b_reg[6]_lopt_replica/TChk170_18107 at time 5904657 ps $setuphold (posedge C,posedge D,(0:0:0),(0:0:0),notifier,in_clk_enable_p,in_clk_enable_p,C_dly,D_dly) 
WARNING: "C:/Xilinx/Vivado/2022.2/data/verilog/src/unisims/FDCE.v" Line 168: Timing violation in scope /tb_top/dut/baddr_b_reg[3]/TChk168_18105 at time 5904675 ps $setuphold (posedge C,negedge D,(0:0:0),(0:0:0),notifier,in_clk_enable_p,in_clk_enable_p,C_dly,D_dly) 
WARNING: "C:/Xilinx/Vivado/2022.2/data/verilog/src/unisims/FDCE.v" Line 170: Timing violation in scope /tb_top/dut/baddr_b_reg[3]/TChk170_18107 at time 5984675 ps $setuphold (posedge C,posedge D,(0:0:0),(0:0:0),notifier,in_clk_enable_p,in_clk_enable_p,C_dly,D_dly) 
WARNING: "C:/Xilinx/Vivado/2022.2/data/verilog/src/unisims/FDCE.v" Line 168: Timing violation in scope /tb_top/dut/baddr_b_reg[3]/TChk168_18105 at time 6064675 ps $setuphold (posedge C,negedge D,(0:0:0),(0:0:0),notifier,in_clk_enable_p,in_clk_enable_p,C_dly,D_dly) 
WARNING: "C:/Xilinx/Vivado/2022.2/data/verilog/src/unisims/FDCE.v" Line 170: Timing violation in scope /tb_top/dut/baddr_b_reg[3]/TChk170_18107 at time 6144675 ps $setuphold (posedge C,posedge D,(0:0:0),(0:0:0),notifier,in_clk_enable_p,in_clk_enable_p,C_dly,D_dly) 
WARNING: "C:/Xilinx/Vivado/2022.2/data/verilog/src/unisims/FDCE.v" Line 168: Timing violation in scope /tb_top/dut/baddr_b_reg[6]_lopt_replica/TChk168_18105 at time 6224657 ps $setuphold (posedge C,negedge D,(0:0:0),(0:0:0),notifier,in_clk_enable_p,in_clk_enable_p,C_dly,D_dly) 
WARNING: "C:/Xilinx/Vivado/2022.2/data/verilog/src/unisims/FDCE.v" Line 170: Timing violation in scope /tb_top/dut/baddr_b_reg[3]/TChk170_18107 at time 6224675 ps $setuphold (posedge C,posedge D,(0:0:0),(0:0:0),notifier,in_clk_enable_p,in_clk_enable_p,C_dly,D_dly) 
WARNING: "C:/Xilinx/Vivado/2022.2/data/verilog/src/unisims/FDCE.v" Line 170: Timing violation in scope /tb_top/dut/baddr_b_reg[6]_lopt_replica/TChk170_18107 at time 6544657 ps $setuphold (posedge C,posedge D,(0:0:0),(0:0:0),notifier,in_clk_enable_p,in_clk_enable_p,C_dly,D_dly) 
WARNING: "C:/Xilinx/Vivado/2022.2/data/verilog/src/unisims/FDCE.v" Line 168: Timing violation in scope /tb_top/dut/baddr_b_reg[6]_lopt_replica/TChk168_18105 at time 6864657 ps $setuphold (posedge C,negedge D,(0:0:0),(0:0:0),notifier,in_clk_enable_p,in_clk_enable_p,C_dly,D_dly) 
WARNING: "C:/Xilinx/Vivado/2022.2/data/verilog/src/unisims/FDCE.v" Line 170: Timing violation in scope /tb_top/dut/baddr_b_reg[6]_lopt_replica/TChk170_18107 at time 7184657 ps $setuphold (posedge C,posedge D,(0:0:0),(0:0:0),notifier,in_clk_enable_p,in_clk_enable_p,C_dly,D_dly) 
WARNING: "C:/Xilinx/Vivado/2022.2/data/verilog/src/unisims/FDCE.v" Line 168: Timing violation in scope /tb_top/dut/baddr_b_reg[6]_lopt_replica/TChk168_18105 at time 7504657 ps $setuphold (posedge C,negedge D,(0:0:0),(0:0:0),notifier,in_clk_enable_p,in_clk_enable_p,C_dly,D_dly) 
WARNING: "C:/Xilinx/Vivado/2022.2/data/verilog/src/unisims/FDCE.v" Line 170: Timing violation in scope /tb_top/dut/baddr_b_reg[3]/TChk170_18107 at time 7544675 ps $setuphold (posedge C,posedge D,(0:0:0),(0:0:0),notifier,in_clk_enable_p,in_clk_enable_p,C_dly,D_dly) 
WARNING: "C:/Xilinx/Vivado/2022.2/data/verilog/src/unisims/FDCE.v" Line 168: Timing violation in scope /tb_top/dut/baddr_b_reg[3]/TChk168_18105 at time 7584675 ps $setuphold (posedge C,negedge D,(0:0:0),(0:0:0),notifier,in_clk_enable_p,in_clk_enable_p,C_dly,D_dly) 
WARNING: "C:/Xilinx/Vivado/2022.2/data/verilog/src/unisims/FDCE.v" Line 170: Timing violation in scope /tb_top/dut/baddr_b_reg[3]/TChk170_18107 at time 7624675 ps $setuphold (posedge C,posedge D,(0:0:0),(0:0:0),notifier,in_clk_enable_p,in_clk_enable_p,C_dly,D_dly) 
WARNING: "C:/Xilinx/Vivado/2022.2/data/verilog/src/unisims/FDCE.v" Line 168: Timing violation in scope /tb_top/dut/baddr_b_reg[3]/TChk168_18105 at time 7664675 ps $setuphold (posedge C,negedge D,(0:0:0),(0:0:0),notifier,in_clk_enable_p,in_clk_enable_p,C_dly,D_dly) 
WARNING: "C:/Xilinx/Vivado/2022.2/data/verilog/src/unisims/FDCE.v" Line 170: Timing violation in scope /tb_top/dut/baddr_b_reg[3]/TChk170_18107 at time 7704675 ps $setuphold (posedge C,posedge D,(0:0:0),(0:0:0),notifier,in_clk_enable_p,in_clk_enable_p,C_dly,D_dly) 
WARNING: "C:/Xilinx/Vivado/2022.2/data/verilog/src/unisims/FDCE.v" Line 168: Timing violation in scope /tb_top/dut/baddr_b_reg[3]/TChk168_18105 at time 7744675 ps $setuphold (posedge C,negedge D,(0:0:0),(0:0:0),notifier,in_clk_enable_p,in_clk_enable_p,C_dly,D_dly) 
WARNING: "C:/Xilinx/Vivado/2022.2/data/verilog/src/unisims/FDCE.v" Line 170: Timing violation in scope /tb_top/dut/baddr_b_reg[3]/TChk170_18107 at time 7784675 ps $setuphold (posedge C,posedge D,(0:0:0),(0:0:0),notifier,in_clk_enable_p,in_clk_enable_p,C_dly,D_dly) 
WARNING: "C:/Xilinx/Vivado/2022.2/data/verilog/src/unisims/FDCE.v" Line 170: Timing violation in scope /tb_top/dut/baddr_b_reg[6]_lopt_replica/TChk170_18107 at time 7824657 ps $setuphold (posedge C,posedge D,(0:0:0),(0:0:0),notifier,in_clk_enable_p,in_clk_enable_p,C_dly,D_dly) 
WARNING: "C:/Xilinx/Vivado/2022.2/data/verilog/src/unisims/FDCE.v" Line 168: Timing violation in scope /tb_top/dut/baddr_b_reg[3]/TChk168_18105 at time 7824675 ps $setuphold (posedge C,negedge D,(0:0:0),(0:0:0),notifier,in_clk_enable_p,in_clk_enable_p,C_dly,D_dly) 
WARNING: "C:/Xilinx/Vivado/2022.2/data/verilog/src/unisims/FDCE.v" Line 170: Timing violation in scope /tb_top/dut/baddr_b_reg[3]/TChk170_18107 at time 7864675 ps $setuphold (posedge C,posedge D,(0:0:0),(0:0:0),notifier,in_clk_enable_p,in_clk_enable_p,C_dly,D_dly) 
WARNING: "C:/Xilinx/Vivado/2022.2/data/verilog/src/unisims/FDCE.v" Line 168: Timing violation in scope /tb_top/dut/baddr_b_reg[3]/TChk168_18105 at time 7904675 ps $setuphold (posedge C,negedge D,(0:0:0),(0:0:0),notifier,in_clk_enable_p,in_clk_enable_p,C_dly,D_dly) 
WARNING: "C:/Xilinx/Vivado/2022.2/data/verilog/src/unisims/FDCE.v" Line 170: Timing violation in scope /tb_top/dut/baddr_b_reg[3]/TChk170_18107 at time 7944675 ps $setuphold (posedge C,posedge D,(0:0:0),(0:0:0),notifier,in_clk_enable_p,in_clk_enable_p,C_dly,D_dly) 
WARNING: "C:/Xilinx/Vivado/2022.2/data/verilog/src/unisims/FDCE.v" Line 168: Timing violation in scope /tb_top/dut/baddr_b_reg[3]/TChk168_18105 at time 7984675 ps $setuphold (posedge C,negedge D,(0:0:0),(0:0:0),notifier,in_clk_enable_p,in_clk_enable_p,C_dly,D_dly) 
WARNING: "C:/Xilinx/Vivado/2022.2/data/verilog/src/unisims/FDCE.v" Line 170: Timing violation in scope /tb_top/dut/baddr_b_reg[3]/TChk170_18107 at time 8024675 ps $setuphold (posedge C,posedge D,(0:0:0),(0:0:0),notifier,in_clk_enable_p,in_clk_enable_p,C_dly,D_dly) 
WARNING: "C:/Xilinx/Vivado/2022.2/data/verilog/src/unisims/FDCE.v" Line 168: Timing violation in scope /tb_top/dut/baddr_b_reg[3]/TChk168_18105 at time 8064675 ps $setuphold (posedge C,negedge D,(0:0:0),(0:0:0),notifier,in_clk_enable_p,in_clk_enable_p,C_dly,D_dly) 
WARNING: "C:/Xilinx/Vivado/2022.2/data/verilog/src/unisims/FDCE.v" Line 170: Timing violation in scope /tb_top/dut/baddr_b_reg[3]/TChk170_18107 at time 8104675 ps $setuphold (posedge C,posedge D,(0:0:0),(0:0:0),notifier,in_clk_enable_p,in_clk_enable_p,C_dly,D_dly) 
WARNING: "C:/Xilinx/Vivado/2022.2/data/verilog/src/unisims/FDCE.v" Line 168: Timing violation in scope /tb_top/dut/baddr_b_reg[6]_lopt_replica/TChk168_18105 at time 8144657 ps $setuphold (posedge C,negedge D,(0:0:0),(0:0:0),notifier,in_clk_enable_p,in_clk_enable_p,C_dly,D_dly) 
WARNING: "C:/Xilinx/Vivado/2022.2/data/verilog/src/unisims/FDCE.v" Line 168: Timing violation in scope /tb_top/dut/baddr_b_reg[3]/TChk168_18105 at time 8144675 ps $setuphold (posedge C,negedge D,(0:0:0),(0:0:0),notifier,in_clk_enable_p,in_clk_enable_p,C_dly,D_dly) 
WARNING: "C:/Xilinx/Vivado/2022.2/data/verilog/src/unisims/FDCE.v" Line 170: Timing violation in scope /tb_top/dut/baddr_b_reg[3]/TChk170_18107 at time 8184675 ps $setuphold (posedge C,posedge D,(0:0:0),(0:0:0),notifier,in_clk_enable_p,in_clk_enable_p,C_dly,D_dly) 
WARNING: "C:/Xilinx/Vivado/2022.2/data/verilog/src/unisims/FDCE.v" Line 168: Timing violation in scope /tb_top/dut/baddr_b_reg[3]/TChk168_18105 at time 8224675 ps $setuphold (posedge C,negedge D,(0:0:0),(0:0:0),notifier,in_clk_enable_p,in_clk_enable_p,C_dly,D_dly) 
WARNING: "C:/Xilinx/Vivado/2022.2/data/verilog/src/unisims/FDCE.v" Line 170: Timing violation in scope /tb_top/dut/baddr_b_reg[3]/TChk170_18107 at time 8264675 ps $setuphold (posedge C,posedge D,(0:0:0),(0:0:0),notifier,in_clk_enable_p,in_clk_enable_p,C_dly,D_dly) 
WARNING: "C:/Xilinx/Vivado/2022.2/data/verilog/src/unisims/FDCE.v" Line 168: Timing violation in scope /tb_top/dut/baddr_b_reg[3]/TChk168_18105 at time 8304675 ps $setuphold (posedge C,negedge D,(0:0:0),(0:0:0),notifier,in_clk_enable_p,in_clk_enable_p,C_dly,D_dly) 
WARNING: "C:/Xilinx/Vivado/2022.2/data/verilog/src/unisims/FDCE.v" Line 170: Timing violation in scope /tb_top/dut/baddr_b_reg[3]/TChk170_18107 at time 8344675 ps $setuphold (posedge C,posedge D,(0:0:0),(0:0:0),notifier,in_clk_enable_p,in_clk_enable_p,C_dly,D_dly) 
WARNING: "C:/Xilinx/Vivado/2022.2/data/verilog/src/unisims/FDCE.v" Line 168: Timing violation in scope /tb_top/dut/baddr_b_reg[3]/TChk168_18105 at time 8384675 ps $setuphold (posedge C,negedge D,(0:0:0),(0:0:0),notifier,in_clk_enable_p,in_clk_enable_p,C_dly,D_dly) 
WARNING: "C:/Xilinx/Vivado/2022.2/data/verilog/src/unisims/FDCE.v" Line 170: Timing violation in scope /tb_top/dut/baddr_b_reg[3]/TChk170_18107 at time 8424675 ps $setuphold (posedge C,posedge D,(0:0:0),(0:0:0),notifier,in_clk_enable_p,in_clk_enable_p,C_dly,D_dly) 
WARNING: "C:/Xilinx/Vivado/2022.2/data/verilog/src/unisims/FDCE.v" Line 170: Timing violation in scope /tb_top/dut/baddr_b_reg[6]_lopt_replica/TChk170_18107 at time 8464657 ps $setuphold (posedge C,posedge D,(0:0:0),(0:0:0),notifier,in_clk_enable_p,in_clk_enable_p,C_dly,D_dly) 
WARNING: "C:/Xilinx/Vivado/2022.2/data/verilog/src/unisims/FDCE.v" Line 168: Timing violation in scope /tb_top/dut/baddr_b_reg[3]/TChk168_18105 at time 8464675 ps $setuphold (posedge C,negedge D,(0:0:0),(0:0:0),notifier,in_clk_enable_p,in_clk_enable_p,C_dly,D_dly) 
WARNING: "C:/Xilinx/Vivado/2022.2/data/verilog/src/unisims/FDCE.v" Line 170: Timing violation in scope /tb_top/dut/baddr_b_reg[3]/TChk170_18107 at time 8504675 ps $setuphold (posedge C,posedge D,(0:0:0),(0:0:0),notifier,in_clk_enable_p,in_clk_enable_p,C_dly,D_dly) 
WARNING: "C:/Xilinx/Vivado/2022.2/data/verilog/src/unisims/FDCE.v" Line 168: Timing violation in scope /tb_top/dut/baddr_b_reg[3]/TChk168_18105 at time 8544675 ps $setuphold (posedge C,negedge D,(0:0:0),(0:0:0),notifier,in_clk_enable_p,in_clk_enable_p,C_dly,D_dly) 
WARNING: "C:/Xilinx/Vivado/2022.2/data/verilog/src/unisims/FDCE.v" Line 170: Timing violation in scope /tb_top/dut/baddr_b_reg[3]/TChk170_18107 at time 8584675 ps $setuphold (posedge C,posedge D,(0:0:0),(0:0:0),notifier,in_clk_enable_p,in_clk_enable_p,C_dly,D_dly) 
WARNING: "C:/Xilinx/Vivado/2022.2/data/verilog/src/unisims/FDCE.v" Line 168: Timing violation in scope /tb_top/dut/baddr_b_reg[3]/TChk168_18105 at time 8624675 ps $setuphold (posedge C,negedge D,(0:0:0),(0:0:0),notifier,in_clk_enable_p,in_clk_enable_p,C_dly,D_dly) 
WARNING: "C:/Xilinx/Vivado/2022.2/data/verilog/src/unisims/FDCE.v" Line 170: Timing violation in scope /tb_top/dut/baddr_b_reg[3]/TChk170_18107 at time 8664675 ps $setuphold (posedge C,posedge D,(0:0:0),(0:0:0),notifier,in_clk_enable_p,in_clk_enable_p,C_dly,D_dly) 
WARNING: "C:/Xilinx/Vivado/2022.2/data/verilog/src/unisims/FDCE.v" Line 168: Timing violation in scope /tb_top/dut/baddr_b_reg[3]/TChk168_18105 at time 8704675 ps $setuphold (posedge C,negedge D,(0:0:0),(0:0:0),notifier,in_clk_enable_p,in_clk_enable_p,C_dly,D_dly) 
WARNING: "C:/Xilinx/Vivado/2022.2/data/verilog/src/unisims/FDCE.v" Line 170: Timing violation in scope /tb_top/dut/baddr_b_reg[3]/TChk170_18107 at time 8744675 ps $setuphold (posedge C,posedge D,(0:0:0),(0:0:0),notifier,in_clk_enable_p,in_clk_enable_p,C_dly,D_dly) 
WARNING: "C:/Xilinx/Vivado/2022.2/data/verilog/src/unisims/FDCE.v" Line 168: Timing violation in scope /tb_top/dut/baddr_b_reg[6]_lopt_replica/TChk168_18105 at time 8784657 ps $setuphold (posedge C,negedge D,(0:0:0),(0:0:0),notifier,in_clk_enable_p,in_clk_enable_p,C_dly,D_dly) 
WARNING: "C:/Xilinx/Vivado/2022.2/data/verilog/src/unisims/FDCE.v" Line 168: Timing violation in scope /tb_top/dut/baddr_b_reg[3]/TChk168_18105 at time 8784675 ps $setuphold (posedge C,negedge D,(0:0:0),(0:0:0),notifier,in_clk_enable_p,in_clk_enable_p,C_dly,D_dly) 
WARNING: "C:/Xilinx/Vivado/2022.2/data/verilog/src/unisims/FDCE.v" Line 170: Timing violation in scope /tb_top/dut/baddr_b_reg[3]/TChk170_18107 at time 8824675 ps $setuphold (posedge C,posedge D,(0:0:0),(0:0:0),notifier,in_clk_enable_p,in_clk_enable_p,C_dly,D_dly) 
WARNING: "C:/Xilinx/Vivado/2022.2/data/verilog/src/unisims/FDCE.v" Line 168: Timing violation in scope /tb_top/dut/baddr_b_reg[3]/TChk168_18105 at time 8864675 ps $setuphold (posedge C,negedge D,(0:0:0),(0:0:0),notifier,in_clk_enable_p,in_clk_enable_p,C_dly,D_dly) 
WARNING: "C:/Xilinx/Vivado/2022.2/data/verilog/src/unisims/FDCE.v" Line 170: Timing violation in scope /tb_top/dut/baddr_b_reg[3]/TChk170_18107 at time 8904675 ps $setuphold (posedge C,posedge D,(0:0:0),(0:0:0),notifier,in_clk_enable_p,in_clk_enable_p,C_dly,D_dly) 
WARNING: "C:/Xilinx/Vivado/2022.2/data/verilog/src/unisims/FDCE.v" Line 168: Timing violation in scope /tb_top/dut/baddr_b_reg[3]/TChk168_18105 at time 8944675 ps $setuphold (posedge C,negedge D,(0:0:0),(0:0:0),notifier,in_clk_enable_p,in_clk_enable_p,C_dly,D_dly) 
WARNING: "C:/Xilinx/Vivado/2022.2/data/verilog/src/unisims/FDCE.v" Line 170: Timing violation in scope /tb_top/dut/baddr_b_reg[3]/TChk170_18107 at time 8984675 ps $setuphold (posedge C,posedge D,(0:0:0),(0:0:0),notifier,in_clk_enable_p,in_clk_enable_p,C_dly,D_dly) 
WARNING: "C:/Xilinx/Vivado/2022.2/data/verilog/src/unisims/FDCE.v" Line 168: Timing violation in scope /tb_top/dut/baddr_b_reg[3]/TChk168_18105 at time 9024675 ps $setuphold (posedge C,negedge D,(0:0:0),(0:0:0),notifier,in_clk_enable_p,in_clk_enable_p,C_dly,D_dly) 
WARNING: "C:/Xilinx/Vivado/2022.2/data/verilog/src/unisims/FDCE.v" Line 170: Timing violation in scope /tb_top/dut/baddr_b_reg[3]/TChk170_18107 at time 9064675 ps $setuphold (posedge C,posedge D,(0:0:0),(0:0:0),notifier,in_clk_enable_p,in_clk_enable_p,C_dly,D_dly) 
WARNING: "C:/Xilinx/Vivado/2022.2/data/verilog/src/unisims/FDCE.v" Line 170: Timing violation in scope /tb_top/dut/baddr_b_reg[6]_lopt_replica/TChk170_18107 at time 9104657 ps $setuphold (posedge C,posedge D,(0:0:0),(0:0:0),notifier,in_clk_enable_p,in_clk_enable_p,C_dly,D_dly) 
WARNING: "C:/Xilinx/Vivado/2022.2/data/verilog/src/unisims/FDCE.v" Line 168: Timing violation in scope /tb_top/dut/baddr_b_reg[3]/TChk168_18105 at time 9104675 ps $setuphold (posedge C,negedge D,(0:0:0),(0:0:0),notifier,in_clk_enable_p,in_clk_enable_p,C_dly,D_dly) 
WARNING: "C:/Xilinx/Vivado/2022.2/data/verilog/src/unisims/FDCE.v" Line 170: Timing violation in scope /tb_top/dut/baddr_b_reg[3]/TChk170_18107 at time 9144675 ps $setuphold (posedge C,posedge D,(0:0:0),(0:0:0),notifier,in_clk_enable_p,in_clk_enable_p,C_dly,D_dly) 
WARNING: "C:/Xilinx/Vivado/2022.2/data/verilog/src/unisims/FDCE.v" Line 168: Timing violation in scope /tb_top/dut/baddr_b_reg[3]/TChk168_18105 at time 9184675 ps $setuphold (posedge C,negedge D,(0:0:0),(0:0:0),notifier,in_clk_enable_p,in_clk_enable_p,C_dly,D_dly) 
WARNING: "C:/Xilinx/Vivado/2022.2/data/verilog/src/unisims/FDCE.v" Line 170: Timing violation in scope /tb_top/dut/baddr_b_reg[3]/TChk170_18107 at time 9224675 ps $setuphold (posedge C,posedge D,(0:0:0),(0:0:0),notifier,in_clk_enable_p,in_clk_enable_p,C_dly,D_dly) 
WARNING: "C:/Xilinx/Vivado/2022.2/data/verilog/src/unisims/FDCE.v" Line 168: Timing violation in scope /tb_top/dut/baddr_b_reg[3]/TChk168_18105 at time 9264675 ps $setuphold (posedge C,negedge D,(0:0:0),(0:0:0),notifier,in_clk_enable_p,in_clk_enable_p,C_dly,D_dly) 
WARNING: "C:/Xilinx/Vivado/2022.2/data/verilog/src/unisims/FDCE.v" Line 170: Timing violation in scope /tb_top/dut/baddr_b_reg[3]/TChk170_18107 at time 9304675 ps $setuphold (posedge C,posedge D,(0:0:0),(0:0:0),notifier,in_clk_enable_p,in_clk_enable_p,C_dly,D_dly) 
WARNING: "C:/Xilinx/Vivado/2022.2/data/verilog/src/unisims/FDCE.v" Line 168: Timing violation in scope /tb_top/dut/baddr_b_reg[3]/TChk168_18105 at time 9344675 ps $setuphold (posedge C,negedge D,(0:0:0),(0:0:0),notifier,in_clk_enable_p,in_clk_enable_p,C_dly,D_dly) 
WARNING: "C:/Xilinx/Vivado/2022.2/data/verilog/src/unisims/FDCE.v" Line 170: Timing violation in scope /tb_top/dut/baddr_b_reg[3]/TChk170_18107 at time 9384675 ps $setuphold (posedge C,posedge D,(0:0:0),(0:0:0),notifier,in_clk_enable_p,in_clk_enable_p,C_dly,D_dly) 
WARNING: "C:/Xilinx/Vivado/2022.2/data/verilog/src/unisims/FDCE.v" Line 168: Timing violation in scope /tb_top/dut/baddr_b_reg[6]_lopt_replica/TChk168_18105 at time 9424657 ps $setuphold (posedge C,negedge D,(0:0:0),(0:0:0),notifier,in_clk_enable_p,in_clk_enable_p,C_dly,D_dly) 
WARNING: "C:/Xilinx/Vivado/2022.2/data/verilog/src/unisims/FDCE.v" Line 168: Timing violation in scope /tb_top/dut/baddr_b_reg[3]/TChk168_18105 at time 9424675 ps $setuphold (posedge C,negedge D,(0:0:0),(0:0:0),notifier,in_clk_enable_p,in_clk_enable_p,C_dly,D_dly) 
WARNING: "C:/Xilinx/Vivado/2022.2/data/verilog/src/unisims/FDCE.v" Line 170: Timing violation in scope /tb_top/dut/baddr_b_reg[3]/TChk170_18107 at time 9464675 ps $setuphold (posedge C,posedge D,(0:0:0),(0:0:0),notifier,in_clk_enable_p,in_clk_enable_p,C_dly,D_dly) 
WARNING: "C:/Xilinx/Vivado/2022.2/data/verilog/src/unisims/FDCE.v" Line 168: Timing violation in scope /tb_top/dut/baddr_b_reg[3]/TChk168_18105 at time 9504675 ps $setuphold (posedge C,negedge D,(0:0:0),(0:0:0),notifier,in_clk_enable_p,in_clk_enable_p,C_dly,D_dly) 
WARNING: "C:/Xilinx/Vivado/2022.2/data/verilog/src/unisims/FDCE.v" Line 170: Timing violation in scope /tb_top/dut/baddr_b_reg[3]/TChk170_18107 at time 9544675 ps $setuphold (posedge C,posedge D,(0:0:0),(0:0:0),notifier,in_clk_enable_p,in_clk_enable_p,C_dly,D_dly) 
WARNING: "C:/Xilinx/Vivado/2022.2/data/verilog/src/unisims/FDCE.v" Line 168: Timing violation in scope /tb_top/dut/baddr_b_reg[3]/TChk168_18105 at time 9584675 ps $setuphold (posedge C,negedge D,(0:0:0),(0:0:0),notifier,in_clk_enable_p,in_clk_enable_p,C_dly,D_dly) 
WARNING: "C:/Xilinx/Vivado/2022.2/data/verilog/src/unisims/FDCE.v" Line 170: Timing violation in scope /tb_top/dut/baddr_b_reg[3]/TChk170_18107 at time 9624675 ps $setuphold (posedge C,posedge D,(0:0:0),(0:0:0),notifier,in_clk_enable_p,in_clk_enable_p,C_dly,D_dly) 
WARNING: "C:/Xilinx/Vivado/2022.2/data/verilog/src/unisims/FDCE.v" Line 168: Timing violation in scope /tb_top/dut/baddr_b_reg[3]/TChk168_18105 at time 9664675 ps $setuphold (posedge C,negedge D,(0:0:0),(0:0:0),notifier,in_clk_enable_p,in_clk_enable_p,C_dly,D_dly) 
WARNING: "C:/Xilinx/Vivado/2022.2/data/verilog/src/unisims/FDCE.v" Line 170: Timing violation in scope /tb_top/dut/baddr_b_reg[3]/TChk170_18107 at time 9704675 ps $setuphold (posedge C,posedge D,(0:0:0),(0:0:0),notifier,in_clk_enable_p,in_clk_enable_p,C_dly,D_dly) 
WARNING: "C:/Xilinx/Vivado/2022.2/data/verilog/src/unisims/FDCE.v" Line 170: Timing violation in scope /tb_top/dut/baddr_b_reg[6]_lopt_replica/TChk170_18107 at time 9744657 ps $setuphold (posedge C,posedge D,(0:0:0),(0:0:0),notifier,in_clk_enable_p,in_clk_enable_p,C_dly,D_dly) 
WARNING: "C:/Xilinx/Vivado/2022.2/data/verilog/src/unisims/FDCE.v" Line 168: Timing violation in scope /tb_top/dut/baddr_b_reg[3]/TChk168_18105 at time 9744675 ps $setuphold (posedge C,negedge D,(0:0:0),(0:0:0),notifier,in_clk_enable_p,in_clk_enable_p,C_dly,D_dly) 
WARNING: "C:/Xilinx/Vivado/2022.2/data/verilog/src/unisims/FDCE.v" Line 170: Timing violation in scope /tb_top/dut/baddr_b_reg[3]/TChk170_18107 at time 9784675 ps $setuphold (posedge C,posedge D,(0:0:0),(0:0:0),notifier,in_clk_enable_p,in_clk_enable_p,C_dly,D_dly) 
WARNING: "C:/Xilinx/Vivado/2022.2/data/verilog/src/unisims/FDCE.v" Line 168: Timing violation in scope /tb_top/dut/baddr_b_reg[3]/TChk168_18105 at time 9824675 ps $setuphold (posedge C,negedge D,(0:0:0),(0:0:0),notifier,in_clk_enable_p,in_clk_enable_p,C_dly,D_dly) 
WARNING: "C:/Xilinx/Vivado/2022.2/data/verilog/src/unisims/FDCE.v" Line 170: Timing violation in scope /tb_top/dut/baddr_b_reg[3]/TChk170_18107 at time 9864675 ps $setuphold (posedge C,posedge D,(0:0:0),(0:0:0),notifier,in_clk_enable_p,in_clk_enable_p,C_dly,D_dly) 
WARNING: "C:/Xilinx/Vivado/2022.2/data/verilog/src/unisims/FDCE.v" Line 168: Timing violation in scope /tb_top/dut/baddr_b_reg[3]/TChk168_18105 at time 9904675 ps $setuphold (posedge C,negedge D,(0:0:0),(0:0:0),notifier,in_clk_enable_p,in_clk_enable_p,C_dly,D_dly) 
WARNING: "C:/Xilinx/Vivado/2022.2/data/verilog/src/unisims/FDCE.v" Line 170: Timing violation in scope /tb_top/dut/baddr_b_reg[3]/TChk170_18107 at time 9944675 ps $setuphold (posedge C,posedge D,(0:0:0),(0:0:0),notifier,in_clk_enable_p,in_clk_enable_p,C_dly,D_dly) 
WARNING: "C:/Xilinx/Vivado/2022.2/data/verilog/src/unisims/FDCE.v" Line 168: Timing violation in scope /tb_top/dut/baddr_b_reg[3]/TChk168_18105 at time 9984675 ps $setuphold (posedge C,negedge D,(0:0:0),(0:0:0),notifier,in_clk_enable_p,in_clk_enable_p,C_dly,D_dly) 
WARNING: "C:/Xilinx/Vivado/2022.2/data/verilog/src/unisims/FDCE.v" Line 170: Timing violation in scope /tb_top/dut/baddr_b_reg[3]/TChk170_18107 at time 10024675 ps $setuphold (posedge C,posedge D,(0:0:0),(0:0:0),notifier,in_clk_enable_p,in_clk_enable_p,C_dly,D_dly) 
WARNING: "C:/Xilinx/Vivado/2022.2/data/verilog/src/unisims/FDCE.v" Line 168: Timing violation in scope /tb_top/dut/baddr_b_reg[6]_lopt_replica/TChk168_18105 at time 10064657 ps $setuphold (posedge C,negedge D,(0:0:0),(0:0:0),notifier,in_clk_enable_p,in_clk_enable_p,C_dly,D_dly) 
WARNING: "C:/Xilinx/Vivado/2022.2/data/verilog/src/unisims/FDCE.v" Line 168: Timing violation in scope /tb_top/dut/baddr_b_reg[3]/TChk168_18105 at time 10064675 ps $setuphold (posedge C,negedge D,(0:0:0),(0:0:0),notifier,in_clk_enable_p,in_clk_enable_p,C_dly,D_dly) 
[10189000] DONE_STORE!
WARNING: "C:/Xilinx/Vivado/2022.2/data/verilog/src/unisims/FDCE.v" Line 168: Timing violation in scope /tb_top/dut/baddr_b_reg[3]/TChk168_18105 at time 10239675 ps $setuphold (posedge C,negedge D,(0:0:0),(0:0:0),notifier,in_clk_enable_p,in_clk_enable_p,C_dly,D_dly) 
$finish called at time : 10268878 ps : File "C:/Hung/Viettel/Stage2/ML-KEM/NTT/tb_top.v" Line 115
run: Time (s): cpu = 00:01:06 ; elapsed = 00:02:15 . Memory (MB): peak = 4892.035 ; gain = 0.000
xsim: Time (s): cpu = 00:01:06 ; elapsed = 00:02:16 . Memory (MB): peak = 4892.035 ; gain = 0.000
INFO: [USF-XSim-96] XSim completed. Design snapshot 'tb_top_time_impl' loaded.
INFO: [USF-XSim-97] XSim simulation ran for 1000000ns
launch_simulation: Time (s): cpu = 00:01:26 ; elapsed = 00:03:19 . Memory (MB): peak = 4892.035 ; gain = 0.000
current_wave_config {tb_top_func_impl.wcfg}
tb_top_func_impl.wcfg
add_wave {{/tb_top/in0}} {{/tb_top/in1}} 
save_wave_config {C:/Hung/Viettel/Stage2/ML-KEM/ml_kem/tb_top_func_impl.wcfg}
save_wave_config {C:/Hung/Viettel/Stage2/ML-KEM/ml_kem/tb_top_func_impl.wcfg}
relaunch_sim
INFO: xsimkernel Simulation Memory Usage: 202952 KB (Peak: 202952 KB), Simulation CPU Usage: 133827 ms
Command: launch_simulation -step compile -simset sim_1 -mode post-implementation -type timing
INFO: [Vivado 12-12493] Simulation top is 'tb_top'
WARNING: [Vivado 12-13340] Unable to auto find GCC executables from simulator install path! (path not set)
WARNING: [Vivado 12-13277] Compiled library path does not exist: ''
INFO: [Vivado 12-5698] Checking validity of IPs in the design for the 'XSim' simulator...
INFO: [Vivado 12-5682] Launching post-implementation timing simulation in 'C:/Hung/Viettel/Stage2/ML-KEM/ml_kem/ml_kem.sim/sim_1/impl/timing/xsim'
INFO: [Vivado 12-13660] Precompiled IP simulation library mode is enabled (default). The design IP libraries will be referenced from the compiled library path. Please note that if the precompiled version of the library is not found from the path or the IP is in locked state, then the library source files for these IPs will be compiled locally as part of the compile order.
INFO: [Vivado 12-4795] Using compiled simulation libraries for IPs
INFO: [SIM-utils-51] Simulation object is 'sim_1'
INFO: [USF-XSim-2] XSim::Compile design
INFO: [USF-XSim-61] Executing 'COMPILE and ANALYZE' step in 'C:/Hung/Viettel/Stage2/ML-KEM/ml_kem/ml_kem.sim/sim_1/impl/timing/xsim'
"xvlog --incr --relax -prj tb_top_vlog.prj"
INFO: [USF-XSim-69] 'compile' step finished in '1' seconds
Command: launch_simulation -step elaborate -simset sim_1 -mode post-implementation -type timing
INFO: [Vivado 12-12493] Simulation top is 'tb_top'
WARNING: [Vivado 12-13340] Unable to auto find GCC executables from simulator install path! (path not set)
WARNING: [Vivado 12-13277] Compiled library path does not exist: ''
INFO: [Vivado 12-5698] Checking validity of IPs in the design for the 'XSim' simulator...
INFO: [Vivado 12-5682] Launching post-implementation timing simulation in 'C:/Hung/Viettel/Stage2/ML-KEM/ml_kem/ml_kem.sim/sim_1/impl/timing/xsim'
INFO: [Vivado 12-13660] Precompiled IP simulation library mode is enabled (default). The design IP libraries will be referenced from the compiled library path. Please note that if the precompiled version of the library is not found from the path or the IP is in locked state, then the library source files for these IPs will be compiled locally as part of the compile order.
INFO: [Vivado 12-4795] Using compiled simulation libraries for IPs
INFO: [SIM-utils-51] Simulation object is 'sim_1'
INFO: [USF-XSim-3] XSim::Elaborate design
INFO: [USF-XSim-61] Executing 'ELABORATE' step in 'C:/Hung/Viettel/Stage2/ML-KEM/ml_kem/ml_kem.sim/sim_1/impl/timing/xsim'
"xelab --incr --debug typical --relax --mt 2 --maxdelay -L xil_defaultlib -L simprims_ver -L secureip --snapshot tb_top_time_impl -transport_int_delays -pulse_r 0 -pulse_int_r 0 -pulse_e 0 -pulse_int_e 0 xil_defaultlib.tb_top xil_defaultlib.glbl -log elaborate.log"
Vivado Simulator v2022.2.2
Copyright 1986-1999, 2001-2022 Xilinx, Inc. All Rights Reserved.
Running: C:/Xilinx/Vivado/2022.2/bin/unwrapped/win64.o/xelab.exe --incr --debug typical --relax --mt 2 --maxdelay -L xil_defaultlib -L simprims_ver -L secureip --snapshot tb_top_time_impl -transport_int_delays -pulse_r 0 -pulse_int_r 0 -pulse_e 0 -pulse_int_e 0 xil_defaultlib.tb_top xil_defaultlib.glbl -log elaborate.log 
Using 2 slave threads.
Starting static elaboration
Pass Through NonSizing Optimizer
Completed static elaboration
INFO: [XSIM 43-4323] No Change in HDL. Linking previously generated obj files to create kernel
INFO: [USF-XSim-69] 'elaborate' step finished in '3' seconds
Time resolution is 1 ps
WARNING: "C:/Xilinx/Vivado/2022.2/data/verilog/src/unisims/FDCE.v" Line 170: Timing violation in scope /tb_top/dut/baddr_b_reg[3]/TChk170_18107 at time 1184675 ps $setuphold (posedge C,posedge D,(0:0:0),(0:0:0),notifier,in_clk_enable_p,in_clk_enable_p,C_dly,D_dly) 
WARNING: "C:/Xilinx/Vivado/2022.2/data/verilog/src/unisims/FDCE.v" Line 168: Timing violation in scope /tb_top/dut/baddr_b_reg[3]/TChk168_18105 at time 1264675 ps $setuphold (posedge C,negedge D,(0:0:0),(0:0:0),notifier,in_clk_enable_p,in_clk_enable_p,C_dly,D_dly) 
WARNING: "C:/Xilinx/Vivado/2022.2/data/verilog/src/unisims/FDCE.v" Line 170: Timing violation in scope /tb_top/dut/baddr_b_reg[3]/TChk170_18107 at time 1344675 ps $setuphold (posedge C,posedge D,(0:0:0),(0:0:0),notifier,in_clk_enable_p,in_clk_enable_p,C_dly,D_dly) 
WARNING: "C:/Xilinx/Vivado/2022.2/data/verilog/src/unisims/FDCE.v" Line 168: Timing violation in scope /tb_top/dut/baddr_b_reg[3]/TChk168_18105 at time 1424675 ps $setuphold (posedge C,negedge D,(0:0:0),(0:0:0),notifier,in_clk_enable_p,in_clk_enable_p,C_dly,D_dly) 
WARNING: "C:/Xilinx/Vivado/2022.2/data/verilog/src/unisims/FDCE.v" Line 170: Timing violation in scope /tb_top/dut/baddr_b_reg[3]/TChk170_18107 at time 1504675 ps $setuphold (posedge C,posedge D,(0:0:0),(0:0:0),notifier,in_clk_enable_p,in_clk_enable_p,C_dly,D_dly) 
WARNING: "C:/Xilinx/Vivado/2022.2/data/verilog/src/unisims/FDCE.v" Line 168: Timing violation in scope /tb_top/dut/baddr_b_reg[3]/TChk168_18105 at time 1584675 ps $setuphold (posedge C,negedge D,(0:0:0),(0:0:0),notifier,in_clk_enable_p,in_clk_enable_p,C_dly,D_dly) 
WARNING: "C:/Xilinx/Vivado/2022.2/data/verilog/src/unisims/FDCE.v" Line 170: Timing violation in scope /tb_top/dut/baddr_b_reg[3]/TChk170_18107 at time 1664675 ps $setuphold (posedge C,posedge D,(0:0:0),(0:0:0),notifier,in_clk_enable_p,in_clk_enable_p,C_dly,D_dly) 
WARNING: "C:/Xilinx/Vivado/2022.2/data/verilog/src/unisims/FDCE.v" Line 170: Timing violation in scope /tb_top/dut/baddr_b_reg[6]_lopt_replica/TChk170_18107 at time 1744657 ps $setuphold (posedge C,posedge D,(0:0:0),(0:0:0),notifier,in_clk_enable_p,in_clk_enable_p,C_dly,D_dly) 
WARNING: "C:/Xilinx/Vivado/2022.2/data/verilog/src/unisims/FDCE.v" Line 168: Timing violation in scope /tb_top/dut/baddr_b_reg[3]/TChk168_18105 at time 1744675 ps $setuphold (posedge C,negedge D,(0:0:0),(0:0:0),notifier,in_clk_enable_p,in_clk_enable_p,C_dly,D_dly) 
WARNING: "C:/Xilinx/Vivado/2022.2/data/verilog/src/unisims/FDCE.v" Line 170: Timing violation in scope /tb_top/dut/baddr_b_reg[3]/TChk170_18107 at time 1824675 ps $setuphold (posedge C,posedge D,(0:0:0),(0:0:0),notifier,in_clk_enable_p,in_clk_enable_p,C_dly,D_dly) 
WARNING: "C:/Xilinx/Vivado/2022.2/data/verilog/src/unisims/FDCE.v" Line 168: Timing violation in scope /tb_top/dut/baddr_b_reg[3]/TChk168_18105 at time 1904675 ps $setuphold (posedge C,negedge D,(0:0:0),(0:0:0),notifier,in_clk_enable_p,in_clk_enable_p,C_dly,D_dly) 
WARNING: "C:/Xilinx/Vivado/2022.2/data/verilog/src/unisims/FDCE.v" Line 170: Timing violation in scope /tb_top/dut/baddr_b_reg[3]/TChk170_18107 at time 1984675 ps $setuphold (posedge C,posedge D,(0:0:0),(0:0:0),notifier,in_clk_enable_p,in_clk_enable_p,C_dly,D_dly) 
WARNING: "C:/Xilinx/Vivado/2022.2/data/verilog/src/unisims/FDCE.v" Line 168: Timing violation in scope /tb_top/dut/baddr_b_reg[3]/TChk168_18105 at time 2064675 ps $setuphold (posedge C,negedge D,(0:0:0),(0:0:0),notifier,in_clk_enable_p,in_clk_enable_p,C_dly,D_dly) 
WARNING: "C:/Xilinx/Vivado/2022.2/data/verilog/src/unisims/FDCE.v" Line 170: Timing violation in scope /tb_top/dut/baddr_b_reg[3]/TChk170_18107 at time 2144675 ps $setuphold (posedge C,posedge D,(0:0:0),(0:0:0),notifier,in_clk_enable_p,in_clk_enable_p,C_dly,D_dly) 
WARNING: "C:/Xilinx/Vivado/2022.2/data/verilog/src/unisims/FDCE.v" Line 168: Timing violation in scope /tb_top/dut/baddr_b_reg[3]/TChk168_18105 at time 2224675 ps $setuphold (posedge C,negedge D,(0:0:0),(0:0:0),notifier,in_clk_enable_p,in_clk_enable_p,C_dly,D_dly) 
WARNING: "C:/Xilinx/Vivado/2022.2/data/verilog/src/unisims/FDCE.v" Line 170: Timing violation in scope /tb_top/dut/baddr_b_reg[3]/TChk170_18107 at time 2304675 ps $setuphold (posedge C,posedge D,(0:0:0),(0:0:0),notifier,in_clk_enable_p,in_clk_enable_p,C_dly,D_dly) 
WARNING: "C:/Xilinx/Vivado/2022.2/data/verilog/src/unisims/FDCE.v" Line 168: Timing violation in scope /tb_top/dut/baddr_b_reg[7]_lopt_replica/TChk168_18105 at time 2384646 ps $setuphold (posedge C,negedge D,(0:0:0),(0:0:0),notifier,in_clk_enable_p,in_clk_enable_p,C_dly,D_dly) 
WARNING: "C:/Xilinx/Vivado/2022.2/data/verilog/src/unisims/FDCE.v" Line 170: Timing violation in scope /tb_top/dut/baddr_b_reg[6]_lopt_replica/TChk170_18107 at time 2384657 ps $setuphold (posedge C,posedge D,(0:0:0),(0:0:0),notifier,in_clk_enable_p,in_clk_enable_p,C_dly,D_dly) 
WARNING: "C:/Xilinx/Vivado/2022.2/data/verilog/src/unisims/FDCE.v" Line 170: Timing violation in scope /tb_top/dut/baddr_b_reg[7]_lopt_replica/TChk170_18107 at time 2384666 ps $setuphold (posedge C,posedge D,(0:0:0),(0:0:0),notifier,in_clk_enable_p,in_clk_enable_p,C_dly,D_dly) 
WARNING: "C:/Xilinx/Vivado/2022.2/data/verilog/src/unisims/FDCE.v" Line 168: Timing violation in scope /tb_top/dut/baddr_b_reg[3]/TChk168_18105 at time 2384675 ps $setuphold (posedge C,negedge D,(0:0:0),(0:0:0),notifier,in_clk_enable_p,in_clk_enable_p,C_dly,D_dly) 
WARNING: "C:/Xilinx/Vivado/2022.2/data/verilog/src/unisims/FDCE.v" Line 170: Timing violation in scope /tb_top/dut/baddr_b_reg[3]/TChk170_18107 at time 2464675 ps $setuphold (posedge C,posedge D,(0:0:0),(0:0:0),notifier,in_clk_enable_p,in_clk_enable_p,C_dly,D_dly) 
WARNING: "C:/Xilinx/Vivado/2022.2/data/verilog/src/unisims/FDCE.v" Line 168: Timing violation in scope /tb_top/dut/baddr_b_reg[3]/TChk168_18105 at time 2544675 ps $setuphold (posedge C,negedge D,(0:0:0),(0:0:0),notifier,in_clk_enable_p,in_clk_enable_p,C_dly,D_dly) 
WARNING: "C:/Xilinx/Vivado/2022.2/data/verilog/src/unisims/FDCE.v" Line 170: Timing violation in scope /tb_top/dut/baddr_b_reg[3]/TChk170_18107 at time 2624675 ps $setuphold (posedge C,posedge D,(0:0:0),(0:0:0),notifier,in_clk_enable_p,in_clk_enable_p,C_dly,D_dly) 
WARNING: "C:/Xilinx/Vivado/2022.2/data/verilog/src/unisims/FDCE.v" Line 168: Timing violation in scope /tb_top/dut/baddr_b_reg[3]/TChk168_18105 at time 2704675 ps $setuphold (posedge C,negedge D,(0:0:0),(0:0:0),notifier,in_clk_enable_p,in_clk_enable_p,C_dly,D_dly) 
WARNING: "C:/Xilinx/Vivado/2022.2/data/verilog/src/unisims/FDCE.v" Line 170: Timing violation in scope /tb_top/dut/baddr_b_reg[3]/TChk170_18107 at time 2784675 ps $setuphold (posedge C,posedge D,(0:0:0),(0:0:0),notifier,in_clk_enable_p,in_clk_enable_p,C_dly,D_dly) 
WARNING: "C:/Xilinx/Vivado/2022.2/data/verilog/src/unisims/FDCE.v" Line 168: Timing violation in scope /tb_top/dut/baddr_b_reg[3]/TChk168_18105 at time 2864675 ps $setuphold (posedge C,negedge D,(0:0:0),(0:0:0),notifier,in_clk_enable_p,in_clk_enable_p,C_dly,D_dly) 
WARNING: "C:/Xilinx/Vivado/2022.2/data/verilog/src/unisims/FDCE.v" Line 170: Timing violation in scope /tb_top/dut/baddr_b_reg[3]/TChk170_18107 at time 2944675 ps $setuphold (posedge C,posedge D,(0:0:0),(0:0:0),notifier,in_clk_enable_p,in_clk_enable_p,C_dly,D_dly) 
WARNING: "C:/Xilinx/Vivado/2022.2/data/verilog/src/unisims/FDCE.v" Line 168: Timing violation in scope /tb_top/dut/baddr_b_reg[3]/TChk168_18105 at time 3024675 ps $setuphold (posedge C,negedge D,(0:0:0),(0:0:0),notifier,in_clk_enable_p,in_clk_enable_p,C_dly,D_dly) 
WARNING: "C:/Xilinx/Vivado/2022.2/data/verilog/src/unisims/FDCE.v" Line 170: Timing violation in scope /tb_top/dut/baddr_b_reg[3]/TChk170_18107 at time 3104675 ps $setuphold (posedge C,posedge D,(0:0:0),(0:0:0),notifier,in_clk_enable_p,in_clk_enable_p,C_dly,D_dly) 
WARNING: "C:/Xilinx/Vivado/2022.2/data/verilog/src/unisims/FDCE.v" Line 168: Timing violation in scope /tb_top/dut/baddr_b_reg[3]/TChk168_18105 at time 3184675 ps $setuphold (posedge C,negedge D,(0:0:0),(0:0:0),notifier,in_clk_enable_p,in_clk_enable_p,C_dly,D_dly) 
WARNING: "C:/Xilinx/Vivado/2022.2/data/verilog/src/unisims/FDCE.v" Line 170: Timing violation in scope /tb_top/dut/baddr_b_reg[3]/TChk170_18107 at time 3264675 ps $setuphold (posedge C,posedge D,(0:0:0),(0:0:0),notifier,in_clk_enable_p,in_clk_enable_p,C_dly,D_dly) 
WARNING: "C:/Xilinx/Vivado/2022.2/data/verilog/src/unisims/FDCE.v" Line 168: Timing violation in scope /tb_top/dut/baddr_b_reg[3]/TChk168_18105 at time 3344675 ps $setuphold (posedge C,negedge D,(0:0:0),(0:0:0),notifier,in_clk_enable_p,in_clk_enable_p,C_dly,D_dly) 
WARNING: "C:/Xilinx/Vivado/2022.2/data/verilog/src/unisims/FDCE.v" Line 170: Timing violation in scope /tb_top/dut/baddr_b_reg[3]/TChk170_18107 at time 3424675 ps $setuphold (posedge C,posedge D,(0:0:0),(0:0:0),notifier,in_clk_enable_p,in_clk_enable_p,C_dly,D_dly) 
WARNING: "C:/Xilinx/Vivado/2022.2/data/verilog/src/unisims/FDCE.v" Line 168: Timing violation in scope /tb_top/dut/baddr_b_reg[3]/TChk168_18105 at time 3504675 ps $setuphold (posedge C,negedge D,(0:0:0),(0:0:0),notifier,in_clk_enable_p,in_clk_enable_p,C_dly,D_dly) 
WARNING: "C:/Xilinx/Vivado/2022.2/data/verilog/src/unisims/FDCE.v" Line 170: Timing violation in scope /tb_top/dut/baddr_b_reg[3]/TChk170_18107 at time 3584675 ps $setuphold (posedge C,posedge D,(0:0:0),(0:0:0),notifier,in_clk_enable_p,in_clk_enable_p,C_dly,D_dly) 
WARNING: "C:/Xilinx/Vivado/2022.2/data/verilog/src/unisims/FDCE.v" Line 170: Timing violation in scope /tb_top/dut/baddr_b_reg[7]_lopt_replica/TChk170_18107 at time 3664646 ps $setuphold (posedge C,posedge D,(0:0:0),(0:0:0),notifier,in_clk_enable_p,in_clk_enable_p,C_dly,D_dly) 
WARNING: "C:/Xilinx/Vivado/2022.2/data/verilog/src/unisims/FDCE.v" Line 168: Timing violation in scope /tb_top/dut/baddr_b_reg[3]/TChk168_18105 at time 3664675 ps $setuphold (posedge C,negedge D,(0:0:0),(0:0:0),notifier,in_clk_enable_p,in_clk_enable_p,C_dly,D_dly) 
WARNING: "C:/Xilinx/Vivado/2022.2/data/verilog/src/unisims/FDCE.v" Line 170: Timing violation in scope /tb_top/dut/baddr_b_reg[3]/TChk170_18107 at time 3744675 ps $setuphold (posedge C,posedge D,(0:0:0),(0:0:0),notifier,in_clk_enable_p,in_clk_enable_p,C_dly,D_dly) 
WARNING: "C:/Xilinx/Vivado/2022.2/data/verilog/src/unisims/FDCE.v" Line 168: Timing violation in scope /tb_top/dut/baddr_b_reg[3]/TChk168_18105 at time 3824675 ps $setuphold (posedge C,negedge D,(0:0:0),(0:0:0),notifier,in_clk_enable_p,in_clk_enable_p,C_dly,D_dly) 
WARNING: "C:/Xilinx/Vivado/2022.2/data/verilog/src/unisims/FDCE.v" Line 170: Timing violation in scope /tb_top/dut/baddr_b_reg[3]/TChk170_18107 at time 3904675 ps $setuphold (posedge C,posedge D,(0:0:0),(0:0:0),notifier,in_clk_enable_p,in_clk_enable_p,C_dly,D_dly) 
WARNING: "C:/Xilinx/Vivado/2022.2/data/verilog/src/unisims/FDCE.v" Line 170: Timing violation in scope /tb_top/dut/baddr_b_reg[6]_lopt_replica/TChk170_18107 at time 3984657 ps $setuphold (posedge C,posedge D,(0:0:0),(0:0:0),notifier,in_clk_enable_p,in_clk_enable_p,C_dly,D_dly) 
WARNING: "C:/Xilinx/Vivado/2022.2/data/verilog/src/unisims/FDCE.v" Line 168: Timing violation in scope /tb_top/dut/baddr_b_reg[3]/TChk168_18105 at time 3984675 ps $setuphold (posedge C,negedge D,(0:0:0),(0:0:0),notifier,in_clk_enable_p,in_clk_enable_p,C_dly,D_dly) 
WARNING: "C:/Xilinx/Vivado/2022.2/data/verilog/src/unisims/FDCE.v" Line 170: Timing violation in scope /tb_top/dut/baddr_b_reg[3]/TChk170_18107 at time 4064675 ps $setuphold (posedge C,posedge D,(0:0:0),(0:0:0),notifier,in_clk_enable_p,in_clk_enable_p,C_dly,D_dly) 
WARNING: "C:/Xilinx/Vivado/2022.2/data/verilog/src/unisims/FDCE.v" Line 168: Timing violation in scope /tb_top/dut/baddr_b_reg[3]/TChk168_18105 at time 4144675 ps $setuphold (posedge C,negedge D,(0:0:0),(0:0:0),notifier,in_clk_enable_p,in_clk_enable_p,C_dly,D_dly) 
WARNING: "C:/Xilinx/Vivado/2022.2/data/verilog/src/unisims/FDCE.v" Line 170: Timing violation in scope /tb_top/dut/baddr_b_reg[3]/TChk170_18107 at time 4224675 ps $setuphold (posedge C,posedge D,(0:0:0),(0:0:0),notifier,in_clk_enable_p,in_clk_enable_p,C_dly,D_dly) 
WARNING: "C:/Xilinx/Vivado/2022.2/data/verilog/src/unisims/FDCE.v" Line 168: Timing violation in scope /tb_top/dut/baddr_b_reg[6]_lopt_replica/TChk168_18105 at time 4304657 ps $setuphold (posedge C,negedge D,(0:0:0),(0:0:0),notifier,in_clk_enable_p,in_clk_enable_p,C_dly,D_dly) 
WARNING: "C:/Xilinx/Vivado/2022.2/data/verilog/src/unisims/FDCE.v" Line 168: Timing violation in scope /tb_top/dut/baddr_b_reg[3]/TChk168_18105 at time 4304675 ps $setuphold (posedge C,negedge D,(0:0:0),(0:0:0),notifier,in_clk_enable_p,in_clk_enable_p,C_dly,D_dly) 
WARNING: "C:/Xilinx/Vivado/2022.2/data/verilog/src/unisims/FDCE.v" Line 170: Timing violation in scope /tb_top/dut/baddr_b_reg[3]/TChk170_18107 at time 4384675 ps $setuphold (posedge C,posedge D,(0:0:0),(0:0:0),notifier,in_clk_enable_p,in_clk_enable_p,C_dly,D_dly) 
WARNING: "C:/Xilinx/Vivado/2022.2/data/verilog/src/unisims/FDCE.v" Line 168: Timing violation in scope /tb_top/dut/baddr_b_reg[3]/TChk168_18105 at time 4464675 ps $setuphold (posedge C,negedge D,(0:0:0),(0:0:0),notifier,in_clk_enable_p,in_clk_enable_p,C_dly,D_dly) 
WARNING: "C:/Xilinx/Vivado/2022.2/data/verilog/src/unisims/FDCE.v" Line 170: Timing violation in scope /tb_top/dut/baddr_b_reg[3]/TChk170_18107 at time 4544675 ps $setuphold (posedge C,posedge D,(0:0:0),(0:0:0),notifier,in_clk_enable_p,in_clk_enable_p,C_dly,D_dly) 
WARNING: "C:/Xilinx/Vivado/2022.2/data/verilog/src/unisims/FDCE.v" Line 170: Timing violation in scope /tb_top/dut/baddr_b_reg[6]_lopt_replica/TChk170_18107 at time 4624657 ps $setuphold (posedge C,posedge D,(0:0:0),(0:0:0),notifier,in_clk_enable_p,in_clk_enable_p,C_dly,D_dly) 
WARNING: "C:/Xilinx/Vivado/2022.2/data/verilog/src/unisims/FDCE.v" Line 168: Timing violation in scope /tb_top/dut/baddr_b_reg[3]/TChk168_18105 at time 4624675 ps $setuphold (posedge C,negedge D,(0:0:0),(0:0:0),notifier,in_clk_enable_p,in_clk_enable_p,C_dly,D_dly) 
WARNING: "C:/Xilinx/Vivado/2022.2/data/verilog/src/unisims/FDCE.v" Line 170: Timing violation in scope /tb_top/dut/baddr_b_reg[3]/TChk170_18107 at time 4704675 ps $setuphold (posedge C,posedge D,(0:0:0),(0:0:0),notifier,in_clk_enable_p,in_clk_enable_p,C_dly,D_dly) 
WARNING: "C:/Xilinx/Vivado/2022.2/data/verilog/src/unisims/FDCE.v" Line 168: Timing violation in scope /tb_top/dut/baddr_b_reg[3]/TChk168_18105 at time 4784675 ps $setuphold (posedge C,negedge D,(0:0:0),(0:0:0),notifier,in_clk_enable_p,in_clk_enable_p,C_dly,D_dly) 
WARNING: "C:/Xilinx/Vivado/2022.2/data/verilog/src/unisims/FDCE.v" Line 170: Timing violation in scope /tb_top/dut/baddr_b_reg[3]/TChk170_18107 at time 4864675 ps $setuphold (posedge C,posedge D,(0:0:0),(0:0:0),notifier,in_clk_enable_p,in_clk_enable_p,C_dly,D_dly) 
WARNING: "C:/Xilinx/Vivado/2022.2/data/verilog/src/unisims/FDCE.v" Line 168: Timing violation in scope /tb_top/dut/baddr_b_reg[6]_lopt_replica/TChk168_18105 at time 4944657 ps $setuphold (posedge C,negedge D,(0:0:0),(0:0:0),notifier,in_clk_enable_p,in_clk_enable_p,C_dly,D_dly) 
WARNING: "C:/Xilinx/Vivado/2022.2/data/verilog/src/unisims/FDCE.v" Line 168: Timing violation in scope /tb_top/dut/baddr_b_reg[3]/TChk168_18105 at time 4944675 ps $setuphold (posedge C,negedge D,(0:0:0),(0:0:0),notifier,in_clk_enable_p,in_clk_enable_p,C_dly,D_dly) 
WARNING: "C:/Xilinx/Vivado/2022.2/data/verilog/src/unisims/FDCE.v" Line 170: Timing violation in scope /tb_top/dut/baddr_b_reg[3]/TChk170_18107 at time 5024675 ps $setuphold (posedge C,posedge D,(0:0:0),(0:0:0),notifier,in_clk_enable_p,in_clk_enable_p,C_dly,D_dly) 
WARNING: "C:/Xilinx/Vivado/2022.2/data/verilog/src/unisims/FDCE.v" Line 168: Timing violation in scope /tb_top/dut/baddr_b_reg[3]/TChk168_18105 at time 5104675 ps $setuphold (posedge C,negedge D,(0:0:0),(0:0:0),notifier,in_clk_enable_p,in_clk_enable_p,C_dly,D_dly) 
WARNING: "C:/Xilinx/Vivado/2022.2/data/verilog/src/unisims/FDCE.v" Line 170: Timing violation in scope /tb_top/dut/baddr_b_reg[3]/TChk170_18107 at time 5184675 ps $setuphold (posedge C,posedge D,(0:0:0),(0:0:0),notifier,in_clk_enable_p,in_clk_enable_p,C_dly,D_dly) 
WARNING: "C:/Xilinx/Vivado/2022.2/data/verilog/src/unisims/FDCE.v" Line 170: Timing violation in scope /tb_top/dut/baddr_b_reg[6]_lopt_replica/TChk170_18107 at time 5264657 ps $setuphold (posedge C,posedge D,(0:0:0),(0:0:0),notifier,in_clk_enable_p,in_clk_enable_p,C_dly,D_dly) 
WARNING: "C:/Xilinx/Vivado/2022.2/data/verilog/src/unisims/FDCE.v" Line 168: Timing violation in scope /tb_top/dut/baddr_b_reg[3]/TChk168_18105 at time 5264675 ps $setuphold (posedge C,negedge D,(0:0:0),(0:0:0),notifier,in_clk_enable_p,in_clk_enable_p,C_dly,D_dly) 
WARNING: "C:/Xilinx/Vivado/2022.2/data/verilog/src/unisims/FDCE.v" Line 170: Timing violation in scope /tb_top/dut/baddr_b_reg[3]/TChk170_18107 at time 5344675 ps $setuphold (posedge C,posedge D,(0:0:0),(0:0:0),notifier,in_clk_enable_p,in_clk_enable_p,C_dly,D_dly) 
WARNING: "C:/Xilinx/Vivado/2022.2/data/verilog/src/unisims/FDCE.v" Line 168: Timing violation in scope /tb_top/dut/baddr_b_reg[3]/TChk168_18105 at time 5424675 ps $setuphold (posedge C,negedge D,(0:0:0),(0:0:0),notifier,in_clk_enable_p,in_clk_enable_p,C_dly,D_dly) 
WARNING: "C:/Xilinx/Vivado/2022.2/data/verilog/src/unisims/FDCE.v" Line 170: Timing violation in scope /tb_top/dut/baddr_b_reg[3]/TChk170_18107 at time 5504675 ps $setuphold (posedge C,posedge D,(0:0:0),(0:0:0),notifier,in_clk_enable_p,in_clk_enable_p,C_dly,D_dly) 
WARNING: "C:/Xilinx/Vivado/2022.2/data/verilog/src/unisims/FDCE.v" Line 168: Timing violation in scope /tb_top/dut/baddr_b_reg[6]_lopt_replica/TChk168_18105 at time 5584657 ps $setuphold (posedge C,negedge D,(0:0:0),(0:0:0),notifier,in_clk_enable_p,in_clk_enable_p,C_dly,D_dly) 
WARNING: "C:/Xilinx/Vivado/2022.2/data/verilog/src/unisims/FDCE.v" Line 168: Timing violation in scope /tb_top/dut/baddr_b_reg[3]/TChk168_18105 at time 5584675 ps $setuphold (posedge C,negedge D,(0:0:0),(0:0:0),notifier,in_clk_enable_p,in_clk_enable_p,C_dly,D_dly) 
WARNING: "C:/Xilinx/Vivado/2022.2/data/verilog/src/unisims/FDCE.v" Line 170: Timing violation in scope /tb_top/dut/baddr_b_reg[3]/TChk170_18107 at time 5664675 ps $setuphold (posedge C,posedge D,(0:0:0),(0:0:0),notifier,in_clk_enable_p,in_clk_enable_p,C_dly,D_dly) 
WARNING: "C:/Xilinx/Vivado/2022.2/data/verilog/src/unisims/FDCE.v" Line 168: Timing violation in scope /tb_top/dut/baddr_b_reg[3]/TChk168_18105 at time 5744675 ps $setuphold (posedge C,negedge D,(0:0:0),(0:0:0),notifier,in_clk_enable_p,in_clk_enable_p,C_dly,D_dly) 
WARNING: "C:/Xilinx/Vivado/2022.2/data/verilog/src/unisims/FDCE.v" Line 170: Timing violation in scope /tb_top/dut/baddr_b_reg[3]/TChk170_18107 at time 5824675 ps $setuphold (posedge C,posedge D,(0:0:0),(0:0:0),notifier,in_clk_enable_p,in_clk_enable_p,C_dly,D_dly) 
WARNING: "C:/Xilinx/Vivado/2022.2/data/verilog/src/unisims/FDCE.v" Line 170: Timing violation in scope /tb_top/dut/baddr_b_reg[6]_lopt_replica/TChk170_18107 at time 5904657 ps $setuphold (posedge C,posedge D,(0:0:0),(0:0:0),notifier,in_clk_enable_p,in_clk_enable_p,C_dly,D_dly) 
WARNING: "C:/Xilinx/Vivado/2022.2/data/verilog/src/unisims/FDCE.v" Line 168: Timing violation in scope /tb_top/dut/baddr_b_reg[3]/TChk168_18105 at time 5904675 ps $setuphold (posedge C,negedge D,(0:0:0),(0:0:0),notifier,in_clk_enable_p,in_clk_enable_p,C_dly,D_dly) 
WARNING: "C:/Xilinx/Vivado/2022.2/data/verilog/src/unisims/FDCE.v" Line 170: Timing violation in scope /tb_top/dut/baddr_b_reg[3]/TChk170_18107 at time 5984675 ps $setuphold (posedge C,posedge D,(0:0:0),(0:0:0),notifier,in_clk_enable_p,in_clk_enable_p,C_dly,D_dly) 
WARNING: "C:/Xilinx/Vivado/2022.2/data/verilog/src/unisims/FDCE.v" Line 168: Timing violation in scope /tb_top/dut/baddr_b_reg[3]/TChk168_18105 at time 6064675 ps $setuphold (posedge C,negedge D,(0:0:0),(0:0:0),notifier,in_clk_enable_p,in_clk_enable_p,C_dly,D_dly) 
WARNING: "C:/Xilinx/Vivado/2022.2/data/verilog/src/unisims/FDCE.v" Line 170: Timing violation in scope /tb_top/dut/baddr_b_reg[3]/TChk170_18107 at time 6144675 ps $setuphold (posedge C,posedge D,(0:0:0),(0:0:0),notifier,in_clk_enable_p,in_clk_enable_p,C_dly,D_dly) 
WARNING: "C:/Xilinx/Vivado/2022.2/data/verilog/src/unisims/FDCE.v" Line 168: Timing violation in scope /tb_top/dut/baddr_b_reg[6]_lopt_replica/TChk168_18105 at time 6224657 ps $setuphold (posedge C,negedge D,(0:0:0),(0:0:0),notifier,in_clk_enable_p,in_clk_enable_p,C_dly,D_dly) 
WARNING: "C:/Xilinx/Vivado/2022.2/data/verilog/src/unisims/FDCE.v" Line 170: Timing violation in scope /tb_top/dut/baddr_b_reg[3]/TChk170_18107 at time 6224675 ps $setuphold (posedge C,posedge D,(0:0:0),(0:0:0),notifier,in_clk_enable_p,in_clk_enable_p,C_dly,D_dly) 
WARNING: "C:/Xilinx/Vivado/2022.2/data/verilog/src/unisims/FDCE.v" Line 170: Timing violation in scope /tb_top/dut/baddr_b_reg[6]_lopt_replica/TChk170_18107 at time 6544657 ps $setuphold (posedge C,posedge D,(0:0:0),(0:0:0),notifier,in_clk_enable_p,in_clk_enable_p,C_dly,D_dly) 
WARNING: "C:/Xilinx/Vivado/2022.2/data/verilog/src/unisims/FDCE.v" Line 168: Timing violation in scope /tb_top/dut/baddr_b_reg[6]_lopt_replica/TChk168_18105 at time 6864657 ps $setuphold (posedge C,negedge D,(0:0:0),(0:0:0),notifier,in_clk_enable_p,in_clk_enable_p,C_dly,D_dly) 
WARNING: "C:/Xilinx/Vivado/2022.2/data/verilog/src/unisims/FDCE.v" Line 170: Timing violation in scope /tb_top/dut/baddr_b_reg[6]_lopt_replica/TChk170_18107 at time 7184657 ps $setuphold (posedge C,posedge D,(0:0:0),(0:0:0),notifier,in_clk_enable_p,in_clk_enable_p,C_dly,D_dly) 
WARNING: "C:/Xilinx/Vivado/2022.2/data/verilog/src/unisims/FDCE.v" Line 168: Timing violation in scope /tb_top/dut/baddr_b_reg[6]_lopt_replica/TChk168_18105 at time 7504657 ps $setuphold (posedge C,negedge D,(0:0:0),(0:0:0),notifier,in_clk_enable_p,in_clk_enable_p,C_dly,D_dly) 
WARNING: "C:/Xilinx/Vivado/2022.2/data/verilog/src/unisims/FDCE.v" Line 170: Timing violation in scope /tb_top/dut/baddr_b_reg[3]/TChk170_18107 at time 7544675 ps $setuphold (posedge C,posedge D,(0:0:0),(0:0:0),notifier,in_clk_enable_p,in_clk_enable_p,C_dly,D_dly) 
WARNING: "C:/Xilinx/Vivado/2022.2/data/verilog/src/unisims/FDCE.v" Line 168: Timing violation in scope /tb_top/dut/baddr_b_reg[3]/TChk168_18105 at time 7584675 ps $setuphold (posedge C,negedge D,(0:0:0),(0:0:0),notifier,in_clk_enable_p,in_clk_enable_p,C_dly,D_dly) 
WARNING: "C:/Xilinx/Vivado/2022.2/data/verilog/src/unisims/FDCE.v" Line 170: Timing violation in scope /tb_top/dut/baddr_b_reg[3]/TChk170_18107 at time 7624675 ps $setuphold (posedge C,posedge D,(0:0:0),(0:0:0),notifier,in_clk_enable_p,in_clk_enable_p,C_dly,D_dly) 
WARNING: "C:/Xilinx/Vivado/2022.2/data/verilog/src/unisims/FDCE.v" Line 168: Timing violation in scope /tb_top/dut/baddr_b_reg[3]/TChk168_18105 at time 7664675 ps $setuphold (posedge C,negedge D,(0:0:0),(0:0:0),notifier,in_clk_enable_p,in_clk_enable_p,C_dly,D_dly) 
WARNING: "C:/Xilinx/Vivado/2022.2/data/verilog/src/unisims/FDCE.v" Line 170: Timing violation in scope /tb_top/dut/baddr_b_reg[3]/TChk170_18107 at time 7704675 ps $setuphold (posedge C,posedge D,(0:0:0),(0:0:0),notifier,in_clk_enable_p,in_clk_enable_p,C_dly,D_dly) 
WARNING: "C:/Xilinx/Vivado/2022.2/data/verilog/src/unisims/FDCE.v" Line 168: Timing violation in scope /tb_top/dut/baddr_b_reg[3]/TChk168_18105 at time 7744675 ps $setuphold (posedge C,negedge D,(0:0:0),(0:0:0),notifier,in_clk_enable_p,in_clk_enable_p,C_dly,D_dly) 
WARNING: "C:/Xilinx/Vivado/2022.2/data/verilog/src/unisims/FDCE.v" Line 170: Timing violation in scope /tb_top/dut/baddr_b_reg[3]/TChk170_18107 at time 7784675 ps $setuphold (posedge C,posedge D,(0:0:0),(0:0:0),notifier,in_clk_enable_p,in_clk_enable_p,C_dly,D_dly) 
WARNING: "C:/Xilinx/Vivado/2022.2/data/verilog/src/unisims/FDCE.v" Line 170: Timing violation in scope /tb_top/dut/baddr_b_reg[6]_lopt_replica/TChk170_18107 at time 7824657 ps $setuphold (posedge C,posedge D,(0:0:0),(0:0:0),notifier,in_clk_enable_p,in_clk_enable_p,C_dly,D_dly) 
WARNING: "C:/Xilinx/Vivado/2022.2/data/verilog/src/unisims/FDCE.v" Line 168: Timing violation in scope /tb_top/dut/baddr_b_reg[3]/TChk168_18105 at time 7824675 ps $setuphold (posedge C,negedge D,(0:0:0),(0:0:0),notifier,in_clk_enable_p,in_clk_enable_p,C_dly,D_dly) 
WARNING: "C:/Xilinx/Vivado/2022.2/data/verilog/src/unisims/FDCE.v" Line 170: Timing violation in scope /tb_top/dut/baddr_b_reg[3]/TChk170_18107 at time 7864675 ps $setuphold (posedge C,posedge D,(0:0:0),(0:0:0),notifier,in_clk_enable_p,in_clk_enable_p,C_dly,D_dly) 
WARNING: "C:/Xilinx/Vivado/2022.2/data/verilog/src/unisims/FDCE.v" Line 168: Timing violation in scope /tb_top/dut/baddr_b_reg[3]/TChk168_18105 at time 7904675 ps $setuphold (posedge C,negedge D,(0:0:0),(0:0:0),notifier,in_clk_enable_p,in_clk_enable_p,C_dly,D_dly) 
WARNING: "C:/Xilinx/Vivado/2022.2/data/verilog/src/unisims/FDCE.v" Line 170: Timing violation in scope /tb_top/dut/baddr_b_reg[3]/TChk170_18107 at time 7944675 ps $setuphold (posedge C,posedge D,(0:0:0),(0:0:0),notifier,in_clk_enable_p,in_clk_enable_p,C_dly,D_dly) 
WARNING: "C:/Xilinx/Vivado/2022.2/data/verilog/src/unisims/FDCE.v" Line 168: Timing violation in scope /tb_top/dut/baddr_b_reg[3]/TChk168_18105 at time 7984675 ps $setuphold (posedge C,negedge D,(0:0:0),(0:0:0),notifier,in_clk_enable_p,in_clk_enable_p,C_dly,D_dly) 
WARNING: "C:/Xilinx/Vivado/2022.2/data/verilog/src/unisims/FDCE.v" Line 170: Timing violation in scope /tb_top/dut/baddr_b_reg[3]/TChk170_18107 at time 8024675 ps $setuphold (posedge C,posedge D,(0:0:0),(0:0:0),notifier,in_clk_enable_p,in_clk_enable_p,C_dly,D_dly) 
WARNING: "C:/Xilinx/Vivado/2022.2/data/verilog/src/unisims/FDCE.v" Line 168: Timing violation in scope /tb_top/dut/baddr_b_reg[3]/TChk168_18105 at time 8064675 ps $setuphold (posedge C,negedge D,(0:0:0),(0:0:0),notifier,in_clk_enable_p,in_clk_enable_p,C_dly,D_dly) 
WARNING: "C:/Xilinx/Vivado/2022.2/data/verilog/src/unisims/FDCE.v" Line 170: Timing violation in scope /tb_top/dut/baddr_b_reg[3]/TChk170_18107 at time 8104675 ps $setuphold (posedge C,posedge D,(0:0:0),(0:0:0),notifier,in_clk_enable_p,in_clk_enable_p,C_dly,D_dly) 
WARNING: "C:/Xilinx/Vivado/2022.2/data/verilog/src/unisims/FDCE.v" Line 168: Timing violation in scope /tb_top/dut/baddr_b_reg[6]_lopt_replica/TChk168_18105 at time 8144657 ps $setuphold (posedge C,negedge D,(0:0:0),(0:0:0),notifier,in_clk_enable_p,in_clk_enable_p,C_dly,D_dly) 
WARNING: "C:/Xilinx/Vivado/2022.2/data/verilog/src/unisims/FDCE.v" Line 168: Timing violation in scope /tb_top/dut/baddr_b_reg[3]/TChk168_18105 at time 8144675 ps $setuphold (posedge C,negedge D,(0:0:0),(0:0:0),notifier,in_clk_enable_p,in_clk_enable_p,C_dly,D_dly) 
WARNING: "C:/Xilinx/Vivado/2022.2/data/verilog/src/unisims/FDCE.v" Line 170: Timing violation in scope /tb_top/dut/baddr_b_reg[3]/TChk170_18107 at time 8184675 ps $setuphold (posedge C,posedge D,(0:0:0),(0:0:0),notifier,in_clk_enable_p,in_clk_enable_p,C_dly,D_dly) 
WARNING: "C:/Xilinx/Vivado/2022.2/data/verilog/src/unisims/FDCE.v" Line 168: Timing violation in scope /tb_top/dut/baddr_b_reg[3]/TChk168_18105 at time 8224675 ps $setuphold (posedge C,negedge D,(0:0:0),(0:0:0),notifier,in_clk_enable_p,in_clk_enable_p,C_dly,D_dly) 
WARNING: "C:/Xilinx/Vivado/2022.2/data/verilog/src/unisims/FDCE.v" Line 170: Timing violation in scope /tb_top/dut/baddr_b_reg[3]/TChk170_18107 at time 8264675 ps $setuphold (posedge C,posedge D,(0:0:0),(0:0:0),notifier,in_clk_enable_p,in_clk_enable_p,C_dly,D_dly) 
WARNING: "C:/Xilinx/Vivado/2022.2/data/verilog/src/unisims/FDCE.v" Line 168: Timing violation in scope /tb_top/dut/baddr_b_reg[3]/TChk168_18105 at time 8304675 ps $setuphold (posedge C,negedge D,(0:0:0),(0:0:0),notifier,in_clk_enable_p,in_clk_enable_p,C_dly,D_dly) 
WARNING: "C:/Xilinx/Vivado/2022.2/data/verilog/src/unisims/FDCE.v" Line 170: Timing violation in scope /tb_top/dut/baddr_b_reg[3]/TChk170_18107 at time 8344675 ps $setuphold (posedge C,posedge D,(0:0:0),(0:0:0),notifier,in_clk_enable_p,in_clk_enable_p,C_dly,D_dly) 
WARNING: "C:/Xilinx/Vivado/2022.2/data/verilog/src/unisims/FDCE.v" Line 168: Timing violation in scope /tb_top/dut/baddr_b_reg[3]/TChk168_18105 at time 8384675 ps $setuphold (posedge C,negedge D,(0:0:0),(0:0:0),notifier,in_clk_enable_p,in_clk_enable_p,C_dly,D_dly) 
WARNING: "C:/Xilinx/Vivado/2022.2/data/verilog/src/unisims/FDCE.v" Line 170: Timing violation in scope /tb_top/dut/baddr_b_reg[3]/TChk170_18107 at time 8424675 ps $setuphold (posedge C,posedge D,(0:0:0),(0:0:0),notifier,in_clk_enable_p,in_clk_enable_p,C_dly,D_dly) 
WARNING: "C:/Xilinx/Vivado/2022.2/data/verilog/src/unisims/FDCE.v" Line 170: Timing violation in scope /tb_top/dut/baddr_b_reg[6]_lopt_replica/TChk170_18107 at time 8464657 ps $setuphold (posedge C,posedge D,(0:0:0),(0:0:0),notifier,in_clk_enable_p,in_clk_enable_p,C_dly,D_dly) 
WARNING: "C:/Xilinx/Vivado/2022.2/data/verilog/src/unisims/FDCE.v" Line 168: Timing violation in scope /tb_top/dut/baddr_b_reg[3]/TChk168_18105 at time 8464675 ps $setuphold (posedge C,negedge D,(0:0:0),(0:0:0),notifier,in_clk_enable_p,in_clk_enable_p,C_dly,D_dly) 
WARNING: "C:/Xilinx/Vivado/2022.2/data/verilog/src/unisims/FDCE.v" Line 170: Timing violation in scope /tb_top/dut/baddr_b_reg[3]/TChk170_18107 at time 8504675 ps $setuphold (posedge C,posedge D,(0:0:0),(0:0:0),notifier,in_clk_enable_p,in_clk_enable_p,C_dly,D_dly) 
WARNING: "C:/Xilinx/Vivado/2022.2/data/verilog/src/unisims/FDCE.v" Line 168: Timing violation in scope /tb_top/dut/baddr_b_reg[3]/TChk168_18105 at time 8544675 ps $setuphold (posedge C,negedge D,(0:0:0),(0:0:0),notifier,in_clk_enable_p,in_clk_enable_p,C_dly,D_dly) 
WARNING: "C:/Xilinx/Vivado/2022.2/data/verilog/src/unisims/FDCE.v" Line 170: Timing violation in scope /tb_top/dut/baddr_b_reg[3]/TChk170_18107 at time 8584675 ps $setuphold (posedge C,posedge D,(0:0:0),(0:0:0),notifier,in_clk_enable_p,in_clk_enable_p,C_dly,D_dly) 
WARNING: "C:/Xilinx/Vivado/2022.2/data/verilog/src/unisims/FDCE.v" Line 168: Timing violation in scope /tb_top/dut/baddr_b_reg[3]/TChk168_18105 at time 8624675 ps $setuphold (posedge C,negedge D,(0:0:0),(0:0:0),notifier,in_clk_enable_p,in_clk_enable_p,C_dly,D_dly) 
WARNING: "C:/Xilinx/Vivado/2022.2/data/verilog/src/unisims/FDCE.v" Line 170: Timing violation in scope /tb_top/dut/baddr_b_reg[3]/TChk170_18107 at time 8664675 ps $setuphold (posedge C,posedge D,(0:0:0),(0:0:0),notifier,in_clk_enable_p,in_clk_enable_p,C_dly,D_dly) 
WARNING: "C:/Xilinx/Vivado/2022.2/data/verilog/src/unisims/FDCE.v" Line 168: Timing violation in scope /tb_top/dut/baddr_b_reg[3]/TChk168_18105 at time 8704675 ps $setuphold (posedge C,negedge D,(0:0:0),(0:0:0),notifier,in_clk_enable_p,in_clk_enable_p,C_dly,D_dly) 
WARNING: "C:/Xilinx/Vivado/2022.2/data/verilog/src/unisims/FDCE.v" Line 170: Timing violation in scope /tb_top/dut/baddr_b_reg[3]/TChk170_18107 at time 8744675 ps $setuphold (posedge C,posedge D,(0:0:0),(0:0:0),notifier,in_clk_enable_p,in_clk_enable_p,C_dly,D_dly) 
WARNING: "C:/Xilinx/Vivado/2022.2/data/verilog/src/unisims/FDCE.v" Line 168: Timing violation in scope /tb_top/dut/baddr_b_reg[6]_lopt_replica/TChk168_18105 at time 8784657 ps $setuphold (posedge C,negedge D,(0:0:0),(0:0:0),notifier,in_clk_enable_p,in_clk_enable_p,C_dly,D_dly) 
WARNING: "C:/Xilinx/Vivado/2022.2/data/verilog/src/unisims/FDCE.v" Line 168: Timing violation in scope /tb_top/dut/baddr_b_reg[3]/TChk168_18105 at time 8784675 ps $setuphold (posedge C,negedge D,(0:0:0),(0:0:0),notifier,in_clk_enable_p,in_clk_enable_p,C_dly,D_dly) 
WARNING: "C:/Xilinx/Vivado/2022.2/data/verilog/src/unisims/FDCE.v" Line 170: Timing violation in scope /tb_top/dut/baddr_b_reg[3]/TChk170_18107 at time 8824675 ps $setuphold (posedge C,posedge D,(0:0:0),(0:0:0),notifier,in_clk_enable_p,in_clk_enable_p,C_dly,D_dly) 
WARNING: "C:/Xilinx/Vivado/2022.2/data/verilog/src/unisims/FDCE.v" Line 168: Timing violation in scope /tb_top/dut/baddr_b_reg[3]/TChk168_18105 at time 8864675 ps $setuphold (posedge C,negedge D,(0:0:0),(0:0:0),notifier,in_clk_enable_p,in_clk_enable_p,C_dly,D_dly) 
WARNING: "C:/Xilinx/Vivado/2022.2/data/verilog/src/unisims/FDCE.v" Line 170: Timing violation in scope /tb_top/dut/baddr_b_reg[3]/TChk170_18107 at time 8904675 ps $setuphold (posedge C,posedge D,(0:0:0),(0:0:0),notifier,in_clk_enable_p,in_clk_enable_p,C_dly,D_dly) 
WARNING: "C:/Xilinx/Vivado/2022.2/data/verilog/src/unisims/FDCE.v" Line 168: Timing violation in scope /tb_top/dut/baddr_b_reg[3]/TChk168_18105 at time 8944675 ps $setuphold (posedge C,negedge D,(0:0:0),(0:0:0),notifier,in_clk_enable_p,in_clk_enable_p,C_dly,D_dly) 
WARNING: "C:/Xilinx/Vivado/2022.2/data/verilog/src/unisims/FDCE.v" Line 170: Timing violation in scope /tb_top/dut/baddr_b_reg[3]/TChk170_18107 at time 8984675 ps $setuphold (posedge C,posedge D,(0:0:0),(0:0:0),notifier,in_clk_enable_p,in_clk_enable_p,C_dly,D_dly) 
WARNING: "C:/Xilinx/Vivado/2022.2/data/verilog/src/unisims/FDCE.v" Line 168: Timing violation in scope /tb_top/dut/baddr_b_reg[3]/TChk168_18105 at time 9024675 ps $setuphold (posedge C,negedge D,(0:0:0),(0:0:0),notifier,in_clk_enable_p,in_clk_enable_p,C_dly,D_dly) 
WARNING: "C:/Xilinx/Vivado/2022.2/data/verilog/src/unisims/FDCE.v" Line 170: Timing violation in scope /tb_top/dut/baddr_b_reg[3]/TChk170_18107 at time 9064675 ps $setuphold (posedge C,posedge D,(0:0:0),(0:0:0),notifier,in_clk_enable_p,in_clk_enable_p,C_dly,D_dly) 
WARNING: "C:/Xilinx/Vivado/2022.2/data/verilog/src/unisims/FDCE.v" Line 170: Timing violation in scope /tb_top/dut/baddr_b_reg[6]_lopt_replica/TChk170_18107 at time 9104657 ps $setuphold (posedge C,posedge D,(0:0:0),(0:0:0),notifier,in_clk_enable_p,in_clk_enable_p,C_dly,D_dly) 
WARNING: "C:/Xilinx/Vivado/2022.2/data/verilog/src/unisims/FDCE.v" Line 168: Timing violation in scope /tb_top/dut/baddr_b_reg[3]/TChk168_18105 at time 9104675 ps $setuphold (posedge C,negedge D,(0:0:0),(0:0:0),notifier,in_clk_enable_p,in_clk_enable_p,C_dly,D_dly) 
WARNING: "C:/Xilinx/Vivado/2022.2/data/verilog/src/unisims/FDCE.v" Line 170: Timing violation in scope /tb_top/dut/baddr_b_reg[3]/TChk170_18107 at time 9144675 ps $setuphold (posedge C,posedge D,(0:0:0),(0:0:0),notifier,in_clk_enable_p,in_clk_enable_p,C_dly,D_dly) 
WARNING: "C:/Xilinx/Vivado/2022.2/data/verilog/src/unisims/FDCE.v" Line 168: Timing violation in scope /tb_top/dut/baddr_b_reg[3]/TChk168_18105 at time 9184675 ps $setuphold (posedge C,negedge D,(0:0:0),(0:0:0),notifier,in_clk_enable_p,in_clk_enable_p,C_dly,D_dly) 
WARNING: "C:/Xilinx/Vivado/2022.2/data/verilog/src/unisims/FDCE.v" Line 170: Timing violation in scope /tb_top/dut/baddr_b_reg[3]/TChk170_18107 at time 9224675 ps $setuphold (posedge C,posedge D,(0:0:0),(0:0:0),notifier,in_clk_enable_p,in_clk_enable_p,C_dly,D_dly) 
WARNING: "C:/Xilinx/Vivado/2022.2/data/verilog/src/unisims/FDCE.v" Line 168: Timing violation in scope /tb_top/dut/baddr_b_reg[3]/TChk168_18105 at time 9264675 ps $setuphold (posedge C,negedge D,(0:0:0),(0:0:0),notifier,in_clk_enable_p,in_clk_enable_p,C_dly,D_dly) 
WARNING: "C:/Xilinx/Vivado/2022.2/data/verilog/src/unisims/FDCE.v" Line 170: Timing violation in scope /tb_top/dut/baddr_b_reg[3]/TChk170_18107 at time 9304675 ps $setuphold (posedge C,posedge D,(0:0:0),(0:0:0),notifier,in_clk_enable_p,in_clk_enable_p,C_dly,D_dly) 
WARNING: "C:/Xilinx/Vivado/2022.2/data/verilog/src/unisims/FDCE.v" Line 168: Timing violation in scope /tb_top/dut/baddr_b_reg[3]/TChk168_18105 at time 9344675 ps $setuphold (posedge C,negedge D,(0:0:0),(0:0:0),notifier,in_clk_enable_p,in_clk_enable_p,C_dly,D_dly) 
WARNING: "C:/Xilinx/Vivado/2022.2/data/verilog/src/unisims/FDCE.v" Line 170: Timing violation in scope /tb_top/dut/baddr_b_reg[3]/TChk170_18107 at time 9384675 ps $setuphold (posedge C,posedge D,(0:0:0),(0:0:0),notifier,in_clk_enable_p,in_clk_enable_p,C_dly,D_dly) 
WARNING: "C:/Xilinx/Vivado/2022.2/data/verilog/src/unisims/FDCE.v" Line 168: Timing violation in scope /tb_top/dut/baddr_b_reg[6]_lopt_replica/TChk168_18105 at time 9424657 ps $setuphold (posedge C,negedge D,(0:0:0),(0:0:0),notifier,in_clk_enable_p,in_clk_enable_p,C_dly,D_dly) 
WARNING: "C:/Xilinx/Vivado/2022.2/data/verilog/src/unisims/FDCE.v" Line 168: Timing violation in scope /tb_top/dut/baddr_b_reg[3]/TChk168_18105 at time 9424675 ps $setuphold (posedge C,negedge D,(0:0:0),(0:0:0),notifier,in_clk_enable_p,in_clk_enable_p,C_dly,D_dly) 
WARNING: "C:/Xilinx/Vivado/2022.2/data/verilog/src/unisims/FDCE.v" Line 170: Timing violation in scope /tb_top/dut/baddr_b_reg[3]/TChk170_18107 at time 9464675 ps $setuphold (posedge C,posedge D,(0:0:0),(0:0:0),notifier,in_clk_enable_p,in_clk_enable_p,C_dly,D_dly) 
WARNING: "C:/Xilinx/Vivado/2022.2/data/verilog/src/unisims/FDCE.v" Line 168: Timing violation in scope /tb_top/dut/baddr_b_reg[3]/TChk168_18105 at time 9504675 ps $setuphold (posedge C,negedge D,(0:0:0),(0:0:0),notifier,in_clk_enable_p,in_clk_enable_p,C_dly,D_dly) 
WARNING: "C:/Xilinx/Vivado/2022.2/data/verilog/src/unisims/FDCE.v" Line 170: Timing violation in scope /tb_top/dut/baddr_b_reg[3]/TChk170_18107 at time 9544675 ps $setuphold (posedge C,posedge D,(0:0:0),(0:0:0),notifier,in_clk_enable_p,in_clk_enable_p,C_dly,D_dly) 
WARNING: "C:/Xilinx/Vivado/2022.2/data/verilog/src/unisims/FDCE.v" Line 168: Timing violation in scope /tb_top/dut/baddr_b_reg[3]/TChk168_18105 at time 9584675 ps $setuphold (posedge C,negedge D,(0:0:0),(0:0:0),notifier,in_clk_enable_p,in_clk_enable_p,C_dly,D_dly) 
WARNING: "C:/Xilinx/Vivado/2022.2/data/verilog/src/unisims/FDCE.v" Line 170: Timing violation in scope /tb_top/dut/baddr_b_reg[3]/TChk170_18107 at time 9624675 ps $setuphold (posedge C,posedge D,(0:0:0),(0:0:0),notifier,in_clk_enable_p,in_clk_enable_p,C_dly,D_dly) 
WARNING: "C:/Xilinx/Vivado/2022.2/data/verilog/src/unisims/FDCE.v" Line 168: Timing violation in scope /tb_top/dut/baddr_b_reg[3]/TChk168_18105 at time 9664675 ps $setuphold (posedge C,negedge D,(0:0:0),(0:0:0),notifier,in_clk_enable_p,in_clk_enable_p,C_dly,D_dly) 
WARNING: "C:/Xilinx/Vivado/2022.2/data/verilog/src/unisims/FDCE.v" Line 170: Timing violation in scope /tb_top/dut/baddr_b_reg[3]/TChk170_18107 at time 9704675 ps $setuphold (posedge C,posedge D,(0:0:0),(0:0:0),notifier,in_clk_enable_p,in_clk_enable_p,C_dly,D_dly) 
WARNING: "C:/Xilinx/Vivado/2022.2/data/verilog/src/unisims/FDCE.v" Line 170: Timing violation in scope /tb_top/dut/baddr_b_reg[6]_lopt_replica/TChk170_18107 at time 9744657 ps $setuphold (posedge C,posedge D,(0:0:0),(0:0:0),notifier,in_clk_enable_p,in_clk_enable_p,C_dly,D_dly) 
WARNING: "C:/Xilinx/Vivado/2022.2/data/verilog/src/unisims/FDCE.v" Line 168: Timing violation in scope /tb_top/dut/baddr_b_reg[3]/TChk168_18105 at time 9744675 ps $setuphold (posedge C,negedge D,(0:0:0),(0:0:0),notifier,in_clk_enable_p,in_clk_enable_p,C_dly,D_dly) 
WARNING: "C:/Xilinx/Vivado/2022.2/data/verilog/src/unisims/FDCE.v" Line 170: Timing violation in scope /tb_top/dut/baddr_b_reg[3]/TChk170_18107 at time 9784675 ps $setuphold (posedge C,posedge D,(0:0:0),(0:0:0),notifier,in_clk_enable_p,in_clk_enable_p,C_dly,D_dly) 
WARNING: "C:/Xilinx/Vivado/2022.2/data/verilog/src/unisims/FDCE.v" Line 168: Timing violation in scope /tb_top/dut/baddr_b_reg[3]/TChk168_18105 at time 9824675 ps $setuphold (posedge C,negedge D,(0:0:0),(0:0:0),notifier,in_clk_enable_p,in_clk_enable_p,C_dly,D_dly) 
WARNING: "C:/Xilinx/Vivado/2022.2/data/verilog/src/unisims/FDCE.v" Line 170: Timing violation in scope /tb_top/dut/baddr_b_reg[3]/TChk170_18107 at time 9864675 ps $setuphold (posedge C,posedge D,(0:0:0),(0:0:0),notifier,in_clk_enable_p,in_clk_enable_p,C_dly,D_dly) 
WARNING: "C:/Xilinx/Vivado/2022.2/data/verilog/src/unisims/FDCE.v" Line 168: Timing violation in scope /tb_top/dut/baddr_b_reg[3]/TChk168_18105 at time 9904675 ps $setuphold (posedge C,negedge D,(0:0:0),(0:0:0),notifier,in_clk_enable_p,in_clk_enable_p,C_dly,D_dly) 
WARNING: "C:/Xilinx/Vivado/2022.2/data/verilog/src/unisims/FDCE.v" Line 170: Timing violation in scope /tb_top/dut/baddr_b_reg[3]/TChk170_18107 at time 9944675 ps $setuphold (posedge C,posedge D,(0:0:0),(0:0:0),notifier,in_clk_enable_p,in_clk_enable_p,C_dly,D_dly) 
WARNING: "C:/Xilinx/Vivado/2022.2/data/verilog/src/unisims/FDCE.v" Line 168: Timing violation in scope /tb_top/dut/baddr_b_reg[3]/TChk168_18105 at time 9984675 ps $setuphold (posedge C,negedge D,(0:0:0),(0:0:0),notifier,in_clk_enable_p,in_clk_enable_p,C_dly,D_dly) 
WARNING: "C:/Xilinx/Vivado/2022.2/data/verilog/src/unisims/FDCE.v" Line 170: Timing violation in scope /tb_top/dut/baddr_b_reg[3]/TChk170_18107 at time 10024675 ps $setuphold (posedge C,posedge D,(0:0:0),(0:0:0),notifier,in_clk_enable_p,in_clk_enable_p,C_dly,D_dly) 
WARNING: "C:/Xilinx/Vivado/2022.2/data/verilog/src/unisims/FDCE.v" Line 168: Timing violation in scope /tb_top/dut/baddr_b_reg[6]_lopt_replica/TChk168_18105 at time 10064657 ps $setuphold (posedge C,negedge D,(0:0:0),(0:0:0),notifier,in_clk_enable_p,in_clk_enable_p,C_dly,D_dly) 
WARNING: "C:/Xilinx/Vivado/2022.2/data/verilog/src/unisims/FDCE.v" Line 168: Timing violation in scope /tb_top/dut/baddr_b_reg[3]/TChk168_18105 at time 10064675 ps $setuphold (posedge C,negedge D,(0:0:0),(0:0:0),notifier,in_clk_enable_p,in_clk_enable_p,C_dly,D_dly) 
[10189000] DONE_STORE!
WARNING: "C:/Xilinx/Vivado/2022.2/data/verilog/src/unisims/FDCE.v" Line 168: Timing violation in scope /tb_top/dut/baddr_b_reg[3]/TChk168_18105 at time 10239675 ps $setuphold (posedge C,negedge D,(0:0:0),(0:0:0),notifier,in_clk_enable_p,in_clk_enable_p,C_dly,D_dly) 
$finish called at time : 10268878 ps : File "C:/Hung/Viettel/Stage2/ML-KEM/NTT/tb_top.v" Line 115
run: Time (s): cpu = 00:01:05 ; elapsed = 00:02:17 . Memory (MB): peak = 4892.035 ; gain = 0.000
relaunch_xsim_kernel: Time (s): cpu = 00:01:05 ; elapsed = 00:02:19 . Memory (MB): peak = 4892.035 ; gain = 0.000
relaunch_sim: Time (s): cpu = 00:01:07 ; elapsed = 00:02:24 . Memory (MB): peak = 4892.035 ; gain = 0.000
close_sim
INFO: xsimkernel Simulation Memory Usage: 202996 KB (Peak: 202996 KB), Simulation CPU Usage: 136186 ms
INFO: [Simtcl 6-16] Simulation closed
close_sim
INFO: [Simtcl 6-16] Simulation closed
set_property STEPS.SYNTH_DESIGN.ARGS.FLATTEN_HIERARCHY rebuilt [get_runs synth_1]
reset_run synth_1
launch_runs impl_1 -jobs 16
[Fri Aug 29 10:38:54 2025] Launched synth_1...
Run output will be captured here: C:/Hung/Viettel/Stage2/ML-KEM/ml_kem/ml_kem.runs/synth_1/runme.log
[Fri Aug 29 10:38:54 2025] Launched impl_1...
Run output will be captured here: C:/Hung/Viettel/Stage2/ML-KEM/ml_kem/ml_kem.runs/impl_1/runme.log
close_design
launch_simulation -mode post-implementation -type functional
Command: launch_simulation  -mode post-implementation -type functional
INFO: [Vivado 12-12493] Simulation top is 'tb_top'
WARNING: [Vivado 12-13340] Unable to auto find GCC executables from simulator install path! (path not set)
WARNING: [Vivado 12-13277] Compiled library path does not exist: ''
INFO: [Vivado 12-5698] Checking validity of IPs in the design for the 'XSim' simulator...
INFO: [Vivado 12-5682] Launching post-implementation functional simulation in 'C:/Hung/Viettel/Stage2/ML-KEM/ml_kem/ml_kem.sim/sim_1/impl/func/xsim'
INFO: [Vivado 12-13660] Precompiled IP simulation library mode is enabled (default). The design IP libraries will be referenced from the compiled library path. Please note that if the precompiled version of the library is not found from the path or the IP is in locked state, then the library source files for these IPs will be compiled locally as part of the compile order.
INFO: [Vivado 12-4795] Using compiled simulation libraries for IPs
INFO: [SIM-utils-51] Simulation object is 'sim_1'
INFO: [SIM-utils-72] Using boost library from 'C:/Xilinx/Vivado/2022.2/tps/boost_1_72_0'
Netlist sorting complete. Time (s): cpu = 00:00:00 ; elapsed = 00:00:00.035 . Memory (MB): peak = 4892.035 ; gain = 0.000
INFO: [Netlist 29-17] Analyzing 363 Unisim elements for replacement
INFO: [Netlist 29-28] Unisim Transformation completed in 0 CPU seconds
INFO: [Project 1-479] Netlist was created with Vivado 2022.2.2
INFO: [Project 1-570] Preparing netlist for logic optimization
INFO: [Timing 38-478] Restoring timing data from binary archive.
INFO: [Timing 38-479] Binary timing data restore complete.
INFO: [Project 1-856] Restoring constraints from binary archive.
INFO: [Project 1-853] Binary constraint restore complete.
Reading XDEF placement.
Reading placer database...
Reading XDEF routing.
Read XDEF Files: Time (s): cpu = 00:00:00 ; elapsed = 00:00:00.385 . Memory (MB): peak = 4892.035 ; gain = 0.000
Restored from archive | CPU: 0.000000 secs | Memory: 0.000000 MB |
Finished XDEF File Restore: Time (s): cpu = 00:00:00 ; elapsed = 00:00:00.388 . Memory (MB): peak = 4892.035 ; gain = 0.000
Netlist sorting complete. Time (s): cpu = 00:00:00 ; elapsed = 00:00:00.001 . Memory (MB): peak = 4892.035 ; gain = 0.000
INFO: [Project 1-111] Unisim Transformation Summary:
  A total of 38 instances were transformed.
  IBUF => IBUF (IBUFCTRL, INBUF): 38 instances

open_run: Time (s): cpu = 00:00:10 ; elapsed = 00:00:06 . Memory (MB): peak = 4892.035 ; gain = 0.000
INFO: [SIM-utils-31] Writing simulation netlist file for design 'impl_1'...
INFO: [SIM-utils-32] write_verilog -mode funcsim -nolib -force -file "C:/Hung/Viettel/Stage2/ML-KEM/ml_kem/ml_kem.sim/sim_1/impl/func/xsim/tb_top_func_impl.v"
INFO: [SIM-utils-36] Netlist generated:C:/Hung/Viettel/Stage2/ML-KEM/ml_kem/ml_kem.sim/sim_1/impl/func/xsim/tb_top_func_impl.v
INFO: [USF-XSim-7] Finding pre-compiled libraries...
INFO: [USF-XSim-11] File 'C:/Xilinx/Vivado/2022.2/data/xsim/xsim.ini' copied to run dir:'C:/Hung/Viettel/Stage2/ML-KEM/ml_kem/ml_kem.sim/sim_1/impl/func/xsim'
INFO: [SIM-utils-54] Inspecting design source files for 'tb_top' in fileset 'sim_1'...
INFO: [USF-XSim-2] XSim::Compile design
INFO: [USF-XSim-61] Executing 'COMPILE and ANALYZE' step in 'C:/Hung/Viettel/Stage2/ML-KEM/ml_kem/ml_kem.sim/sim_1/impl/func/xsim'
"xvlog --incr --relax -prj tb_top_vlog.prj"
INFO: [VRFC 10-2263] Analyzing Verilog file "C:/Hung/Viettel/Stage2/ML-KEM/ml_kem/ml_kem.sim/sim_1/impl/func/xsim/tb_top_func_impl.v" into library xil_defaultlib
INFO: [VRFC 10-311] analyzing module AddressGenerator
INFO: [VRFC 10-311] analyzing module BoothDecode
INFO: [VRFC 10-311] analyzing module BoothDecode_14
INFO: [VRFC 10-311] analyzing module BoothDecode_15
INFO: [VRFC 10-311] analyzing module BoothDecode_16
INFO: [VRFC 10-311] analyzing module BoothDecode_17
INFO: [VRFC 10-311] analyzing module BoothDecode_18
INFO: [VRFC 10-311] analyzing module BoothDecode_19
INFO: [VRFC 10-311] analyzing module BoothDecode_20
INFO: [VRFC 10-311] analyzing module BoothDecode_21
INFO: [VRFC 10-311] analyzing module BoothDecode_4
INFO: [VRFC 10-311] analyzing module BoothDecode_5
INFO: [VRFC 10-311] analyzing module BoothDecode_6
INFO: [VRFC 10-311] analyzing module BoothDecode_7
INFO: [VRFC 10-311] analyzing module BoothDecode_8
INFO: [VRFC 10-311] analyzing module BoothDecode_9
INFO: [VRFC 10-311] analyzing module MyBootROM
INFO: [VRFC 10-311] analyzing module barret
INFO: [VRFC 10-311] analyzing module barret_0
INFO: [VRFC 10-311] analyzing module barret_1
INFO: [VRFC 10-311] analyzing module barret_10
INFO: [VRFC 10-311] analyzing module barret_11
INFO: [VRFC 10-311] analyzing module barret_12
INFO: [VRFC 10-311] analyzing module barret_2
INFO: [VRFC 10-311] analyzing module barret_3
INFO: [VRFC 10-311] analyzing module blk_mem_gen_0
INFO: [VRFC 10-311] analyzing module bu_intt
INFO: [VRFC 10-311] analyzing module bu_ntt
INFO: [VRFC 10-311] analyzing module mul
INFO: [VRFC 10-311] analyzing module mul_13
INFO: [VRFC 10-311] analyzing module normalize_output
INFO: [VRFC 10-311] analyzing module top
INFO: [VRFC 10-311] analyzing module blk_mem_gen_generic_cstr
INFO: [VRFC 10-311] analyzing module blk_mem_gen_prim_width
INFO: [VRFC 10-311] analyzing module blk_mem_gen_prim_wrapper
INFO: [VRFC 10-311] analyzing module blk_mem_gen_top
INFO: [VRFC 10-311] analyzing module blk_mem_gen_v8_4_5
INFO: [VRFC 10-311] analyzing module blk_mem_gen_v8_4_5_synth
INFO: [VRFC 10-311] analyzing module glbl
INFO: [VRFC 10-2263] Analyzing Verilog file "C:/Hung/Viettel/Stage2/ML-KEM/NTT/tb_top.v" into library xil_defaultlib
INFO: [VRFC 10-311] analyzing module tb_top
INFO: [USF-XSim-69] 'compile' step finished in '2' seconds
INFO: [USF-XSim-3] XSim::Elaborate design
INFO: [USF-XSim-61] Executing 'ELABORATE' step in 'C:/Hung/Viettel/Stage2/ML-KEM/ml_kem/ml_kem.sim/sim_1/impl/func/xsim'
"xelab --incr --debug typical --relax --mt 2 -L xil_defaultlib -L unisims_ver -L secureip --snapshot tb_top_func_impl xil_defaultlib.tb_top xil_defaultlib.glbl -log elaborate.log"
Vivado Simulator v2022.2.2
Copyright 1986-1999, 2001-2022 Xilinx, Inc. All Rights Reserved.
Running: C:/Xilinx/Vivado/2022.2/bin/unwrapped/win64.o/xelab.exe --incr --debug typical --relax --mt 2 -L xil_defaultlib -L unisims_ver -L secureip --snapshot tb_top_func_impl xil_defaultlib.tb_top xil_defaultlib.glbl -log elaborate.log 
Using 2 slave threads.
Starting static elaboration
Pass Through NonSizing Optimizer
Completed static elaboration
Starting simulation data flow analysis
Completed simulation data flow analysis
Time Resolution for simulation is 1ps
Compiling module unisims_ver.LUT4
Compiling module unisims_ver.LUT6
Compiling module unisims_ver.x_lut2_mux4
Compiling module unisims_ver.LUT2
Compiling module unisims_ver.FDCE_default
Compiling module unisims_ver.LUT5
Compiling module unisims_ver.CARRY8
Compiling module unisims_ver.x_lut3_mux8
Compiling module unisims_ver.LUT3
Compiling module unisims_ver.x_lut1_mux2
Compiling module unisims_ver.LUT1
Compiling module xil_defaultlib.AddressGenerator
Compiling module unisims_ver.FDPE(IS_PRE_INVERTED=1'b1)
Compiling module unisims_ver.OBUF
Compiling module unisims_ver.RAMB18E2(CLOCK_DOMAINS="COMMON",...
Compiling module xil_defaultlib.blk_mem_gen_0
Compiling module xil_defaultlib.barret_10
Compiling module xil_defaultlib.barret_11
Compiling module xil_defaultlib.barret_12
Compiling module xil_defaultlib.BoothDecode_14
Compiling module xil_defaultlib.BoothDecode_15
Compiling module xil_defaultlib.BoothDecode_16
Compiling module xil_defaultlib.BoothDecode_17
Compiling module xil_defaultlib.BoothDecode_18
Compiling module xil_defaultlib.BoothDecode_19
Compiling module xil_defaultlib.BoothDecode_20
Compiling module xil_defaultlib.BoothDecode_21
Compiling module unisims_ver.FDRE_default
Compiling module unisims_ver.SRL16E_default
Compiling module xil_defaultlib.mul_13
Compiling module xil_defaultlib.bu_intt
Compiling module xil_defaultlib.barret_1
Compiling module xil_defaultlib.barret_2
Compiling module xil_defaultlib.barret_3
Compiling module xil_defaultlib.BoothDecode
Compiling module xil_defaultlib.BoothDecode_4
Compiling module xil_defaultlib.BoothDecode_5
Compiling module xil_defaultlib.BoothDecode_6
Compiling module xil_defaultlib.BoothDecode_7
Compiling module xil_defaultlib.BoothDecode_8
Compiling module xil_defaultlib.BoothDecode_9
Compiling module xil_defaultlib.mul
Compiling module xil_defaultlib.bu_ntt
Compiling module unisims_ver.BUFGCE(CE_TYPE="ASYNC",SIM_DEVIC...
Compiling module unisims_ver.IBUF
Compiling module unisims_ver.SRLC32E_default
Compiling module xil_defaultlib.barret
Compiling module xil_defaultlib.barret_0
Compiling module xil_defaultlib.normalize_output
Compiling module unisims_ver.MUXF7
Compiling module xil_defaultlib.MyBootROM
Compiling module xil_defaultlib.top
Compiling module xil_defaultlib.tb_top
Compiling module xil_defaultlib.glbl
Built simulation snapshot tb_top_func_impl
run_program: Time (s): cpu = 00:00:01 ; elapsed = 00:00:17 . Memory (MB): peak = 4892.035 ; gain = 0.000
INFO: [USF-XSim-69] 'elaborate' step finished in '17' seconds
INFO: [USF-XSim-4] XSim::Simulate design
INFO: [USF-XSim-61] Executing 'SIMULATE' step in 'C:/Hung/Viettel/Stage2/ML-KEM/ml_kem/ml_kem.sim/sim_1/impl/func/xsim'
INFO: [USF-XSim-98] *** Running xsim
   with args "tb_top_func_impl -key {Post-Implementation:sim_1:Functional:tb_top} -tclbatch {tb_top.tcl} -view {C:/Hung/Viettel/Stage2/ML-KEM/ml_kem/tb_top_func_impl.wcfg} -log {simulate.log}"
INFO: [USF-XSim-8] Loading simulator feature
Time resolution is 1 ps
open_wave_config C:/Hung/Viettel/Stage2/ML-KEM/ml_kem/tb_top_func_impl.wcfg
source tb_top.tcl
# set curr_wave [current_wave_config]
# if { [string length $curr_wave] == 0 } {
#   if { [llength [get_objects]] > 0} {
#     add_wave /
#     set_property needs_save false [current_wave_config]
#   } else {
#      send_msg_id Add_Wave-1 WARNING "No top level signals found. Simulator will start without a wave window. If you want to open a wave window go to 'File->New Waveform Configuration' or type 'create_wave_config' in the TCL console."
#   }
# }
# run 1000000ns
[10183000] DONE_STORE!
$finish called at time : 10262600 ps : File "C:/Hung/Viettel/Stage2/ML-KEM/NTT/tb_top.v" Line 115
xsim: Time (s): cpu = 00:00:06 ; elapsed = 00:00:06 . Memory (MB): peak = 4892.035 ; gain = 0.000
INFO: [USF-XSim-96] XSim completed. Design snapshot 'tb_top_func_impl' loaded.
INFO: [USF-XSim-97] XSim simulation ran for 1000000ns
launch_simulation: Time (s): cpu = 00:00:20 ; elapsed = 00:00:32 . Memory (MB): peak = 4892.035 ; gain = 0.000
launch_simulation -mode post-implementation -type timing
Command: launch_simulation  -mode post-implementation -type timing
INFO: [Vivado 12-12493] Simulation top is 'tb_top'
WARNING: [Vivado 12-13340] Unable to auto find GCC executables from simulator install path! (path not set)
WARNING: [Vivado 12-13277] Compiled library path does not exist: ''
INFO: [Vivado 12-5698] Checking validity of IPs in the design for the 'XSim' simulator...
INFO: [Vivado 12-5682] Launching post-implementation timing simulation in 'C:/Hung/Viettel/Stage2/ML-KEM/ml_kem/ml_kem.sim/sim_1/impl/timing/xsim'
INFO: [Vivado 12-13660] Precompiled IP simulation library mode is enabled (default). The design IP libraries will be referenced from the compiled library path. Please note that if the precompiled version of the library is not found from the path or the IP is in locked state, then the library source files for these IPs will be compiled locally as part of the compile order.
INFO: [Vivado 12-4795] Using compiled simulation libraries for IPs
INFO: [SIM-utils-51] Simulation object is 'sim_1'
INFO: [SIM-utils-72] Using boost library from 'C:/Xilinx/Vivado/2022.2/tps/boost_1_72_0'
INFO: [SIM-utils-31] Writing simulation netlist file for design 'impl_1'...
INFO: [SIM-utils-32] write_verilog -mode timesim -nolib -sdf_anno true -force -file "C:/Hung/Viettel/Stage2/ML-KEM/ml_kem/ml_kem.sim/sim_1/impl/timing/xsim/tb_top_time_impl.v"
INFO: [SIM-utils-34] Writing SDF file...
INFO: [SIM-utils-35] write_sdf -mode timesim -process_corner slow -force -file "C:/Hung/Viettel/Stage2/ML-KEM/ml_kem/ml_kem.sim/sim_1/impl/timing/xsim/tb_top_time_impl.sdf"
INFO: [SIM-utils-36] Netlist generated:C:/Hung/Viettel/Stage2/ML-KEM/ml_kem/ml_kem.sim/sim_1/impl/timing/xsim/tb_top_time_impl.v
INFO: [SIM-utils-37] SDF generated:C:/Hung/Viettel/Stage2/ML-KEM/ml_kem/ml_kem.sim/sim_1/impl/timing/xsim/tb_top_time_impl.sdf
INFO: [USF-XSim-7] Finding pre-compiled libraries...
INFO: [USF-XSim-11] File 'C:/Xilinx/Vivado/2022.2/data/xsim/xsim.ini' copied to run dir:'C:/Hung/Viettel/Stage2/ML-KEM/ml_kem/ml_kem.sim/sim_1/impl/timing/xsim'
INFO: [SIM-utils-54] Inspecting design source files for 'tb_top' in fileset 'sim_1'...
INFO: [USF-XSim-2] XSim::Compile design
INFO: [USF-XSim-61] Executing 'COMPILE and ANALYZE' step in 'C:/Hung/Viettel/Stage2/ML-KEM/ml_kem/ml_kem.sim/sim_1/impl/timing/xsim'
"xvlog --incr --relax -prj tb_top_vlog.prj"
INFO: [VRFC 10-2263] Analyzing Verilog file "C:/Hung/Viettel/Stage2/ML-KEM/ml_kem/ml_kem.sim/sim_1/impl/timing/xsim/tb_top_time_impl.v" into library xil_defaultlib
INFO: [VRFC 10-311] analyzing module IBUF_UNIQ_BASE_
INFO: [VRFC 10-311] analyzing module IBUF_HD149
INFO: [VRFC 10-311] analyzing module IBUF_HD150
INFO: [VRFC 10-311] analyzing module IBUF_HD151
INFO: [VRFC 10-311] analyzing module IBUF_HD152
INFO: [VRFC 10-311] analyzing module IBUF_HD153
INFO: [VRFC 10-311] analyzing module IBUF_HD154
INFO: [VRFC 10-311] analyzing module IBUF_HD155
INFO: [VRFC 10-311] analyzing module IBUF_HD156
INFO: [VRFC 10-311] analyzing module IBUF_HD157
INFO: [VRFC 10-311] analyzing module IBUF_HD158
INFO: [VRFC 10-311] analyzing module IBUF_HD159
INFO: [VRFC 10-311] analyzing module IBUF_HD160
INFO: [VRFC 10-311] analyzing module IBUF_HD161
INFO: [VRFC 10-311] analyzing module IBUF_HD162
INFO: [VRFC 10-311] analyzing module IBUF_HD163
INFO: [VRFC 10-311] analyzing module IBUF_HD164
INFO: [VRFC 10-311] analyzing module IBUF_HD165
INFO: [VRFC 10-311] analyzing module IBUF_HD166
INFO: [VRFC 10-311] analyzing module IBUF_HD167
INFO: [VRFC 10-311] analyzing module IBUF_HD168
INFO: [VRFC 10-311] analyzing module IBUF_HD169
INFO: [VRFC 10-311] analyzing module IBUF_HD170
INFO: [VRFC 10-311] analyzing module IBUF_HD171
INFO: [VRFC 10-311] analyzing module IBUF_HD172
INFO: [VRFC 10-311] analyzing module IBUF_HD173
INFO: [VRFC 10-311] analyzing module IBUF_HD174
INFO: [VRFC 10-311] analyzing module IBUF_HD175
INFO: [VRFC 10-311] analyzing module IBUF_HD176
INFO: [VRFC 10-311] analyzing module IBUF_HD177
INFO: [VRFC 10-311] analyzing module IBUF_HD178
INFO: [VRFC 10-311] analyzing module IBUF_HD179
INFO: [VRFC 10-311] analyzing module IBUF_HD180
INFO: [VRFC 10-311] analyzing module IBUF_HD181
INFO: [VRFC 10-311] analyzing module IBUF_HD182
INFO: [VRFC 10-311] analyzing module IBUF_HD183
INFO: [VRFC 10-311] analyzing module IBUF_HD184
INFO: [VRFC 10-311] analyzing module IBUF_HD185
INFO: [VRFC 10-311] analyzing module AddressGenerator
INFO: [VRFC 10-311] analyzing module BoothDecode
INFO: [VRFC 10-311] analyzing module BoothDecode_14
INFO: [VRFC 10-311] analyzing module BoothDecode_15
INFO: [VRFC 10-311] analyzing module BoothDecode_16
INFO: [VRFC 10-311] analyzing module BoothDecode_17
INFO: [VRFC 10-311] analyzing module BoothDecode_18
INFO: [VRFC 10-311] analyzing module BoothDecode_19
INFO: [VRFC 10-311] analyzing module BoothDecode_20
INFO: [VRFC 10-311] analyzing module BoothDecode_21
INFO: [VRFC 10-311] analyzing module BoothDecode_4
INFO: [VRFC 10-311] analyzing module BoothDecode_5
INFO: [VRFC 10-311] analyzing module BoothDecode_6
INFO: [VRFC 10-311] analyzing module BoothDecode_7
INFO: [VRFC 10-311] analyzing module BoothDecode_8
INFO: [VRFC 10-311] analyzing module BoothDecode_9
INFO: [VRFC 10-311] analyzing module MyBootROM
INFO: [VRFC 10-311] analyzing module barret
INFO: [VRFC 10-311] analyzing module barret_0
INFO: [VRFC 10-311] analyzing module barret_1
INFO: [VRFC 10-311] analyzing module barret_10
INFO: [VRFC 10-311] analyzing module barret_11
INFO: [VRFC 10-311] analyzing module barret_12
INFO: [VRFC 10-311] analyzing module barret_2
INFO: [VRFC 10-311] analyzing module barret_3
INFO: [VRFC 10-311] analyzing module blk_mem_gen_0
INFO: [VRFC 10-311] analyzing module bu_intt
INFO: [VRFC 10-311] analyzing module bu_ntt
INFO: [VRFC 10-311] analyzing module mul
INFO: [VRFC 10-311] analyzing module mul_13
INFO: [VRFC 10-311] analyzing module normalize_output
INFO: [VRFC 10-311] analyzing module top
INFO: [VRFC 10-311] analyzing module blk_mem_gen_generic_cstr
INFO: [VRFC 10-311] analyzing module blk_mem_gen_prim_width
INFO: [VRFC 10-311] analyzing module blk_mem_gen_prim_wrapper
INFO: [VRFC 10-311] analyzing module blk_mem_gen_top
INFO: [VRFC 10-311] analyzing module blk_mem_gen_v8_4_5
INFO: [VRFC 10-311] analyzing module blk_mem_gen_v8_4_5_synth
INFO: [VRFC 10-311] analyzing module glbl
INFO: [VRFC 10-2263] Analyzing Verilog file "C:/Hung/Viettel/Stage2/ML-KEM/NTT/tb_top.v" into library xil_defaultlib
INFO: [VRFC 10-311] analyzing module tb_top
INFO: [USF-XSim-69] 'compile' step finished in '3' seconds
INFO: [USF-XSim-3] XSim::Elaborate design
INFO: [USF-XSim-61] Executing 'ELABORATE' step in 'C:/Hung/Viettel/Stage2/ML-KEM/ml_kem/ml_kem.sim/sim_1/impl/timing/xsim'
"xelab --incr --debug typical --relax --mt 2 --maxdelay -L xil_defaultlib -L simprims_ver -L secureip --snapshot tb_top_time_impl -transport_int_delays -pulse_r 0 -pulse_int_r 0 -pulse_e 0 -pulse_int_e 0 xil_defaultlib.tb_top xil_defaultlib.glbl -log elaborate.log"
Vivado Simulator v2022.2.2
Copyright 1986-1999, 2001-2022 Xilinx, Inc. All Rights Reserved.
Running: C:/Xilinx/Vivado/2022.2/bin/unwrapped/win64.o/xelab.exe --incr --debug typical --relax --mt 2 --maxdelay -L xil_defaultlib -L simprims_ver -L secureip --snapshot tb_top_time_impl -transport_int_delays -pulse_r 0 -pulse_int_r 0 -pulse_e 0 -pulse_int_e 0 xil_defaultlib.tb_top xil_defaultlib.glbl -log elaborate.log 
Using 2 slave threads.
Starting static elaboration
Pass Through NonSizing Optimizer
Completed static elaboration
Starting simulation data flow analysis
Completed simulation data flow analysis
INFO: [XSIM 43-3451] SDF backannotation process started with SDF file "tb_top_time_impl.sdf", for root module "tb_top/dut".
INFO: [XSIM 43-3452] SDF backannotation was successful for SDF file "tb_top_time_impl.sdf", for root module "tb_top/dut".
Time Resolution for simulation is 1ps
Compiling module simprims_ver.LUT4
Compiling module simprims_ver.LUT6
Compiling module simprims_ver.x_lut2_mux4
Compiling module simprims_ver.LUT2
Compiling module simprims_ver.FDCE_default
Compiling module simprims_ver.LUT5
Compiling module simprims_ver.CARRY8
Compiling module simprims_ver.x_lut3_mux8
Compiling module simprims_ver.LUT3
Compiling module simprims_ver.x_lut1_mux2
Compiling module simprims_ver.LUT1
Compiling module xil_defaultlib.AddressGenerator
Compiling module simprims_ver.FDPE(IS_PRE_INVERTED=1'b1)
Compiling module simprims_ver.OBUF
Compiling module simprims_ver.RAMB18E2(CLOCK_DOMAINS="COMMON",...
Compiling module xil_defaultlib.blk_mem_gen_0
Compiling module xil_defaultlib.barret_10
Compiling module xil_defaultlib.barret_11
Compiling module xil_defaultlib.barret_12
Compiling module xil_defaultlib.BoothDecode_14
Compiling module xil_defaultlib.BoothDecode_15
Compiling module xil_defaultlib.BoothDecode_16
Compiling module xil_defaultlib.BoothDecode_17
Compiling module xil_defaultlib.BoothDecode_18
Compiling module xil_defaultlib.BoothDecode_19
Compiling module xil_defaultlib.BoothDecode_20
Compiling module xil_defaultlib.BoothDecode_21
Compiling module simprims_ver.FDRE_default
Compiling module simprims_ver.SRL16E_default
Compiling module xil_defaultlib.mul_13
Compiling module xil_defaultlib.bu_intt
Compiling module xil_defaultlib.barret_1
Compiling module xil_defaultlib.barret_2
Compiling module xil_defaultlib.barret_3
Compiling module xil_defaultlib.BoothDecode
Compiling module xil_defaultlib.BoothDecode_4
Compiling module xil_defaultlib.BoothDecode_5
Compiling module xil_defaultlib.BoothDecode_6
Compiling module xil_defaultlib.BoothDecode_7
Compiling module xil_defaultlib.BoothDecode_8
Compiling module xil_defaultlib.BoothDecode_9
Compiling module xil_defaultlib.mul
Compiling module xil_defaultlib.bu_ntt
Compiling module simprims_ver.BUFGCE(CE_TYPE="ASYNC",SIM_DEVIC...
Compiling module simprims_ver.IBUFCTRL_default
Compiling module simprims_ver.INBUF_default
Compiling module xil_defaultlib.IBUF_UNIQ_BASE_
Compiling module simprims_ver.SRLC32E_default
Compiling module xil_defaultlib.IBUF_HD149
Compiling module xil_defaultlib.IBUF_HD150
Compiling module xil_defaultlib.IBUF_HD151
Compiling module xil_defaultlib.IBUF_HD152
Compiling module xil_defaultlib.IBUF_HD153
Compiling module xil_defaultlib.IBUF_HD154
Compiling module xil_defaultlib.IBUF_HD155
Compiling module xil_defaultlib.IBUF_HD156
Compiling module xil_defaultlib.IBUF_HD157
Compiling module xil_defaultlib.IBUF_HD158
Compiling module xil_defaultlib.IBUF_HD159
Compiling module xil_defaultlib.IBUF_HD160
Compiling module xil_defaultlib.IBUF_HD161
Compiling module xil_defaultlib.IBUF_HD162
Compiling module xil_defaultlib.IBUF_HD163
Compiling module xil_defaultlib.IBUF_HD164
Compiling module xil_defaultlib.IBUF_HD165
Compiling module xil_defaultlib.IBUF_HD166
Compiling module xil_defaultlib.IBUF_HD167
Compiling module xil_defaultlib.IBUF_HD168
Compiling module xil_defaultlib.IBUF_HD169
Compiling module xil_defaultlib.IBUF_HD170
Compiling module xil_defaultlib.IBUF_HD171
Compiling module xil_defaultlib.IBUF_HD172
Compiling module xil_defaultlib.IBUF_HD173
Compiling module xil_defaultlib.IBUF_HD174
Compiling module xil_defaultlib.IBUF_HD175
Compiling module xil_defaultlib.IBUF_HD176
Compiling module xil_defaultlib.IBUF_HD177
Compiling module xil_defaultlib.IBUF_HD178
Compiling module xil_defaultlib.IBUF_HD179
Compiling module xil_defaultlib.IBUF_HD180
Compiling module xil_defaultlib.IBUF_HD181
Compiling module xil_defaultlib.IBUF_HD182
Compiling module xil_defaultlib.barret
Compiling module xil_defaultlib.barret_0
Compiling module xil_defaultlib.normalize_output
Compiling module simprims_ver.MUXF7
Compiling module xil_defaultlib.MyBootROM
Compiling module xil_defaultlib.IBUF_HD183
Compiling module xil_defaultlib.IBUF_HD184
Compiling module xil_defaultlib.IBUF_HD185
Compiling module xil_defaultlib.top
Compiling module xil_defaultlib.tb_top
Compiling module xil_defaultlib.glbl
Built simulation snapshot tb_top_time_impl
run_program: Time (s): cpu = 00:00:05 ; elapsed = 00:01:36 . Memory (MB): peak = 4892.035 ; gain = 0.000
INFO: [USF-XSim-69] 'elaborate' step finished in '96' seconds
INFO: [USF-XSim-4] XSim::Simulate design
INFO: [USF-XSim-61] Executing 'SIMULATE' step in 'C:/Hung/Viettel/Stage2/ML-KEM/ml_kem/ml_kem.sim/sim_1/impl/timing/xsim'
INFO: [USF-XSim-98] *** Running xsim
   with args "tb_top_time_impl -key {Post-Implementation:sim_1:Timing:tb_top} -tclbatch {tb_top.tcl} -view {C:/Hung/Viettel/Stage2/ML-KEM/ml_kem/tb_top_func_impl.wcfg} -log {simulate.log}"
INFO: [USF-XSim-8] Loading simulator feature
Time resolution is 1 ps
open_wave_config C:/Hung/Viettel/Stage2/ML-KEM/ml_kem/tb_top_func_impl.wcfg
source tb_top.tcl
# set curr_wave [current_wave_config]
# if { [string length $curr_wave] == 0 } {
#   if { [llength [get_objects]] > 0} {
#     add_wave /
#     set_property needs_save false [current_wave_config]
#   } else {
#      send_msg_id Add_Wave-1 WARNING "No top level signals found. Simulator will start without a wave window. If you want to open a wave window go to 'File->New Waveform Configuration' or type 'create_wave_config' in the TCL console."
#   }
# }
# run 1000000ns
[10184000] DONE_STORE!
$finish called at time : 10264246 ps : File "C:/Hung/Viettel/Stage2/ML-KEM/NTT/tb_top.v" Line 115
run: Time (s): cpu = 00:00:15 ; elapsed = 00:02:28 . Memory (MB): peak = 4892.035 ; gain = 0.000
xsim: Time (s): cpu = 00:00:16 ; elapsed = 00:02:30 . Memory (MB): peak = 4892.035 ; gain = 0.000
INFO: [USF-XSim-96] XSim completed. Design snapshot 'tb_top_time_impl' loaded.
INFO: [USF-XSim-97] XSim simulation ran for 1000000ns
launch_simulation: Time (s): cpu = 00:00:37 ; elapsed = 00:04:11 . Memory (MB): peak = 4892.035 ; gain = 0.000
WARNING: [IP_Flow 19-4067] Ignoring invalid widget type specified checkbox.Providing a default widget
WARNING: [IP_Flow 19-4067] Ignoring invalid widget type specified checkbox.Providing a default widget
current_sim simulation_13
save_wave_config {C:/Hung/Viettel/Stage2/ML-KEM/ml_kem/tb_top_func_impl.wcfg}
current_sim simulation_14
close_sim
INFO: xsimkernel Simulation Memory Usage: 221784 KB (Peak: 221784 KB), Simulation CPU Usage: 147952 ms
INFO: [Simtcl 6-16] Simulation closed
close_sim
INFO: [Simtcl 6-16] Simulation closed
reset_run synth_1
launch_runs impl_1 -jobs 16
[Fri Aug 29 11:22:20 2025] Launched synth_1...
Run output will be captured here: C:/Hung/Viettel/Stage2/ML-KEM/ml_kem/ml_kem.runs/synth_1/runme.log
[Fri Aug 29 11:22:20 2025] Launched impl_1...
Run output will be captured here: C:/Hung/Viettel/Stage2/ML-KEM/ml_kem/ml_kem.runs/impl_1/runme.log
WARNING: [IP_Flow 19-4067] Ignoring invalid widget type specified checkbox.Providing a default widget
WARNING: [IP_Flow 19-4067] Ignoring invalid widget type specified checkbox.Providing a default widget
close_design
launch_simulation -mode post-implementation -type functional
Command: launch_simulation  -mode post-implementation -type functional
INFO: [Vivado 12-12493] Simulation top is 'tb_top'
WARNING: [Vivado 12-13340] Unable to auto find GCC executables from simulator install path! (path not set)
WARNING: [Vivado 12-13277] Compiled library path does not exist: ''
INFO: [Vivado 12-5698] Checking validity of IPs in the design for the 'XSim' simulator...
INFO: [Vivado 12-5682] Launching post-implementation functional simulation in 'C:/Hung/Viettel/Stage2/ML-KEM/ml_kem/ml_kem.sim/sim_1/impl/func/xsim'
INFO: [Vivado 12-13660] Precompiled IP simulation library mode is enabled (default). The design IP libraries will be referenced from the compiled library path. Please note that if the precompiled version of the library is not found from the path or the IP is in locked state, then the library source files for these IPs will be compiled locally as part of the compile order.
INFO: [Vivado 12-4795] Using compiled simulation libraries for IPs
INFO: [SIM-utils-51] Simulation object is 'sim_1'
INFO: [SIM-utils-72] Using boost library from 'C:/Xilinx/Vivado/2022.2/tps/boost_1_72_0'
Netlist sorting complete. Time (s): cpu = 00:00:00 ; elapsed = 00:00:00.043 . Memory (MB): peak = 4892.035 ; gain = 0.000
INFO: [Netlist 29-17] Analyzing 363 Unisim elements for replacement
INFO: [Netlist 29-28] Unisim Transformation completed in 0 CPU seconds
INFO: [Project 1-479] Netlist was created with Vivado 2022.2.2
INFO: [Project 1-570] Preparing netlist for logic optimization
INFO: [Timing 38-478] Restoring timing data from binary archive.
INFO: [Timing 38-479] Binary timing data restore complete.
INFO: [Project 1-856] Restoring constraints from binary archive.
INFO: [Project 1-853] Binary constraint restore complete.
Reading XDEF placement.
Reading placer database...
Reading XDEF routing.
Read XDEF Files: Time (s): cpu = 00:00:00 ; elapsed = 00:00:00.631 . Memory (MB): peak = 4892.035 ; gain = 0.000
Restored from archive | CPU: 0.000000 secs | Memory: 0.000000 MB |
Finished XDEF File Restore: Time (s): cpu = 00:00:00 ; elapsed = 00:00:00.637 . Memory (MB): peak = 4892.035 ; gain = 0.000
Netlist sorting complete. Time (s): cpu = 00:00:00 ; elapsed = 00:00:00.003 . Memory (MB): peak = 4892.035 ; gain = 0.000
INFO: [Project 1-111] Unisim Transformation Summary:
  A total of 38 instances were transformed.
  IBUF => IBUF (IBUFCTRL, INBUF): 38 instances

open_run: Time (s): cpu = 00:00:19 ; elapsed = 00:00:11 . Memory (MB): peak = 4892.035 ; gain = 0.000
INFO: [SIM-utils-31] Writing simulation netlist file for design 'impl_1'...
INFO: [SIM-utils-32] write_verilog -mode funcsim -nolib -force -file "C:/Hung/Viettel/Stage2/ML-KEM/ml_kem/ml_kem.sim/sim_1/impl/func/xsim/tb_top_func_impl.v"
INFO: [SIM-utils-36] Netlist generated:C:/Hung/Viettel/Stage2/ML-KEM/ml_kem/ml_kem.sim/sim_1/impl/func/xsim/tb_top_func_impl.v
INFO: [USF-XSim-7] Finding pre-compiled libraries...
INFO: [USF-XSim-11] File 'C:/Xilinx/Vivado/2022.2/data/xsim/xsim.ini' copied to run dir:'C:/Hung/Viettel/Stage2/ML-KEM/ml_kem/ml_kem.sim/sim_1/impl/func/xsim'
INFO: [SIM-utils-54] Inspecting design source files for 'tb_top' in fileset 'sim_1'...
INFO: [USF-XSim-2] XSim::Compile design
INFO: [USF-XSim-61] Executing 'COMPILE and ANALYZE' step in 'C:/Hung/Viettel/Stage2/ML-KEM/ml_kem/ml_kem.sim/sim_1/impl/func/xsim'
"xvlog --incr --relax -prj tb_top_vlog.prj"
INFO: [VRFC 10-2263] Analyzing Verilog file "C:/Hung/Viettel/Stage2/ML-KEM/ml_kem/ml_kem.sim/sim_1/impl/func/xsim/tb_top_func_impl.v" into library xil_defaultlib
INFO: [VRFC 10-311] analyzing module AddressGenerator
INFO: [VRFC 10-311] analyzing module BoothDecode
INFO: [VRFC 10-311] analyzing module BoothDecode_14
INFO: [VRFC 10-311] analyzing module BoothDecode_15
INFO: [VRFC 10-311] analyzing module BoothDecode_16
INFO: [VRFC 10-311] analyzing module BoothDecode_17
INFO: [VRFC 10-311] analyzing module BoothDecode_18
INFO: [VRFC 10-311] analyzing module BoothDecode_19
INFO: [VRFC 10-311] analyzing module BoothDecode_20
INFO: [VRFC 10-311] analyzing module BoothDecode_21
INFO: [VRFC 10-311] analyzing module BoothDecode_4
INFO: [VRFC 10-311] analyzing module BoothDecode_5
INFO: [VRFC 10-311] analyzing module BoothDecode_6
INFO: [VRFC 10-311] analyzing module BoothDecode_7
INFO: [VRFC 10-311] analyzing module BoothDecode_8
INFO: [VRFC 10-311] analyzing module BoothDecode_9
INFO: [VRFC 10-311] analyzing module MyBootROM
INFO: [VRFC 10-311] analyzing module barret
INFO: [VRFC 10-311] analyzing module barret_0
INFO: [VRFC 10-311] analyzing module barret_1
INFO: [VRFC 10-311] analyzing module barret_10
INFO: [VRFC 10-311] analyzing module barret_11
INFO: [VRFC 10-311] analyzing module barret_12
INFO: [VRFC 10-311] analyzing module barret_2
INFO: [VRFC 10-311] analyzing module barret_3
INFO: [VRFC 10-311] analyzing module blk_mem_gen_0
INFO: [VRFC 10-311] analyzing module bu_intt
INFO: [VRFC 10-311] analyzing module bu_ntt
INFO: [VRFC 10-311] analyzing module mul
INFO: [VRFC 10-311] analyzing module mul_13
INFO: [VRFC 10-311] analyzing module normalize_output
INFO: [VRFC 10-311] analyzing module top
INFO: [VRFC 10-311] analyzing module blk_mem_gen_generic_cstr
INFO: [VRFC 10-311] analyzing module blk_mem_gen_prim_width
INFO: [VRFC 10-311] analyzing module blk_mem_gen_prim_wrapper
INFO: [VRFC 10-311] analyzing module blk_mem_gen_top
INFO: [VRFC 10-311] analyzing module blk_mem_gen_v8_4_5
INFO: [VRFC 10-311] analyzing module blk_mem_gen_v8_4_5_synth
INFO: [VRFC 10-311] analyzing module glbl
INFO: [VRFC 10-2263] Analyzing Verilog file "C:/Hung/Viettel/Stage2/ML-KEM/NTT/tb_top.v" into library xil_defaultlib
INFO: [VRFC 10-311] analyzing module tb_top
INFO: [USF-XSim-69] 'compile' step finished in '4' seconds
INFO: [USF-XSim-3] XSim::Elaborate design
INFO: [USF-XSim-61] Executing 'ELABORATE' step in 'C:/Hung/Viettel/Stage2/ML-KEM/ml_kem/ml_kem.sim/sim_1/impl/func/xsim'
"xelab --incr --debug typical --relax --mt 2 -L xil_defaultlib -L unisims_ver -L secureip --snapshot tb_top_func_impl xil_defaultlib.tb_top xil_defaultlib.glbl -log elaborate.log"
Vivado Simulator v2022.2.2
Copyright 1986-1999, 2001-2022 Xilinx, Inc. All Rights Reserved.
Running: C:/Xilinx/Vivado/2022.2/bin/unwrapped/win64.o/xelab.exe --incr --debug typical --relax --mt 2 -L xil_defaultlib -L unisims_ver -L secureip --snapshot tb_top_func_impl xil_defaultlib.tb_top xil_defaultlib.glbl -log elaborate.log 
Using 2 slave threads.
Starting static elaboration
Pass Through NonSizing Optimizer
Completed static elaboration
Starting simulation data flow analysis
Completed simulation data flow analysis
Time Resolution for simulation is 1ps
Compiling module unisims_ver.LUT4
Compiling module unisims_ver.LUT6
Compiling module unisims_ver.x_lut2_mux4
Compiling module unisims_ver.LUT2
Compiling module unisims_ver.FDCE_default
Compiling module unisims_ver.LUT5
Compiling module unisims_ver.CARRY8
Compiling module unisims_ver.x_lut3_mux8
Compiling module unisims_ver.LUT3
Compiling module unisims_ver.x_lut1_mux2
Compiling module unisims_ver.LUT1
Compiling module xil_defaultlib.AddressGenerator
Compiling module unisims_ver.FDPE(IS_PRE_INVERTED=1'b1)
Compiling module unisims_ver.OBUF
Compiling module unisims_ver.RAMB18E2(CLOCK_DOMAINS="COMMON",...
Compiling module xil_defaultlib.blk_mem_gen_0
Compiling module xil_defaultlib.barret_10
Compiling module xil_defaultlib.barret_11
Compiling module xil_defaultlib.barret_12
Compiling module xil_defaultlib.BoothDecode_14
Compiling module xil_defaultlib.BoothDecode_15
Compiling module xil_defaultlib.BoothDecode_16
Compiling module xil_defaultlib.BoothDecode_17
Compiling module xil_defaultlib.BoothDecode_18
Compiling module xil_defaultlib.BoothDecode_19
Compiling module xil_defaultlib.BoothDecode_20
Compiling module xil_defaultlib.BoothDecode_21
Compiling module unisims_ver.FDRE_default
Compiling module unisims_ver.SRL16E_default
Compiling module xil_defaultlib.mul_13
Compiling module xil_defaultlib.bu_intt
Compiling module xil_defaultlib.barret_1
Compiling module xil_defaultlib.barret_2
Compiling module xil_defaultlib.barret_3
Compiling module xil_defaultlib.BoothDecode
Compiling module xil_defaultlib.BoothDecode_4
Compiling module xil_defaultlib.BoothDecode_5
Compiling module xil_defaultlib.BoothDecode_6
Compiling module xil_defaultlib.BoothDecode_7
Compiling module xil_defaultlib.BoothDecode_8
Compiling module xil_defaultlib.BoothDecode_9
Compiling module xil_defaultlib.mul
Compiling module xil_defaultlib.bu_ntt
Compiling module unisims_ver.BUFGCE(CE_TYPE="ASYNC",SIM_DEVIC...
Compiling module unisims_ver.IBUF
Compiling module unisims_ver.SRLC32E_default
Compiling module xil_defaultlib.barret
Compiling module xil_defaultlib.barret_0
Compiling module xil_defaultlib.normalize_output
Compiling module unisims_ver.MUXF7
Compiling module xil_defaultlib.MyBootROM
Compiling module xil_defaultlib.top
Compiling module xil_defaultlib.tb_top
Compiling module xil_defaultlib.glbl
Built simulation snapshot tb_top_func_impl
run_program: Time (s): cpu = 00:00:06 ; elapsed = 00:00:27 . Memory (MB): peak = 4892.035 ; gain = 0.000
INFO: [USF-XSim-69] 'elaborate' step finished in '26' seconds
INFO: [USF-XSim-4] XSim::Simulate design
INFO: [USF-XSim-61] Executing 'SIMULATE' step in 'C:/Hung/Viettel/Stage2/ML-KEM/ml_kem/ml_kem.sim/sim_1/impl/func/xsim'
INFO: [USF-XSim-98] *** Running xsim
   with args "tb_top_func_impl -key {Post-Implementation:sim_1:Functional:tb_top} -tclbatch {tb_top.tcl} -view {C:/Hung/Viettel/Stage2/ML-KEM/ml_kem/tb_top_func_impl.wcfg} -log {simulate.log}"
INFO: [USF-XSim-8] Loading simulator feature
Time resolution is 1 ps
open_wave_config C:/Hung/Viettel/Stage2/ML-KEM/ml_kem/tb_top_func_impl.wcfg
source tb_top.tcl
# set curr_wave [current_wave_config]
# if { [string length $curr_wave] == 0 } {
#   if { [llength [get_objects]] > 0} {
#     add_wave /
#     set_property needs_save false [current_wave_config]
#   } else {
#      send_msg_id Add_Wave-1 WARNING "No top level signals found. Simulator will start without a wave window. If you want to open a wave window go to 'File->New Waveform Configuration' or type 'create_wave_config' in the TCL console."
#   }
# }
# run 1000000ns
[10183000] DONE_STORE!
$finish called at time : 10262600 ps : File "C:/Hung/Viettel/Stage2/ML-KEM/NTT/tb_top.v" Line 115
run: Time (s): cpu = 00:00:05 ; elapsed = 00:00:07 . Memory (MB): peak = 4892.035 ; gain = 0.000
xsim: Time (s): cpu = 00:00:07 ; elapsed = 00:00:09 . Memory (MB): peak = 4892.035 ; gain = 0.000
INFO: [USF-XSim-96] XSim completed. Design snapshot 'tb_top_func_impl' loaded.
INFO: [USF-XSim-97] XSim simulation ran for 1000000ns
launch_simulation: Time (s): cpu = 00:00:43 ; elapsed = 00:00:53 . Memory (MB): peak = 4892.035 ; gain = 0.000
launch_simulation -mode post-implementation -type timing
Command: launch_simulation  -mode post-implementation -type timing
INFO: [Vivado 12-12493] Simulation top is 'tb_top'
WARNING: [Vivado 12-13340] Unable to auto find GCC executables from simulator install path! (path not set)
WARNING: [Vivado 12-13277] Compiled library path does not exist: ''
INFO: [Vivado 12-5698] Checking validity of IPs in the design for the 'XSim' simulator...
INFO: [Vivado 12-5682] Launching post-implementation timing simulation in 'C:/Hung/Viettel/Stage2/ML-KEM/ml_kem/ml_kem.sim/sim_1/impl/timing/xsim'
INFO: [Vivado 12-13660] Precompiled IP simulation library mode is enabled (default). The design IP libraries will be referenced from the compiled library path. Please note that if the precompiled version of the library is not found from the path or the IP is in locked state, then the library source files for these IPs will be compiled locally as part of the compile order.
INFO: [Vivado 12-4795] Using compiled simulation libraries for IPs
INFO: [SIM-utils-51] Simulation object is 'sim_1'
INFO: [SIM-utils-72] Using boost library from 'C:/Xilinx/Vivado/2022.2/tps/boost_1_72_0'
INFO: [SIM-utils-31] Writing simulation netlist file for design 'impl_1'...
INFO: [SIM-utils-32] write_verilog -mode timesim -nolib -sdf_anno true -force -file "C:/Hung/Viettel/Stage2/ML-KEM/ml_kem/ml_kem.sim/sim_1/impl/timing/xsim/tb_top_time_impl.v"
INFO: [SIM-utils-34] Writing SDF file...
INFO: [SIM-utils-35] write_sdf -mode timesim -process_corner slow -force -file "C:/Hung/Viettel/Stage2/ML-KEM/ml_kem/ml_kem.sim/sim_1/impl/timing/xsim/tb_top_time_impl.sdf"
INFO: [SIM-utils-36] Netlist generated:C:/Hung/Viettel/Stage2/ML-KEM/ml_kem/ml_kem.sim/sim_1/impl/timing/xsim/tb_top_time_impl.v
INFO: [SIM-utils-37] SDF generated:C:/Hung/Viettel/Stage2/ML-KEM/ml_kem/ml_kem.sim/sim_1/impl/timing/xsim/tb_top_time_impl.sdf
INFO: [USF-XSim-7] Finding pre-compiled libraries...
INFO: [USF-XSim-11] File 'C:/Xilinx/Vivado/2022.2/data/xsim/xsim.ini' copied to run dir:'C:/Hung/Viettel/Stage2/ML-KEM/ml_kem/ml_kem.sim/sim_1/impl/timing/xsim'
INFO: [SIM-utils-54] Inspecting design source files for 'tb_top' in fileset 'sim_1'...
INFO: [USF-XSim-2] XSim::Compile design
INFO: [USF-XSim-61] Executing 'COMPILE and ANALYZE' step in 'C:/Hung/Viettel/Stage2/ML-KEM/ml_kem/ml_kem.sim/sim_1/impl/timing/xsim'
"xvlog --incr --relax -prj tb_top_vlog.prj"
INFO: [VRFC 10-2263] Analyzing Verilog file "C:/Hung/Viettel/Stage2/ML-KEM/ml_kem/ml_kem.sim/sim_1/impl/timing/xsim/tb_top_time_impl.v" into library xil_defaultlib
INFO: [VRFC 10-311] analyzing module IBUF_UNIQ_BASE_
INFO: [VRFC 10-311] analyzing module IBUF_HD186
INFO: [VRFC 10-311] analyzing module IBUF_HD187
INFO: [VRFC 10-311] analyzing module IBUF_HD188
INFO: [VRFC 10-311] analyzing module IBUF_HD189
INFO: [VRFC 10-311] analyzing module IBUF_HD190
INFO: [VRFC 10-311] analyzing module IBUF_HD191
INFO: [VRFC 10-311] analyzing module IBUF_HD192
INFO: [VRFC 10-311] analyzing module IBUF_HD193
INFO: [VRFC 10-311] analyzing module IBUF_HD194
INFO: [VRFC 10-311] analyzing module IBUF_HD195
INFO: [VRFC 10-311] analyzing module IBUF_HD196
INFO: [VRFC 10-311] analyzing module IBUF_HD197
INFO: [VRFC 10-311] analyzing module IBUF_HD198
INFO: [VRFC 10-311] analyzing module IBUF_HD199
INFO: [VRFC 10-311] analyzing module IBUF_HD200
INFO: [VRFC 10-311] analyzing module IBUF_HD201
INFO: [VRFC 10-311] analyzing module IBUF_HD202
INFO: [VRFC 10-311] analyzing module IBUF_HD203
INFO: [VRFC 10-311] analyzing module IBUF_HD204
INFO: [VRFC 10-311] analyzing module IBUF_HD205
INFO: [VRFC 10-311] analyzing module IBUF_HD206
INFO: [VRFC 10-311] analyzing module IBUF_HD207
INFO: [VRFC 10-311] analyzing module IBUF_HD208
INFO: [VRFC 10-311] analyzing module IBUF_HD209
INFO: [VRFC 10-311] analyzing module IBUF_HD210
INFO: [VRFC 10-311] analyzing module IBUF_HD211
INFO: [VRFC 10-311] analyzing module IBUF_HD212
INFO: [VRFC 10-311] analyzing module IBUF_HD213
INFO: [VRFC 10-311] analyzing module IBUF_HD214
INFO: [VRFC 10-311] analyzing module IBUF_HD215
INFO: [VRFC 10-311] analyzing module IBUF_HD216
INFO: [VRFC 10-311] analyzing module IBUF_HD217
INFO: [VRFC 10-311] analyzing module IBUF_HD218
INFO: [VRFC 10-311] analyzing module IBUF_HD219
INFO: [VRFC 10-311] analyzing module IBUF_HD220
INFO: [VRFC 10-311] analyzing module IBUF_HD221
INFO: [VRFC 10-311] analyzing module IBUF_HD222
INFO: [VRFC 10-311] analyzing module AddressGenerator
INFO: [VRFC 10-311] analyzing module BoothDecode
INFO: [VRFC 10-311] analyzing module BoothDecode_14
INFO: [VRFC 10-311] analyzing module BoothDecode_15
INFO: [VRFC 10-311] analyzing module BoothDecode_16
INFO: [VRFC 10-311] analyzing module BoothDecode_17
INFO: [VRFC 10-311] analyzing module BoothDecode_18
INFO: [VRFC 10-311] analyzing module BoothDecode_19
INFO: [VRFC 10-311] analyzing module BoothDecode_20
INFO: [VRFC 10-311] analyzing module BoothDecode_21
INFO: [VRFC 10-311] analyzing module BoothDecode_4
INFO: [VRFC 10-311] analyzing module BoothDecode_5
INFO: [VRFC 10-311] analyzing module BoothDecode_6
INFO: [VRFC 10-311] analyzing module BoothDecode_7
INFO: [VRFC 10-311] analyzing module BoothDecode_8
INFO: [VRFC 10-311] analyzing module BoothDecode_9
INFO: [VRFC 10-311] analyzing module MyBootROM
INFO: [VRFC 10-311] analyzing module barret
INFO: [VRFC 10-311] analyzing module barret_0
INFO: [VRFC 10-311] analyzing module barret_1
INFO: [VRFC 10-311] analyzing module barret_10
INFO: [VRFC 10-311] analyzing module barret_11
INFO: [VRFC 10-311] analyzing module barret_12
INFO: [VRFC 10-311] analyzing module barret_2
INFO: [VRFC 10-311] analyzing module barret_3
INFO: [VRFC 10-311] analyzing module blk_mem_gen_0
INFO: [VRFC 10-311] analyzing module bu_intt
INFO: [VRFC 10-311] analyzing module bu_ntt
INFO: [VRFC 10-311] analyzing module mul
INFO: [VRFC 10-311] analyzing module mul_13
INFO: [VRFC 10-311] analyzing module normalize_output
INFO: [VRFC 10-311] analyzing module top
INFO: [VRFC 10-311] analyzing module blk_mem_gen_generic_cstr
INFO: [VRFC 10-311] analyzing module blk_mem_gen_prim_width
INFO: [VRFC 10-311] analyzing module blk_mem_gen_prim_wrapper
INFO: [VRFC 10-311] analyzing module blk_mem_gen_top
INFO: [VRFC 10-311] analyzing module blk_mem_gen_v8_4_5
INFO: [VRFC 10-311] analyzing module blk_mem_gen_v8_4_5_synth
INFO: [VRFC 10-311] analyzing module glbl
INFO: [VRFC 10-2263] Analyzing Verilog file "C:/Hung/Viettel/Stage2/ML-KEM/NTT/tb_top.v" into library xil_defaultlib
INFO: [VRFC 10-311] analyzing module tb_top
INFO: [USF-XSim-69] 'compile' step finished in '4' seconds
INFO: [USF-XSim-3] XSim::Elaborate design
INFO: [USF-XSim-61] Executing 'ELABORATE' step in 'C:/Hung/Viettel/Stage2/ML-KEM/ml_kem/ml_kem.sim/sim_1/impl/timing/xsim'
"xelab --incr --debug typical --relax --mt 2 --maxdelay -L xil_defaultlib -L simprims_ver -L secureip --snapshot tb_top_time_impl -transport_int_delays -pulse_r 0 -pulse_int_r 0 -pulse_e 0 -pulse_int_e 0 xil_defaultlib.tb_top xil_defaultlib.glbl -log elaborate.log"
Vivado Simulator v2022.2.2
Copyright 1986-1999, 2001-2022 Xilinx, Inc. All Rights Reserved.
Running: C:/Xilinx/Vivado/2022.2/bin/unwrapped/win64.o/xelab.exe --incr --debug typical --relax --mt 2 --maxdelay -L xil_defaultlib -L simprims_ver -L secureip --snapshot tb_top_time_impl -transport_int_delays -pulse_r 0 -pulse_int_r 0 -pulse_e 0 -pulse_int_e 0 xil_defaultlib.tb_top xil_defaultlib.glbl -log elaborate.log 
Using 2 slave threads.
Starting static elaboration
Pass Through NonSizing Optimizer
Completed static elaboration
Starting simulation data flow analysis
Completed simulation data flow analysis
INFO: [XSIM 43-3451] SDF backannotation process started with SDF file "tb_top_time_impl.sdf", for root module "tb_top/dut".
INFO: [XSIM 43-3452] SDF backannotation was successful for SDF file "tb_top_time_impl.sdf", for root module "tb_top/dut".
Time Resolution for simulation is 1ps
Compiling module simprims_ver.LUT4
Compiling module simprims_ver.LUT6
Compiling module simprims_ver.x_lut2_mux4
Compiling module simprims_ver.LUT2
Compiling module simprims_ver.FDCE_default
Compiling module simprims_ver.LUT5
Compiling module simprims_ver.CARRY8
Compiling module simprims_ver.x_lut3_mux8
Compiling module simprims_ver.LUT3
Compiling module simprims_ver.x_lut1_mux2
Compiling module simprims_ver.LUT1
Compiling module xil_defaultlib.AddressGenerator
Compiling module simprims_ver.FDPE(IS_PRE_INVERTED=1'b1)
Compiling module simprims_ver.OBUF
Compiling module simprims_ver.RAMB18E2(CLOCK_DOMAINS="COMMON",...
Compiling module xil_defaultlib.blk_mem_gen_0
Compiling module xil_defaultlib.barret_10
Compiling module xil_defaultlib.barret_11
Compiling module xil_defaultlib.barret_12
Compiling module xil_defaultlib.BoothDecode_14
Compiling module xil_defaultlib.BoothDecode_15
Compiling module xil_defaultlib.BoothDecode_16
Compiling module xil_defaultlib.BoothDecode_17
Compiling module xil_defaultlib.BoothDecode_18
Compiling module xil_defaultlib.BoothDecode_19
Compiling module xil_defaultlib.BoothDecode_20
Compiling module xil_defaultlib.BoothDecode_21
Compiling module simprims_ver.FDRE_default
Compiling module simprims_ver.SRL16E_default
Compiling module xil_defaultlib.mul_13
Compiling module xil_defaultlib.bu_intt
Compiling module xil_defaultlib.barret_1
Compiling module xil_defaultlib.barret_2
Compiling module xil_defaultlib.barret_3
Compiling module xil_defaultlib.BoothDecode
Compiling module xil_defaultlib.BoothDecode_4
Compiling module xil_defaultlib.BoothDecode_5
Compiling module xil_defaultlib.BoothDecode_6
Compiling module xil_defaultlib.BoothDecode_7
Compiling module xil_defaultlib.BoothDecode_8
Compiling module xil_defaultlib.BoothDecode_9
Compiling module xil_defaultlib.mul
Compiling module xil_defaultlib.bu_ntt
Compiling module simprims_ver.BUFGCE(CE_TYPE="ASYNC",SIM_DEVIC...
Compiling module simprims_ver.IBUFCTRL_default
Compiling module simprims_ver.INBUF_default
Compiling module xil_defaultlib.IBUF_UNIQ_BASE_
Compiling module simprims_ver.SRLC32E_default
Compiling module xil_defaultlib.IBUF_HD186
Compiling module xil_defaultlib.IBUF_HD187
Compiling module xil_defaultlib.IBUF_HD188
Compiling module xil_defaultlib.IBUF_HD189
Compiling module xil_defaultlib.IBUF_HD190
Compiling module xil_defaultlib.IBUF_HD191
Compiling module xil_defaultlib.IBUF_HD192
Compiling module xil_defaultlib.IBUF_HD193
Compiling module xil_defaultlib.IBUF_HD194
Compiling module xil_defaultlib.IBUF_HD195
Compiling module xil_defaultlib.IBUF_HD196
Compiling module xil_defaultlib.IBUF_HD197
Compiling module xil_defaultlib.IBUF_HD198
Compiling module xil_defaultlib.IBUF_HD199
Compiling module xil_defaultlib.IBUF_HD200
Compiling module xil_defaultlib.IBUF_HD201
Compiling module xil_defaultlib.IBUF_HD202
Compiling module xil_defaultlib.IBUF_HD203
Compiling module xil_defaultlib.IBUF_HD204
Compiling module xil_defaultlib.IBUF_HD205
Compiling module xil_defaultlib.IBUF_HD206
Compiling module xil_defaultlib.IBUF_HD207
Compiling module xil_defaultlib.IBUF_HD208
Compiling module xil_defaultlib.IBUF_HD209
Compiling module xil_defaultlib.IBUF_HD210
Compiling module xil_defaultlib.IBUF_HD211
Compiling module xil_defaultlib.IBUF_HD212
Compiling module xil_defaultlib.IBUF_HD213
Compiling module xil_defaultlib.IBUF_HD214
Compiling module xil_defaultlib.IBUF_HD215
Compiling module xil_defaultlib.IBUF_HD216
Compiling module xil_defaultlib.IBUF_HD217
Compiling module xil_defaultlib.IBUF_HD218
Compiling module xil_defaultlib.IBUF_HD219
Compiling module xil_defaultlib.barret
Compiling module xil_defaultlib.barret_0
Compiling module xil_defaultlib.normalize_output
Compiling module simprims_ver.MUXF7
Compiling module xil_defaultlib.MyBootROM
Compiling module xil_defaultlib.IBUF_HD220
Compiling module xil_defaultlib.IBUF_HD221
Compiling module xil_defaultlib.IBUF_HD222
Compiling module xil_defaultlib.top
Compiling module xil_defaultlib.tb_top
Compiling module xil_defaultlib.glbl
Built simulation snapshot tb_top_time_impl
run_program: Time (s): cpu = 00:00:18 ; elapsed = 00:02:32 . Memory (MB): peak = 4892.035 ; gain = 0.000
INFO: [USF-XSim-69] 'elaborate' step finished in '152' seconds
INFO: [USF-XSim-4] XSim::Simulate design
INFO: [USF-XSim-61] Executing 'SIMULATE' step in 'C:/Hung/Viettel/Stage2/ML-KEM/ml_kem/ml_kem.sim/sim_1/impl/timing/xsim'
INFO: [USF-XSim-98] *** Running xsim
   with args "tb_top_time_impl -key {Post-Implementation:sim_1:Timing:tb_top} -tclbatch {tb_top.tcl} -view {C:/Hung/Viettel/Stage2/ML-KEM/ml_kem/tb_top_func_impl.wcfg} -log {simulate.log}"
INFO: [USF-XSim-8] Loading simulator feature
Time resolution is 1 ps
open_wave_config C:/Hung/Viettel/Stage2/ML-KEM/ml_kem/tb_top_func_impl.wcfg
source tb_top.tcl
# set curr_wave [current_wave_config]
# if { [string length $curr_wave] == 0 } {
#   if { [llength [get_objects]] > 0} {
#     add_wave /
#     set_property needs_save false [current_wave_config]
#   } else {
#      send_msg_id Add_Wave-1 WARNING "No top level signals found. Simulator will start without a wave window. If you want to open a wave window go to 'File->New Waveform Configuration' or type 'create_wave_config' in the TCL console."
#   }
# }
# run 1000000ns
[10184000] DONE_STORE!
$finish called at time : 10264246 ps : File "C:/Hung/Viettel/Stage2/ML-KEM/NTT/tb_top.v" Line 115
run: Time (s): cpu = 00:05:13 ; elapsed = 00:03:33 . Memory (MB): peak = 4892.035 ; gain = 0.000
xsim: Time (s): cpu = 00:05:15 ; elapsed = 00:03:35 . Memory (MB): peak = 4892.035 ; gain = 0.000
INFO: [USF-XSim-96] XSim completed. Design snapshot 'tb_top_time_impl' loaded.
INFO: [USF-XSim-97] XSim simulation ran for 1000000ns
launch_simulation: Time (s): cpu = 00:05:59 ; elapsed = 00:06:15 . Memory (MB): peak = 4892.035 ; gain = 0.000
save_wave_config {C:/Hung/Viettel/Stage2/ML-KEM/ml_kem/tb_top_func_impl.wcfg}
save_wave_config {C:/Hung/Viettel/Stage2/ML-KEM/ml_kem/tb_top_func_impl.wcfg}
WARNING: [IP_Flow 19-4067] Ignoring invalid widget type specified checkbox.Providing a default widget
WARNING: [IP_Flow 19-4067] Ignoring invalid widget type specified checkbox.Providing a default widget
WARNING: [IP_Flow 19-4067] Ignoring invalid widget type specified checkbox.Providing a default widget
WARNING: [IP_Flow 19-4067] Ignoring invalid widget type specified checkbox.Providing a default widget
close_sim
INFO: xsimkernel Simulation Memory Usage: 221852 KB (Peak: 221852 KB), Simulation CPU Usage: 211749 ms
INFO: [Simtcl 6-16] Simulation closed
close_sim
INFO: [Simtcl 6-16] Simulation closed
launch_simulation -mode post-implementation -type timing
Command: launch_simulation  -mode post-implementation -type timing
INFO: [Vivado 12-12493] Simulation top is 'tb_top'
WARNING: [Vivado 12-13340] Unable to auto find GCC executables from simulator install path! (path not set)
WARNING: [Vivado 12-13277] Compiled library path does not exist: ''
INFO: [Vivado 12-5698] Checking validity of IPs in the design for the 'XSim' simulator...
INFO: [Vivado 12-5682] Launching post-implementation timing simulation in 'C:/Hung/Viettel/Stage2/ML-KEM/ml_kem/ml_kem.sim/sim_1/impl/timing/xsim'
INFO: [Vivado 12-13660] Precompiled IP simulation library mode is enabled (default). The design IP libraries will be referenced from the compiled library path. Please note that if the precompiled version of the library is not found from the path or the IP is in locked state, then the library source files for these IPs will be compiled locally as part of the compile order.
INFO: [Vivado 12-4795] Using compiled simulation libraries for IPs
INFO: [SIM-utils-51] Simulation object is 'sim_1'
INFO: [SIM-utils-72] Using boost library from 'C:/Xilinx/Vivado/2022.2/tps/boost_1_72_0'
INFO: [SIM-utils-31] Writing simulation netlist file for design 'impl_1'...
INFO: [SIM-utils-32] write_verilog -mode timesim -nolib -sdf_anno true -force -file "C:/Hung/Viettel/Stage2/ML-KEM/ml_kem/ml_kem.sim/sim_1/impl/timing/xsim/tb_top_time_impl.v"
INFO: [SIM-utils-34] Writing SDF file...
INFO: [SIM-utils-35] write_sdf -mode timesim -process_corner slow -force -file "C:/Hung/Viettel/Stage2/ML-KEM/ml_kem/ml_kem.sim/sim_1/impl/timing/xsim/tb_top_time_impl.sdf"
INFO: [SIM-utils-36] Netlist generated:C:/Hung/Viettel/Stage2/ML-KEM/ml_kem/ml_kem.sim/sim_1/impl/timing/xsim/tb_top_time_impl.v
INFO: [SIM-utils-37] SDF generated:C:/Hung/Viettel/Stage2/ML-KEM/ml_kem/ml_kem.sim/sim_1/impl/timing/xsim/tb_top_time_impl.sdf
INFO: [USF-XSim-7] Finding pre-compiled libraries...
INFO: [USF-XSim-11] File 'C:/Xilinx/Vivado/2022.2/data/xsim/xsim.ini' copied to run dir:'C:/Hung/Viettel/Stage2/ML-KEM/ml_kem/ml_kem.sim/sim_1/impl/timing/xsim'
INFO: [SIM-utils-54] Inspecting design source files for 'tb_top' in fileset 'sim_1'...
INFO: [USF-XSim-2] XSim::Compile design
INFO: [USF-XSim-61] Executing 'COMPILE and ANALYZE' step in 'C:/Hung/Viettel/Stage2/ML-KEM/ml_kem/ml_kem.sim/sim_1/impl/timing/xsim'
"xvlog --incr --relax -prj tb_top_vlog.prj"
INFO: [VRFC 10-2263] Analyzing Verilog file "C:/Hung/Viettel/Stage2/ML-KEM/ml_kem/ml_kem.sim/sim_1/impl/timing/xsim/tb_top_time_impl.v" into library xil_defaultlib
INFO: [VRFC 10-311] analyzing module IBUF_UNIQ_BASE_
INFO: [VRFC 10-311] analyzing module IBUF_HD186
INFO: [VRFC 10-311] analyzing module IBUF_HD187
INFO: [VRFC 10-311] analyzing module IBUF_HD188
INFO: [VRFC 10-311] analyzing module IBUF_HD189
INFO: [VRFC 10-311] analyzing module IBUF_HD190
INFO: [VRFC 10-311] analyzing module IBUF_HD191
INFO: [VRFC 10-311] analyzing module IBUF_HD192
INFO: [VRFC 10-311] analyzing module IBUF_HD193
INFO: [VRFC 10-311] analyzing module IBUF_HD194
INFO: [VRFC 10-311] analyzing module IBUF_HD195
INFO: [VRFC 10-311] analyzing module IBUF_HD196
INFO: [VRFC 10-311] analyzing module IBUF_HD197
INFO: [VRFC 10-311] analyzing module IBUF_HD198
INFO: [VRFC 10-311] analyzing module IBUF_HD199
INFO: [VRFC 10-311] analyzing module IBUF_HD200
INFO: [VRFC 10-311] analyzing module IBUF_HD201
INFO: [VRFC 10-311] analyzing module IBUF_HD202
INFO: [VRFC 10-311] analyzing module IBUF_HD203
INFO: [VRFC 10-311] analyzing module IBUF_HD204
INFO: [VRFC 10-311] analyzing module IBUF_HD205
INFO: [VRFC 10-311] analyzing module IBUF_HD206
INFO: [VRFC 10-311] analyzing module IBUF_HD207
INFO: [VRFC 10-311] analyzing module IBUF_HD208
INFO: [VRFC 10-311] analyzing module IBUF_HD209
INFO: [VRFC 10-311] analyzing module IBUF_HD210
INFO: [VRFC 10-311] analyzing module IBUF_HD211
INFO: [VRFC 10-311] analyzing module IBUF_HD212
INFO: [VRFC 10-311] analyzing module IBUF_HD213
INFO: [VRFC 10-311] analyzing module IBUF_HD214
INFO: [VRFC 10-311] analyzing module IBUF_HD215
INFO: [VRFC 10-311] analyzing module IBUF_HD216
INFO: [VRFC 10-311] analyzing module IBUF_HD217
INFO: [VRFC 10-311] analyzing module IBUF_HD218
INFO: [VRFC 10-311] analyzing module IBUF_HD219
INFO: [VRFC 10-311] analyzing module IBUF_HD220
INFO: [VRFC 10-311] analyzing module IBUF_HD221
INFO: [VRFC 10-311] analyzing module IBUF_HD222
INFO: [VRFC 10-311] analyzing module AddressGenerator
INFO: [VRFC 10-311] analyzing module BoothDecode
INFO: [VRFC 10-311] analyzing module BoothDecode_14
INFO: [VRFC 10-311] analyzing module BoothDecode_15
INFO: [VRFC 10-311] analyzing module BoothDecode_16
INFO: [VRFC 10-311] analyzing module BoothDecode_17
INFO: [VRFC 10-311] analyzing module BoothDecode_18
INFO: [VRFC 10-311] analyzing module BoothDecode_19
INFO: [VRFC 10-311] analyzing module BoothDecode_20
INFO: [VRFC 10-311] analyzing module BoothDecode_21
INFO: [VRFC 10-311] analyzing module BoothDecode_4
INFO: [VRFC 10-311] analyzing module BoothDecode_5
INFO: [VRFC 10-311] analyzing module BoothDecode_6
INFO: [VRFC 10-311] analyzing module BoothDecode_7
INFO: [VRFC 10-311] analyzing module BoothDecode_8
INFO: [VRFC 10-311] analyzing module BoothDecode_9
INFO: [VRFC 10-311] analyzing module MyBootROM
INFO: [VRFC 10-311] analyzing module barret
INFO: [VRFC 10-311] analyzing module barret_0
INFO: [VRFC 10-311] analyzing module barret_1
INFO: [VRFC 10-311] analyzing module barret_10
INFO: [VRFC 10-311] analyzing module barret_11
INFO: [VRFC 10-311] analyzing module barret_12
INFO: [VRFC 10-311] analyzing module barret_2
INFO: [VRFC 10-311] analyzing module barret_3
INFO: [VRFC 10-311] analyzing module blk_mem_gen_0
INFO: [VRFC 10-311] analyzing module bu_intt
INFO: [VRFC 10-311] analyzing module bu_ntt
INFO: [VRFC 10-311] analyzing module mul
INFO: [VRFC 10-311] analyzing module mul_13
INFO: [VRFC 10-311] analyzing module normalize_output
INFO: [VRFC 10-311] analyzing module top
INFO: [VRFC 10-311] analyzing module blk_mem_gen_generic_cstr
INFO: [VRFC 10-311] analyzing module blk_mem_gen_prim_width
INFO: [VRFC 10-311] analyzing module blk_mem_gen_prim_wrapper
INFO: [VRFC 10-311] analyzing module blk_mem_gen_top
INFO: [VRFC 10-311] analyzing module blk_mem_gen_v8_4_5
INFO: [VRFC 10-311] analyzing module blk_mem_gen_v8_4_5_synth
INFO: [VRFC 10-311] analyzing module glbl
INFO: [VRFC 10-2263] Analyzing Verilog file "C:/Hung/Viettel/Stage2/ML-KEM/NTT/tb_top.v" into library xil_defaultlib
INFO: [VRFC 10-311] analyzing module tb_top
INFO: [USF-XSim-69] 'compile' step finished in '3' seconds
INFO: [USF-XSim-3] XSim::Elaborate design
INFO: [USF-XSim-61] Executing 'ELABORATE' step in 'C:/Hung/Viettel/Stage2/ML-KEM/ml_kem/ml_kem.sim/sim_1/impl/timing/xsim'
"xelab --incr --debug typical --relax --mt 2 --maxdelay -L xil_defaultlib -L simprims_ver -L secureip --snapshot tb_top_time_impl -transport_int_delays -pulse_r 0 -pulse_int_r 0 -pulse_e 0 -pulse_int_e 0 xil_defaultlib.tb_top xil_defaultlib.glbl -log elaborate.log"
Vivado Simulator v2022.2.2
Copyright 1986-1999, 2001-2022 Xilinx, Inc. All Rights Reserved.
Running: C:/Xilinx/Vivado/2022.2/bin/unwrapped/win64.o/xelab.exe --incr --debug typical --relax --mt 2 --maxdelay -L xil_defaultlib -L simprims_ver -L secureip --snapshot tb_top_time_impl -transport_int_delays -pulse_r 0 -pulse_int_r 0 -pulse_e 0 -pulse_int_e 0 xil_defaultlib.tb_top xil_defaultlib.glbl -log elaborate.log 
Using 2 slave threads.
Starting static elaboration
Pass Through NonSizing Optimizer
Completed static elaboration
Starting simulation data flow analysis
Completed simulation data flow analysis
INFO: [XSIM 43-3451] SDF backannotation process started with SDF file "tb_top_time_impl.sdf", for root module "tb_top/dut".
INFO: [XSIM 43-3452] SDF backannotation was successful for SDF file "tb_top_time_impl.sdf", for root module "tb_top/dut".
Time Resolution for simulation is 1ps
Compiling module simprims_ver.LUT4
Compiling module simprims_ver.LUT6
Compiling module simprims_ver.x_lut2_mux4
Compiling module simprims_ver.LUT2
Compiling module simprims_ver.FDCE_default
Compiling module simprims_ver.LUT5
Compiling module simprims_ver.CARRY8
Compiling module simprims_ver.x_lut3_mux8
Compiling module simprims_ver.LUT3
Compiling module simprims_ver.x_lut1_mux2
Compiling module simprims_ver.LUT1
Compiling module xil_defaultlib.AddressGenerator
Compiling module simprims_ver.FDPE(IS_PRE_INVERTED=1'b1)
Compiling module simprims_ver.OBUF
Compiling module simprims_ver.RAMB18E2(CLOCK_DOMAINS="COMMON",...
Compiling module xil_defaultlib.blk_mem_gen_0
Compiling module xil_defaultlib.barret_10
Compiling module xil_defaultlib.barret_11
Compiling module xil_defaultlib.barret_12
Compiling module xil_defaultlib.BoothDecode_14
Compiling module xil_defaultlib.BoothDecode_15
Compiling module xil_defaultlib.BoothDecode_16
Compiling module xil_defaultlib.BoothDecode_17
Compiling module xil_defaultlib.BoothDecode_18
Compiling module xil_defaultlib.BoothDecode_19
Compiling module xil_defaultlib.BoothDecode_20
Compiling module xil_defaultlib.BoothDecode_21
Compiling module simprims_ver.FDRE_default
Compiling module simprims_ver.SRL16E_default
Compiling module xil_defaultlib.mul_13
Compiling module xil_defaultlib.bu_intt
Compiling module xil_defaultlib.barret_1
Compiling module xil_defaultlib.barret_2
Compiling module xil_defaultlib.barret_3
Compiling module xil_defaultlib.BoothDecode
Compiling module xil_defaultlib.BoothDecode_4
Compiling module xil_defaultlib.BoothDecode_5
Compiling module xil_defaultlib.BoothDecode_6
Compiling module xil_defaultlib.BoothDecode_7
Compiling module xil_defaultlib.BoothDecode_8
Compiling module xil_defaultlib.BoothDecode_9
Compiling module xil_defaultlib.mul
Compiling module xil_defaultlib.bu_ntt
Compiling module simprims_ver.BUFGCE(CE_TYPE="ASYNC",SIM_DEVIC...
Compiling module simprims_ver.IBUFCTRL_default
Compiling module simprims_ver.INBUF_default
Compiling module xil_defaultlib.IBUF_UNIQ_BASE_
Compiling module simprims_ver.SRLC32E_default
Compiling module xil_defaultlib.IBUF_HD186
Compiling module xil_defaultlib.IBUF_HD187
Compiling module xil_defaultlib.IBUF_HD188
Compiling module xil_defaultlib.IBUF_HD189
Compiling module xil_defaultlib.IBUF_HD190
Compiling module xil_defaultlib.IBUF_HD191
Compiling module xil_defaultlib.IBUF_HD192
Compiling module xil_defaultlib.IBUF_HD193
Compiling module xil_defaultlib.IBUF_HD194
Compiling module xil_defaultlib.IBUF_HD195
Compiling module xil_defaultlib.IBUF_HD196
Compiling module xil_defaultlib.IBUF_HD197
Compiling module xil_defaultlib.IBUF_HD198
Compiling module xil_defaultlib.IBUF_HD199
Compiling module xil_defaultlib.IBUF_HD200
Compiling module xil_defaultlib.IBUF_HD201
Compiling module xil_defaultlib.IBUF_HD202
Compiling module xil_defaultlib.IBUF_HD203
Compiling module xil_defaultlib.IBUF_HD204
Compiling module xil_defaultlib.IBUF_HD205
Compiling module xil_defaultlib.IBUF_HD206
Compiling module xil_defaultlib.IBUF_HD207
Compiling module xil_defaultlib.IBUF_HD208
Compiling module xil_defaultlib.IBUF_HD209
Compiling module xil_defaultlib.IBUF_HD210
Compiling module xil_defaultlib.IBUF_HD211
Compiling module xil_defaultlib.IBUF_HD212
Compiling module xil_defaultlib.IBUF_HD213
Compiling module xil_defaultlib.IBUF_HD214
Compiling module xil_defaultlib.IBUF_HD215
Compiling module xil_defaultlib.IBUF_HD216
Compiling module xil_defaultlib.IBUF_HD217
Compiling module xil_defaultlib.IBUF_HD218
Compiling module xil_defaultlib.IBUF_HD219
Compiling module xil_defaultlib.barret
Compiling module xil_defaultlib.barret_0
Compiling module xil_defaultlib.normalize_output
Compiling module simprims_ver.MUXF7
Compiling module xil_defaultlib.MyBootROM
Compiling module xil_defaultlib.IBUF_HD220
Compiling module xil_defaultlib.IBUF_HD221
Compiling module xil_defaultlib.IBUF_HD222
Compiling module xil_defaultlib.top
Compiling module xil_defaultlib.tb_top
Compiling module xil_defaultlib.glbl
Built simulation snapshot tb_top_time_impl
run_program: Time (s): cpu = 00:00:13 ; elapsed = 00:01:31 . Memory (MB): peak = 4892.035 ; gain = 0.000
INFO: [USF-XSim-69] 'elaborate' step finished in '91' seconds
INFO: [USF-XSim-4] XSim::Simulate design
INFO: [USF-XSim-61] Executing 'SIMULATE' step in 'C:/Hung/Viettel/Stage2/ML-KEM/ml_kem/ml_kem.sim/sim_1/impl/timing/xsim'
INFO: [USF-XSim-98] *** Running xsim
   with args "tb_top_time_impl -key {Post-Implementation:sim_1:Timing:tb_top} -tclbatch {tb_top.tcl} -view {C:/Hung/Viettel/Stage2/ML-KEM/ml_kem/tb_top_func_impl.wcfg} -log {simulate.log}"
INFO: [USF-XSim-8] Loading simulator feature
Time resolution is 1 ps
open_wave_config C:/Hung/Viettel/Stage2/ML-KEM/ml_kem/tb_top_func_impl.wcfg
source tb_top.tcl
# set curr_wave [current_wave_config]
# if { [string length $curr_wave] == 0 } {
#   if { [llength [get_objects]] > 0} {
#     add_wave /
#     set_property needs_save false [current_wave_config]
#   } else {
#      send_msg_id Add_Wave-1 WARNING "No top level signals found. Simulator will start without a wave window. If you want to open a wave window go to 'File->New Waveform Configuration' or type 'create_wave_config' in the TCL console."
#   }
# }
# run 1000000ns
[10184000] DONE_STORE!
$finish called at time : 10264246 ps : File "C:/Hung/Viettel/Stage2/ML-KEM/NTT/tb_top.v" Line 115
run: Time (s): cpu = 00:01:51 ; elapsed = 00:02:32 . Memory (MB): peak = 4892.035 ; gain = 0.000
xsim: Time (s): cpu = 00:01:53 ; elapsed = 00:02:34 . Memory (MB): peak = 4892.035 ; gain = 0.000
INFO: [USF-XSim-96] XSim completed. Design snapshot 'tb_top_time_impl' loaded.
INFO: [USF-XSim-97] XSim simulation ran for 1000000ns
launch_simulation: Time (s): cpu = 00:02:23 ; elapsed = 00:04:10 . Memory (MB): peak = 4892.035 ; gain = 0.000
close_sim
INFO: xsimkernel Simulation Memory Usage: 221836 KB (Peak: 221836 KB), Simulation CPU Usage: 151671 ms
INFO: [Simtcl 6-16] Simulation closed
exit
INFO: [Common 17-206] Exiting Vivado at Fri Aug 29 15:04:19 2025...
